Codigo_Planta,Nombre_Recurso_UPME,Departamento,Codigo_Municipio,Municipio,Region_Geografica,Longitud,Latitud,Capacidad_Efectiva_MW,Tipo_Generacion_UPME,Combustible_UPME,Tipo_Despacho_UPME,Clasificacion_UPME,Estado_Recurso_UPME,Agente_Representante_UPME,Fecha_Operacion_UPME,Anio_FPO_UPME,Fecha_Actualizacion_UPME,Factor_Conversion,Es_Menor,Id_UPME
2QBW,EL POPAL,ANTIOQUIA,05197,COCORNÁ,Antioquia,-75.16031703775977,6.005611510393588,19.9,HIDRAULICA,AGUA,ND,NORMAL,OPERACIÓN,ISAGEN S.A. E.S.P.,2014-03-30,2014,2026-08-03,1.442,SI,21
2QEK,SALTO II,CUNDINAMARCA,25245,EL COLEGIO,Centro,-74.42658588583394,4.556946538829463,35.0,HIDRAULICA,AGUA,DC,FILO DE AGUA,OPERACIÓN,ENEL COLOMBIA SA ESP,2014-06-24,2014,2026-08-03,3.3736,NO,355
2QRL,LA REBUSCA,ANTIOQUIA,05670,SAN ROQUE,Antioquia,-74.94524773669791,6.466121322594473,0.7,HIDRAULICA,AGUA,ND,GEN. DISTRIBUIDA,OPERACIÓN,HZ ENERGY S.A.S. E.S.P.,2014-07-23,2014,2026-08-03,1.09,SI,69
2QV2,BAJO TULUA,VALLE DEL CAUCA,76834,TULUÁ,Pacífico,-76.0325294150837,4.028420260976358,19.9,HIDRAULICA,AGUA,ND,NORMAL,OPERACIÓN,CELSIA COLOMBIA S.A. E.S.P.,2015-01-29,2015,2026-08-03,1.65,SI,630
2R22,LAGUNETA,CUNDINAMARCA,25645,SAN ANTONIO DEL TEQUENDAMA,Centro,-74.34490348911615,4.599741063787057,18.0,HIDRAULICA,AGUA,ND,NORMAL,OPERACIÓN,ENEL COLOMBIA SA ESP,2014-12-16,2014,2026-08-03,2.509,SI,363
2S6Q,AUTOG YAGUARITO 1,META,50680,SAN CARLOS DE GUAROA,Oriente,-73.27583347472584,3.8476152582255083,1.6,TERMICA,BIOGAS,ND,AUTOGENERADOR,OPERACIÓN,ELECTRIFICADORA DEL META S.A. E.S.P.,2016-03-21,2016,2026-08-03,0.0,NO,431
2S6S,AUTOG ARGOS YUMBO 1,VALLE DEL CAUCA,76892,YUMBO,Pacífico,-76.51099150889527,3.595908339346365,9.9,TERMICA,CARBON,ND,AUTOGENERADOR,OPERACIÓN,DEPI ENERGY S.A.S. E.S.P.,2016-03-19,2016,2026-08-03,0.0,SI,637
2S6U,AUTOG ARGOS EL CAIRO,ANTIOQUIA,05679,SANTA BÁRBARA,Antioquia,-75.58330113705043,5.878979695747031,6.5,HIDRAULICA,AGUA,ND,AUTOGENERADOR,OPERACIÓN,COMPAÑÍA ELÉCTRICA DE SOCHAGOTA  S.A.S. E.S.P.,2017-09-28,2017,2026-08-03,0.0,NO,76
2S78,LA FRISOLERA,CALDAS,17653,SALAMINA,Eje Cafetero,-75.40962186881548,5.370331381475147,0.47,HIDRAULICA,AGUA,ND,GEN. DISTRIBUIDA,OPERACIÓN,SIGMA2 COMERCIALIZADORA  DE ENERGIA ELECTRICA SAS ESP,2016-04-28,2016,2026-08-03,0.5625,SI,203
2S8I,AUTOG REFICAR 1,BOLÍVAR,13001,CARTAGENA DE INDIAS,Caribe,-75.45921916563543,10.46297167339698,19.9,TERMICA,GAS,ND,AUTOGENERADOR,OPERACIÓN,GENERADORA Y COMERCIALIZADORA DE ENERGIA DEL CARIBE S.A. E.S.P.,2016-04-25,2016,2026-08-03,0.0,NO,163
2S8N,GUAVIO MENOR,CUNDINAMARCA,25839,UBALÁ,Centro,-73.47654901977104,4.803804072868425,9.9,HIDRAULICA,AGUA,ND,NORMAL,OPERACIÓN,ENEL COLOMBIA SA ESP,2016-04-26,2016,2026-08-03,0.0,SI,373
2S8S,DOÑA JUANA 1,BOGOTÁ. D.C.,11001,BOGOTÁ. D.C.,Centro,-74.18113609108002,4.315974976392684,1.7,TERMICA,BIOGAS,ND,NORMAL,OPERACIÓN,BIOGAS COLOMBIA S.A.S. E.S.P ,2016-04-28,2016,2026-08-03,0.0,SI,151
2S8U,PORCE III MENOR,ANTIOQUIA,05040,ANORÍ,Antioquia,-75.10852543154942,7.193075754100771,1.8,HIDRAULICA,AGUA,ND,NORMAL,OPERACIÓN,EMPRESAS PUBLICAS DE MEDELLIN E.S.P.,2016-04-24,2016,2026-08-03,0.892,SI,8
2S9L,EL COCUYO,VALLE DEL CAUCA,76863,VERSALLES,Pacífico,-76.25924917020893,4.644525432287519,0.7,HIDRAULICA,AGUA,ND,GEN. DISTRIBUIDA,OPERACIÓN,P.CH EL COCUYO SAS ESP,2016-05-19,2016,2026-08-03,0.1,SI,636
2S9Q,TEQUENDAMA BIOGAS 1,MAGDALENA,47288,FUNDACIÓN,Caribe,-73.88413799783896,10.459407293689956,2.25,TERMICA,BIOGAS,ND,NORMAL,OPERACIÓN,VOLTAJE EMPRESARIAL S.A.S. E.S.P.,2016-06-24,2016,2026-08-03,0.0,SI,412
2SDR,ALEJANDRIA,ANTIOQUIA,05021,ALEJANDRIA,Antioquia,-75.09060211472173,6.365533635684276,17.0,HIDRAULICA,AGUA,ND,NORMAL,OPERACIÓN,GENERADORA ALEJANDRIA S.A.S. E.S.P.,2017-03-01,2017,2026-08-03,1.063,SI,13
2SI1,MORRO AZUL,RISARALDA,66088,BELÉN DE UMBRÍA,Eje Cafetero,-75.86794034758158,5.200397198145893,19.9,HIDRAULICA,AGUA,ND,NORMAL,OPERACIÓN,RISARALDA ENERGIA S.A.S. E.S.P.,2016-09-09,2016,2026-08-03,1.1306,SI,472
2SS2,MAGALLO,ANTIOQUIA,05209,CONCORDIA,Antioquia,-75.90014759411937,6.057464554238723,5.7,HIDRAULICA,AGUA,ND,NORMAL,OPERACIÓN,CENTRAL HIDROELÉCTRICA CONCORDIA S.A.S. E.S.P.,2016-12-21,2016,2026-08-03,0.0,SI,22
2SW1,EL EDEN,CALDAS,17541,PENSILVANIA,Eje Cafetero,-75.16700059658166,5.407100374806905,19.9,HIDRAULICA,AGUA,ND,NORMAL,OPERACIÓN,PROELECTRICA S.A.S E.S.P.,2017-03-01,2017,2026-08-03,3.7092,SI,202
2SXQ,BIOENERGY,META,50573,PUERTO LÓPEZ,Oriente,-72.64573025408605,4.014315937731884,19.9,COGENERADOR,BAGAZO,ND,COGENERADOR,OPERACIÓN,AES COLOMBIA & CIA. S.C.A. E.S.P.,2017-04-21,2017,2026-08-03,0.0,NO,424
2SXS,COGENERADOR PROENCA II,CAUCA,19142,CALOTO,Pacífico,-76.32118995845043,3.0629100947885206,17.0,COGENERADOR,BAGAZO,ND,COGENERADOR,INACTIVO,PROYECTOS ENERGETICOS DEL CAUCA S.A. E.S.P.,2017-03-24,2017,2026-08-03,0.1,NO,240
2T1L,EL MOLINO,ANTIOQUIA,05197,COCORNÁ,Antioquia,-75.16031703775977,6.005611510393588,19.9,HIDRAULICA,AGUA,ND,NORMAL,OPERACIÓN,ISAGEN S.A. E.S.P.,2017-04-18,2017,2026-08-03,1.0236,SI,19
2T4P,SAN MATIAS,ANTIOQUIA,05197,COCORNÁ,Antioquia,-75.16031703775977,6.005611510393588,19.9,HIDRAULICA,AGUA,ND,NORMAL,OPERACIÓN,ISAGEN S.A. E.S.P.,2017-04-24,2017,2026-08-03,1.0237,SI,20
2T7D,AUTOG CANTAYUS,ANTIOQUIA,05190,CISNEROS,Antioquia,-75.08253157918377,6.550081157742059,4.32,HIDRAULICA,AGUA,ND,AUTOGENERADOR,OPERACIÓN,GENERADORA Y COMERCIALIZADORA DE ENERGIA DEL CARIBE S.A. E.S.P.,2017-05-19,2017,2026-08-03,1.433,NO,17
2TUT,LUZMA I,ANTIOQUIA,05031,AMALFI,Antioquia,-74.98129809431317,6.977657056943432,19.6,HIDRAULICA,AGUA,ND,NORMAL,OPERACIÓN,ISAGEN S.A. E.S.P.,2017-10-06,2017,2026-08-03,3.6594,SI,2
2TUV,LUZMA II,ANTIOQUIA,05031,AMALFI,Antioquia,-74.98129809431317,6.977657056943432,19.6,HIDRAULICA,AGUA,ND,NORMAL,OPERACIÓN,ISAGEN S.A. E.S.P.,2017-10-06,2017,2026-08-03,3.6351,SI,3
2TYI,AUTOG CELSIA SOLAR YUMBO,VALLE DEL CAUCA,76892,YUMBO,Pacífico,-76.51099150889527,3.595908339346365,9.0,SOLAR,RAD SOLAR,ND,AUTOGENERADOR,PRUEBAS,CELSIA COLOMBIA S.A. E.S.P.,2019-11-02,2019,2026-08-03,0.0,NO,639
2U1G,LAS PALMAS,ANTIOQUIA,05686,SANTA ROSA DE OSOS,Antioquia,-75.43813780544396,6.675835083196788,2.8,HIDRAULICA,AGUA,ND,NORMAL,OPERACIÓN,VATIA S.A. E.S.P.,2017-08-29,2017,2026-08-03,0.15,SI,72
2U5P,PROENCA II 1,CAUCA,19300,GUACHENÉ,Pacífico,-76.39174144366041,3.144672538074626,17.0,TERMICA,CARBON,ND,NORMAL,OPERACIÓN,PROYECTOS ENERGETICOS DEL CAUCA S.A. E.S.P.,2017-10-09,2017,2026-08-03,0.0,SI,244
2U8Y,TERMOMECHERO 5,CASANARE,85001,YOPAL,Oriente,-72.25798324179046,5.242711687577748,19.3,TERMICA,GAS,ND,NORMAL,OPERACIÓN,TERMO MECHERO MORRO S.A.S E.S.P ,2017-12-15,2017,2026-08-03,0.0,SI,218
2U91,TERMOMECHERO 6,CASANARE,85001,YOPAL,Oriente,-72.25798324179046,5.242711687577748,19.3,TERMICA,GAS,ND,NORMAL,OPERACIÓN,TERMO MECHERO MORRO S.A.S E.S.P ,2018-02-01,2018,2026-08-03,0.0,SI,219
2U93,TERMOMECHERO 4,CASANARE,85001,YOPAL,Oriente,-72.25798324179046,5.242711687577748,19.3,TERMICA,GAS,ND,NORMAL,OPERACIÓN,TERMO MECHERO MORRO S.A.S E.S.P ,2018-02-01,2018,2026-08-03,0.0,SI,217
2UP2,COGENERADOR MANUELITA 2,VALLE DEL CAUCA,76520,PALMIRA,Pacífico,-76.22786086762281,3.558395439731676,12.0,COGENERADOR,BAGAZO,ND,COGENERADOR,OPERACIÓN,EMPRESA DE ENERGIA DE PEREIRA S.A. E.S.P.,2024-12-05,2024,2026-08-03,0.0,NO,623
2UPD,TEQUENDAMA 2,CUNDINAMARCA,25645,SAN ANTONIO DEL TEQUENDAMA,Centro,-74.34490348911615,4.599741063787057,14.2,HIDRAULICA,AGUA,ND,NORMAL,OPERACIÓN,ENEL COLOMBIA SA ESP,2018-04-02,2018,2026-08-03,1.0,SI,360
2UPF,TEQUENDAMA 3,CUNDINAMARCA,25645,SAN ANTONIO DEL TEQUENDAMA,Centro,-74.34490348911615,4.599741063787057,14.2,HIDRAULICA,AGUA,ND,NORMAL,OPERACIÓN,ENEL COLOMBIA SA ESP,2018-04-02,2018,2026-08-03,1.0,SI,361
2UPH,TEQUENDAMA 4,CUNDINAMARCA,25645,SAN ANTONIO DEL TEQUENDAMA,Centro,-74.34490348911615,4.599741063787057,14.2,HIDRAULICA,AGUA,ND,NORMAL,OPERACIÓN,ENEL COLOMBIA SA ESP,2018-04-02,2018,2026-08-03,1.0,SI,362
2UPJ,TEQUENDAMA 1,CUNDINAMARCA,25645,SAN ANTONIO DEL TEQUENDAMA,Centro,-74.34490348911615,4.599741063787057,14.2,HIDRAULICA,AGUA,ND,NORMAL,OPERACIÓN,ENEL COLOMBIA SA ESP,2018-04-02,2018,2026-08-03,1.0,SI,359
2UR5,SAN JOSE DE LA MONTAÑA II,ANTIOQUIA,05658,SAN JOSÉ DE LA MONTAÑA,Antioquia,-75.67770924573276,6.8232575991713444,1.1,HIDRAULICA,AGUA,ND,NORMAL,OPERACIÓN,EMPRESA DE GENERACION Y PROMOCION DE ENERGIA DE ANTIOQUIA S.A. E.S.P.,2018-10-05,2018,2026-08-03,0.301,SI,59
2UX3,AURES BAJO,ANTIOQUIA,05756,SONSÓN,Antioquia,-74.83647396542132,5.8263991239395905,19.4,HIDRAULICA,AGUA,ND,NORMAL,OPERACIÓN,AURES BAJO S.A.S. E.S.P.,2018-12-11,2018,2026-08-03,0.98,SI,78
2V25,AUTOG ARGOS SOGAMOSO 1,BOYACÁ,15759,SOGAMOSO,Centro,-72.87096517657592,5.646672737466358,15.0,TERMICA,CARBON,ND,AUTOGENERADOR,OPERACIÓN,COMPAÑÍA ELÉCTRICA DE SOCHAGOTA  S.A.S. E.S.P.,2018-10-01,2018,2026-08-03,0.0,NO,178
2V27,AUTOG COCA-COLA FEMSA 1,CUNDINAMARCA,25817,TOCANCIPÁ,Centro,-73.92887057794381,4.968852560792271,2.44,TERMICA,GAS,ND,AUTOGENERADOR,OPERACIÓN,DEPI ENERGY S.A.S. E.S.P.,2018-07-24,2018,2026-08-03,0.0,SI,370
2V5G,JUAN GARCIA,ANTIOQUIA,05411,LIBORINA,Antioquia,-75.78300239576254,6.723989945096903,4.52,HIDRAULICA,AGUA,ND,NORMAL,OPERACIÓN,EMPRESA DE GENERACION Y PROMOCION DE ENERGIA DE ANTIOQUIA S.A. E.S.P.,2018-09-11,2018,2026-08-03,1.0,SI,41
2VJS,CELSIA SOLAR BOLIVAR,BOLÍVAR,13683,SANTA ROSA DE LIMA,Caribe,-75.3611643147102,10.469205330748293,8.06,SOLAR,RAD SOLAR,ND,NORMAL,PRUEBAS,CELSIA COLOMBIA S.A. E.S.P.,2019-11-02,2019,2026-08-03,0.0,SI,174
2W4Y,AUTOG FAMILIA,ANTIOQUIA,05001,MEDELLÍN,Antioquia,-75.6110393232332,6.257590449778692,1.0,TERMICA,GAS,ND,AUTOGENERADOR,INACTIVO,DEPI ENERGY S.A.S. E.S.P.,2019-03-22,2019,2026-08-03,1.0,NO,43
2WC5,MULATOS II,ANTIOQUIA,05792,TARSO,Antioquia,-75.82871200919452,5.871064813694975,7.34,HIDRAULICA,AGUA,ND,NORMAL,OPERACIÓN,ENERGIA DEL SUROESTE S.A. E.S.P.,2019-08-25,2019,2026-08-03,1.41,SI,82
2WFN,TERMOCAPACHOS 1,ARAUCA,81794,TAME,Oriente,-71.79177012757432,6.390704511440092,9.9,TERMICA,GAS,ND,NORMAL,OPERACIÓN,GENERSA S.A.S. E.S.P.,2019-08-03,2019,2026-08-03,0.0,SI,90
2XXX,AUTOG TERMOSURIA,META,50001,VILLAVICENCIO,Oriente,-73.49290681050789,4.09168284448416,19.9,TERMICA,GAS,ND,AUTOGENERADOR,INACTIVO,ELECTRIFICADORA DEL META S.A. E.S.P.,2019-10-30,2019,2026-08-03,0.0,NO,433
2Y2T,AUTOG CDS TM2500,META,50001,VILLAVICENCIO,Oriente,-73.49290681050789,4.09168284448416,19.9,TERMICA,GAS,ND,AUTOGENERADOR,INACTIVO,ELECTRIFICADORA DEL META S.A. E.S.P.,2019-10-30,2019,2026-08-03,0.0,NO,434
2YB9,AUTOG ECOPETROL ORITO,PUTUMAYO,86320,ORITO,Amazonía,-76.94318768689233,0.6737637204004985,4.0,TERMICA,GAS,ND,AUTOGENERADOR,PRUEBAS,GENERADORA Y COMERCIALIZADORA DE ENERGIA DEL CARIBE S.A. E.S.P.,2019-11-06,2019,2026-08-03,0.0,NO,464
2YIR,PCH LA LIBERTAD,BOYACÁ,15814,TOCA,Centro,-73.16069689374582,5.580253994930485,1.2,HIDRAULICA,AGUA,ND,NORMAL,OPERACIÓN,EMPRESA GENERADORA Y COMERCIALIZADORA DE ENERGIA ELECTRICA DE COLOMBIA S.A. E.S.P.,2020-03-13,2020,2026-08-03,1.111,SI,177
2YNA,HIDROBARRANCAS,ANTIOQUIA,05234,DABEIBA,Antioquia,-76.31436020151801,6.9922206014584,4.7,HIDRAULICA,AGUA,ND,NORMAL,OPERACIÓN,HIDROELECTRICA BARRANCAS SAS ESP,2020-11-25,2020,2026-08-03,4.7,SI,27
2YQO,AUTOG FERTICOL,SANTANDER,68081,BARRANCABERMEJA,Oriente,-73.78214388864318,7.054058477215098,17.0,TERMICA,GAS,ND,AUTOGENERADOR,INACTIVO,CEMEX ENERGY S.A.S E.S.P.,2020-02-27,2020,2026-08-03,1.0,NO,493
2YWY,AUTOG TURGAS,TOLIMA,73443,SAN SEBASTIÁN DE MARIQUITA,Centro,-74.90668376099688,5.2353222867171905,3.5,TERMICA,GAS,ND,AUTOGENERADOR,OPERACIÓN,TERMOPIEDRAS S.A. E.S.P.,2020-02-07,2020,2026-08-03,1.0,NO,555
2ZCF,SAN ANDRES DE CUERQUIA,ANTIOQUIA,05647,SAN ANDRÉS DE CUERQUÍA,Antioquia,-75.66518532397836,6.914558196434982,19.9,HIDRAULICA,AGUA,ND,NORMAL,OPERACIÓN,CELSIA COLOMBIA S.A. E.S.P.,2020-06-10,2020,2026-08-03,4.58,SI,62
2ZHY,AUTOG CELSIA SOLAR ESPINAL,TOLIMA,73268,ESPINAL,Centro,-74.89353010225126,4.166478063861027,9.0,SOLAR,RAD SOLAR,ND,AUTOGENERADOR,PRUEBAS,CELSIA COLOMBIA S.A. E.S.P.,2020-05-03,2020,2026-08-03,0.0,NO,560
2ZP9,TRINA-VATIA BSLI,META,50568,PUERTO GAITÁN,Oriente,-71.63159652560698,4.004998742624762,19.9,SOLAR,RAD SOLAR,ND,NORMAL,PRUEBAS,ISAGEN S.A. E.S.P.,2020-08-11,2020,2026-08-03,0.0,SI,422
3A44,PLANTA SOLAR BAYUNCA I,BOLÍVAR,13001,CARTAGENA DE INDIAS,Caribe,-75.45921916563543,10.46297167339698,3.0,SOLAR,RAD SOLAR,ND,NORMAL,PRUEBAS,UNERGY ENERGY DIGITAL S.A.S E.S.P,2020-09-27,2020,2026-08-03,0.0,SI,159
3ACC,CELSIA SOLAR CARMELO,VALLE DEL CAUCA,76130,CANDELARIA,Pacífico,-76.3831796990501,3.3820930019842557,9.0,SOLAR,RAD SOLAR,ND,AUTOGENERADOR,PRUEBAS,CELSIA COLOMBIA S.A. E.S.P.,2020-12-03,2020,2026-08-03,0.0,SI,608
3ADA,AUTOG PTAR BELLO,ANTIOQUIA,05088,BELLO,Antioquia,-75.58977499936405,6.358885308060002,5.0,TERMICA,BIOGAS,ND,AUTOGENERADOR,OPERACIÓN,EMPRESAS PUBLICAS DE MEDELLIN E.S.P.,2020-11-29,2020,2026-08-03,0.0,SI,10
3AFQ,POCUNE,ANTIOQUIA,05604,REMEDIOS,Antioquia,-74.55690753921293,6.998128639519031,1.0,HIDRAULICA,AGUA,ND,GEN. DISTRIBUIDA,OPERACIÓN,SPECTRUM RENOVAVEIS S.A.S. E.S.P.,2020-12-30,2020,2026-08-03,1.018,SI,54
3AL8,INGENIO MARIA LUISA,VALLE DEL CAUCA,76275,FLORIDA,Pacífico,-76.16478583336004,3.304107625824285,1.8,COGENERADOR,BAGAZO,ND,COGENERADOR,INACTIVO,DEPI ENERGY S.A.S. E.S.P.,2021-01-30,2021,2026-08-03,0.0,NO,584
3AQP,CAUYA,CALDAS,17042,ANSERMA,Eje Cafetero,-75.75289136789597,5.200293549304637,1.51,HIDRAULICA,AGUA,ND,NORMAL,OPERACIÓN,SANTA FE ENERGY ZOMAC S.A.S. E.S.P.,2022-04-24,2022,2026-08-03,0.75,SI,199
3B4L,GRANJA SOLAR BELMONTE,RISARALDA,66001,PEREIRA,Eje Cafetero,-75.79580494960125,4.803591185489485,4.99,SOLAR,RAD SOLAR,ND,NORMAL,PRUEBAS,EMPRESA DE ENERGIA DE PEREIRA S.A. E.S.P.,2021-03-23,2021,2026-08-03,0.0,SI,475
3BZB,CELSIA SOLAR LA PAILA,VALLE DEL CAUCA,76895,ZARZAL,Pacífico,-76.050658129641,4.353596536214248,9.9,SOLAR,RAD SOLAR,ND,NORMAL,PRUEBAS,CELSIA COLOMBIA S.A. E.S.P.,2021-07-29,2021,2026-08-03,0.0,SI,634
3C3X,AUTOG INGENIO MARIA LUISA 1,VALLE DEL CAUCA,76275,FLORIDA,Pacífico,-76.16478583336004,3.304107625824285,1.8,TERMICA,BAGAZO,ND,AUTOGENERADOR,OPERACIÓN,DEPI ENERGY S.A.S. E.S.P.,2021-08-13,2021,2026-08-03,0.0,SI,585
3C3Z,LA SIERPE,SUCRE,70429,MAJAGUAL,Caribe,-74.71039689504163,8.546108872221613,19.9,SOLAR,RAD SOLAR,ND,NORMAL,PRUEBAS,ATLÁNTICA COLOMBIA S.A.S. E.S.P.,2021-09-15,2021,2026-08-03,0.0,SI,505
3C4V,AUTOG TERMOTAME,ARAUCA,81794,TAME,Oriente,-71.79177012757432,6.390704511440092,5.0,TERMICA,GAS,ND,AUTOGENERADOR,OPERACIÓN,GENERSA S.A.S. E.S.P.,2021-09-01,2021,2026-08-03,0.0,SI,89
3CG9,LA CHORRERA,ANTIOQUIA,05647,SAN ANDRÉS DE CUERQUÍA,Antioquia,-75.66518532397836,6.914558196434982,15.0,HIDRAULICA,AGUA,ND,NORMAL,OPERACIÓN,HIDROENERGIA DE LA MONTAÑA S.A.S E.S.P,2022-05-30,2022,2026-08-03,10.0,SI,61
3CSH,GY SOLAR AURORA,CÓRDOBA,23555,PLANETA RICA,Caribe,-75.68911038737392,8.181193052658834,9.9,SOLAR,RAD SOLAR,ND,NORMAL,PRUEBAS,GREENYELLOW COMERCIALIZADORA S.A.S. E.S.P.,2022-07-24,2022,2026-08-03,0.0,SI,318
3DDT,LATAM SOLAR LA LOMA,CESAR,20250,EL PASO,Caribe,-73.7382619683179,9.683721170835586,150.0,SOLAR,RAD SOLAR,DC,NORMAL,OPERACIÓN,ENEL COLOMBIA SA ESP,2024-06-23,2024,2026-08-03,0.0,NO,277
3DSO,HELIOS I,META,50001,VILLAVICENCIO,Oriente,-73.49290681050789,4.09168284448416,16.0,SOLAR,RAD SOLAR,ND,NORMAL,PRUEBAS,EMPRESA DE ENERGIA DE BOYACA S.A. E.S.P.,2022-02-25,2022,2026-08-03,0.0,SI,432
3DXJ,LAS VIOLETAS,ANTIOQUIA,05670,SAN ROQUE,Antioquia,-74.94524773669791,6.466121322594473,0.945,HIDRAULICA,AGUA,ND,NORMAL,OPERACIÓN,P.CH EL COCUYO SAS ESP,2022-03-29,2022,2026-08-03,0.5559,SI,70
3E7C,AUTOG CELSIA SOLAR LEVAPAN,VALLE DEL CAUCA,76834,TULUÁ,Pacífico,-76.0325294150837,4.028420260976358,4.99,SOLAR,RAD SOLAR,ND,AUTOGENERADOR,PRUEBAS,CELSIA COLOMBIA S.A. E.S.P.,2022-05-06,2022,2026-08-03,0.0,NO,628
3E98,AUTOG COLOMBINA DEL CAUCA,CAUCA,19698,SANTANDER DE QUILICHAO,Pacífico,-76.49874409423688,2.9844613545513328,0.3,SOLAR,RAD SOLAR,ND,AUTOGENERADOR,INACTIVO,COMPAÑIA ENERGETICA DE OCCIDENTE S.A.S. ESP,2022-05-29,2022,2026-08-03,0.0,NO,229
3E9I,ZEUS,ANTIOQUIA,05237,DONMATÍAS,Antioquia,-75.42240661833321,6.492465891956638,9.9,HIDRAULICA,AGUA,ND,NORMAL,OPERACIÓN,CENTRAL HIDROELÉCTRICA ZEUS SAS ESP,2022-05-18,2022,2026-08-03,1.4143,SI,23
3EBN,GR PARQUE SOLAR TUCANES,BOLÍVAR,13001,CARTAGENA DE INDIAS,Caribe,-75.45921916563543,10.46297167339698,9.9,SOLAR,RAD SOLAR,ND,NORMAL,PRUEBAS,CELSIA COLOMBIA S.A. E.S.P.,2022-05-25,2022,2026-08-03,0.0,SI,161
3ED1,AUTOG GRAN COLOMBIA GOLD,ANTIOQUIA,05604,REMEDIOS,Antioquia,-74.55690753921293,6.998128639519031,1.0,HIDRAULICA,AGUA,ND,AUTOGENERADOR,OPERACIÓN,PROELECTRICA S.A.S E.S.P.,2022-05-30,2022,2026-08-03,1.9,NO,55
3EDL,BOSQUES SOLARES DE LOS LLANOS 5,META,50568,PUERTO GAITÁN,Oriente,-71.63159652560698,4.004998742624762,17.9,SOLAR,RAD SOLAR,ND,NORMAL,OPERACIÓN,ISAGEN S.A. E.S.P.,2022-09-11,2022,2026-08-03,0.001,SI,420
3EE4,PARQUE EOLICO GUAJIRA I,LA GUAJIRA,44847,URIBIA,Caribe,-71.74907032235824,11.999772335452041,19.9,EOLICA,VIENTO,ND,NORMAL,PRUEBAS,ISAGEN S.A. E.S.P.,2022-07-04,2022,2026-08-03,0.001,SI,398
3EFY,BOSQUES SOLARES DE LOS LLANOS 4,META,50568,PUERTO GAITÁN,Oriente,-71.63159652560698,4.004998742624762,19.9,SOLAR,RAD SOLAR,ND,NORMAL,OPERACIÓN,ISAGEN S.A. E.S.P.,2022-09-11,2022,2026-08-03,0.0,SI,419
3ENA,TESORITO,CÓRDOBA,23660,SAHAGÚN,Caribe,-75.42925783426087,8.798980558495005,200.0,TERMICA,GAS,DC,NORMAL,OPERACIÓN,CELSIA COLOMBIA S.A. E.S.P.,2022-09-13,2022,2026-08-03,7.5166,NO,313
3ENE,SINCE,SUCRE,70001,SINCELEJO,Caribe,-75.43174526592671,9.316711621756447,18.5,SOLAR,RAD SOLAR,ND,NORMAL,PRUEBAS,CELSIA COLOMBIA S.A. E.S.P.,2022-07-29,2022,2026-08-03,0.0,SI,533
3EP6,AUTOG CELSIA SOLAR HARINAS,VALLE DEL CAUCA,76834,TULUÁ,Pacífico,-76.0325294150837,4.028420260976358,2.45,SOLAR,RAD SOLAR,ND,AUTOGENERADOR,PRUEBAS,CELSIA COLOMBIA S.A. E.S.P.,2022-08-14,2022,2026-08-03,0.0,NO,627
3EV1,LOS CABALLEROS,TOLIMA,73055,ARMERO,Centro,-74.8475058492297,5.006757303411625,9.9,SOLAR,RAD SOLAR,ND,NORMAL,PRUEBAS,CELSIA COLOMBIA S.A. E.S.P.,2022-08-26,2022,2026-08-03,0.0,SI,550
3EV3,LA MEDINA,TOLIMA,73443,SAN SEBASTIÁN DE MARIQUITA,Centro,-74.90668376099688,5.2353222867171905,9.9,SOLAR,RAD SOLAR,ND,NORMAL,PRUEBAS,CELSIA COLOMBIA S.A. E.S.P.,2022-08-26,2022,2026-08-03,0.0,SI,553
3EXB,CERRITOS,TOLIMA,73443,SAN SEBASTIÁN DE MARIQUITA,Centro,-74.90668376099688,5.2353222867171905,9.9,SOLAR,RAD SOLAR,ND,NORMAL,PRUEBAS,CELSIA COLOMBIA S.A. E.S.P.,2022-09-02,2022,2026-08-03,0.0,SI,554
3EXH,PARQUE EOLICO WESP01,LA GUAJIRA,44847,URIBIA,Caribe,-71.74907032235824,11.999772335452041,12.0,EOLICA,VIENTO,ND,NORMAL,PRUEBAS,ISAGEN S.A. E.S.P.,2022-11-27,2022,2026-08-03,0.001,SI,399
3F5L,AUTOG CI JEANS,ANTIOQUIA,05380,LA ESTRELLA,Antioquia,-75.64886458793937,6.1376078765758875,1.392,SOLAR,RAD SOLAR,ND,AUTOGENERADOR,PRUEBAS,ERCO GENERACION S.A.S. ESP,2023-08-23,2023,2026-08-03,0.0,NO,40
3F5N,AUTOG PINTUCO,ANTIOQUIA,05615,RIONEGRO,Antioquia,-75.41076171261174,6.150795092971707,1.406,SOLAR,RAD SOLAR,ND,AUTOGENERADOR,PRUEBAS,ERCO GENERACION S.A.S. ESP,2023-08-22,2023,2026-08-03,0.0,NO,57
3FCD,AUTOG CELSIA SOLAR PALMIRA 3,VALLE DEL CAUCA,76520,PALMIRA,Pacífico,-76.22786086762281,3.558395439731676,4.99,SOLAR,RAD SOLAR,ND,AUTOGENERADOR,PRUEBAS,CELSIA COLOMBIA S.A. E.S.P.,2022-12-01,2022,2026-08-03,0.0,NO,619
3FCF,GRANJA SOLAR LANCEROS,TOLIMA,73449,MELGAR,Centro,-74.60506028705396,4.193252100907122,9.1,SOLAR,RAD SOLAR,ND,NORMAL,PRUEBAS,CELSIA COLOMBIA S.A. E.S.P.,2022-12-27,2022,2026-08-03,0.0,SI,556
3GI6,GRANJA SOLAR EL SALADO,VALLE DEL CAUCA,76233,DAGUA,Pacífico,-76.72041623651931,3.6498592260436054,0.0998,SOLAR,RAD SOLAR,ND,NORMAL,OPERACIÓN,FUENTES DE ENERGIAS RENOVABLES S.A.S. E.S.P.,2023-06-16,2023,2026-08-03,0.0,SI,611
3GJQ,TERMOTASAJERO DOS SOLAR,NORTE DE SANTANDER,54673,SAN CAYETANO,Oriente,-72.6098482097734,7.847790343843861,4.0,SOLAR,RAD SOLAR,ND,NORMAL,PRUEBAS,TERMOTASAJERO DOS S.A. E.S.P. ,2022-12-13,2022,2026-08-03,0.0,SI,454
3GJU,AUTOG INGENIO CARMELITA,VALLE DEL CAUCA,76616,RIOFRÍO,Pacífico,-76.37106671386327,4.10949608241408,4.99,TERMICA,BAGAZO,ND,AUTOGENERADOR,OPERACIÓN,DEPI ENERGY S.A.S. E.S.P.,2022-12-29,2022,2026-08-03,16.15,NO,624
3GPZ,MONTELIBANO,CÓRDOBA,23466,MONTELÍBANO,Caribe,-75.87788968351155,7.864362756460517,9.9,SOLAR,RAD SOLAR,ND,NORMAL,PRUEBAS,CELSIA COLOMBIA S.A. E.S.P.,2022-12-12,2022,2026-08-03,0.0,SI,329
3GRD,GRANJA SOLAR SAN FELIPE,TOLIMA,73055,ARMERO,Centro,-74.8475058492297,5.006757303411625,9.1,SOLAR,RAD SOLAR,ND,NORMAL,PRUEBAS,CELSIA COLOMBIA S.A. E.S.P.,2022-12-20,2022,2026-08-03,0.0,SI,551
3GSF,AUTOG BUGA I GRASAS,VALLE DEL CAUCA,76113,BUGALAGRANDE,Pacífico,-76.08961535632501,4.196858156352319,4.0,SOLAR,RAD SOLAR,ND,AUTOGENERADOR,PRUEBAS,CELSIA COLOMBIA S.A. E.S.P.,2023-01-24,2023,2026-08-03,0.0,NO,601
3GVI,GRANJA SOLAR FLANDES,TOLIMA,73275,FLANDES,Centro,-74.83708756165326,4.2428130314540144,19.9,SOLAR,RAD SOLAR,ND,NORMAL,PRUEBAS,CELSIA COLOMBIA S.A. E.S.P.,2023-02-20,2023,2026-08-03,0.0,SI,561
3GVK,CELSIA SOLAR DULIMA,TOLIMA,73275,FLANDES,Centro,-74.83708756165326,4.2428130314540144,19.9,SOLAR,RAD SOLAR,ND,NORMAL,PRUEBAS,CELSIA COLOMBIA S.A. E.S.P.,2023-02-06,2023,2026-08-03,0.0,SI,562
3GVM,CELSIA SOLAR YUMA,TOLIMA,73275,FLANDES,Centro,-74.83708756165326,4.2428130314540144,9.1,SOLAR,RAD SOLAR,ND,NORMAL,PRUEBAS,CELSIA COLOMBIA S.A. E.S.P.,2023-02-04,2023,2026-08-03,0.0,SI,563
3H2U,TZ II,ANTIOQUIA,05790,TARAZÁ,Antioquia,-75.40187384557682,7.488882842814227,10.5,HIDRAULICA,AGUA,ND,NORMAL,PRUEBAS,CENTRAL HIDROELÉCTRICA TZ II S.A.S. E.S.P.,2024-04-20,2024,2026-08-03,0.7,SI,81
3HBN,TIERRA LINDA,CÓRDOBA,23182,CHINÚ,Caribe,-75.37442559835226,9.053180121716313,9.9,SOLAR,RAD SOLAR,ND,NORMAL,PRUEBAS,ATLÁNTICA COLOMBIA S.A.S. E.S.P.,2023-03-12,2023,2026-08-03,0.0,SI,325
3HBP,LA TOLUA,SUCRE,70670,SAMPUÉS,Caribe,-75.36027027089045,9.165182859935902,19.9,SOLAR,RAD SOLAR,ND,NORMAL,PRUEBAS,ATLÁNTICA COLOMBIA S.A.S. E.S.P.,2023-03-12,2023,2026-08-03,0.0,SI,516
3HDE,SAN BARTOLOME,SANTANDER,68322,GUAPOTÁ,Oriente,-73.33084110582372,6.323739755162941,19.9,HIDRAULICA,AGUA,ND,NORMAL,OPERACIÓN,PCH SAN BARTOLOME S.A.S. E.S.P. ,2023-05-13,2023,2026-08-03,1.5474,SI,498
3HDG,OIBITA,SANTANDER,68322,GUAPOTÁ,Oriente,-73.33084110582372,6.323739755162941,19.9,HIDRAULICA,AGUA,ND,NORMAL,OPERACIÓN,PCH SAN BARTOLOME S.A.S. E.S.P. ,2023-05-13,2023,2026-08-03,1.6205,SI,499
3HE8,AUTOG CELSIA SOLAR PALMIRA 3 ZONA FRANCA,VALLE DEL CAUCA,76520,PALMIRA,Pacífico,-76.22786086762281,3.558395439731676,2.9,SOLAR,RAD SOLAR,ND,AUTOGENERADOR,PRUEBAS,CELSIA COLOMBIA S.A. E.S.P.,2023-03-18,2023,2026-08-03,0.0,NO,618
3HF5,FUNDACION,MAGDALENA,47551,PIVIJAY,Caribe,-74.41252278551435,10.433025017802972,100.0,SOLAR,RAD SOLAR,DC,NORMAL,OPERACIÓN,ENEL COLOMBIA SA ESP,2024-06-23,2024,2026-08-03,0.0,NO,407
3HF7,CELSIA SOLAR LA VICTORIA II,VALLE DEL CAUCA,76403,LA VICTORIA,Pacífico,-75.96677731233385,4.483512280398679,19.9,SOLAR,RAD SOLAR,ND,NORMAL,PRUEBAS,CELSIA COLOMBIA S.A. E.S.P.,2023-05-23,2023,2026-08-03,0.0,SI,588
3HF9,CELSIA SOLAR LA VICTORIA I,VALLE DEL CAUCA,76403,LA VICTORIA,Pacífico,-75.96677731233385,4.483512280398679,19.9,SOLAR,RAD SOLAR,ND,NORMAL,PRUEBAS,CELSIA COLOMBIA S.A. E.S.P.,2023-05-22,2023,2026-08-03,0.0,SI,587
3HG7,COMUNIDAD EL SALVADOR I,ANTIOQUIA,05001,MEDELLÍN,Antioquia,-75.6110393232332,6.257590449778692,0.0127,SOLAR,RAD SOLAR,ND,GEN. DISTRIBUIDA,OPERACIÓN,ERCO GENERACION S.A.S. ESP,2023-03-23,2023,2026-08-03,0.0,SI,44
3HG9,COMUNIDAD EL SALVADOR II,ANTIOQUIA,05001,MEDELLÍN,Antioquia,-75.6110393232332,6.257590449778692,0.0037,SOLAR,RAD SOLAR,ND,GEN. DISTRIBUIDA,OPERACIÓN,ERCO GENERACION S.A.S. ESP,2023-03-23,2023,2026-08-03,0.0,SI,45
3HLD,LOS GIRASOLES,NORTE DE SANTANDER,54003,ÁBREGO,Oriente,-73.15852344172602,8.019804640843336,9.5,SOLAR,RAD SOLAR,ND,NORMAL,PRUEBAS,PARQUE SOLAR LOS GIRASOLES S.A.S ESP,2023-05-26,2023,2026-08-03,0.0,SI,446
3HS9,AUTOG BUGA I SOLLA,VALLE DEL CAUCA,76113,BUGALAGRANDE,Pacífico,-76.08961535632501,4.196858156352319,4.9,SOLAR,RAD SOLAR,ND,AUTOGENERADOR,PRUEBAS,CELSIA COLOMBIA S.A. E.S.P.,2023-06-06,2023,2026-08-03,0.0,NO,600
3HWM,PETALO DEL MAGDALENA,MAGDALENA,47980,ZONA BANANERA,Caribe,-74.17798194509768,10.796331405554511,9.9,SOLAR,RAD SOLAR,ND,NORMAL,PRUEBAS,CELSIA COLOMBIA S.A. E.S.P.,2023-06-08,2023,2026-08-03,0.0,SI,402
3HYG,URUACO,ATLÁNTICO,08421,LURUACO,Caribe,-75.15403251706762,10.63503144728628,0.996,SOLAR,RAD SOLAR,ND,GEN. DISTRIBUIDA,OPERACIÓN,UNERGY ENERGY DIGITAL S.A.S E.S.P,2023-06-17,2023,2026-08-03,0.0,SI,120
3IJF,AUTOG COSTAYACO,PUTUMAYO,86885,VILLAGARZÓN,Amazonía,-76.74500964992517,0.9111551685901373,2.0,TERMICA,GAS,ND,AUTOGENERADOR,INACTIVO,DEPI ENERGY S.A.S. E.S.P.,2023-09-03,2023,2026-08-03,0.0865,NO,462
3INX,CARACOLI I,ATLÁNTICO,08433,MALAMBO,Caribe,-74.80617848201192,10.848289763721715,50.0,SOLAR,RAD SOLAR,DC,NORMAL,OPERACIÓN,SOL DE LAS CIÉNAGAS S.A.S. E.S.P.,2024-12-21,2024,2026-08-03,0.0,NO,119
3IQA,SUNNORTE,NORTE DE SANTANDER,54498,OCAÑA,Oriente,-73.33765740871252,8.2066456926306,35.0,SOLAR,RAD SOLAR,DC,NORMAL,OPERACIÓN,GENERSOL S.A.S. E.S.P.,2024-11-25,2024,2026-08-03,0.0,NO,448
3IRI,ITUANGO_P,ANTIOQUIA,05361,ITUANGO,Antioquia,-75.6787576505323,7.339172187710507,600.0,HIDRAULICA,AGUA,DC,NORMAL,INACTIVO,EMPRESAS PUBLICAS DE MEDELLIN E.S.P.,2022-12-30,2022,2026-08-03,1.769,NO,37
3IRX,PORTON DEL SOL,CALDAS,17380,LA DORADA,Eje Cafetero,-74.72047678624584,5.410655327766446,102.0,SOLAR,RAD SOLAR,DC,AUTOGENERADOR,OPERACIÓN,GENERADORA Y COMERCIALIZADORA DE ENERGIA DEL CARIBE S.A. E.S.P.,2024-03-07,2024,2026-08-03,0.0,NO,194
3IRZ,LA CASCADA DE GRANADA,ANTIOQUIA,05313,GRANADA,Antioquia,-75.12763628058521,6.123379482408267,2.09,HIDRAULICA,AGUA,ND,NORMAL,OPERACIÓN,SANTA FE ENERGY ZOMAC S.A.S. E.S.P.,2023-09-29,2023,2026-08-03,1.8,SI,33
3IS2,PARQUE SOLAR ARENAL,BOLÍVAR,13647,SAN ESTANISLAO,Caribe,-75.20523843863491,10.364677519552943,2.0,SOLAR,RAD SOLAR,ND,NORMAL,PRUEBAS,4E GROUP S.A.S E.S.P.,2023-12-05,2023,2026-08-03,0.0,SI,167
3IZ6,PARQUE SOLAR LA UNION,CÓRDOBA,23678,SAN CARLOS,Caribe,-75.69250145660331,8.706415213601813,100.0,SOLAR,RAD SOLAR,DC,NORMAL,OPERACIÓN,SPK LA UNIÓN S.A.S. E.S.P.,2024-06-18,2024,2026-08-03,0.0,NO,309
3J1J,PARQUE SOLAR HONDA I,CUNDINAMARCA,25320,GUADUAS,Centro,-74.64014234841376,5.1735388538606415,9.9,SOLAR,RAD SOLAR,ND,NORMAL,PRUEBAS,ATLÁNTICA COLOMBIA S.A.S. E.S.P.,2023-12-14,2023,2026-08-03,0.0,SI,351
3J2B,SOLAR PLANETA RICA,CÓRDOBA,23555,PLANETA RICA,Caribe,-75.68911038737392,8.181193052658834,19.9,SOLAR,RAD SOLAR,ND,NORMAL,OPERACIÓN,CELSIA COLOMBIA S.A. E.S.P.,2024-04-16,2024,2026-08-03,0.0,SI,316
3J2H,PETALO DE CORDOBA II,CÓRDOBA,23182,CHINÚ,Caribe,-75.37442559835226,9.053180121716313,9.9,SOLAR,RAD SOLAR,ND,NORMAL,PRUEBAS,BCCY CORDOBA S.A.S. E.S.P.,2023-12-01,2023,2026-08-03,0.0,SI,324
3J4D,CAIMAN CIENAGUERO,MAGDALENA,47189,CIÉNAGA,Caribe,-74.02495478771974,10.857323271982969,9.0,SOLAR,RAD SOLAR,ND,NORMAL,PRUEBAS,GREENYELLOW COMERCIALIZADORA S.A.S. E.S.P.,2023-11-23,2023,2026-08-03,0.0,SI,409
3J4R,PARQUE SOLAR DINAMARCA,META,50683,SAN JUAN DE ARAMA,Oriente,-73.75892054813157,3.2841061910835854,9.0,SOLAR,RAD SOLAR,ND,NORMAL,PRUEBAS,GREENYELLOW COMERCIALIZADORA S.A.S. E.S.P.,2023-12-13,2023,2026-08-03,0.0,SI,428
3J4T,PARQUE SOLAR VERSALLES,META,50683,SAN JUAN DE ARAMA,Oriente,-73.75892054813157,3.2841061910835854,9.0,SOLAR,RAD SOLAR,ND,NORMAL,PRUEBAS,GREENYELLOW COMERCIALIZADORA S.A.S. E.S.P.,2023-12-14,2023,2026-08-03,0.0,SI,429
3J4V,PARQUE SOLAR LA MENA,META,50680,SAN CARLOS DE GUAROA,Oriente,-73.27583347472584,3.8476152582255083,9.0,SOLAR,RAD SOLAR,ND,NORMAL,PRUEBAS,GREENYELLOW COMERCIALIZADORA S.A.S. E.S.P.,2023-12-29,2023,2026-08-03,0.0,SI,430
3J83,GUAMO,TOLIMA,73319,GUAMO,Centro,-74.97657361950692,4.076500729146935,9.0,SOLAR,RAD SOLAR,ND,NORMAL,OPERACIÓN,ERCO GENERACION S.A.S. ESP,2026-07-29,2026,2026-08-03,0.0,SI,568
3J85,NUMBANA,TOLIMA,73319,GUAMO,Centro,-74.97657361950692,4.076500729146935,9.9,SOLAR,RAD SOLAR,ND,NORMAL,PRUEBAS,ERCO GENERACION S.A.S. ESP,2024-01-24,2024,2026-08-03,0.0,SI,567
3JBP,LA NENERA,BOLÍVAR,13657,SAN JUAN NEPOMUCENO,Caribe,-75.06572164186566,9.96796431263113,0.975,SOLAR,RAD SOLAR,ND,GEN. DISTRIBUIDA,OPERACIÓN,ES INVEST COLOMBIA S.A.S. ESP,2024-01-12,2024,2026-08-03,0.0,SI,166
3JNR,AUTOG UNIBOL 1,ATLÁNTICO,08001,BARRANQUILLA,Caribe,-74.82774550660668,10.981524582561143,4.9,TERMICA,GAS,ND,AUTOGENERADOR,OPERACIÓN,COMERCIALIZADORA 4G ENERGIA SAS ESP,2024-02-10,2024,2026-08-03,7.5,SI,94
3JP6,GD BASILICA,VALLE DEL CAUCA,76113,BUGALAGRANDE,Pacífico,-76.08961535632501,4.196858156352319,0.975,SOLAR,RAD SOLAR,ND,GEN. DISTRIBUIDA,OPERACIÓN,CELSIA COLOMBIA S.A. E.S.P.,2024-02-15,2024,2026-08-03,0.0,SI,602
3JP8,GD LA URIBE,VALLE DEL CAUCA,76403,LA VICTORIA,Pacífico,-75.96677731233385,4.483512280398679,0.6,SOLAR,RAD SOLAR,ND,GEN. DISTRIBUIDA,OPERACIÓN,CELSIA COLOMBIA S.A. E.S.P.,2024-03-13,2024,2026-08-03,0.0,SI,590
3JPA,GD ALFEREZ,VALLE DEL CAUCA,76001,CALI,Pacífico,-76.57650111502525,3.399042676552075,0.6,SOLAR,RAD SOLAR,ND,GEN. DISTRIBUIDA,OPERACIÓN,CELSIA COLOMBIA S.A. E.S.P.,2024-02-21,2024,2026-08-03,0.0,SI,596
3JPC,GD CHICORAL,TOLIMA,73275,FLANDES,Centro,-74.83708756165326,4.2428130314540144,0.975,SOLAR,RAD SOLAR,ND,GEN. DISTRIBUIDA,OPERACIÓN,CELSIA COLOMBIA S.A. E.S.P.,2024-05-18,2024,2026-08-03,0.0,SI,565
3JPE,GD LOS CHORROS,TOLIMA,73275,FLANDES,Centro,-74.83708756165326,4.2428130314540144,0.6,SOLAR,RAD SOLAR,ND,GEN. DISTRIBUIDA,OPERACIÓN,CELSIA COLOMBIA S.A. E.S.P.,2024-02-15,2024,2026-08-03,0.0,SI,564
3JPK,MINIGRANJA SAN PEDRO,SUCRE,70717,SAN PEDRO,Caribe,-75.03742066768767,9.396833785702091,0.9959,SOLAR,RAD SOLAR,ND,GEN. DISTRIBUIDA,OPERACIÓN,NITRO ENERGY COLOMBIA S.A.S. E.S.P.,2024-02-26,2024,2026-08-03,0.0,SI,531
3JPM,BARAYA,SUCRE,70235,GALERAS,Caribe,-74.98135165734892,9.135169229796558,0.996,SOLAR,RAD SOLAR,ND,GEN. DISTRIBUIDA,OPERACIÓN,UNERGY ENERGY DIGITAL S.A.S E.S.P,2024-02-17,2024,2026-08-03,0.0,SI,504
3JQA,GD EL BANCO,TOLIMA,73055,ARMERO,Centro,-74.8475058492297,5.006757303411625,0.975,SOLAR,RAD SOLAR,ND,GEN. DISTRIBUIDA,OPERACIÓN,CELSIA COLOMBIA S.A. E.S.P.,2024-02-21,2024,2026-08-03,0.0,SI,552
3JQC,GANDALF,CESAR,20750,SAN DIEGO,Caribe,-73.28805413567513,10.169512856483978,0.996,SOLAR,RAD SOLAR,ND,GEN. DISTRIBUIDA,OPERACIÓN,UNERGY ENERGY DIGITAL S.A.S E.S.P,2024-02-21,2024,2026-08-03,0.0,SI,282
3JQE,CANAHUATE,CESAR,20750,SAN DIEGO,Caribe,-73.28805413567513,10.169512856483978,0.996,SOLAR,RAD SOLAR,ND,GEN. DISTRIBUIDA,OPERACIÓN,UNERGY ENERGY DIGITAL S.A.S E.S.P,2024-02-21,2024,2026-08-03,0.0,SI,281
3K6T,SOLAR ALEJANDRIA,CÓRDOBA,23555,PLANETA RICA,Caribe,-75.68911038737392,8.181193052658834,9.4,SOLAR,RAD SOLAR,ND,NORMAL,PRUEBAS,GREENYELLOW COMERCIALIZADORA S.A.S. E.S.P.,2024-03-09,2024,2026-08-03,0.0,SI,317
3K6X,GD LA HONDA,VALLE DEL CAUCA,76403,LA VICTORIA,Pacífico,-75.96677731233385,4.483512280398679,0.975,SOLAR,RAD SOLAR,ND,GEN. DISTRIBUIDA,OPERACIÓN,CELSIA COLOMBIA S.A. E.S.P.,2024-03-13,2024,2026-08-03,0.0,SI,589
3K8A,CELSIA SOLAR ALUMINA,VALLE DEL CAUCA,76892,YUMBO,Pacífico,-76.51099150889527,3.595908339346365,1.971,SOLAR,RAD SOLAR,ND,AUTOGENERADOR,PRUEBAS,CELSIA COLOMBIA S.A. E.S.P.,2024-03-22,2024,2026-08-03,0.0,NO,638
3K8C,BSB 503,ATLÁNTICO,08638,SABANALARGA,Caribe,-74.95510955662664,10.622505657124778,19.9,SOLAR,RAD SOLAR,ND,NORMAL,OPERACIÓN,ISAGEN S.A. E.S.P.,2024-09-25,2024,2026-08-03,0.0,SI,143
3K8E,BSB 504,ATLÁNTICO,08638,SABANALARGA,Caribe,-74.95510955662664,10.622505657124778,19.9,SOLAR,RAD SOLAR,ND,NORMAL,OPERACIÓN,ISAGEN S.A. E.S.P.,2024-09-26,2024,2026-08-03,0.0,SI,144
3KJK,SOL Y CIELO I,CÓRDOBA,23001,MONTERÍA,Caribe,-75.95052937682705,8.584659059910113,9.9,SOLAR,RAD SOLAR,ND,NORMAL,PRUEBAS,ENERGIA Y GAS DE COLOMBIA SAS ESP,2024-05-05,2024,2026-08-03,0.0,SI,342
3KL4,POWER PLANT DRUMMOND 1,CESAR,20250,EL PASO,Caribe,-73.7382619683179,9.683721170835586,19.9,TERMICA,GAS,ND,AUTOGENERADOR,INACTIVO,DRUMMOND POWER S.A.S. E.S.P.,2024-04-21,2024,2026-08-03,10.0,NO,278
3KLQ,AUTOG TERMOMACAGUA 1,ARAUCA,81794,TAME,Oriente,-71.79177012757432,6.390704511440092,4.9,TERMICA,GAS,ND,AUTOGENERADOR,OPERACIÓN,GENERSA S.A.S. E.S.P.,2024-06-28,2024,2026-08-03,0.0,NO,92
3KOD,ECOPARQUE SOLAR BRISAS,HUILA,41016,AIPE,Centro,-75.27655250183108,3.2433946430352805,4.0,SOLAR,RAD SOLAR,ND,AUTOGENERADOR,INACTIVO,GENERADORA Y COMERCIALIZADORA DE ENERGIA DEL CARIBE S.A. E.S.P.,2024-04-26,2024,2026-08-03,0.0,SI,382
3KOL,GD PALERMO,TOLIMA,73275,FLANDES,Centro,-74.83708756165326,4.2428130314540144,0.975,SOLAR,RAD SOLAR,ND,GEN. DISTRIBUIDA,OPERACIÓN,CELSIA COLOMBIA S.A. E.S.P.,2024-12-02,2024,2026-08-03,0.0,SI,566
3KVZ,AUTOG BIOS CONTEGRAL CARTAGO,VALLE DEL CAUCA,76147,CARTAGO,Pacífico,-75.91791091281863,4.706847421964042,3.225,SOLAR,RAD SOLAR,ND,AUTOGENERADOR,PRUEBAS,EMPRESAS PUBLICAS DE MEDELLIN E.S.P.,2024-05-22,2024,2026-08-03,0.0,NO,609
3KXQ,AUTOG BIOS CONTEGRAL NEIVA,HUILA,41001,NEIVA,Centro,-75.27237609121896,2.9933992655563686,1.6,SOLAR,RAD SOLAR,ND,AUTOGENERADOR,PRUEBAS,EMPRESAS PUBLICAS DE MEDELLIN E.S.P.,2024-05-22,2024,2026-08-03,0.0,NO,388
3L9B,AUTOG EL COPEY,CESAR,20238,EL COPEY,Caribe,-73.91284691348685,10.199930964845986,6.6,SOLAR,RAD SOLAR,ND,AUTOGENERADOR,PRUEBAS,GENERADORA Y COMERCIALIZADORA DE ENERGIA DEL CARIBE S.A. E.S.P.,2024-05-24,2024,2026-08-03,0.0,NO,259
3LLY,PARQUE SOLAR HONDA II,CUNDINAMARCA,25320,GUADUAS,Centro,-74.64014234841376,5.1735388538606415,9.9,SOLAR,RAD SOLAR,ND,NORMAL,PRUEBAS,ATLÁNTICA COLOMBIA S.A.S. E.S.P.,2024-07-21,2024,2026-08-03,0.0,SI,352
3LMH,JEQUES,CUNDINAMARCA,25224,CUCUNUBÁ,Centro,-73.78002104595625,5.2303072926636505,9.9,SOLAR,RAD SOLAR,ND,NORMAL,PRUEBAS,GREENYELLOW COMERCIALIZADORA S.A.S. E.S.P.,2024-07-04,2024,2026-08-03,0.0,SI,354
3LMJ,CELSIA SOLAR BUGALAGRANDE,VALLE DEL CAUCA,76036,ANDALUCÍA,Pacífico,-76.16072389274095,4.153319987006707,9.9,SOLAR,RAD SOLAR,ND,NORMAL,PRUEBAS,CELSIA COLOMBIA S.A. E.S.P.,2024-07-30,2024,2026-08-03,0.0,SI,591
3MHB,MINIGRANJA LA PAZ VALLENATA,CESAR,20621,LA PAZ,Caribe,-73.078475713251,10.244460449569692,0.996,SOLAR,RAD SOLAR,ND,GEN. DISTRIBUIDA,OPERACIÓN,UNERGY ENERGY DIGITAL S.A.S E.S.P,2024-08-12,2024,2026-08-03,0.0,SI,256
3MS2,CELSIA SOLAR PUERTO TEJADA,CAUCA,19573,PUERTO TEJADA,Pacífico,-76.41847173164886,3.2666925875067636,19.9,SOLAR,RAD SOLAR,ND,AUTOGENERADOR,OPERACIÓN,CELSIA COLOMBIA S.A. E.S.P.,2026-02-17,2026,2026-08-03,0.0,NO,238
3NDE,GD ERCO TOLDADO,TOLIMA,73504,ORTEGA,Centro,-75.27825181028741,3.9377908025522084,0.99,SOLAR,RAD SOLAR,ND,GEN. DISTRIBUIDA,OPERACIÓN,ERCO GENERACION S.A.S. ESP,2024-09-18,2024,2026-08-03,0.0,SI,557
3NGJ,GD CHIMBI,TOLIMA,73148,CARMEN DE APICALÁ,Centro,-74.74700370859807,4.123413817163165,0.975,SOLAR,RAD SOLAR,ND,GEN. DISTRIBUIDA,OPERACIÓN,CELSIA COLOMBIA S.A. E.S.P.,2024-08-27,2024,2026-08-03,0.0,SI,549
3NLE,GD NAOS I,NARIÑO,52786,TAMINANGO,Pacífico,-77.32523753901599,1.5916601918367703,0.96,SOLAR,RAD SOLAR,ND,GEN. DISTRIBUIDA,OPERACIÓN,UNERGY ENERGY DIGITAL S.A.S E.S.P,2024-08-26,2024,2026-08-03,0.0,SI,439
3NLG,ROVIRA,TOLIMA,73624,ROVIRA,Centro,-75.34759717815423,4.2167286851347585,3.1,SOLAR,RAD SOLAR,ND,NORMAL,PRUEBAS,CENTRAL TERMOCARTAGENA SAS ESP,2024-10-10,2024,2026-08-03,0.0,SI,540
3NLZ,SOLAR OLD T,SUCRE,70823,SAN JOSÉ DE TOLUVIEJO,Caribe,-75.44451408082239,9.49028579449229,9.9,SOLAR,RAD SOLAR,ND,NORMAL,PRUEBAS,VATIA S.A. E.S.P.,2024-09-08,2024,2026-08-03,0.0,SI,532
3NNZ,AUTOG TERMOCOROCITO 1,ARAUCA,81794,TAME,Oriente,-71.79177012757432,6.390704511440092,4.9,TERMICA,GAS,ND,AUTOGENERADOR,OPERACIÓN,GENERSA S.A.S. E.S.P.,2024-10-28,2024,2026-08-03,0.0,NO,91
3NR4,MINIGRANJA EL MOLINO,LA GUAJIRA,44110,EL MOLINO,Caribe,-72.88583503812586,10.636696246678891,0.996,SOLAR,RAD SOLAR,ND,GEN. DISTRIBUIDA,OPERACIÓN,UNERGY ENERGY DIGITAL S.A.S E.S.P,2024-09-29,2024,2026-08-03,0.0,SI,389
3NR8,LA INGLESA,CESAR,20750,SAN DIEGO,Caribe,-73.28805413567513,10.169512856483978,0.996,SOLAR,RAD SOLAR,ND,GEN. DISTRIBUIDA,OPERACIÓN,UNERGY ENERGY DIGITAL S.A.S E.S.P,2024-09-15,2024,2026-08-03,0.0,SI,279
3NU4,GD FINCA JM,ATLÁNTICO,08685,SANTO TOMÁS,Caribe,-74.78736351359163,10.755569363284472,0.99,SOLAR,RAD SOLAR,ND,GEN. DISTRIBUIDA,OPERACIÓN,GREENYELLOW COMERCIALIZADORA S.A.S. E.S.P.,2024-09-15,2024,2026-08-03,0.0,SI,124
3PK3,AUTOG MILPA SAN CARLOS,CUNDINAMARCA,25317,GUACHETÁ,Centro,-73.69328369350507,5.3872914587087495,1.8,SOLAR,RAD SOLAR,ND,AUTOGENERADOR,PRUEBAS,ENEL COLOMBIA SA ESP,2024-09-27,2024,2026-08-03,0.0,NO,349
3PKF,AUTOG UNIMINAS,CUNDINAMARCA,25317,GUACHETÁ,Centro,-73.69328369350507,5.3872914587087495,1.8,SOLAR,RAD SOLAR,ND,AUTOGENERADOR,PRUEBAS,ENEL COLOMBIA SA ESP,2024-09-27,2024,2026-08-03,0.0,NO,348
3PKH,GRANJA SOLAR PALMASECA I,VALLE DEL CAUCA,76520,PALMIRA,Pacífico,-76.22786086762281,3.558395439731676,13.0,SOLAR,RAD SOLAR,ND,NORMAL,INACTIVO,CELSIA COLOMBIA S.A. E.S.P.,2024-10-29,2024,2026-08-03,0.0,SI,614
3PKN,GRANJA SOLAR PALMASECA II,VALLE DEL CAUCA,76520,PALMIRA,Pacífico,-76.22786086762281,3.558395439731676,12.0,SOLAR,RAD SOLAR,ND,NORMAL,INACTIVO,CELSIA COLOMBIA S.A. E.S.P.,2024-10-29,2024,2026-08-03,0.0,SI,615
3PWF,AUTOG SOLAR PALMIRA II BERRY,VALLE DEL CAUCA,76520,PALMIRA,Pacífico,-76.22786086762281,3.558395439731676,4.99,SOLAR,RAD SOLAR,ND,AUTOGENERADOR,OPERACIÓN,CELSIA COLOMBIA S.A. E.S.P.,2025-12-12,2025,2026-08-03,0.0,NO,613
3PXC,BSB 501,ATLÁNTICO,08638,SABANALARGA,Caribe,-74.95510955662664,10.622505657124778,19.9,SOLAR,RAD SOLAR,ND,NORMAL,OPERACIÓN,ISAGEN S.A. E.S.P.,2025-10-31,2025,2026-08-03,0.0,SI,141
3PXE,BSB 500,ATLÁNTICO,08638,SABANALARGA,Caribe,-74.95510955662664,10.622505657124778,19.9,SOLAR,RAD SOLAR,ND,NORMAL,OPERACIÓN,ISAGEN S.A. E.S.P.,2025-11-04,2025,2026-08-03,0.0,SI,140
3PXF,BSB 502,ATLÁNTICO,08638,SABANALARGA,Caribe,-74.95510955662664,10.622505657124778,19.9,SOLAR,RAD SOLAR,ND,NORMAL,OPERACIÓN,ISAGEN S.A. E.S.P.,2025-11-18,2025,2026-08-03,0.0,SI,142
3PXH,CENTRO SOLAR,CÓRDOBA,23555,PLANETA RICA,Caribe,-75.68911038737392,8.181193052658834,9.9,SOLAR,RAD SOLAR,ND,NORMAL,PRUEBAS,GR POWER COLOMBIA S.A.S E.S.P.,2024-11-18,2024,2026-08-03,0.0,SI,320
3PXJ,BUENAVISTA,CÓRDOBA,23079,BUENAVISTA,Caribe,-75.43384001116792,8.191387044568936,6.8,SOLAR,RAD SOLAR,ND,NORMAL,PRUEBAS,GR POWER COLOMBIA S.A.S E.S.P.,2026-07-20,2026,2026-08-03,0.0,SI,326
3Q7D,AUTOG BIOS FINCA BUGA,VALLE DEL CAUCA,76113,BUGALAGRANDE,Pacífico,-76.08961535632501,4.196858156352319,1.06,SOLAR,RAD SOLAR,ND,AUTOGENERADOR,PRUEBAS,EMPRESAS PUBLICAS DE MEDELLIN E.S.P.,2024-10-19,2024,2026-08-03,0.0,NO,603
3Q87,GD ERCO SALDANA I,TOLIMA,73671,SALDAÑA,Centro,-75.01860072031324,3.912541226159552,0.99,SOLAR,RAD SOLAR,ND,GEN. DISTRIBUIDA,OPERACIÓN,ERCO GENERACION S.A.S. ESP,2024-11-17,2024,2026-08-03,0.0,SI,535
3Q89,GD ERCO SALDANA II,TOLIMA,73671,SALDAÑA,Centro,-75.01860072031324,3.912541226159552,0.99,SOLAR,RAD SOLAR,ND,GEN. DISTRIBUIDA,OPERACIÓN,ERCO GENERACION S.A.S. ESP,2024-11-17,2024,2026-08-03,0.0,SI,536
3Q99,AUTOG BIODIANA 1,CASANARE,85001,YOPAL,Oriente,-72.25798324179046,5.242711687577748,4.99,TERMICA,BIOMASA,ND,AUTOGENERADOR,OPERACIÓN,NITRO ENERGY COLOMBIA S.A.S. E.S.P.,2025-01-24,2025,2026-08-03,15.2,NO,213
3Q9K,MINIGRANJA LA PAZ VERSO,CESAR,20621,LA PAZ,Caribe,-73.078475713251,10.244460449569692,0.99,SOLAR,RAD SOLAR,ND,GEN. DISTRIBUIDA,OPERACIÓN,UNERGY ENERGY DIGITAL S.A.S E.S.P,2025-01-17,2025,2026-08-03,0.0,SI,254
3QCI,CONDOR,CUNDINAMARCA,25745,SIMIJACA,Centro,-73.84519351907898,5.5097728944162725,9.9,SOLAR,RAD SOLAR,ND,NORMAL,PRUEBAS,TERMOEMCALI I S.A E.S.P,2024-11-09,2024,2026-08-03,0.0,SI,376
3QK6,AUTOG BIOS CIENAGA ORO,CÓRDOBA,23189,CIÉNAGA DE ORO,Caribe,-75.60778143094583,8.841793847590948,1.1,SOLAR,RAD SOLAR,ND,AUTOGENERADOR,PRUEBAS,EMPRESAS PUBLICAS DE MEDELLIN E.S.P.,2024-11-02,2024,2026-08-03,0.0,NO,323
3QPE,GD BOCAS DEL PALO,VALLE DEL CAUCA,76364,JAMUNDÍ,Pacífico,-76.62762608770964,3.2138734008022607,0.1,SOLAR,RAD SOLAR,ND,GEN. DISTRIBUIDA,OPERACIÓN,CELSIA COLOMBIA S.A. E.S.P.,2024-12-27,2024,2026-08-03,0.0,SI,582
3QQ3,GD FINCA ISABEL LOPEZ,ATLÁNTICO,08638,SABANALARGA,Caribe,-74.95510955662664,10.622505657124778,0.99,SOLAR,RAD SOLAR,ND,GEN. DISTRIBUIDA,OPERACIÓN,GREENYELLOW COMERCIALIZADORA S.A.S. E.S.P.,2024-11-09,2024,2026-08-03,0.0,SI,139
3R9G,GD EL ROBLE,SUCRE,70233,EL ROBLE,Caribe,-75.14535036538611,9.036194276791969,0.996,SOLAR,RAD SOLAR,ND,GEN. DISTRIBUIDA,OPERACIÓN,PROELECTRICA S.A.S E.S.P.,2024-11-24,2024,2026-08-03,0.0,SI,515
3RGX,JUMI,ATLÁNTICO,08296,GALAPA,Caribe,-74.88709153285787,10.897722810082573,9.9,SOLAR,RAD SOLAR,ND,NORMAL,PRUEBAS,VATIA S.A. E.S.P.,2024-12-05,2024,2026-08-03,0.0,SI,122
3RGZ,MINIGRANJA LA PAZ LEYENDA,CESAR,20621,LA PAZ,Caribe,-73.078475713251,10.244460449569692,0.99,SOLAR,RAD SOLAR,ND,GEN. DISTRIBUIDA,OPERACIÓN,UNERGY ENERGY DIGITAL S.A.S E.S.P,2024-12-01,2024,2026-08-03,0.0,SI,255
3RH2,AUTOG HIDROSOLAR I,CASANARE,85001,YOPAL,Oriente,-72.25798324179046,5.242711687577748,4.9,SOLAR,RAD SOLAR,ND,AUTOGENERADOR,OPERACIÓN,ERCO GENERACION S.A.S. ESP,2026-05-28,2026,2026-08-03,0.0,NO,212
3RKN,ECOPARQUE BRISAS,HUILA,41016,AIPE,Centro,-75.27655250183108,3.2433946430352805,4.0,SOLAR,RAD SOLAR,ND,AUTOGENERADOR,INACTIVO,GENERADORA Y COMERCIALIZADORA DE ENERGIA DEL CARIBE S.A. E.S.P.,2024-12-03,2024,2026-08-03,0.0,NO,383
3RKP,AUTOG ENKA 1,ANTIOQUIA,05308,GIRARDOTA,Antioquia,-75.44794124338054,6.3797529997366285,4.0,TERMICA,CARBON,ND,AUTOGENERADOR,INACTIVO,EMPRESAS PUBLICAS DE MEDELLIN E.S.P.,2024-12-14,2024,2026-08-03,0.0,NO,31
4QPJ,SOL DEL MAR II,CÓRDOBA,23068,AYAPEL,Caribe,-75.04871885055339,8.265753746461494,9.9,SOLAR,RAD SOLAR,ND,NORMAL,PRUEBAS,GR POWER COLOMBIA S.A.S E.S.P.,2026-07-20,2026,2026-08-03,0.0,SI,328
4RG6,AUTOG CELSIA SOLAR TQ JAMUNDI,VALLE DEL CAUCA,76364,JAMUNDÍ,Pacífico,-76.62762608770964,3.2138734008022607,1.92,SOLAR,RAD SOLAR,ND,AUTOGENERADOR,PRUEBAS,CELSIA COLOMBIA S.A. E.S.P.,2025-03-05,2025,2026-08-03,0.0,NO,581
4RGG,PARQUE SOLAR BARANOA,ATLÁNTICO,08078,BARANOA,Caribe,-74.92219610114647,10.793290323863562,19.9,SOLAR,RAD SOLAR,ND,NORMAL,OPERACIÓN,FOTOVOLTAICO EL YARUMO SAS ESP,2025-04-29,2025,2026-08-03,0.0,SI,113
4RMR,MINIGRANJA LA PAZ ESMERALDA,CESAR,20621,LA PAZ,Caribe,-73.078475713251,10.244460449569692,0.99,SOLAR,RAD SOLAR,ND,GEN. DISTRIBUIDA,OPERACIÓN,UNERGY ENERGY DIGITAL S.A.S E.S.P,2025-02-25,2025,2026-08-03,0.0,SI,253
4S1G,MINIGRANJA VILLANUEVA,LA GUAJIRA,44874,VILLANUEVA,Caribe,-72.97519308291278,10.583649556176084,0.99,SOLAR,RAD SOLAR,ND,GEN. DISTRIBUIDA,OPERACIÓN,UNERGY ENERGY DIGITAL S.A.S E.S.P,2025-07-24,2025,2026-08-03,0.0,SI,397
4S66,GD DIOCESIS DE RIOHACHA,LA GUAJIRA,44001,RIOHACHA,Caribe,-72.95884811048109,11.24294815602286,0.15,SOLAR,RAD SOLAR,ND,GEN. DISTRIBUIDA,OPERACIÓN,ENERGIA LIMPIA Y EFICIENTE S.A.S ESP,2025-01-24,2025,2026-08-03,0.0,SI,394
4S7E,MINIGRANJA EL SON,CESAR,20001,VALLEDUPAR,Caribe,-73.46096446435115,10.216456883774853,0.99,SOLAR,RAD SOLAR,ND,GEN. DISTRIBUIDA,OPERACIÓN,UNERGY ENERGY DIGITAL S.A.S E.S.P,2025-04-27,2025,2026-08-03,0.0,SI,293
4S7I,SOL Y CIELO II,CÓRDOBA,23001,MONTERÍA,Caribe,-75.95052937682705,8.584659059910113,0.99,SOLAR,RAD SOLAR,ND,GEN. DISTRIBUIDA,OPERACIÓN,ENERGIA Y GAS DE COLOMBIA SAS ESP,2025-03-06,2025,2026-08-03,0.0,SI,340
4S7K,SOL Y CIELO III,CÓRDOBA,23001,MONTERÍA,Caribe,-75.95052937682705,8.584659059910113,0.99,SOLAR,RAD SOLAR,ND,GEN. DISTRIBUIDA,OPERACIÓN,ENERGIA Y GAS DE COLOMBIA SAS ESP,2025-03-06,2025,2026-08-03,0.0,SI,339
4SNT,PCH JULIO BRAVO,NARIÑO,52001,PASTO,Pacífico,-77.20610379310708,1.0836182335278874,2.08,HIDRAULICA,AGUA,ND,NORMAL,INACTIVO,CENTRALES ELECTRICAS DE NARIÑO S.A. E.S.P.,2025-01-31,2025,2026-08-03,1.31,SI,443
4SO2,MINIGRANJA EL MERENGUE,CESAR,20001,VALLEDUPAR,Caribe,-73.46096446435115,10.216456883774853,0.99,SOLAR,RAD SOLAR,ND,GEN. DISTRIBUIDA,OPERACIÓN,UNERGY ENERGY DIGITAL S.A.S E.S.P,2025-04-15,2025,2026-08-03,0.0,SI,296
4SO4,ROKRA,TOLIMA,73671,SALDAÑA,Centro,-75.01860072031324,3.912541226159552,9.9,SOLAR,RAD SOLAR,ND,NORMAL,OPERACIÓN,ERCO GENERACION S.A.S. ESP,2026-06-27,2026,2026-08-03,0.0,SI,537
4SO6,LA MARTINA,CUNDINAMARCA,25530,PARATEBUENO,Centro,-73.24166610924361,4.368161471289548,9.9,SOLAR,RAD SOLAR,ND,NORMAL,PRUEBAS,ERCO GENERACION S.A.S. ESP,2025-10-31,2025,2026-08-03,0.0,SI,357
4SO8,MINIGRANJA LA PUYA,CESAR,20001,VALLEDUPAR,Caribe,-73.46096446435115,10.216456883774853,0.99,SOLAR,RAD SOLAR,ND,GEN. DISTRIBUIDA,OPERACIÓN,UNERGY ENERGY DIGITAL S.A.S E.S.P,2025-04-06,2025,2026-08-03,0.0,SI,292
4SS7,SOL Y CIELO IV,CÓRDOBA,23079,BUENAVISTA,Caribe,-75.43384001116792,8.191387044568936,0.99,SOLAR,RAD SOLAR,ND,GEN. DISTRIBUIDA,OPERACIÓN,ENERGIA Y GAS DE COLOMBIA SAS ESP,2025-03-20,2025,2026-08-03,0.0,SI,327
4T6C,AUTOG LOS POCITOS 1,ATLÁNTICO,08832,TUBARÁ,Caribe,-74.984485956789,10.907056507853962,4.1,TERMICA,BIOGAS,ND,AUTOGENERADOR,OPERACIÓN,BCCY CORDOBA S.A.S. E.S.P.,2025-02-15,2025,2026-08-03,4.39,NO,136
4T6E,AUTOG CORPACERO 1,ATLÁNTICO,08001,BARRANQUILLA,Caribe,-74.82774550660668,10.981524582561143,2.1,TERMICA,GAS,ND,AUTOGENERADOR,OPERACIÓN,PROELECTRICA S.A.S E.S.P.,2025-03-18,2025,2026-08-03,9.2,NO,95
4T9M,GD NAOS II,NARIÑO,52786,TAMINANGO,Pacífico,-77.32523753901599,1.5916601918367703,0.96,SOLAR,RAD SOLAR,ND,GEN. DISTRIBUIDA,OPERACIÓN,BIA ENERGY S.A.S. E.S.P,2025-03-01,2025,2026-08-03,0.0,SI,440
4UK6,PARQUE EOLICO CARRETO,ATLÁNTICO,08372,JUAN DE ACOSTA,Caribe,-75.07842055074188,10.823061226428468,9.1,EOLICA,VIENTO,ND,NORMAL,PRUEBAS,CELSIA COLOMBIA S.A. E.S.P.,2025-06-28,2025,2026-08-03,0.001,SI,121
4ULO,MINIGRANJA LA RESERVA,SANTANDER,68655,SABANA DE TORRES,Oriente,-73.5715473572126,7.403029796330422,0.99,SOLAR,RAD SOLAR,ND,GEN. DISTRIBUIDA,OPERACIÓN,UNERGY ENERGY DIGITAL S.A.S E.S.P,2025-07-03,2025,2026-08-03,0.0,SI,479
4ULS,MINIGRANJA EL OLIMPO,SANTANDER,68418,LOS SANTOS,Oriente,-73.1078522219046,6.812160346915275,0.99,SOLAR,RAD SOLAR,ND,GEN. DISTRIBUIDA,OPERACIÓN,UNERGY ENERGY DIGITAL S.A.S E.S.P,2026-02-25,2026,2026-08-03,0.0,SI,497
4ULY,GD ERCO GUAMO III,TOLIMA,73319,GUAMO,Centro,-74.97657361950692,4.076500729146935,0.99,SOLAR,RAD SOLAR,ND,GEN. DISTRIBUIDA,OPERACIÓN,ERCO GENERACION S.A.S. ESP,2025-03-29,2025,2026-08-03,0.0,SI,571
4UM1,GD ERCO GUAMO IV,TOLIMA,73319,GUAMO,Centro,-74.97657361950692,4.076500729146935,0.99,SOLAR,RAD SOLAR,ND,GEN. DISTRIBUIDA,OPERACIÓN,ERCO GENERACION S.A.S. ESP,2025-03-29,2025,2026-08-03,0.0,SI,572
4UZM,SOLAR PALMASECA I,VALLE DEL CAUCA,76520,PALMIRA,Pacífico,-76.22786086762281,3.558395439731676,13.0,SOLAR,RAD SOLAR,ND,NORMAL,PRUEBAS,CELSIA COLOMBIA S.A. E.S.P.,2025-04-26,2025,2026-08-03,0.0,SI,616
4UZO,SOLAR PALMASECA II,VALLE DEL CAUCA,76520,PALMIRA,Pacífico,-76.22786086762281,3.558395439731676,11.95,SOLAR,RAD SOLAR,ND,NORMAL,PRUEBAS,CELSIA COLOMBIA S.A. E.S.P.,2025-09-08,2025,2026-08-03,0.0,SI,617
4UZS,SOL Y CIELO V,CÓRDOBA,23001,MONTERÍA,Caribe,-75.95052937682705,8.584659059910113,0.99,SOLAR,RAD SOLAR,ND,GEN. DISTRIBUIDA,OPERACIÓN,ENERGIA Y GAS DE COLOMBIA SAS ESP,2025-05-07,2025,2026-08-03,0.0,SI,341
4UZU,GD ERCO GUAMO II,TOLIMA,73319,GUAMO,Centro,-74.97657361950692,4.076500729146935,0.99,SOLAR,RAD SOLAR,ND,GEN. DISTRIBUIDA,OPERACIÓN,ERCO GENERACION S.A.S. ESP,2025-03-29,2025,2026-08-03,0.0,SI,570
4VBC,SOL Y CIELO VI,CÓRDOBA,23001,MONTERÍA,Caribe,-75.95052937682705,8.584659059910113,0.99,SOLAR,RAD SOLAR,ND,GEN. DISTRIBUIDA,OPERACIÓN,ENERGIA Y GAS DE COLOMBIA SAS ESP,2025-05-07,2025,2026-08-03,0.0,SI,338
4VYB,GD ERCO GUAMO I,TOLIMA,73319,GUAMO,Centro,-74.97657361950692,4.076500729146935,0.99,SOLAR,RAD SOLAR,ND,GEN. DISTRIBUIDA,OPERACIÓN,ERCO GENERACION S.A.S. ESP,2025-04-25,2025,2026-08-03,0.0,SI,569
4VYM,AUTOG MOLINOS SANTA MARTA,VALLE DEL CAUCA,76113,BUGALAGRANDE,Pacífico,-76.08961535632501,4.196858156352319,3.3,SOLAR,RAD SOLAR,ND,AUTOGENERADOR,OPERACIÓN,CELSIA COLOMBIA S.A. E.S.P.,2025-12-23,2025,2026-08-03,0.0,NO,606
4WP2,GD NAOS III,NARIÑO,52786,TAMINANGO,Pacífico,-77.32523753901599,1.5916601918367703,0.96,SOLAR,RAD SOLAR,ND,GEN. DISTRIBUIDA,OPERACIÓN,BIA ENERGY S.A.S. E.S.P,2025-05-01,2025,2026-08-03,0.0,SI,437
4WUK,AUTOG COMOLSA,VALLE DEL CAUCA,76113,BUGALAGRANDE,Pacífico,-76.08961535632501,4.196858156352319,3.3,SOLAR,RAD SOLAR,ND,AUTOGENERADOR,OPERACIÓN,CELSIA COLOMBIA S.A. E.S.P.,2025-12-23,2025,2026-08-03,0.0,NO,605
4WUM,AUTOG QBCO,VALLE DEL CAUCA,76113,BUGALAGRANDE,Pacífico,-76.08961535632501,4.196858156352319,3.3,SOLAR,RAD SOLAR,ND,AUTOGENERADOR,OPERACIÓN,CELSIA COLOMBIA S.A. E.S.P.,2025-12-23,2025,2026-08-03,0.0,NO,604
4WWQ,MINIGRANJA IBIRICO,CESAR,20400,LA JAGUA DE IBIRICO,Caribe,-73.32248366565186,9.520993036016883,0.99,SOLAR,RAD SOLAR,ND,GEN. DISTRIBUIDA,OPERACIÓN,UNERGY ENERGY DIGITAL S.A.S E.S.P,2025-07-20,2025,2026-08-03,0.0,SI,264
4WWY,GD SAN MARTIN,META,50689,SAN MARTÍN,Oriente,-72.65678817183543,3.5158817923423245,0.99,SOLAR,RAD SOLAR,ND,GEN. DISTRIBUIDA,OPERACIÓN,ELECTRIFICADORA DEL META S.A. E.S.P.,2025-05-10,2025,2026-08-03,0.0,SI,425
4XOU,MINIGRANJA LA CUMBIA,CESAR,20001,VALLEDUPAR,Caribe,-73.46096446435115,10.216456883774853,0.99,SOLAR,RAD SOLAR,ND,GEN. DISTRIBUIDA,OPERACIÓN,UNERGY ENERGY DIGITAL S.A.S E.S.P,2026-05-06,2026,2026-08-03,0.0,SI,291
4XP3,AUTOG TERMOARAUCA 1,ARAUCA,81736,SARAVENA,Oriente,-71.85071352405885,6.906943255370339,4.9,TERMICA,GAS,ND,AUTOGENERADOR,OPERACIÓN,GENERSA S.A.S. E.S.P.,2025-08-26,2025,2026-08-03,10.765,NO,88
4XQ2,PARQUE SOLAR INTI I,CÓRDOBA,23350,LA APARTADA,Caribe,-75.28816892179032,8.05221449624188,9.9,SOLAR,RAD SOLAR,ND,NORMAL,PRUEBAS,EMPRESA URRA S.A. E.S.P.,2025-07-15,2025,2026-08-03,0.0,SI,330
4XQA,GD SAN MARTIN II,META,50689,SAN MARTÍN,Oriente,-72.65678817183543,3.5158817923423245,0.99,SOLAR,RAD SOLAR,ND,GEN. DISTRIBUIDA,OPERACIÓN,ELECTRIFICADORA DEL META S.A. E.S.P.,2025-05-24,2025,2026-08-03,0.0,SI,427
4XQC,AUTOG GOLOSINAS TRULULU,CALDAS,17001,MANIZALES,Eje Cafetero,-75.50729572535269,5.083438748349718,3.3,HIDRAULICA,AGUA,ND,AUTOGENERADOR,OPERACIÓN,ENERXIA COLOMBIA SAS ESP,2025-12-14,2025,2026-08-03,0.8,SI,191
4XUX,GD PULOY,ATLÁNTICO,08296,GALAPA,Caribe,-74.88709153285787,10.897722810082573,0.99,SOLAR,RAD SOLAR,ND,GEN. DISTRIBUIDA,OPERACIÓN,UNERGY ENERGY DIGITAL S.A.S E.S.P,2025-09-24,2025,2026-08-03,0.0,SI,123
4Y5T,GD SAN MARTIN III,META,50689,SAN MARTÍN,Oriente,-72.65678817183543,3.5158817923423245,0.99,SOLAR,RAD SOLAR,ND,GEN. DISTRIBUIDA,OPERACIÓN,ELECTRIFICADORA DEL META S.A. E.S.P.,2025-06-14,2025,2026-08-03,0.0,SI,426
4YAW,AUTOG PALMERAS DE LA COSTA,CESAR,20238,EL COPEY,Caribe,-73.91284691348685,10.199930964845986,3.2,SOLAR,RAD SOLAR,ND,AUTOGENERADOR,PRUEBAS,VOLTAJE EMPRESARIAL S.A.S. E.S.P.,2025-06-21,2025,2026-08-03,0.0,NO,261
4YCF,SHANGRI LA,TOLIMA,73001,IBAGUÉ,Centro,-75.2526057216586,4.451927493294694,160.0,SOLAR,RAD SOLAR,DC,NORMAL,OPERACIÓN,ISAGEN S.A. E.S.P.,2025-10-22,2025,2026-08-03,0.0,NO,575
4YCN,VILLANUEVA 1,CASANARE,85440,VILLANUEVA,Oriente,-72.82312355342087,4.528295506684822,25.0,TERMICA,BIOMASA,DC,NORMAL,OPERACIÓN,REFOENERGY VILLANUEVA S.A.S E.S.P.,2025-10-01,2025,2026-08-03,11.9149,NO,206
4YKB,SOLAR PN I,BOLÍVAR,13052,ARJONA,Caribe,-75.37142183577825,10.164439440090927,9.9,SOLAR,RAD SOLAR,ND,NORMAL,PRUEBAS,VATIA S.A. E.S.P.,2025-09-05,2025,2026-08-03,0.0,SI,152
4YL2,GD GRANJA LA RUBIELA,CÓRDOBA,23001,MONTERÍA,Caribe,-75.95052937682705,8.584659059910113,0.99,SOLAR,RAD SOLAR,ND,GEN. DISTRIBUIDA,OPERACIÓN,DUCK ENERGY S.A.S. ESP,2025-07-18,2025,2026-08-03,0.0,SI,337
4YL8,PETALO DEL NORTE DE SANTANDER I,NORTE DE SANTANDER,54385,LA ESPERANZA,Oriente,-73.36141423847582,7.695232776976106,19.9,SOLAR,RAD SOLAR,ND,NORMAL,OPERACIÓN,ERCO GENERACION S.A.S. ESP,2026-07-30,2026,2026-08-03,0.0,SI,447
4YLA,GD ALEJANDRIA I,SANTANDER,68655,SABANA DE TORRES,Oriente,-73.5715473572126,7.403029796330422,0.99,SOLAR,RAD SOLAR,ND,GEN. DISTRIBUIDA,OPERACIÓN,PROELECTRICA S.A.S E.S.P.,2025-08-21,2025,2026-08-03,0.0,SI,480
4YLC,GD ALEJANDRIA III,SANTANDER,68655,SABANA DE TORRES,Oriente,-73.5715473572126,7.403029796330422,0.99,SOLAR,RAD SOLAR,ND,GEN. DISTRIBUIDA,OPERACIÓN,PROELECTRICA S.A.S E.S.P.,2025-10-23,2025,2026-08-03,0.0,SI,482
4YLE,GD ALEJANDRIA II,SANTANDER,68655,SABANA DE TORRES,Oriente,-73.5715473572126,7.403029796330422,0.99,SOLAR,RAD SOLAR,ND,GEN. DISTRIBUIDA,OPERACIÓN,PROELECTRICA S.A.S E.S.P.,2025-10-23,2025,2026-08-03,0.0,SI,481
4YLK,DELTA I,NARIÑO,52786,TAMINANGO,Pacífico,-77.32523753901599,1.5916601918367703,0.99,SOLAR,RAD SOLAR,ND,GEN. DISTRIBUIDA,OPERACIÓN,UNERGY ENERGY DIGITAL S.A.S E.S.P,2025-07-12,2025,2026-08-03,0.0,SI,436
4YLM,POLARIS I,CAUCA,19450,MERCADERES,Pacífico,-77.18061737754445,1.7938202194624484,0.99,SOLAR,RAD SOLAR,ND,GEN. DISTRIBUIDA,OPERACIÓN,UNERGY ENERGY DIGITAL S.A.S E.S.P,2025-07-12,2025,2026-08-03,0.0,SI,247
4YLO,SAN ONOFRE,SUCRE,70713,SAN ONOFRE,Caribe,-75.50522786680389,9.814574389240411,0.9,SOLAR,RAD SOLAR,ND,GEN. DISTRIBUIDA,OPERACIÓN,UNERGY ENERGY DIGITAL S.A.S E.S.P,2025-07-12,2025,2026-08-03,0.0,SI,519
4Z8H,ZAMBRANO II,BOLÍVAR,13894,ZAMBRANO,Caribe,-74.88066314753708,9.745141683103633,15.5,SOLAR,RAD SOLAR,ND,NORMAL,PRUEBAS,DEPI ENERGY S.A.S. E.S.P.,2025-09-20,2025,2026-08-03,0.0,SI,172
4Z8L,MINIGRANJA SAN DIEGO SUR,CESAR,20750,SAN DIEGO,Caribe,-73.28805413567513,10.169512856483978,0.99,SOLAR,RAD SOLAR,ND,GEN. DISTRIBUIDA,OPERACIÓN,UNERGY ENERGY DIGITAL S.A.S E.S.P,2025-12-06,2025,2026-08-03,0.0,SI,280
4Z8N,MINIGRANJA EL JOROPO,CESAR,20001,VALLEDUPAR,Caribe,-73.46096446435115,10.216456883774853,0.99,SOLAR,RAD SOLAR,ND,GEN. DISTRIBUIDA,OPERACIÓN,UNERGY ENERGY DIGITAL S.A.S E.S.P,2026-06-19,2026,2026-08-03,0.0,SI,294
4Z8P,MINIGRANJA EL MAPALE,CESAR,20001,VALLEDUPAR,Caribe,-73.46096446435115,10.216456883774853,0.99,SOLAR,RAD SOLAR,ND,GEN. DISTRIBUIDA,OPERACIÓN,UNERGY ENERGY DIGITAL S.A.S E.S.P,2026-06-19,2026,2026-08-03,0.0,SI,290
4Z8T,GD ENCANTO,ATLÁNTICO,08558,POLONUEVO,Caribe,-74.85414968731368,10.767399682900503,0.99,SOLAR,RAD SOLAR,ND,GEN. DISTRIBUIDA,OPERACIÓN,NITRO ENERGY COLOMBIA S.A.S. E.S.P.,2025-09-24,2025,2026-08-03,0.0,SI,145
4Z9Q,SOLAR ARDOBELA I,CAUCA,19698,SANTANDER DE QUILICHAO,Pacífico,-76.49874409423688,2.9844613545513328,9.9,SOLAR,RAD SOLAR,ND,NORMAL,OPERACIÓN,ECOARDOBELA I S.A.S. E.S.P.,2025-12-23,2025,2026-08-03,0.0,SI,226
4Z9S,SOLAR ARDOBELA II,CAUCA,19698,SANTANDER DE QUILICHAO,Pacífico,-76.49874409423688,2.9844613545513328,9.9,SOLAR,RAD SOLAR,ND,NORMAL,OPERACIÓN,ECOARDOBELA I S.A.S. E.S.P.,2025-12-23,2025,2026-08-03,0.0,SI,227
4ZEP,GD ERCO MARIANGOLA,CESAR,20001,VALLEDUPAR,Caribe,-73.46096446435115,10.216456883774853,0.99,SOLAR,RAD SOLAR,ND,GEN. DISTRIBUIDA,OPERACIÓN,ERCO GENERACION S.A.S. ESP,2025-08-12,2025,2026-08-03,0.0,SI,295
4ZIO,GD BLANCA ENERGY I,CESAR,20621,LA PAZ,Caribe,-73.078475713251,10.244460449569692,0.1,SOLAR,RAD SOLAR,ND,GEN. DISTRIBUIDA,OPERACIÓN,COENERGIA S.A.S. E.S.P.,2025-08-16,2025,2026-08-03,0.0,SI,257
4ZIS,GD BLANCA ENERGY II,CESAR,20621,LA PAZ,Caribe,-73.078475713251,10.244460449569692,0.1,SOLAR,RAD SOLAR,ND,GEN. DISTRIBUIDA,OPERACIÓN,COENERGIA S.A.S. E.S.P.,2025-08-16,2025,2026-08-03,0.0,SI,258
5AD4,AUTOG CORONA SOPO,CUNDINAMARCA,25758,SOPÓ,Centro,-73.9658781572521,4.888050411714216,4.825,SOLAR,RAD SOLAR,ND,AUTOGENERADOR,PRUEBAS,ENEL COLOMBIA SA ESP,2025-08-22,2025,2026-08-03,0.0,NO,375
5AUE,GD PXV I,SANTANDER,68081,BARRANCABERMEJA,Oriente,-73.78214388864318,7.054058477215098,0.99,SOLAR,RAD SOLAR,ND,GEN. DISTRIBUIDA,OPERACIÓN,ES INVEST COLOMBIA S.A.S. ESP,2025-10-09,2025,2026-08-03,0.0,SI,492
5AUG,GD PXV IV,SANTANDER,68081,BARRANCABERMEJA,Oriente,-73.78214388864318,7.054058477215098,0.99,SOLAR,RAD SOLAR,ND,GEN. DISTRIBUIDA,OPERACIÓN,ES INVEST COLOMBIA S.A.S. ESP,2025-10-09,2025,2026-08-03,0.0,SI,491
5AUM,GD GRANJA SAN PELAYO,CÓRDOBA,23686,SAN PELAYO,Caribe,-75.90958071859738,8.987794233464697,0.99,SOLAR,RAD SOLAR,ND,GEN. DISTRIBUIDA,OPERACIÓN,DUCK ENERGY S.A.S. ESP,2025-10-16,2025,2026-08-03,0.0,SI,305
5AXC,VALLEDUPAR II,CESAR,20001,VALLEDUPAR,Caribe,-73.46096446435115,10.216456883774853,19.9,SOLAR,RAD SOLAR,ND,NORMAL,PRUEBAS,CELSIA COLOMBIA S.A. E.S.P.,2026-01-25,2026,2026-08-03,0.0,SI,286
5AXE,VALLEDUPAR I,CESAR,20001,VALLEDUPAR,Caribe,-73.46096446435115,10.216456883774853,19.9,SOLAR,RAD SOLAR,ND,NORMAL,PRUEBAS,CELSIA COLOMBIA S.A. E.S.P.,2025-12-08,2025,2026-08-03,0.0,SI,285
5AXG,VALLEDUPAR III,CESAR,20001,VALLEDUPAR,Caribe,-73.46096446435115,10.216456883774853,19.9,SOLAR,RAD SOLAR,ND,NORMAL,PRUEBAS,CELSIA COLOMBIA S.A. E.S.P.,2026-03-15,2026,2026-08-03,0.0,SI,287
5AXI,GD PARQUE SOLAR GRANADA I,META,50313,GRANADA,Oriente,-73.76109098208737,3.4410026873768618,0.99,SOLAR,RAD SOLAR,ND,GEN. DISTRIBUIDA,OPERACIÓN,ELECTRIFICADORA DEL META S.A. E.S.P.,2025-09-13,2025,2026-08-03,0.0,SI,416
5B15,GD MGS 0013 LA MESA,SANTANDER,68418,LOS SANTOS,Oriente,-73.1078522219046,6.812160346915275,0.99,SOLAR,RAD SOLAR,ND,GEN. DISTRIBUIDA,OPERACIÓN,UNERGY ENERGY DIGITAL S.A.S E.S.P,2026-02-25,2026,2026-08-03,0.0,SI,496
5BPT,GD DELTA II,NARIÑO,52786,TAMINANGO,Pacífico,-77.32523753901599,1.5916601918367703,0.99,SOLAR,RAD SOLAR,ND,GEN. DISTRIBUIDA,OPERACIÓN,BIA ENERGY S.A.S. E.S.P,2025-09-20,2025,2026-08-03,0.0,SI,438
5BPX,GD AGUSTIN I,NORTE DE SANTANDER,54001,SAN JOSÉ DE CÚCUTA,Oriente,-72.4886522050001,8.111911101392629,0.99,SOLAR,RAD SOLAR,ND,GEN. DISTRIBUIDA,OPERACIÓN,UNERGY ENERGY DIGITAL S.A.S E.S.P,2026-01-23,2026,2026-08-03,0.0,SI,450
5BQA,GD POLARIS II,CAUCA,19450,MERCADERES,Pacífico,-77.18061737754445,1.7938202194624484,0.99,SOLAR,RAD SOLAR,ND,GEN. DISTRIBUIDA,OPERACIÓN,UNERGY ENERGY DIGITAL S.A.S E.S.P,2025-09-20,2025,2026-08-03,0.0,SI,246
5DW3,GD YURBAQUA,BOLÍVAR,13836,TURBACO,Caribe,-75.37971906688942,10.35293580292551,0.9,SOLAR,RAD SOLAR,ND,GEN. DISTRIBUIDA,OPERACIÓN,UNERGY ENERGY DIGITAL S.A.S E.S.P,2025-12-21,2025,2026-08-03,0.0,SI,173
5DW8,GD SEMILLA DE GUACAMAYAL II,MAGDALENA,47980,ZONA BANANERA,Caribe,-74.17798194509768,10.796331405554511,0.96,SOLAR,RAD SOLAR,ND,GEN. DISTRIBUIDA,OPERACIÓN,GREENYELLOW COMERCIALIZADORA S.A.S. E.S.P.,2025-10-11,2025,2026-08-03,0.0,SI,404
5DWA,CELSIA SOLAR ESCOBAL IV,TOLIMA,73001,IBAGUÉ,Centro,-75.2526057216586,4.451927493294694,19.9,SOLAR,RAD SOLAR,ND,NORMAL,PRUEBAS,CELSIA COLOMBIA S.A. E.S.P.,2025-12-24,2025,2026-08-03,0.0,SI,579
5E3F,MINIGRANJA VALENCIA ORIENTE II,CESAR,20001,VALLEDUPAR,Caribe,-73.46096446435115,10.216456883774853,0.99,SOLAR,RAD SOLAR,ND,GEN. DISTRIBUIDA,OPERACIÓN,UNERGY ENERGY DIGITAL S.A.S E.S.P,2026-02-23,2026,2026-08-03,0.0,SI,289
5E3J,MINIGRANJA EL COPEY OCCIDENTE,CESAR,20238,EL COPEY,Caribe,-73.91284691348685,10.199930964845986,0.99,SOLAR,RAD SOLAR,ND,GEN. DISTRIBUIDA,PRUEBAS,UNERGY ENERGY DIGITAL S.A.S E.S.P,2026-01-24,2026,2026-08-03,0.0,SI,260
5E3N,CELSIA SOLAR ESCOBAL V,TOLIMA,73001,IBAGUÉ,Centro,-75.2526057216586,4.451927493294694,19.9,SOLAR,RAD SOLAR,ND,NORMAL,PRUEBAS,CELSIA COLOMBIA S.A. E.S.P.,2025-12-24,2025,2026-08-03,0.0,SI,580
5E69,TERMOSARAVENA 1,ARAUCA,81736,SARAVENA,Oriente,-71.85071352405885,6.906943255370339,4.9,TERMICA,GAS,ND,AUTOGENERADOR,PRUEBAS,GENERSA S.A.S. E.S.P.,2025-10-17,2025,2026-08-03,10.765,SI,87
5E6T,SOL Y CIELO VII,CÓRDOBA,23807,TIERRALTA,Caribe,-76.16860433354293,7.813718028791414,0.99,SOLAR,RAD SOLAR,ND,GEN. DISTRIBUIDA,OPERACIÓN,UNERGY ENERGY DIGITAL S.A.S E.S.P,2026-01-01,2026,2026-08-03,0.0,SI,306
5EER,CELSIA SOLAR ESCOBAL III,TOLIMA,73001,IBAGUÉ,Centro,-75.2526057216586,4.451927493294694,19.9,SOLAR,RAD SOLAR,ND,NORMAL,PRUEBAS,CELSIA COLOMBIA S.A. E.S.P.,2026-03-02,2026,2026-08-03,0.0,SI,578
5EES,CELSIA SOLAR ESCOBAL II,TOLIMA,73001,IBAGUÉ,Centro,-75.2526057216586,4.451927493294694,19.9,SOLAR,RAD SOLAR,ND,NORMAL,PRUEBAS,CELSIA COLOMBIA S.A. E.S.P.,2026-02-08,2026,2026-08-03,0.0,SI,577
5F3P,GD WE202,LA GUAJIRA,44090,DIBULLA,Caribe,-73.43572377678287,11.090322650319312,0.99,SOLAR,RAD SOLAR,ND,GEN. DISTRIBUIDA,OPERACIÓN,CEE ENERGY SAS ESP,2025-11-08,2025,2026-08-03,0.0,SI,392
5F3Q,GD WE2021,LA GUAJIRA,44090,DIBULLA,Caribe,-73.43572377678287,11.090322650319312,0.99,SOLAR,RAD SOLAR,ND,GEN. DISTRIBUIDA,OPERACIÓN,CEE ENERGY SAS ESP,2025-11-08,2025,2026-08-03,0.0,SI,393
5F3X,GD CARACOL III,ATLÁNTICO,08758,SOLEDAD,Caribe,-74.77842616214787,10.90690738365588,0.99,SOLAR,RAD SOLAR,ND,GEN. DISTRIBUIDA,OPERACIÓN,OTACC GENERACION S.A.S. E.S.P.,2025-11-10,2025,2026-08-03,0.0,SI,131
5F3Y,GD CARACOL II,ATLÁNTICO,08758,SOLEDAD,Caribe,-74.77842616214787,10.90690738365588,0.99,SOLAR,RAD SOLAR,ND,GEN. DISTRIBUIDA,OPERACIÓN,OTACC GENERACION S.A.S. E.S.P.,2025-11-10,2025,2026-08-03,0.0,SI,130
5F3Z,GD CADILLO II,ATLÁNTICO,08758,SOLEDAD,Caribe,-74.77842616214787,10.90690738365588,0.99,SOLAR,RAD SOLAR,ND,GEN. DISTRIBUIDA,OPERACIÓN,OTACC GENERACION S.A.S. E.S.P.,2025-11-10,2025,2026-08-03,0.0,SI,128
5F41,GD CARACOL I,ATLÁNTICO,08758,SOLEDAD,Caribe,-74.77842616214787,10.90690738365588,0.99,SOLAR,RAD SOLAR,ND,GEN. DISTRIBUIDA,OPERACIÓN,OTACC GENERACION S.A.S. E.S.P.,2025-11-10,2025,2026-08-03,0.0,SI,129
5F42,GD LAS MERCEDES I,MAGDALENA,47030,ALGARROBO,Caribe,-74.10323028302027,10.253554744761601,0.99,SOLAR,RAD SOLAR,ND,GEN. DISTRIBUIDA,OPERACIÓN,FUENTES DE ENERGIAS RENOVABLES S.A.S. E.S.P.,2026-01-01,2026,2026-08-03,0.0,SI,410
5F43,ALMA II,ARAUCA,81001,ARAUCA,Oriente,-70.5089334082614,6.796317563248927,9.8,SOLAR,RAD SOLAR,ND,NORMAL,OPERACIÓN,DEPI ENERGY S.A.S. E.S.P.,2025-12-22,2025,2026-08-03,0.0,SI,93
5F46,EL TAMARINDO I,BOLÍVAR,13430,MAGANGUÉ,Caribe,-74.82794219926623,9.244465025071884,9.9,SOLAR,RAD SOLAR,ND,NORMAL,PRUEBAS,EL TAMARINDO SOLAR S.A.S. E.S.P.,2026-01-23,2026,2026-08-03,0.0,SI,164
5F47,EL TAMARINDO II,BOLÍVAR,13430,MAGANGUÉ,Caribe,-74.82794219926623,9.244465025071884,9.9,SOLAR,RAD SOLAR,ND,NORMAL,PRUEBAS,EL TAMARINDO SOLAR S.A.S. E.S.P.,2026-01-23,2026,2026-08-03,0.0,SI,165
5F49,AUTOG CARVAJAL GINEBRA,VALLE DEL CAUCA,76306,GINEBRA,Pacífico,-76.19083210870257,3.7441031755635144,3.4,SOLAR,RAD SOLAR,ND,AUTOGENERADOR,PRUEBAS,ENEL COLOMBIA SA ESP,2025-11-14,2025,2026-08-03,0.0,SI,586
5F6V,GD ESPERANZA II,HUILA,41524,PALERMO,Centro,-75.44066806617866,2.9144915020147724,0.96,SOLAR,RAD SOLAR,ND,GEN. DISTRIBUIDA,OPERACIÓN,NEXTGY S.A.S. E.S.P.,2026-02-06,2026,2026-08-03,0.0,SI,381
5F6W,GD ESPERANZA I,HUILA,41615,RIVERA,Centro,-75.23542057217867,2.792812123984558,0.96,SOLAR,RAD SOLAR,ND,GEN. DISTRIBUIDA,OPERACIÓN,NEXTGY S.A.S. E.S.P.,2026-02-06,2026,2026-08-03,0.0,SI,378
5F6Z,GD LAS MERCEDES II,MAGDALENA,47030,ALGARROBO,Caribe,-74.10323028302027,10.253554744761601,0.99,SOLAR,RAD SOLAR,ND,GEN. DISTRIBUIDA,OPERACIÓN,FUENTES DE ENERGIAS RENOVABLES S.A.S. E.S.P.,2026-01-01,2026,2026-08-03,0.0,SI,411
5F71,PCH LA NOQUE,ANTIOQUIA,05042,SANTA FÉ DE ANTIOQUIA,Antioquia,-75.90427261197588,6.535703780959428,9.9,HIDRAULICA,AGUA,ND,NORMAL,OPERACIÓN,NITRO ENERGY COLOMBIA S.A.S. E.S.P.,2026-07-26,2026,2026-08-03,1.747,SI,75
5F74,GD SAN PELAYO,CÓRDOBA,23686,SAN PELAYO,Caribe,-75.90958071859738,8.987794233464697,0.99,SOLAR,RAD SOLAR,ND,GEN. DISTRIBUIDA,OPERACIÓN,UNERGY ENERGY DIGITAL S.A.S E.S.P,2026-04-10,2026,2026-08-03,0.0,SI,304
5FPK,GD BIOSOLAR,NORTE DE SANTANDER,54673,SAN CAYETANO,Oriente,-72.6098482097734,7.847790343843861,0.5,SOLAR,RAD SOLAR,ND,GEN. DISTRIBUIDA,OPERACIÓN,UNERGY ENERGY DIGITAL S.A.S E.S.P,2026-03-19,2026,2026-08-03,0.0,SI,458
5FPL,GRANJA SOLAR LA GARITA,NORTE DE SANTANDER,54673,SAN CAYETANO,Oriente,-72.6098482097734,7.847790343843861,0.99,SOLAR,RAD SOLAR,ND,GEN. DISTRIBUIDA,OPERACIÓN,UNERGY ENERGY DIGITAL S.A.S E.S.P,2026-03-18,2026,2026-08-03,0.0,SI,455
5FPM,GD ASTROLUMEN LA GARITA,NORTE DE SANTANDER,54405,LOS PATIOS,Oriente,-72.53397090981127,7.6996597427152045,0.99,SOLAR,RAD SOLAR,ND,GEN. DISTRIBUIDA,OPERACIÓN,UNERGY ENERGY DIGITAL S.A.S E.S.P,2026-03-18,2026,2026-08-03,0.0,SI,449
5FPV,GD ERCO PALMAS,CESAR,20787,TAMALAMEQUE,Caribe,-73.76338373446022,8.902068994332152,0.99,SOLAR,RAD SOLAR,ND,GEN. DISTRIBUIDA,OPERACIÓN,ERCO GENERACION S.A.S. ESP,2025-11-24,2025,2026-08-03,0.0,SI,302
5G3O,CELSIA SOLAR ESCOBAL I,TOLIMA,73001,IBAGUÉ,Centro,-75.2526057216586,4.451927493294694,19.9,SOLAR,RAD SOLAR,ND,NORMAL,PRUEBAS,CELSIA COLOMBIA S.A. E.S.P.,2025-12-24,2025,2026-08-03,0.0,SI,576
5G3S,PARQUE SOLAR BUGAMBILES,ATLÁNTICO,08078,BARANOA,Caribe,-74.92219610114647,10.793290323863562,9.9,SOLAR,RAD SOLAR,ND,NORMAL,OPERACIÓN,FOTOVOLTAICO EL YARUMO SAS ESP,2026-03-05,2026,2026-08-03,0.0,SI,112
5G3T,PARQUE SOLAR NISPEROS,ATLÁNTICO,08078,BARANOA,Caribe,-74.92219610114647,10.793290323863562,19.9,SOLAR,RAD SOLAR,ND,NORMAL,OPERACIÓN,FOTOVOLTAICO EL YARUMO SAS ESP,2026-04-09,2026,2026-08-03,0.0,SI,111
5G3U,SOL DE ZAWADY,MAGDALENA,47980,ZONA BANANERA,Caribe,-74.17798194509768,10.796331405554511,9.9,SOLAR,RAD SOLAR,ND,NORMAL,OPERACIÓN,GR POWER COLOMBIA S.A.S E.S.P.,2026-07-10,2026,2026-08-03,0.0,SI,403
5GF5,GD BLANCA ENERGY SOLAR 24,CESAR,20001,VALLEDUPAR,Caribe,-73.46096446435115,10.216456883774853,0.1,SOLAR,RAD SOLAR,ND,GEN. DISTRIBUIDA,OPERACIÓN,COENERGIA S.A.S. E.S.P.,2025-12-08,2025,2026-08-03,0.0,SI,300
5GF6,GD BLANCA ENERGY SOLAR 23,CESAR,20001,VALLEDUPAR,Caribe,-73.46096446435115,10.216456883774853,0.1,SOLAR,RAD SOLAR,ND,GEN. DISTRIBUIDA,OPERACIÓN,COENERGIA S.A.S. E.S.P.,2025-12-08,2025,2026-08-03,0.0,SI,299
5GFB,GD JARDINCITO,CESAR,20001,VALLEDUPAR,Caribe,-73.46096446435115,10.216456883774853,0.99,SOLAR,RAD SOLAR,ND,GEN. DISTRIBUIDA,OPERACIÓN,GREENYELLOW COMERCIALIZADORA S.A.S. E.S.P.,2025-12-06,2025,2026-08-03,0.0,SI,298
5H1F,MINIGRANJA VALENCIA ORIENTE I,CESAR,20001,VALLEDUPAR,Caribe,-73.46096446435115,10.216456883774853,0.99,SOLAR,RAD SOLAR,ND,GEN. DISTRIBUIDA,OPERACIÓN,UNERGY ENERGY DIGITAL S.A.S E.S.P,2026-02-12,2026,2026-08-03,0.0,SI,288
5H1M,GD LA CACICA,CESAR,20001,VALLEDUPAR,Caribe,-73.46096446435115,10.216456883774853,0.99,SOLAR,RAD SOLAR,ND,GEN. DISTRIBUIDA,OPERACIÓN,UNERGY ENERGY DIGITAL S.A.S E.S.P,2026-05-22,2026,2026-08-03,0.0,SI,301
5H1N,GD LAS PILONERAS,CESAR,20001,VALLEDUPAR,Caribe,-73.46096446435115,10.216456883774853,0.99,SOLAR,RAD SOLAR,ND,GEN. DISTRIBUIDA,OPERACIÓN,UNERGY ENERGY DIGITAL S.A.S E.S.P,2026-05-22,2026,2026-08-03,0.0,SI,297
5H1O,GD YUAN SOLAR,META,50110,BARRANCA DE UPÍA,Oriente,-72.99548375678266,4.51907212683085,0.99,SOLAR,RAD SOLAR,ND,GEN. DISTRIBUIDA,OPERACIÓN,UNERGY ENERGY DIGITAL S.A.S E.S.P,2025-12-15,2025,2026-08-03,0.0,SI,417
5H1R,GD LA CATEDRAL,BOLÍVAR,13647,SAN ESTANISLAO,Caribe,-75.20523843863491,10.364677519552943,0.99,SOLAR,RAD SOLAR,ND,GEN. DISTRIBUIDA,OPERACIÓN,UNERGY ENERGY DIGITAL S.A.S E.S.P,2026-01-30,2026,2026-08-03,0.0,SI,168
5IKR,GD LYRA,CAUCA,19450,MERCADERES,Pacífico,-77.18061737754445,1.7938202194624484,0.99,SOLAR,RAD SOLAR,ND,GEN. DISTRIBUIDA,OPERACIÓN,BIA ENERGY S.A.S. E.S.P,2026-05-06,2026,2026-08-03,0.0,SI,248
5IKT,GD SEMILLAS MONTERIA I,CÓRDOBA,23001,MONTERÍA,Caribe,-75.95052937682705,8.584659059910113,0.99,SOLAR,RAD SOLAR,ND,GEN. DISTRIBUIDA,OPERACIÓN,SUNCOLOMBIA GENERACIÓN S.A.S E.S.P,2026-01-11,2026,2026-08-03,0.0,SI,331
5IKU,GD SEMILLAS MONTERIA II,CÓRDOBA,23001,MONTERÍA,Caribe,-75.95052937682705,8.584659059910113,0.99,SOLAR,RAD SOLAR,ND,GEN. DISTRIBUIDA,OPERACIÓN,SUNCOLOMBIA GENERACIÓN S.A.S E.S.P,2026-01-11,2026,2026-08-03,0.0,SI,332
5IM7,GD ORBIS,CAUCA,19450,MERCADERES,Pacífico,-77.18061737754445,1.7938202194624484,0.99,SOLAR,RAD SOLAR,ND,GEN. DISTRIBUIDA,OPERACIÓN,BIA ENERGY S.A.S. E.S.P,2026-05-06,2026,2026-08-03,0.0,SI,249
5IME,PARQUE SOLAR SABANA,CESAR,20178,CHIRIGUANÁ,Caribe,-73.54798201163547,9.426660756061144,9.9,SOLAR,RAD SOLAR,ND,NORMAL,PRUEBAS,ATLÁNTICA COLOMBIA S.A.S. E.S.P.,2026-03-26,2026,2026-08-03,0.0,SI,268
5ISK,GD PALMERAS I,ATLÁNTICO,08758,SOLEDAD,Caribe,-74.77842616214787,10.90690738365588,0.99,SOLAR,RAD SOLAR,ND,GEN. DISTRIBUIDA,OPERACIÓN,OTACC GENERACION S.A.S. E.S.P.,2026-01-05,2026,2026-08-03,0.0,SI,132
5ISL,GD PALMERAS III,ATLÁNTICO,08758,SOLEDAD,Caribe,-74.77842616214787,10.90690738365588,0.99,SOLAR,RAD SOLAR,ND,GEN. DISTRIBUIDA,OPERACIÓN,OTACC GENERACION S.A.S. E.S.P.,2026-01-05,2026,2026-08-03,0.0,SI,134
5ISM,GD PALMERAS IV,ATLÁNTICO,08758,SOLEDAD,Caribe,-74.77842616214787,10.90690738365588,0.99,SOLAR,RAD SOLAR,ND,GEN. DISTRIBUIDA,OPERACIÓN,OTACC GENERACION S.A.S. E.S.P.,2026-01-05,2026,2026-08-03,0.0,SI,135
5ISN,GD CSF ARENALES I,ANTIOQUIA,05101,CIUDAD BOLÍVAR,Antioquia,-76.0093780890909,5.840843569541615,0.99,SOLAR,RAD SOLAR,ND,GEN. DISTRIBUIDA,OPERACIÓN,GENERADORA CANTAYÚS S.A.S E.S.P,2026-03-19,2026,2026-08-03,0.0,SI,18
5ISO,GD PALMERAS II,ATLÁNTICO,08758,SOLEDAD,Caribe,-74.77842616214787,10.90690738365588,0.99,SOLAR,RAD SOLAR,ND,GEN. DISTRIBUIDA,OPERACIÓN,OTACC GENERACION S.A.S. E.S.P.,2026-01-05,2026,2026-08-03,0.0,SI,133
5ISR,GD LA MACANA,QUINDIO,63001,ARMENIA,Eje Cafetero,-75.72489253188779,4.499513704450664,0.99,SOLAR,RAD SOLAR,ND,GEN. DISTRIBUIDA,OPERACIÓN,SUNO S.A.S. ESP,2026-01-15,2026,2026-08-03,0.0,SI,467
5ISS,GD PARQUE SOLAR GRANADA II,META,50313,GRANADA,Oriente,-73.76109098208737,3.4410026873768618,0.99,SOLAR,RAD SOLAR,ND,GEN. DISTRIBUIDA,OPERACIÓN,ELECTRIFICADORA DEL META S.A. E.S.P.,2026-01-04,2026,2026-08-03,0.0,SI,415
5ISX,PLANTA SOLAR SAN FRANCISCO,CALDAS,17524,PALESTINA,Eje Cafetero,-75.66177303311336,5.05034935370412,4.9,SOLAR,RAD SOLAR,ND,NORMAL,OPERACIÓN,EMPRESAS PUBLICAS DE MEDELLIN E.S.P.,2026-07-26,2026,2026-08-03,0.0,SI,200
5ISY,GD BLANCA ENERGY III,CESAR,20001,VALLEDUPAR,Caribe,-73.46096446435115,10.216456883774853,0.99,SOLAR,RAD SOLAR,ND,GEN. DISTRIBUIDA,OPERACIÓN,DUCK ENERGY S.A.S. ESP,2026-02-07,2026,2026-08-03,0.0,SI,284
5IT1,GD ALAMO SOLAR,ANTIOQUIA,05615,RIONEGRO,Antioquia,-75.41076171261174,6.150795092971707,0.99,SOLAR,RAD SOLAR,ND,GEN. DISTRIBUIDA,OPERACIÓN,ERCO GENERACION S.A.S. ESP,2026-01-29,2026,2026-08-03,0.0,SI,56
5IT2,GD SEMILLA DEL PASO IA,CESAR,20250,EL PASO,Caribe,-73.7382619683179,9.683721170835586,0.99,SOLAR,RAD SOLAR,ND,GEN. DISTRIBUIDA,OPERACIÓN,ERCO GENERACION S.A.S. ESP,2026-01-08,2026,2026-08-03,0.0,SI,271
5IT3,GD SEMILLA DEL PASO III,CESAR,20250,EL PASO,Caribe,-73.7382619683179,9.683721170835586,0.99,SOLAR,RAD SOLAR,ND,GEN. DISTRIBUIDA,OPERACIÓN,ERCO GENERACION S.A.S. ESP,2026-01-08,2026,2026-08-03,0.0,SI,272
5IVZ,GD CORALITO,SUCRE,70215,COROZAL,Caribe,-75.23880115686353,9.16060259796556,0.99,SOLAR,RAD SOLAR,ND,GEN. DISTRIBUIDA,OPERACIÓN,SUNCOLOMBIA GENERACIÓN S.A.S E.S.P,2026-01-17,2026,2026-08-03,0.0,SI,513
5IW1,GD EMPERATRIZ I,CÓRDOBA,23001,MONTERÍA,Caribe,-75.95052937682705,8.584659059910113,0.96,SOLAR,RAD SOLAR,ND,GEN. DISTRIBUIDA,OPERACIÓN,SUNCOLOMBIA GENERACIÓN S.A.S E.S.P,2026-02-18,2026,2026-08-03,0.0,SI,333
5J8H,GRANJA SOLAR ASTURIAS,CESAR,20250,EL PASO,Caribe,-73.7382619683179,9.683721170835586,9.9,SOLAR,RAD SOLAR,ND,NORMAL,PRUEBAS,GR POWER COLOMBIA S.A.S E.S.P.,2026-06-15,2026,2026-08-03,0.0,SI,269
5J8I,GD GOLONDRINA,SUCRE,70215,COROZAL,Caribe,-75.23880115686353,9.16060259796556,0.99,SOLAR,RAD SOLAR,ND,GEN. DISTRIBUIDA,OPERACIÓN,SUNCOLOMBIA GENERACIÓN S.A.S E.S.P,2026-01-17,2026,2026-08-03,0.0,SI,514
5J8J,GD EMPERATRIZ II,CÓRDOBA,23001,MONTERÍA,Caribe,-75.95052937682705,8.584659059910113,0.96,SOLAR,RAD SOLAR,ND,GEN. DISTRIBUIDA,OPERACIÓN,SUNCOLOMBIA GENERACIÓN S.A.S E.S.P,2026-02-18,2026,2026-08-03,0.0,SI,334
5J8K,PARQUE SOLAR HATO GRANDE,CUNDINAMARCA,25183,CHOCONTÁ,Centro,-73.68067750463969,5.118446689682417,9.4,SOLAR,RAD SOLAR,ND,NORMAL,PRUEBAS,GREENYELLOW COMERCIALIZADORA S.A.S. E.S.P.,2026-03-24,2026,2026-08-03,0.0,SI,353
5JDL,PARQUE SOLAR EL JARDIN,CESAR,20001,VALLEDUPAR,Caribe,-73.46096446435115,10.216456883774853,9.0,SOLAR,RAD SOLAR,ND,NORMAL,PRUEBAS,GREENYELLOW COMERCIALIZADORA S.A.S. E.S.P.,2026-03-16,2026,2026-08-03,0.0,SI,283
5JG6,GD SOLYCIELO 9,CÓRDOBA,23189,CIÉNAGA DE ORO,Caribe,-75.60778143094583,8.841793847590948,0.99,SOLAR,RAD SOLAR,ND,GEN. DISTRIBUIDA,OPERACIÓN,UNERGY ENERGY DIGITAL S.A.S E.S.P,2026-02-19,2026,2026-08-03,0.0,SI,322
5JGE,GD ERCO LAS PIEDRAS II,SUCRE,70670,SAMPUÉS,Caribe,-75.36027027089045,9.165182859935902,0.99,SOLAR,RAD SOLAR,ND,GEN. DISTRIBUIDA,OPERACIÓN,ERCO GENERACION S.A.S. ESP,2026-01-30,2026,2026-08-03,0.0,SI,518
5JJA,GD CHIRIGUANA NORTE I,CESAR,20178,CHIRIGUANÁ,Caribe,-73.54798201163547,9.426660756061144,0.99,SOLAR,RAD SOLAR,ND,GEN. DISTRIBUIDA,OPERACIÓN,COX ENERGY COMERCIALIZADORA SAS ESP,2026-06-22,2026,2026-08-03,0.0,SI,267
5JJC,GD ERCO LAS PIEDRAS I,SUCRE,70670,SAMPUÉS,Caribe,-75.36027027089045,9.165182859935902,0.99,SOLAR,RAD SOLAR,ND,GEN. DISTRIBUIDA,OPERACIÓN,ERCO GENERACION S.A.S. ESP,2026-02-18,2026,2026-08-03,0.0,SI,517
5JQL,GD POLARIS III,CAUCA,19450,MERCADERES,Pacífico,-77.18061737754445,1.7938202194624484,0.99,SOLAR,RAD SOLAR,ND,GEN. DISTRIBUIDA,OPERACIÓN,BIA ENERGY S.A.S. E.S.P,2026-02-05,2026,2026-08-03,0.0,SI,245
5JRO,GD EDEQ SOLAR LA TEBAIDA,QUINDIO,63401,LA TEBAIDA,Eje Cafetero,-75.81916520366627,4.4268863344425196,0.12,SOLAR,RAD SOLAR,ND,GEN. DISTRIBUIDA,OPERACIÓN,EMPRESA DE ENERGIA DEL QUINDIO S.A. E.S.P.,2026-02-09,2026,2026-08-03,0.0,SI,466
5JRP,GD EDEQ SOLAR MONTENEGRO,QUINDIO,63470,MONTENEGRO,Eje Cafetero,-75.81808126568117,4.521886076704574,0.105,SOLAR,RAD SOLAR,ND,GEN. DISTRIBUIDA,OPERACIÓN,EMPRESA DE ENERGIA DEL QUINDIO S.A. E.S.P.,2026-02-09,2026,2026-08-03,0.0,SI,465
5K7H,GD PEGASUS SOLAR,SUCRE,70215,COROZAL,Caribe,-75.23880115686353,9.16060259796556,0.999,SOLAR,RAD SOLAR,ND,GEN. DISTRIBUIDA,OPERACIÓN,GREENYELLOW COMERCIALIZADORA S.A.S. E.S.P.,2026-03-02,2026,2026-08-03,0.0,SI,511
5K7I,GD PARQUE SOLAR LA ESPERANZA,META,50313,GRANADA,Oriente,-73.76109098208737,3.4410026873768618,0.99,SOLAR,RAD SOLAR,ND,GEN. DISTRIBUIDA,OPERACIÓN,ELECTRIFICADORA DEL META S.A. E.S.P.,2026-02-19,2026,2026-08-03,0.0,SI,413
5K7N,GD SEMILLA DE EL PASO IVA,CESAR,20250,EL PASO,Caribe,-73.7382619683179,9.683721170835586,0.99,SOLAR,RAD SOLAR,ND,GEN. DISTRIBUIDA,OPERACIÓN,ERCO GENERACION S.A.S. ESP,2026-02-19,2026,2026-08-03,0.0,SI,275
5K7O,GD SEMILLA DE EL PASO IIIA,CESAR,20250,EL PASO,Caribe,-73.7382619683179,9.683721170835586,0.99,SOLAR,RAD SOLAR,ND,GEN. DISTRIBUIDA,OPERACIÓN,ERCO GENERACION S.A.S. ESP,2026-02-19,2026,2026-08-03,0.0,SI,274
5L9T,GD PARQUE SOLAR TRONCAL,META,50313,GRANADA,Oriente,-73.76109098208737,3.4410026873768618,0.99,SOLAR,RAD SOLAR,ND,GEN. DISTRIBUIDA,OPERACIÓN,ELECTRIFICADORA DEL META S.A. E.S.P.,2026-02-21,2026,2026-08-03,0.0,SI,414
5LAA,GD SEVILLANO RURAL II,MAGDALENA,47980,ZONA BANANERA,Caribe,-74.17798194509768,10.796331405554511,0.99,SOLAR,RAD SOLAR,ND,GEN. DISTRIBUIDA,OPERACIÓN,GREENYELLOW COMERCIALIZADORA S.A.S. E.S.P.,2026-02-26,2026,2026-08-03,0.0,SI,406
5LON,GD MEISSA II,CÓRDOBA,23555,PLANETA RICA,Caribe,-75.68911038737392,8.181193052658834,0.96,SOLAR,RAD SOLAR,ND,GEN. DISTRIBUIDA,OPERACIÓN,GREENYELLOW COMERCIALIZADORA S.A.S. E.S.P.,2026-03-19,2026,2026-08-03,0.0,SI,319
5LOO,GD SEVILLANO RURAL I,MAGDALENA,47980,ZONA BANANERA,Caribe,-74.17798194509768,10.796331405554511,0.99,SOLAR,RAD SOLAR,ND,GEN. DISTRIBUIDA,OPERACIÓN,GREENYELLOW COMERCIALIZADORA S.A.S. E.S.P.,2026-03-02,2026,2026-08-03,0.0,SI,405
5LSN,GD CHIRIGUANA NORTE II,CESAR,20178,CHIRIGUANÁ,Caribe,-73.54798201163547,9.426660756061144,0.99,SOLAR,RAD SOLAR,ND,GEN. DISTRIBUIDA,OPERACIÓN,UNERGY ENERGY DIGITAL S.A.S E.S.P,2026-05-22,2026,2026-08-03,0.0,SI,265
5LSO,GD CHIRIGUANA NORTE IV,CESAR,20178,CHIRIGUANÁ,Caribe,-73.54798201163547,9.426660756061144,0.99,SOLAR,RAD SOLAR,ND,GEN. DISTRIBUIDA,OPERACIÓN,UNERGY ENERGY DIGITAL S.A.S E.S.P,2026-05-22,2026,2026-08-03,0.0,SI,266
5LT6,PLANTA FV DONA JUANA,CALDAS,17380,LA DORADA,Eje Cafetero,-74.72047678624584,5.410655327766446,4.3,SOLAR,RAD SOLAR,ND,NORMAL,OPERACIÓN,EMPRESAS PUBLICAS DE MEDELLIN E.S.P.,2026-07-02,2026,2026-08-03,0.0,SI,193
5LTA,GD ERCO GOLONDRINA I,SUCRE,70708,SAN MARCOS,Caribe,-75.17250267808815,8.589218973474024,0.99,SOLAR,RAD SOLAR,ND,GEN. DISTRIBUIDA,PRUEBAS,ERCO GENERACION S.A.S. ESP,2026-07-29,2026,2026-08-03,0.0,SI,526
5LTB,GD ERCO ISIDORI,CESAR,20383,LA GLORIA,Caribe,-73.615842734481,8.588082789891736,0.99,SOLAR,RAD SOLAR,ND,GEN. DISTRIBUIDA,OPERACIÓN,ERCO GENERACION S.A.S. ESP,2026-03-12,2026,2026-08-03,0.0,SI,263
5MA4,GD GALILEO SOLAR,SUCRE,70215,COROZAL,Caribe,-75.23880115686353,9.16060259796556,0.999,SOLAR,RAD SOLAR,ND,GEN. DISTRIBUIDA,OPERACIÓN,GREENYELLOW COMERCIALIZADORA S.A.S. E.S.P.,2026-03-16,2026,2026-08-03,0.0,SI,512
5MAD,GD BONILLA A III,ATLÁNTICO,08141,CANDELARIA,Caribe,-74.87756739700241,10.48901564135493,0.99,SOLAR,RAD SOLAR,ND,GEN. DISTRIBUIDA,OPERACIÓN,OTACC GENERACION S.A.S. E.S.P.,2026-03-16,2026,2026-08-03,0.0,SI,116
5MAE,GD BONILLA A I,ATLÁNTICO,08141,CANDELARIA,Caribe,-74.87756739700241,10.48901564135493,0.99,SOLAR,RAD SOLAR,ND,GEN. DISTRIBUIDA,OPERACIÓN,OTACC GENERACION S.A.S. E.S.P.,2026-03-16,2026,2026-08-03,0.0,SI,114
5MAF,GD BONILLA A V,ATLÁNTICO,08141,CANDELARIA,Caribe,-74.87756739700241,10.48901564135493,0.99,SOLAR,RAD SOLAR,ND,GEN. DISTRIBUIDA,OPERACIÓN,OTACC GENERACION S.A.S. E.S.P.,2026-03-16,2026,2026-08-03,0.0,SI,117
5MAG,GD BONILLA A II,ATLÁNTICO,08141,CANDELARIA,Caribe,-74.87756739700241,10.48901564135493,0.99,SOLAR,RAD SOLAR,ND,GEN. DISTRIBUIDA,OPERACIÓN,OTACC GENERACION S.A.S. E.S.P.,2026-03-16,2026,2026-08-03,0.0,SI,115
5MAH,GD BONILLA A IV,ATLÁNTICO,08141,CANDELARIA,Caribe,-74.87756739700241,10.48901564135493,0.99,SOLAR,RAD SOLAR,ND,GEN. DISTRIBUIDA,OPERACIÓN,OTACC GENERACION S.A.S. E.S.P.,2026-03-16,2026,2026-08-03,0.0,SI,118
5MAK,GD SINAI,HUILA,41524,PALERMO,Centro,-75.44066806617866,2.9144915020147724,0.96,SOLAR,RAD SOLAR,ND,GEN. DISTRIBUIDA,OPERACIÓN,NEXTGY S.A.S. E.S.P.,2026-06-21,2026,2026-08-03,0.0,SI,380
5MY6,GD SOL Y CIELO X,CÓRDOBA,23672,SAN ANTERO,Caribe,-75.78700185406036,9.359670042167748,0.9,SOLAR,RAD SOLAR,ND,GEN. DISTRIBUIDA,OPERACIÓN,SOL & CIELO ENERGIA S.A.S. E.S.P,2026-06-03,2026,2026-08-03,0.0,SI,310
5NK2,GD LA HORMIGUITA,ATLÁNTICO,08634,SABANAGRANDE,Caribe,-74.76879731980958,10.798940291371595,0.99,SOLAR,RAD SOLAR,ND,GEN. DISTRIBUIDA,PRUEBAS,UNERGY ENERGY DIGITAL S.A.S E.S.P,2026-08-03,2026,2026-08-03,0.0,SI,138
5NPT,GD SUAMOX,BOYACÁ,15491,NOBSA,Centro,-72.93268457223792,5.7787285274458435,0.925,SOLAR,RAD SOLAR,ND,GEN. DISTRIBUIDA,OPERACIÓN,EMPRESA DE ENERGIA DE BOYACA S.A. E.S.P.,2026-04-07,2026,2026-08-03,0.0,SI,185
5O14,GD EL PASO NORTE,CESAR,20250,EL PASO,Caribe,-73.7382619683179,9.683721170835586,0.99,SOLAR,RAD SOLAR,ND,GEN. DISTRIBUIDA,PRUEBAS,COX ENERGY COMERCIALIZADORA SAS ESP,2026-05-10,2026,2026-08-03,0.0,SI,273
5O15,GD EL CASTILLO I,SUCRE,70400,LA UNIÓN,Caribe,-75.28322635914475,8.811992691471307,0.96,SOLAR,RAD SOLAR,ND,GEN. DISTRIBUIDA,OPERACIÓN,OTACC GENERACION S.A.S. E.S.P.,2026-06-19,2026,2026-08-03,0.0,SI,507
5O16,GD EL CASTILLO III,SUCRE,70400,LA UNIÓN,Caribe,-75.28322635914475,8.811992691471307,0.96,SOLAR,RAD SOLAR,ND,GEN. DISTRIBUIDA,OPERACIÓN,OTACC GENERACION S.A.S. E.S.P.,2026-06-19,2026,2026-08-03,0.0,SI,508
5O17,GD EL CASTILLO V,SUCRE,70400,LA UNIÓN,Caribe,-75.28322635914475,8.811992691471307,0.96,SOLAR,RAD SOLAR,ND,GEN. DISTRIBUIDA,OPERACIÓN,OTACC GENERACION S.A.S. E.S.P.,2026-06-19,2026,2026-08-03,0.0,SI,510
5O1A,GD EL CASTILLO II,SUCRE,70400,LA UNIÓN,Caribe,-75.28322635914475,8.811992691471307,0.96,SOLAR,RAD SOLAR,ND,GEN. DISTRIBUIDA,OPERACIÓN,OTACC GENERACION S.A.S. E.S.P.,2026-06-19,2026,2026-08-03,0.0,SI,506
5O1C,GD EL CASTILLO IV,SUCRE,70400,LA UNIÓN,Caribe,-75.28322635914475,8.811992691471307,0.96,SOLAR,RAD SOLAR,ND,GEN. DISTRIBUIDA,OPERACIÓN,OTACC GENERACION S.A.S. E.S.P.,2026-06-19,2026,2026-08-03,0.0,SI,509
5O1U,GD CANARIOS I,SUCRE,70708,SAN MARCOS,Caribe,-75.17250267808815,8.589218973474024,0.96,SOLAR,RAD SOLAR,ND,GEN. DISTRIBUIDA,OPERACIÓN,OTACC GENERACION S.A.S. E.S.P.,2026-06-19,2026,2026-08-03,0.0,SI,525
5O1V,GD LOS MANGOS I,SUCRE,70708,SAN MARCOS,Caribe,-75.17250267808815,8.589218973474024,0.96,SOLAR,RAD SOLAR,ND,GEN. DISTRIBUIDA,OPERACIÓN,OTACC GENERACION S.A.S. E.S.P.,2026-07-21,2026,2026-08-03,0.0,SI,529
5O1W,GD CANARIOS II,SUCRE,70708,SAN MARCOS,Caribe,-75.17250267808815,8.589218973474024,0.96,SOLAR,RAD SOLAR,ND,GEN. DISTRIBUIDA,OPERACIÓN,OTACC GENERACION S.A.S. E.S.P.,2026-06-19,2026,2026-08-03,0.0,SI,527
5OWK,GD LOS MANGOS II,SUCRE,70708,SAN MARCOS,Caribe,-75.17250267808815,8.589218973474024,0.96,SOLAR,RAD SOLAR,ND,GEN. DISTRIBUIDA,OPERACIÓN,OTACC GENERACION S.A.S. E.S.P.,2026-07-21,2026,2026-08-03,0.0,SI,530
5OWN,GD LOS MANGOS III,SUCRE,70708,SAN MARCOS,Caribe,-75.17250267808815,8.589218973474024,0.96,SOLAR,RAD SOLAR,ND,GEN. DISTRIBUIDA,OPERACIÓN,OTACC GENERACION S.A.S. E.S.P.,2026-07-21,2026,2026-08-03,0.0,SI,523
5OWY,GD CANARIOS III,SUCRE,70708,SAN MARCOS,Caribe,-75.17250267808815,8.589218973474024,0.96,SOLAR,RAD SOLAR,ND,GEN. DISTRIBUIDA,OPERACIÓN,OTACC GENERACION S.A.S. E.S.P.,2026-06-19,2026,2026-08-03,0.0,SI,528
5P44,AUTOG CELSIA SOLAR TQ TECNOSUR,CAUCA,19845,VILLA RICA,Pacífico,-76.46449374990074,3.1805735176748984,4.08,SOLAR,RAD SOLAR,ND,AUTOGENERADOR,PRUEBAS,CELSIA COLOMBIA S.A. E.S.P.,2026-04-30,2026,2026-08-03,0.0,NO,225
5PO1,GD VITERBO I,CALDAS,17877,VITERBO,Eje Cafetero,-75.87930686947288,5.047806796000324,0.97,SOLAR,RAD SOLAR,ND,GEN. DISTRIBUIDA,PRUEBAS,ENERGIA LIMPIA Y EFICIENTE S.A.S ESP,2026-05-16,2026,2026-08-03,0.0,SI,204
5PO2,GD VITERBO II,CALDAS,17877,VITERBO,Eje Cafetero,-75.87930686947288,5.047806796000324,0.97,SOLAR,RAD SOLAR,ND,GEN. DISTRIBUIDA,PRUEBAS,ENERGIA LIMPIA Y EFICIENTE S.A.S ESP,2026-05-16,2026,2026-08-03,0.0,SI,205
5PTU,GD SAN ONOFRE III,SUCRE,70713,SAN ONOFRE,Caribe,-75.50522786680389,9.814574389240411,0.9,SOLAR,RAD SOLAR,ND,GEN. DISTRIBUIDA,OPERACIÓN,DUCK ENERGY S.A.S. ESP,2026-05-27,2026,2026-08-03,0.0,SI,522
5PTW,GD SAN ONOFRE II,SUCRE,70713,SAN ONOFRE,Caribe,-75.50522786680389,9.814574389240411,0.9,SOLAR,RAD SOLAR,ND,GEN. DISTRIBUIDA,OPERACIÓN,DUCK ENERGY S.A.S. ESP,2026-05-27,2026,2026-08-03,0.0,SI,521
5PU1,GD SAN ONOFRE I,SUCRE,70713,SAN ONOFRE,Caribe,-75.50522786680389,9.814574389240411,0.9,SOLAR,RAD SOLAR,ND,GEN. DISTRIBUIDA,OPERACIÓN,DUCK ENERGY S.A.S. ESP,2026-05-27,2026,2026-08-03,0.0,SI,520
5PUN,LA PAZ,CESAR,20621,LA PAZ,Caribe,-73.078475713251,10.244460449569692,9.9,SOLAR,RAD SOLAR,ND,NORMAL,PRUEBAS,GR POWER COLOMBIA S.A.S E.S.P.,2026-06-08,2026,2026-08-03,0.0,SI,252
5PUP,GD ESPERANZA I ETAPA II,HUILA,41615,RIVERA,Centro,-75.23542057217867,2.792812123984558,0.96,SOLAR,RAD SOLAR,ND,GEN. DISTRIBUIDA,PRUEBAS,NEXTGY S.A.S. E.S.P.,2026-07-10,2026,2026-08-03,0.0,SI,379
5QFE,GD SABANA DE TORRES,SANTANDER,68655,SABANA DE TORRES,Oriente,-73.5715473572126,7.403029796330422,0.99,SOLAR,RAD SOLAR,ND,GEN. DISTRIBUIDA,PRUEBAS,UNERGY ENERGY DIGITAL S.A.S E.S.P,2026-05-21,2026,2026-08-03,0.0,SI,483
5QFG,GD TAURUS VIII,BOLÍVAR,13647,SAN ESTANISLAO,Caribe,-75.20523843863491,10.364677519552943,0.96,SOLAR,RAD SOLAR,ND,GEN. DISTRIBUIDA,PRUEBAS,UNERGY ENERGY DIGITAL S.A.S E.S.P,2026-06-19,2026,2026-08-03,0.0,SI,169
5QFI,GD TAURUS IX,BOLÍVAR,13647,SAN ESTANISLAO,Caribe,-75.20523843863491,10.364677519552943,0.96,SOLAR,RAD SOLAR,ND,GEN. DISTRIBUIDA,PRUEBAS,UNERGY ENERGY DIGITAL S.A.S E.S.P,2026-06-19,2026,2026-08-03,0.0,SI,170
5QFK,GD TAURUS X,BOLÍVAR,13647,SAN ESTANISLAO,Caribe,-75.20523843863491,10.364677519552943,0.96,SOLAR,RAD SOLAR,ND,GEN. DISTRIBUIDA,PRUEBAS,UNERGY ENERGY DIGITAL S.A.S E.S.P,2026-06-19,2026,2026-08-03,0.0,SI,171
5QFM,GD AGUSTIN II,NORTE DE SANTANDER,54001,SAN JOSÉ DE CÚCUTA,Oriente,-72.4886522050001,8.111911101392629,0.99,SOLAR,RAD SOLAR,ND,GEN. DISTRIBUIDA,OPERACIÓN,UNERGY ENERGY DIGITAL S.A.S E.S.P,2026-06-18,2026,2026-08-03,0.0,SI,451
5QT6,DRUMMOND,CESAR,20250,EL PASO,Caribe,-73.7382619683179,9.683721170835586,80.0,TERMICA,ACPM,DC,NORMAL,PRUEBAS,DRUMMOND POWER S.A.S. E.S.P.,2026-05-31,2026,2026-08-03,8.7613,NO,270
5QTA,GD AGUSTIN III,NORTE DE SANTANDER,54001,SAN JOSÉ DE CÚCUTA,Oriente,-72.4886522050001,8.111911101392629,0.99,SOLAR,RAD SOLAR,ND,GEN. DISTRIBUIDA,OPERACIÓN,UNERGY ENERGY DIGITAL S.A.S E.S.P,2026-06-18,2026,2026-08-03,0.0,SI,452
5QTJ,GD GRANJA SOLAR SAN AGUSTIN,NORTE DE SANTANDER,54673,SAN CAYETANO,Oriente,-72.6098482097734,7.847790343843861,0.99,SOLAR,RAD SOLAR,ND,GEN. DISTRIBUIDA,OPERACIÓN,UNERGY ENERGY DIGITAL S.A.S E.S.P,2026-06-18,2026,2026-08-03,0.0,SI,456
5QUE,GD ERCO PALMAS II,CESAR,20787,TAMALAMEQUE,Caribe,-73.76338373446022,8.902068994332152,0.99,SOLAR,RAD SOLAR,ND,GEN. DISTRIBUIDA,PRUEBAS,ERCO GENERACION S.A.S. ESP,2026-07-23,2026,2026-08-03,0.0,SI,303
5SCK,GD VEGA II,CAUCA,19532,PATÍA,Pacífico,-77.04684557984892,2.158148058676977,0.99,SOLAR,RAD SOLAR,ND,GEN. DISTRIBUIDA,OPERACIÓN,BIA ENERGY S.A.S. E.S.P,2026-07-08,2026,2026-08-03,0.0,SI,236
5SCX,GD VEGA I,CAUCA,19532,PATÍA,Pacífico,-77.04684557984892,2.158148058676977,0.99,SOLAR,RAD SOLAR,ND,GEN. DISTRIBUIDA,OPERACIÓN,BIA ENERGY S.A.S. E.S.P,2026-07-08,2026,2026-08-03,0.0,SI,235
5SE7,GD SOL Y CIELO XII,CÓRDOBA,23660,SAHAGÚN,Caribe,-75.42925783426087,8.798980558495005,0.9,SOLAR,RAD SOLAR,ND,GEN. DISTRIBUIDA,OPERACIÓN,ENERGIA Y GAS DE COLOMBIA SAS ESP,2026-07-11,2026,2026-08-03,0.0,SI,315
5SE9,GD SOL Y CIELO XIII,CÓRDOBA,23001,MONTERÍA,Caribe,-75.95052937682705,8.584659059910113,0.9,SOLAR,RAD SOLAR,ND,GEN. DISTRIBUIDA,PRUEBAS,ENERGIA Y GAS DE COLOMBIA SAS ESP,2026-08-01,2026,2026-08-03,0.0,SI,335
5SEB,GD SOL Y CIELO XI,CÓRDOBA,23660,SAHAGÚN,Caribe,-75.42925783426087,8.798980558495005,0.9,SOLAR,RAD SOLAR,ND,GEN. DISTRIBUIDA,OPERACIÓN,ENERGIA Y GAS DE COLOMBIA SAS ESP,2026-07-11,2026,2026-08-03,0.0,SI,314
5SED,GD SOL Y CIELO XIV,CÓRDOBA,23001,MONTERÍA,Caribe,-75.95052937682705,8.584659059910113,0.9,SOLAR,RAD SOLAR,ND,GEN. DISTRIBUIDA,PRUEBAS,ENERGIA Y GAS DE COLOMBIA SAS ESP,2026-08-01,2026,2026-08-03,0.0,SI,336
5SEF,CHENCHE PURIFICACION,TOLIMA,73585,PURIFICACIÓN,Centro,-74.87451916378946,3.8542834829993184,9.9,SOLAR,RAD SOLAR,ND,NORMAL,PRUEBAS,ERCO GENERACION S.A.S. ESP,2026-06-19,2026,2026-08-03,0.0,SI,543
5SHN,GD PIEDECUESTA II,ANTIOQUIA,05837,TURBO,Antioquia,-76.57404476828336,8.174014978822882,0.99,SOLAR,RAD SOLAR,ND,GEN. DISTRIBUIDA,OPERACIÓN,DEPI ENERGY S.A.S. E.S.P.,2026-07-30,2026,2026-08-03,0.0,SI,84
5SHV,GD PIEDECUESTA I,ANTIOQUIA,05837,TURBO,Antioquia,-76.57404476828336,8.174014978822882,0.99,SOLAR,RAD SOLAR,ND,GEN. DISTRIBUIDA,OPERACIÓN,DEPI ENERGY S.A.S. E.S.P.,2026-07-30,2026,2026-08-03,0.0,SI,83
5TG8,GD ERCO GOLONDRINA II,SUCRE,70708,SAN MARCOS,Caribe,-75.17250267808815,8.589218973474024,0.99,SOLAR,RAD SOLAR,ND,GEN. DISTRIBUIDA,PRUEBAS,ERCO GENERACION S.A.S. ESP,2026-07-29,2026,2026-08-03,0.0,SI,524
5TJN,GD SEMILLAS DE CERETE II,CÓRDOBA,23162,CERETÉ,Caribe,-75.87803578437642,8.895975861842974,0.9,SOLAR,RAD SOLAR,ND,GEN. DISTRIBUIDA,OPERACIÓN,GREENDIPITY SAS BIC ESP,2026-07-28,2026,2026-08-03,0.0,SI,321
5TNL,GD PXV II,SANTANDER,68081,BARRANCABERMEJA,Oriente,-73.78214388864318,7.054058477215098,0.99,SOLAR,RAD SOLAR,ND,GEN. DISTRIBUIDA,PRUEBAS,ES INVEST COLOMBIA S.A.S. ESP,2026-07-12,2026,2026-08-03,0.0,SI,486
5TNM,GD LYRA II,CAUCA,19450,MERCADERES,Pacífico,-77.18061737754445,1.7938202194624484,0.99,SOLAR,RAD SOLAR,ND,GEN. DISTRIBUIDA,PRUEBAS,BIA ENERGY S.A.S. E.S.P,2026-07-03,2026,2026-08-03,0.0,SI,250
5TNV,GD NAOS V,CAUCA,19532,PATÍA,Pacífico,-77.04684557984892,2.158148058676977,0.99,SOLAR,RAD SOLAR,ND,GEN. DISTRIBUIDA,PRUEBAS,BIA ENERGY S.A.S. E.S.P,2026-07-10,2026,2026-08-03,0.0,SI,237
5TO2,GD NAOS IV,CAUCA,19532,PATÍA,Pacífico,-77.04684557984892,2.158148058676977,0.99,SOLAR,RAD SOLAR,ND,GEN. DISTRIBUIDA,PRUEBAS,BIA ENERGY S.A.S. E.S.P,2026-07-03,2026,2026-08-03,0.0,SI,234
5TQN,GD NOVA I,NARIÑO,52240,CHACHAGÜÍ,Pacífico,-77.26968941535999,1.3864980677478622,0.99,SOLAR,RAD SOLAR,ND,GEN. DISTRIBUIDA,PRUEBAS,BIA ENERGY S.A.S. E.S.P,2026-07-09,2026,2026-08-03,0.0,SI,445
5U9S,GD SAN MARTIN I,MAGDALENA,47189,CIÉNAGA,Caribe,-74.02495478771974,10.857323271982969,0.99,SOLAR,RAD SOLAR,ND,GEN. DISTRIBUIDA,PRUEBAS,GREENYELLOW COMERCIALIZADORA S.A.S. E.S.P.,2026-07-29,2026,2026-08-03,0.0,SI,408
5U9W,SUAREZ,TOLIMA,73770,SUÁREZ,Centro,-74.84433286678554,3.969162826058917,8.0,SOLAR,RAD SOLAR,ND,NORMAL,PRUEBAS,ERCO GENERACION S.A.S. ESP,2026-07-17,2026,2026-08-03,0.0,SI,534
ABJ1,LA CASCADA ( ABEJORRAL),ANTIOQUIA,05002,ABEJORRAL,Antioquia,-75.43848561982001,5.803723882899126,3.0,HIDRAULICA,AGUA,ND,NORMAL,OPERACIÓN,EMPRESA DE GENERACION Y PROMOCION DE ENERGIA DE ANTIOQUIA S.A. E.S.P.,2007-09-16,2007,2026-08-03,0.0,SI,1
AFR1,AGUA FRESCA,ANTIOQUIA,05368,JERICÓ,Antioquia,-75.7648876440231,5.769816302545644,7.29,HIDRAULICA,AGUA,ND,NORMAL,OPERACIÓN,ENERGIA DEL RIO PIEDRAS S.A. E.S.P,2008-04-09,2008,2026-08-03,0.0,SI,38
ALBG,ALBAN,VALLE DEL CAUCA,76109,BUENAVENTURA,Pacífico,-77.11964363190235,3.4935464101400964,427.0,HIDRAULICA,AGUA,DC,NORMAL,OPERACIÓN,CELSIA COLOMBIA S.A. E.S.P.,2000-12-14,2000,2026-08-03,4.0997,NO,592
ALTG,ALTO TULUA,VALLE DEL CAUCA,76834,TULUÁ,Pacífico,-76.0325294150837,4.028420260976358,19.9,HIDRAULICA,AGUA,ND,NORMAL,OPERACIÓN,CELSIA COLOMBIA S.A. E.S.P.,2012-05-27,2012,2026-08-03,2.23,SI,629
AMA1,AMAIME,VALLE DEL CAUCA,76520,PALMIRA,Pacífico,-76.22786086762281,3.558395439731676,19.17,HIDRAULICA,AGUA,ND,NORMAL,OPERACIÓN,CELSIA COLOMBIA S.A. E.S.P.,2011-01-05,2011,2026-08-03,1.55,SI,622
AMF1,AMALFI,ANTIOQUIA,05031,AMALFI,Antioquia,-74.98129809431317,6.977657056943432,0.81,HIDRAULICA,AGUA,ND,GEN. DISTRIBUIDA,OPERACIÓN,HZ ENERGY S.A.S. E.S.P.,2007-08-04,2007,2026-08-03,0.0,SI,5
AMR1,AMERICA,ANTIOQUIA,05001,MEDELLÍN,Antioquia,-75.6110393232332,6.257590449778692,0.41,HIDRAULICA,AGUA,ND,GEN. DISTRIBUIDA,OPERACIÓN,EMPRESAS PUBLICAS DE MEDELLIN E.S.P.,1996-12-31,1997,2026-08-03,0.0,SI,47
ARG1,TERMOFENIX I 1,BOLÍVAR,13001,CARTAGENA DE INDIAS,Caribe,-75.45921916563543,10.46297167339698,15.0,TERMICA,GAS,ND,NORMAL,OPERACIÓN,DEPI ENERGY S.A.S. E.S.P.,2016-03-14,2016,2026-08-03,8.95,SI,162
ASN1,ASNAZU,CAUCA,19780,SUÁREZ,Pacífico,-76.74582692780312,2.936863439479108,0.45,HIDRAULICA,AGUA,ND,NORMAL,OPERACIÓN,CENTRALES ELECTRICAS DEL CAUCA S.A. E.S.P.,1933-12-31,1934,2026-08-03,0.0,SI,222
ATLP,ATLANTICO,ATLÁNTICO,08849,USIACURÍ,Caribe,-74.98267500042255,10.740522017556282,180.0,SOLAR,RAD SOLAR,DC,NORMAL,PRUEBAS,ENEL COLOMBIA SA ESP,2026-02-24,2026,2026-08-03,0.0,NO,137
AYR1,AUTOG AYURA,ANTIOQUIA,05266,ENVIGADO,Antioquia,-75.5465078187818,6.1540026312566525,16.7,HIDRAULICA,AGUA,ND,AUTOGENERADOR,OPERACIÓN,EMPRESAS PUBLICAS DE MEDELLIN E.S.P.,1983-10-25,1983,2026-08-03,2.437,NO,28
BAR1,BARROSO,ANTIOQUIA,05642,SALGAR,Antioquia,-75.98137361130038,5.970504589312747,19.9,HIDRAULICA,AGUA,ND,NORMAL,OPERACIÓN,ISAGEN S.A. E.S.P.,2012-11-29,2012,2026-08-03,3.2097,SI,60
BIOE,COGENERADOR BIOAISE 1,BOLÍVAR,13001,CARTAGENA DE INDIAS,Caribe,-75.45921916563543,10.46297167339698,1.0,COGENERADOR,GAS,ND,COGENERADOR,INACTIVO,BIOAISE S.A.,1998-07-31,1998,2026-08-03,0.0,NO,158
BLL1,BALLENA 1,LA GUAJIRA,44001,RIOHACHA,Caribe,-72.95884811048109,11.24294815602286,13.0,TERMICA,GAS,DC,NORMAL,INACTIVO,CORPORACION ELECTRICA DE LA COSTA ATLANTICA S.A. E.S.P.,1982-12-31,1983,2026-08-03,0.0,NO,395
BLL2,BALLENA 2,LA GUAJIRA,44001,RIOHACHA,Caribe,-72.95884811048109,11.24294815602286,13.0,TERMICA,GAS,DC,NORMAL,INACTIVO,CORPORACION ELECTRICA DE LA COSTA ATLANTICA S.A. E.S.P.,1982-12-31,1983,2026-08-03,0.0,NO,396
BLL3,BELLO,ANTIOQUIA,05088,BELLO,Antioquia,-75.58977499936405,6.358885308060002,0.35,HIDRAULICA,AGUA,ND,GEN. DISTRIBUIDA,OPERACIÓN,EMPRESAS PUBLICAS DE MEDELLIN E.S.P.,1996-12-31,1997,2026-08-03,1.0,SI,11
BLM1,BELMONTE,RISARALDA,66001,PEREIRA,Eje Cafetero,-75.79580494960125,4.803591185489485,3.4,HIDRAULICA,AGUA,ND,NORMAL,OPERACIÓN,EMPRESA DE ENERGIA DE PEREIRA S.A. E.S.P.,1938-12-31,1939,2026-08-03,0.0,SI,477
BRN1,BARRANCA 1,SANTANDER,68081,BARRANCABERMEJA,Oriente,-73.78214388864318,7.054058477215098,12.0,TERMICA,ACPM,DC,NORMAL,INACTIVO,EMPRESAS PUBLICAS DE MEDELLIN E.S.P.,2016-03-19,2016,2026-08-03,13.26,SI,487
BRN2,BARRANCA 2,SANTANDER,68081,BARRANCABERMEJA,Oriente,-73.78214388864318,7.054058477215098,12.0,TERMICA,GAS,DC,NORMAL,INACTIVO,EMPRESAS PUBLICAS DE MEDELLIN E.S.P.,2016-01-31,2016,2026-08-03,0.0,SI,488
BRN3,BARRANCA 3,SANTANDER,68081,BARRANCABERMEJA,Oriente,-73.78214388864318,7.054058477215098,24.0,TERMICA,ACPM,DC,NORMAL,INACTIVO,EMPRESAS PUBLICAS DE MEDELLIN E.S.P.,2016-03-19,2016,2026-08-03,0.0,NO,489
BSQ1,EL BOSQUE,QUINDIO,63001,ARMENIA,Eje Cafetero,-75.72489253188779,4.499513704450664,2.28,HIDRAULICA,AGUA,ND,NORMAL,OPERACIÓN,ENERGIA RENOVABLE DE COLOMBIA S.A.S E.S.P.,1934-12-31,1935,2026-08-03,0.0,SI,468
BYN1,BAYONA,QUINDIO,63130,CALARCÁ,Eje Cafetero,-75.65675520435025,4.467876840557189,0.6,HIDRAULICA,AGUA,ND,GEN. DISTRIBUIDA,OPERACIÓN,EMPRESAS PUBLICAS DE CALARCA ESP,1942-12-31,1943,2026-08-03,0.001,SI,469
CAS1,CENTRAL CASTILLA 1,VALLE DEL CAUCA,76563,PRADERA,Pacífico,-76.17843338959086,3.420637821398278,3.0,COGENERADOR,BAGAZO,ND,COGENERADOR,OPERACIÓN,RIOPAILA ENERGÍA S.A.S. E.S.P.,2004-08-14,2004,2026-08-03,0.0,NO,612
CCN1,COCONUCO,CAUCA,19001,POPAYÁN,Pacífico,-76.59196294974929,2.4717135479762526,4.5,HIDRAULICA,AGUA,ND,NORMAL,OPERACIÓN,EMPRESA MUNICIPAL DE ENERGIA ELECTRICA S.A. E.S.P.,2000-09-26,2000,2026-08-03,0.0,SI,231
CGM1,MAYAGUEZ 1,VALLE DEL CAUCA,76130,CANDELARIA,Pacífico,-76.3831796990501,3.3820930019842557,19.9,COGENERADOR,BAGAZO,ND,COGENERADOR,OPERACIÓN,ECOGENERATION S.A.S. E.S.P.,2010-08-16,2010,2026-08-03,0.0,NO,607
CHBG,BETANIA,HUILA,41885,YAGUARÁ,Centro,-75.5159306248652,2.6465570393617996,540.0,HIDRAULICA,AGUA,DC,NORMAL,OPERACIÓN,ENEL COLOMBIA SA ESP,1987-10-31,1987,2026-08-03,0.5895,NO,377
CHVR,CHIVOR,BOYACÁ,15690,SANTA MARÍA,Centro,-73.25377493708915,4.822997506952486,1000.0,HIDRAULICA,AGUA,DC,NORMAL,OPERACIÓN,AES COLOMBIA & CIA. S.C.A. E.S.P.,1977-05-22,1977,2026-08-03,6.9551,NO,176
CIMR,CIMARRON,CASANARE,85001,YOPAL,Oriente,-72.25798324179046,5.242711687577748,19.9,TERMICA,GAS,ND,NORMAL,INACTIVO,TERMOYOPAL GENERACION 2 S.A.S E.S.P.,2007-08-17,2007,2026-08-03,13.5,SI,207
CIP1,INGENIO PROVIDENCIA 2,VALLE DEL CAUCA,76248,EL CERRITO,Pacífico,-76.30827903788563,3.655974686880742,19.9,COGENERADOR,BAGAZO,ND,COGENERADOR,OPERACIÓN,NITRO ENERGY COLOMBIA S.A.S. E.S.P.,2009-05-17,2009,2026-08-03,0.0,NO,610
CIS1,INGENIO SAN CARLOS 1,VALLE DEL CAUCA,76834,TULUÁ,Pacífico,-76.0325294150837,4.028420260976358,2.0,COGENERADOR,BAGAZO,ND,COGENERADOR,OPERACIÓN,ECOGENERATION S.A.S. E.S.P.,2011-07-22,2011,2026-08-03,29.26,NO,632
CLDR,CALDERAS,ANTIOQUIA,05649,SAN CARLOS,Antioquia,-74.90721931184886,6.193890354630417,19.9,HIDRAULICA,AGUA,ND,NORMAL,OPERACIÓN,ISAGEN S.A. E.S.P.,2006-06-29,2006,2026-08-03,1.3143,SI,65
CLL1,CARLOS LLERAS,ANTIOQUIA,05308,GIRARDOTA,Antioquia,-75.44794124338054,6.3797529997366285,78.0,HIDRAULICA,AGUA,DC,FILO AGUA ESPECIAL,OPERACIÓN,HIDROELECTRICA DEL ALTO PORCE S.A.S. E.S.P.,2015-11-21,2015,2026-08-03,1.2048,NO,30
CLMG,CALIMA,VALLE DEL CAUCA,76126,CALIMA,Pacífico,-76.64236819829615,3.923293334832259,132.0,HIDRAULICA,AGUA,DC,NORMAL,OPERACIÓN,CELSIA COLOMBIA S.A. E.S.P.,1966-12-31,1967,2026-08-03,1.9765,NO,599
CLTJ,COGENERADOR COLTEJER 1,ANTIOQUIA,05360,ITAGÜÍ,Antioquia,-75.61420431179603,6.179279232331661,9.4,COGENERADOR,CARBON,ND,COGENERADOR,INACTIVO,EMPRESAS PUBLICAS DE MEDELLIN E.S.P.,2013-12-18,2013,2026-08-03,0.0,NO,35
CMN1,AUTOG CEMENTOS DEL NARE,ANTIOQUIA,05585,PUERTO NARE,Antioquia,-74.68409214760523,6.139168288565218,9.0,HIDRAULICA,AGUA,ND,AUTOGENERADOR,OPERACIÓN,COMPAÑÍA ELÉCTRICA DE SOCHAGOTA  S.A.S. E.S.P.,2004-08-31,2004,2026-08-03,0.0,NO,51
CMP2,CAMPESTRE (EPM),ANTIOQUIA,05001,MEDELLÍN,Antioquia,-75.6110393232332,6.257590449778692,0.87,HIDRAULICA,AGUA,ND,GEN. DISTRIBUIDA,OPERACIÓN,EMPRESAS PUBLICAS DE MEDELLIN E.S.P.,1996-12-31,1997,2026-08-03,0.875,SI,48
COE1,COELLO,TOLIMA,73200,COELLO,Centro,-74.97459964305963,4.2781733129152615,1.2,HIDRAULICA,AGUA,ND,NORMAL,OPERACIÓN,ENERGETICA S.A. E.S.P.,2016-12-09,2016,2026-08-03,0.001,SI,548
CPT1,CAMPESTRE (CALARCA),QUINDIO,63130,CALARCÁ,Eje Cafetero,-75.65675520435025,4.467876840557189,0.7,HIDRAULICA,AGUA,ND,GEN. DISTRIBUIDA,OPERACIÓN,EMPRESAS PUBLICAS DE CALARCA ESP,1955-12-31,1956,2026-08-03,0.001,SI,470
CQT1,CHARQUITO,CUNDINAMARCA,25754,SOACHA,Centro,-74.2403087460268,4.582030218417292,19.4,HIDRAULICA,AGUA,ND,NORMAL,OPERACIÓN,ENEL COLOMBIA SA ESP,2003-08-21,2003,2026-08-03,1.1483,SI,374
CRC1,CARACOLI,ANTIOQUIA,05142,CARACOLÍ,Antioquia,-74.73354418180044,6.337973572690631,3.75,HIDRAULICA,AGUA,ND,NORMAL,OPERACIÓN,EMPRESAS PUBLICAS DE MEDELLIN E.S.P.,1934-12-31,1935,2026-08-03,0.8011,SI,16
CSC1,CASCADA,SANTANDER,68001,BUCARAMANGA,Oriente,-73.11178713645104,7.155386898226814,3.0,HIDRAULICA,AGUA,ND,NORMAL,OPERACIÓN,EMPRESAS PUBLICAS DE MEDELLIN E.S.P.,1953-12-31,1954,2026-08-03,0.0,SI,494
CTG1,CARTAGENA 1,BOLÍVAR,13001,CARTAGENA DE INDIAS,Caribe,-75.45921916563543,10.46297167339698,52.0,TERMICA,COMBUSTOLEO,DC,NORMAL,OPERACIÓN,NITRO ENERGY COLOMBIA S.A.S. E.S.P.,1995-07-19,1995,2026-08-03,13.665,NO,155
CTG2,CARTAGENA 2,BOLÍVAR,13001,CARTAGENA DE INDIAS,Caribe,-75.45921916563543,10.46297167339698,60.0,TERMICA,GAS,DC,NORMAL,OPERACIÓN,NITRO ENERGY COLOMBIA S.A.S. E.S.P.,1979-12-31,1980,2026-08-03,11.8104,NO,156
CTG3,CARTAGENA 3,BOLÍVAR,13001,CARTAGENA DE INDIAS,Caribe,-75.45921916563543,10.46297167339698,66.0,TERMICA,COMBUSTOLEO,DC,NORMAL,OPERACIÓN,NITRO ENERGY COLOMBIA S.A.S. E.S.P.,1979-12-31,1980,2026-08-03,11.522,NO,157
CTM1,EL MORRO 1,CASANARE,85001,YOPAL,Oriente,-72.25798324179046,5.242711687577748,19.9,TERMICA,GAS,ND,NORMAL,INACTIVO,TERMOYOPAL GENERACION 2 S.A.S E.S.P.,2007-05-22,2007,2026-08-03,12.4,SI,209
CTM2,EL MORRO 2,CASANARE,85001,YOPAL,Oriente,-72.25798324179046,5.242711687577748,19.9,TERMICA,GAS,ND,NORMAL,INACTIVO,TERMOYOPAL GENERACION 2 S.A.S E.S.P.,2007-08-08,2007,2026-08-03,13.84,SI,208
CTMO,CENTRAL TUMACO 1,VALLE DEL CAUCA,76126,CALIMA,Pacífico,-76.64236819829615,3.923293334832259,0.0,COGENERADOR,BAGAZO,ND,COGENERADOR,INACTIVO,CELSIA COLOMBIA S.A. E.S.P.,2007-03-24,2007,2026-08-03,0.0,NO,598
CUC1,CUCUANA,TOLIMA,73622,RONCESVALLES,Centro,-75.59429264769672,4.0978559171133995,56.0,HIDRAULICA,AGUA,DC,FILO DE AGUA,OPERACIÓN,CELSIA COLOMBIA S.A. E.S.P.,2015-07-28,2015,2026-08-03,5.9476,NO,538
CUR1,CURRUCUCUES,TOLIMA,73624,ROVIRA,Centro,-75.34759717815423,4.2167286851347585,1.25,HIDRAULICA,AGUA,ND,NORMAL,OPERACIÓN,ENERCO S.A. E.S.P.,2010-08-17,2010,2026-08-03,0.52,SI,539
DVS1,DARIO VALENCIA SAMPER,CUNDINAMARCA,25386,LA MESA,Centro,-74.4732199646674,4.650772424841578,150.0,HIDRAULICA,AGUA,DC,FILO DE AGUA,OPERACIÓN,ENEL COLOMBIA SA ESP,2013-11-09,2013,2026-08-03,7.9708,NO,346
EPFV,EL PASO,CESAR,20250,EL PASO,Caribe,-73.7382619683179,9.683721170835586,68.0,SOLAR,RAD SOLAR,DC,NORMAL,OPERACIÓN,ENEL COLOMBIA SA ESP,2024-03-22,2024,2026-08-03,0.0,NO,276
ERO1,EL RIO 1,ATLÁNTICO,08001,BARRANQUILLA,Caribe,-74.82774550660668,10.981524582561143,1.8,TERMICA,GAS,DC,NORMAL,INACTIVO,ELECTRIFICADORA DEL ATLANTICO S.A. E.S.P.,1971-12-31,1972,2026-08-03,0.0,NO,103
ERO2,EL RIO 2,ATLÁNTICO,08001,BARRANQUILLA,Caribe,-74.82774550660668,10.981524582561143,4.0,TERMICA,GAS,DC,NORMAL,INACTIVO,ELECTRIFICADORA DEL ATLANTICO S.A. E.S.P.,1971-12-31,1972,2026-08-03,0.0,NO,104
ERO3,EL RIO 3,ATLÁNTICO,08001,BARRANQUILLA,Caribe,-74.82774550660668,10.981524582561143,4.5,TERMICA,GAS,DC,NORMAL,INACTIVO,ELECTRIFICADORA DEL ATLANTICO S.A. E.S.P.,1971-12-31,1972,2026-08-03,0.0,NO,105
ERO4,EL RIO 4,ATLÁNTICO,08001,BARRANQUILLA,Caribe,-74.82774550660668,10.981524582561143,4.5,TERMICA,GAS,DC,NORMAL,INACTIVO,ELECTRIFICADORA DEL ATLANTICO S.A. E.S.P.,1971-12-31,1972,2026-08-03,0.0,NO,106
ERO5,EL RIO 5,ATLÁNTICO,08001,BARRANQUILLA,Caribe,-74.82774550660668,10.981524582561143,4.0,TERMICA,GAS,DC,NORMAL,INACTIVO,ELECTRIFICADORA DEL ATLANTICO S.A. E.S.P.,1971-12-31,1972,2026-08-03,0.0,NO,107
ERO6,EL RIO 6,ATLÁNTICO,08001,BARRANQUILLA,Caribe,-74.82774550660668,10.981524582561143,10.0,TERMICA,GAS,DC,NORMAL,INACTIVO,ELECTRIFICADORA DEL ATLANTICO S.A. E.S.P.,1971-12-31,1972,2026-08-03,0.0,NO,108
ERO7,EL RIO 7,ATLÁNTICO,08001,BARRANQUILLA,Caribe,-74.82774550660668,10.981524582561143,10.0,TERMICA,GAS,DC,NORMAL,INACTIVO,ELECTRIFICADORA DEL ATLANTICO S.A. E.S.P.,1971-12-31,1972,2026-08-03,0.0,NO,96
ERO8,EL RIO 8,ATLÁNTICO,08001,BARRANQUILLA,Caribe,-74.82774550660668,10.981524582561143,11.0,TERMICA,GAS,DC,NORMAL,INACTIVO,ELECTRIFICADORA DEL ATLANTICO S.A. E.S.P.,1971-12-31,1972,2026-08-03,0.0,NO,97
ESMR,ESMERALDA,CALDAS,17174,CHINCHINÁ,Eje Cafetero,-75.65947221747075,4.974349407789829,30.0,HIDRAULICA,AGUA,DC,FILO DE AGUA,OPERACIÓN,EMPRESAS PUBLICAS DE MEDELLIN E.S.P.,1962-12-31,1963,2026-08-03,1.3135,NO,197
FLRD,FLORIDA,CAUCA,19001,POPAYÁN,Pacífico,-76.59196294974929,2.4717135479762526,19.9,HIDRAULICA,AGUA,ND,NORMAL,OPERACIÓN,CENTRALES ELECTRICAS DEL CAUCA S.A. E.S.P.,1974-12-31,1975,2026-08-03,0.8333,SI,230
GCA1,CARUQUIA,ANTIOQUIA,05686,SANTA ROSA DE OSOS,Antioquia,-75.43813780544396,6.675835083196788,9.5,HIDRAULICA,AGUA,ND,NORMAL,OPERACIÓN,ISAGEN S.A. E.S.P.,2010-01-27,2010,2026-08-03,1.53,SI,74
GCC1,GUACAICA,CALDAS,17486,NEIRA,Eje Cafetero,-75.5069424668521,5.183366251164893,0.86,HIDRAULICA,AGUA,ND,GEN. DISTRIBUIDA,OPERACIÓN,EMPRESAS PUBLICAS DE MEDELLIN E.S.P.,1991-12-31,1992,2026-08-03,0.0,SI,187
GE32,GECELCA 32,CÓRDOBA,23580,PUERTO LIBERTADOR,Caribe,-75.77129664302254,7.711444447886888,270.0,TERMICA,CARBON,DC,NORMAL,OPERACIÓN,GENERADORA Y COMERCIALIZADORA DE ENERGIA DEL CARIBE S.A. E.S.P.,2018-09-27,2018,2026-08-03,10.2484,NO,311
GEC3,GECELCA 3,CÓRDOBA,23580,PUERTO LIBERTADOR,Caribe,-75.77129664302254,7.711444447886888,164.0,TERMICA,CARBON,DC,NORMAL,OPERACIÓN,GENERADORA Y COMERCIALIZADORA DE ENERGIA DEL CARIBE S.A. E.S.P.,2015-09-16,2015,2026-08-03,9.9713,NO,312
GQA1,GUANAQUITAS,ANTIOQUIA,05686,SANTA ROSA DE OSOS,Antioquia,-75.43813780544396,6.675835083196788,9.5,HIDRAULICA,AGUA,ND,NORMAL,OPERACIÓN,ISAGEN S.A. E.S.P.,2010-06-29,2010,2026-08-03,1.4984,SI,73
GTPE,GUATAPE,ANTIOQUIA,05321,GUATAPÉ,Antioquia,-75.15636683661292,6.236272652038047,560.0,HIDRAULICA,AGUA,DC,NORMAL,OPERACIÓN,EMPRESAS PUBLICAS DE MEDELLIN E.S.P.,1971-12-31,1972,2026-08-03,7.1665,NO,34
GTRG,GUATRON,ANTIOQUIA,05310,GÓMEZ PLATA,Antioquia,-75.19270566887391,6.709556695471484,512.0,HIDRAULICA,AGUA,DC,NORMAL,OPERACIÓN,EMPRESAS PUBLICAS DE MEDELLIN E.S.P.,1965-12-31,1966,2026-08-03,8.9283,NO,32
GVIO,GUAVIO,CUNDINAMARCA,25839,UBALÁ,Centro,-73.47654901977104,4.803804072868425,1250.0,HIDRAULICA,AGUA,DC,NORMAL,OPERACIÓN,ENEL COLOMBIA SA ESP,1993-03-18,1993,2026-08-03,9.8367,NO,371
GYP3,GUAYEPO III,ATLÁNTICO,08560,PONEDERA,Caribe,-74.79847112190387,10.594646123565967,200.0,SOLAR,RAD SOLAR,DC,NORMAL,OPERACIÓN,ENEL COLOMBIA SA ESP,2026-02-24,2026,2026-08-03,0.0,NO,146
GYPO,GUAYEPO,ATLÁNTICO,08560,PONEDERA,Caribe,-74.79847112190387,10.594646123565967,370.0,SOLAR,RAD SOLAR,DC,NORMAL,OPERACIÓN,ENEL COLOMBIA SA ESP,2024-11-29,2024,2026-08-03,0.0,NO,147
HMIN,ESCUELA DE MINAS,ANTIOQUIA,05440,MARINILLA,Antioquia,-75.30488154648857,6.185202683383432,55.0,HIDRAULICA,AGUA,DC,FILO DE AGUA,OPERACIÓN,HIDROELECTRICA DEL ALTO PORCE S.A.S. E.S.P.,2019-09-29,2019,2026-08-03,1.603,NO,42
HMLG,MIEL I,CALDAS,17495,NORCASIA,Eje Cafetero,-74.85493485841928,5.638057390540605,396.0,HIDRAULICA,AGUA,DC,NORMAL,OPERACIÓN,ISAGEN S.A. E.S.P.,2002-11-30,2002,2026-08-03,2.0673,NO,186
HMO1,HIDROMONTAÑITAS,ANTIOQUIA,05237,DONMATÍAS,Antioquia,-75.42240661833321,6.492465891956638,19.9,HIDRAULICA,AGUA,ND,NORMAL,OPERACIÓN,CELSIA COLOMBIA S.A. E.S.P.,2012-06-13,2012,2026-08-03,3.7,SI,24
HRD1,LA HERRADURA,ANTIOQUIA,05138,CAÑASGORDAS,Antioquia,-76.02689748844887,6.814940709082751,19.8,HIDRAULICA,AGUA,ND,NORMAL,OPERACIÓN,EMPRESAS PUBLICAS DE MEDELLIN E.S.P.,2004-09-02,2004,2026-08-03,0.0001,SI,15
ILC1,INGENIO LA CARMELITA,VALLE DEL CAUCA,76834,TULUÁ,Pacífico,-76.0325294150837,4.028420260976358,0.0,COGENERADOR,BAGAZO,ND,COGENERADOR,INACTIVO,DEPI ENERGY S.A.S. E.S.P.,2009-11-10,2009,2026-08-03,0.0,NO,633
INC1,INCAUCA 1,CAUCA,19455,MIRANDA,Pacífico,-76.2167208672291,3.2282433194771976,60.0,COGENERADOR,BAGAZO,ND,COGENERADOR,OPERACIÓN,NITRO ENERGY COLOMBIA S.A.S. E.S.P.,1998-10-20,1998,2026-08-03,0.0,NO,251
INS1,INSULA,CALDAS,17174,CHINCHINÁ,Eje Cafetero,-75.65947221747075,4.974349407789829,19.0,HIDRAULICA,AGUA,ND,NORMAL,OPERACIÓN,EMPRESAS PUBLICAS DE MEDELLIN E.S.P.,1995-07-19,1995,2026-08-03,0.85,SI,196
INT1,INTERMEDIA,CALDAS,17001,MANIZALES,Eje Cafetero,-75.50729572535269,5.083438748349718,0.96,HIDRAULICA,AGUA,ND,GEN. DISTRIBUIDA,OPERACIÓN,EMPRESAS PUBLICAS DE MEDELLIN E.S.P.,1973-12-31,1974,2026-08-03,0.0,SI,189
INZ1,INZA,CAUCA,19355,INZÁ,Pacífico,-76.13764216845821,2.499047454269104,0.75,HIDRAULICA,AGUA,ND,NORMAL,OPERACIÓN,CENTRALES ELECTRICAS DEL CAUCA S.A. E.S.P.,2009-02-04,2009,2026-08-03,0.0,SI,243
IQU1,IQUIRA I,HUILA,41357,ÍQUIRA,Centro,-75.67383149490335,2.6915205539432003,4.32,HIDRAULICA,AGUA,ND,NORMAL,OPERACIÓN,ELECTRIFICADORA DEL HUILA S.A. E.S.P.,1954-12-31,1955,2026-08-03,0.0,SI,386
IQU2,IQUIRA II,HUILA,41357,ÍQUIRA,Centro,-75.67383149490335,2.6915205539432003,1.38,HIDRAULICA,AGUA,ND,NORMAL,OPERACIÓN,ELECTRIFICADORA DEL HUILA S.A. E.S.P.,1964-12-31,1965,2026-08-03,0.0,SI,387
IRG1,INGENIO RISARALDA 1,RISARALDA,66075,BALBOA,Eje Cafetero,-75.94275490182194,4.9183488879607555,19.9,COGENERADOR,BAGAZO,ND,COGENERADOR,OPERACIÓN,ERCO GENERACION S.A.S. ESP,2003-08-14,2003,2026-08-03,0.0,NO,474
JAG1,TERMOPROYECTOS,CASANARE,85410,TAURAMENA,Oriente,-72.62938891002132,4.698114904012365,19.0,TERMICA,CRUDO,DC,NORMAL,INACTIVO,PROELECTRICA S.A.S E.S.P.,2022-12-24,2022,2026-08-03,7.26,NO,220
JAGS,JAGUAS,ANTIOQUIA,05667,SAN RAFAEL,Antioquia,-74.99860187864878,6.310742926887714,170.0,HIDRAULICA,AGUA,DC,NORMAL,OPERACIÓN,ISAGEN S.A. E.S.P.,1988-06-30,1988,2026-08-03,2.3591,NO,67
JBV1,JULIO BRAVO,NARIÑO,52001,PASTO,Pacífico,-77.20610379310708,1.0836182335278874,1.5,HIDRAULICA,AGUA,ND,NORMAL,INACTIVO,CENTRALES ELECTRICAS DE NARIÑO S.A. E.S.P.,1941-12-31,1942,2026-08-03,0.0,SI,444
JNC1,LA JUNCA,CUNDINAMARCA,25386,LA MESA,Centro,-74.4732199646674,4.650772424841578,19.4,HIDRAULICA,AGUA,ND,NORMAL,INACTIVO,ENEL COLOMBIA SA ESP,2004-12-31,2005,2026-08-03,0.0,SI,344
JPR1,JEPIRACHI 1 - 15,LA GUAJIRA,44847,URIBIA,Caribe,-71.74907032235824,11.999772335452041,18.42,EOLICA,VIENTO,ND,NORMAL,INACTIVO,EMPRESAS PUBLICAS DE MEDELLIN E.S.P.,2004-04-26,2004,2026-08-03,0.0,SI,400
LBR1,NUEVO LIBARE,RISARALDA,66170,DOSQUEBRADAS,Eje Cafetero,-75.66993704549643,4.842021234569542,5.1,HIDRAULICA,AGUA,ND,NORMAL,OPERACIÓN,EMPRESA DE ENERGIA DE PEREIRA S.A. E.S.P.,1993-12-31,1994,2026-08-03,0.0,SI,473
LCS1,LA CASCADA (ANTIOQUIA),ANTIOQUIA,05670,SAN ROQUE,Antioquia,-74.94524773669791,6.466121322594473,2.3,HIDRAULICA,AGUA,ND,NORMAL,OPERACIÓN,VATIA S.A. E.S.P.,2007-07-16,2007,2026-08-03,0.001,SI,68
LMR1,EL LIMONAR,CUNDINAMARCA,25645,SAN ANTONIO DEL TEQUENDAMA,Centro,-74.34490348911615,4.599741063787057,18.0,HIDRAULICA,AGUA,ND,NORMAL,OPERACIÓN,ENEL COLOMBIA SA ESP,2003-12-05,2003,2026-08-03,0.0,SI,365
LNN1,LA UNION 1,ATLÁNTICO,08001,BARRANQUILLA,Caribe,-74.82774550660668,10.981524582561143,8.0,TERMICA,GAS,DC,NORMAL,INACTIVO,ELECTRIFICADORA DEL ATLANTICO S.A. E.S.P.,1970-12-31,1971,2026-08-03,0.0,NO,98
LNN2,LA UNION 2,ATLÁNTICO,08001,BARRANQUILLA,Caribe,-74.82774550660668,10.981524582561143,9.0,TERMICA,GAS,DC,NORMAL,INACTIVO,ELECTRIFICADORA DEL ATLANTICO S.A. E.S.P.,1970-12-31,1971,2026-08-03,0.0,NO,99
LNN3,LA UNION 3,ATLÁNTICO,08001,BARRANQUILLA,Caribe,-74.82774550660668,10.981524582561143,18.0,TERMICA,GAS,DC,NORMAL,INACTIVO,ELECTRIFICADORA DEL ATLANTICO S.A. E.S.P.,1970-12-31,1971,2026-08-03,0.0,NO,100
LNN4,LA UNION 4,ATLÁNTICO,08001,BARRANQUILLA,Caribe,-74.82774550660668,10.981524582561143,9.0,TERMICA,GAS,DC,NORMAL,INACTIVO,ELECTRIFICADORA DEL ATLANTICO S.A. E.S.P.,1970-12-31,1971,2026-08-03,0.0,NO,101
LPLO,RIO PALO,CAUCA,19142,CALOTO,Pacífico,-76.32118995845043,3.0629100947885206,1.44,HIDRAULICA,AGUA,ND,NORMAL,OPERACIÓN,CENTRALES ELECTRICAS DEL CAUCA S.A. E.S.P.,1959-12-31,1960,2026-08-03,0.0,SI,242
LTSJ,LA TASAJERA,ANTIOQUIA,05308,GIRARDOTA,Antioquia,-75.44794124338054,6.3797529997366285,306.0,HIDRAULICA,AGUA,DC,NORMAL,OPERACIÓN,EMPRESAS PUBLICAS DE MEDELLIN E.S.P.,1994-05-19,1994,2026-08-03,7.8124,NO,29
MAN1,INGENIO MANUELITA,VALLE DEL CAUCA,76001,CALI,Pacífico,-76.57650111502525,3.399042676552075,3.5,COGENERADOR,BAGAZO,ND,COGENERADOR,INACTIVO,CELSIA COLOMBIA S.A. E.S.P.,2016-03-16,2016,2026-08-03,0.0,NO,594
MATA,LA MATA,CESAR,20383,LA GLORIA,Caribe,-73.615842734481,8.588082789891736,80.0,SOLAR,RAD SOLAR,DC,NORMAL,OPERACIÓN,SPK LA MATA S.A.S E.S.P,2024-06-26,2024,2026-08-03,0.0,NO,262
MIR1,MIROLINDO,TOLIMA,73001,IBAGUÉ,Centro,-75.2526057216586,4.451927493294694,3.75,HIDRAULICA,AGUA,ND,NORMAL,OPERACIÓN,HIDROTOLIMA S.A. E.S.P.,2004-11-02,2004,2026-08-03,0.0,SI,574
MNC1,MUNICIPAL,CALDAS,17001,MANIZALES,Eje Cafetero,-75.50729572535269,5.083438748349718,1.4,HIDRAULICA,AGUA,ND,NORMAL,OPERACIÓN,EMPRESAS PUBLICAS DE MEDELLIN E.S.P.,1934-12-31,1935,2026-08-03,0.0,SI,188
MND1,MONDOMO,CAUCA,19698,SANTANDER DE QUILICHAO,Pacífico,-76.49874409423688,2.9844613545513328,0.75,HIDRAULICA,AGUA,ND,NORMAL,OPERACIÓN,CENTRALES ELECTRICAS DEL CAUCA S.A. E.S.P.,1957-12-31,1958,2026-08-03,0.0,SI,228
MNT1,MANANTIALES,ANTIOQUIA,05001,MEDELLÍN,Antioquia,-75.6110393232332,6.257590449778692,3.15,HIDRAULICA,AGUA,ND,NORMAL,OPERACIÓN,EMPRESAS PUBLICAS DE MEDELLIN E.S.P.,1991-12-31,1992,2026-08-03,0.633,SI,49
MOY1,AMOYA LA ESPERANZA,TOLIMA,73168,CHAPARRAL,Centro,-75.58988629825859,3.7437088586962743,80.0,HIDRAULICA,AGUA,DC,FILO DE AGUA,OPERACIÓN,ISAGEN S.A. E.S.P.,2013-05-23,2013,2026-08-03,4.8544,NO,547
MRL1,MERILECTRICA 1,SANTANDER,68081,BARRANCABERMEJA,Oriente,-73.78214388864318,7.054058477215098,164.0,TERMICA,GAS,DC,NORMAL,OPERACIÓN,CELSIA COLOMBIA S.A. E.S.P.,1998-02-04,1998,2026-08-03,9.0003,NO,490
NAV1,LA NAVETA,CUNDINAMARCA,25599,APULO,Centro,-74.59132843229563,4.537693457656349,4.8,HIDRAULICA,AGUA,ND,NORMAL,OPERACIÓN,IAC ENERGY S.A.S. E.S.P.,2014-11-26,2014,2026-08-03,0.1529,SI,356
NIM1,NIMA,VALLE DEL CAUCA,76001,CALI,Pacífico,-76.57650111502525,3.399042676552075,6.7,HIDRAULICA,AGUA,ND,NORMAL,OPERACIÓN,COMPAÑÍA ELÉCTRICA DE SOCHAGOTA  S.A.S. E.S.P.,1941-12-31,1942,2026-08-03,0.0,SI,593
NQU1,NIQUIA,ANTIOQUIA,05088,BELLO,Antioquia,-75.58977499936405,6.358885308060002,19.0,HIDRAULICA,AGUA,ND,NORMAL,OPERACIÓN,EMPRESAS PUBLICAS DE MEDELLIN E.S.P.,1993-06-27,1993,2026-08-03,3.276,SI,12
NTB1,NUTIBARA,ANTIOQUIA,05001,MEDELLÍN,Antioquia,-75.6110393232332,6.257590449778692,0.75,HIDRAULICA,AGUA,ND,GEN. DISTRIBUIDA,OPERACIÓN,EMPRESAS PUBLICAS DE MEDELLIN E.S.P.,1996-12-31,1997,2026-08-03,1.125,SI,50
OVJ1,OVEJAS,CAUCA,19110,BUENOS AIRES,Pacífico,-76.62120008072309,2.9889957618230945,0.82,HIDRAULICA,AGUA,ND,GEN. DISTRIBUIDA,OPERACIÓN,CENTRALES ELECTRICAS DEL CAUCA S.A. E.S.P.,1938-12-31,1939,2026-08-03,0.0,SI,239
PBL1,PIEDRAS BLANCAS,ANTIOQUIA,05001,MEDELLÍN,Antioquia,-75.6110393232332,6.257590449778692,5.0,HIDRAULICA,AGUA,ND,NORMAL,INACTIVO,EMPRESAS PUBLICAS DE MEDELLIN E.S.P.,1899-12-31,1900,2026-08-03,0.0,SI,46
PES1,ITUANGO,ANTIOQUIA,05361,ITUANGO,Antioquia,-75.6787576505323,7.339172187710507,1200.0,HIDRAULICA,AGUA,DC,NORMAL,OPERACIÓN,EMPRESAS PUBLICAS DE MEDELLIN E.S.P.,2022-11-30,2022,2026-08-03,1.7252,NO,36
PGUG,PAGUA,CUNDINAMARCA,25386,LA MESA,Centro,-74.4732199646674,4.650772424841578,600.0,HIDRAULICA,AGUA,DC,NORMAL,OPERACIÓN,ENEL COLOMBIA SA ESP,1986-11-30,1986,2026-08-03,16.0307,NO,345
PIC1,INGENIO PICHICHI 1,VALLE DEL CAUCA,76318,GUACARÍ,Pacífico,-76.34507979456524,3.7593173807880835,0.0,COGENERADOR,BAGAZO,ND,COGENERADOR,OPERACIÓN,EMPRESA DE ENERGIA DE PEREIRA S.A. E.S.P.,2010-01-25,2010,2026-08-03,0.0,NO,583
PJR1,PAJARITO,ANTIOQUIA,05887,YARUMAL,Antioquia,-75.47947382296735,6.933153152177147,13.2,HIDRAULICA,AGUA,ND,NORMAL,OPERACIÓN,EMPRESAS PUBLICAS DE MEDELLIN E.S.P.,1999-11-24,1999,2026-08-03,1.8726,SI,86
PLM1,PALMAS SAN GIL,SANTANDER,68679,SAN GIL,Oriente,-73.11887822956778,6.550776294791495,15.0,HIDRAULICA,AGUA,ND,NORMAL,OPERACIÓN,EMPRESAS PUBLICAS DE MEDELLIN E.S.P.,1953-12-31,1954,2026-08-03,0.0,SI,484
PLQ3,PALENQUE 3,SANTANDER,68307,GIRÓN,Oriente,-73.20521846949393,6.976659418505624,13.0,TERMICA,GAS,DC,NORMAL,INACTIVO,ELECTRIFICADORA DE SANTANDER S.A. E.S.P.,1971-12-31,1972,2026-08-03,14.3162,NO,502
PLQ4,PALENQUE 4,SANTANDER,68307,GIRÓN,Oriente,-73.20521846949393,6.976659418505624,14.0,TERMICA,GAS,DC,NORMAL,INACTIVO,ELECTRIFICADORA DE SANTANDER S.A. E.S.P.,1995-07-19,1995,2026-08-03,0.0,NO,503
PLU1,URRAO,ANTIOQUIA,05847,URRAO,Antioquia,-76.2590844022003,6.335349033143072,1.03,HIDRAULICA,AGUA,ND,NORMAL,OPERACIÓN,SANTA FE ENERGY ZOMAC S.A.S. E.S.P.,2007-07-29,2007,2026-08-03,0.0,SI,85
PLYS,PLAYAS,ANTIOQUIA,05649,SAN CARLOS,Antioquia,-74.90721931184886,6.193890354630417,207.0,HIDRAULICA,AGUA,DC,NORMAL,OPERACIÓN,EMPRESAS PUBLICAS DE MEDELLIN E.S.P.,1988-07-31,1988,2026-08-03,1.7338,NO,64
PMR1,REMEDIOS,ANTIOQUIA,05604,REMEDIOS,Antioquia,-74.55690753921293,6.998128639519031,0.75,HIDRAULICA,AGUA,ND,NORMAL,OPERACIÓN,COMPAÑÍA INTEGRAL ENERGETICA S.A.S E.S.P,2007-09-18,2007,2026-08-03,0.0,SI,53
PNC1,COGENERADOR PROENCA,CAUCA,19142,CALOTO,Pacífico,-76.32118995845043,3.0629100947885206,19.9,COGENERADOR,CARBON,ND,COGENERADOR,OPERACIÓN,PROYECTOS ENERGETICOS DEL CAUCA S.A. E.S.P.,2014-04-28,2014,2026-08-03,0.0,NO,241
PORO,PARQUE SOLAR PUERTA DE ORO,CUNDINAMARCA,25320,GUADUAS,Centro,-74.64014234841376,5.1735388538606415,300.0,SOLAR,RAD SOLAR,DC,NORMAL,OPERACIÓN,PARQUE SOLAR PUERTA DE ORO S.A.S. E.S.P.,2026-07-03,2026,2026-08-03,0.0,NO,350
PPA1,PAIPA 1,BOYACÁ,15516,PAIPA,Centro,-73.13773828672808,5.761995420776309,36.0,TERMICA,CARBON,DC,NORMAL,OPERACIÓN,GESTION ENERGETICA S.A. E.S.P.,1962-12-31,1963,2026-08-03,12.4335,NO,182
PPA2,PAIPA 2,BOYACÁ,15516,PAIPA,Centro,-73.13773828672808,5.761995420776309,72.0,TERMICA,CARBON,DC,NORMAL,OPERACIÓN,GESTION ENERGETICA S.A. E.S.P.,1974-12-31,1975,2026-08-03,10.5569,NO,183
PPA3,PAIPA 3,BOYACÁ,15516,PAIPA,Centro,-73.13773828672808,5.761995420776309,70.0,TERMICA,CARBON,DC,NORMAL,OPERACIÓN,GESTION ENERGETICA S.A. E.S.P.,1982-05-05,1982,2026-08-03,11.4369,NO,184
PPA4,PAIPA 4,BOYACÁ,15516,PAIPA,Centro,-73.13773828672808,5.761995420776309,165.0,TERMICA,CARBON,DC,NORMAL,OPERACIÓN,COMPAÑÍA ELÉCTRICA DE SOCHAGOTA  S.A.S. E.S.P.,1999-01-07,1999,2026-08-03,9.2991,NO,181
PPN1,PAPELES NACIONALES,RISARALDA,66001,PEREIRA,Eje Cafetero,-75.79580494960125,4.803591185489485,0.0,COGENERADOR,GAS,ND,COGENERADOR,OPERACIÓN,ENERCO S.A. E.S.P.,2009-02-04,2009,2026-08-03,0.0,NO,476
PRC2,PORCE II,ANTIOQUIA,05031,AMALFI,Antioquia,-74.98129809431317,6.977657056943432,405.0,HIDRAULICA,AGUA,DC,NORMAL,OPERACIÓN,EMPRESAS PUBLICAS DE MEDELLIN E.S.P.,2001-04-07,2001,2026-08-03,2.1415,NO,4
PRC3,PORCE III,ANTIOQUIA,05040,ANORÍ,Antioquia,-75.10852543154942,7.193075754100771,700.0,HIDRAULICA,AGUA,DC,NORMAL,OPERACIÓN,EMPRESAS PUBLICAS DE MEDELLIN E.S.P.,2011-02-08,2011,2026-08-03,3.0578,NO,7
PRD4,PRADO IV,TOLIMA,73563,PRADO,Centro,-74.87248415934438,3.7291661796478808,6.5,HIDRAULICA,AGUA,ND,NORMAL,OPERACIÓN,CELSIA COLOMBIA S.A. E.S.P.,1973-02-28,1973,2026-08-03,0.4904,SI,542
PRDO,PRADO,TOLIMA,73563,PRADO,Centro,-74.87248415934438,3.7291661796478808,51.0,HIDRAULICA,AGUA,DC,NORMAL,OPERACIÓN,CELSIA COLOMBIA S.A. E.S.P.,1973-02-28,1973,2026-08-03,0.4983,NO,541
PRF1,PURIFICACION,TOLIMA,73585,PURIFICACIÓN,Centro,-74.87451916378946,3.8542834829993184,8.0,TERMICA,GAS,ND,NORMAL,INACTIVO,SURENERGY S.A.S. E.S.P.,2014-11-24,2014,2026-08-03,11.148,SI,544
PRG1,PROELECTRICA 1,BOLÍVAR,13001,CARTAGENA DE INDIAS,Caribe,-75.45921916563543,10.46297167339698,45.0,TERMICA,GAS,DC,NORMAL,OPERACIÓN,PROELECTRICA S.A.S E.S.P.,1993-06-30,1993,2026-08-03,8.2719,NO,153
PRG2,PROELECTRICA 2,BOLÍVAR,13001,CARTAGENA DE INDIAS,Caribe,-75.45921916563543,10.46297167339698,45.0,TERMICA,GAS,DC,NORMAL,OPERACIÓN,PROELECTRICA S.A.S E.S.P.,1993-06-30,1993,2026-08-03,8.0707,NO,154
PRV1,PROVIDENCIA,ANTIOQUIA,05040,ANORÍ,Antioquia,-75.10852543154942,7.193075754100771,4.9,HIDRAULICA,AGUA,ND,NORMAL,OPERACIÓN,HZ ENERGY S.A.S. E.S.P.,2015-09-29,2015,2026-08-03,0.1,SI,9
PST1,PASTALES,TOLIMA,73001,IBAGUÉ,Centro,-75.2526057216586,4.451927493294694,0.7,HIDRAULICA,AGUA,ND,GEN. DISTRIBUIDA,OPERACIÓN,HIDROTOLIMA S.A. E.S.P.,2004-02-17,2004,2026-08-03,0.0,SI,573
PSUA,PARQUE SOLAR URRA,CÓRDOBA,23807,TIERRALTA,Caribe,-76.16860433354293,7.813718028791414,20.0,SOLAR,RAD SOLAR,DC,NORMAL,PRUEBAS,EMPRESA URRA S.A. E.S.P.,2025-12-03,2025,2026-08-03,0.0,NO,307
PTA1,LA PITA,HUILA,41298,GARZÓN,Centro,-75.57132315707841,2.172434492519069,1.42,HIDRAULICA,AGUA,ND,NORMAL,OPERACIÓN,ELECTRIFICADORA DEL HUILA S.A. E.S.P.,1964-12-31,1965,2026-08-03,0.0,SI,384
PTC1,PATICO - LA CABRERA,CAUCA,19001,POPAYÁN,Pacífico,-76.59196294974929,2.4717135479762526,1.48,HIDRAULICA,AGUA,ND,NORMAL,OPERACIÓN,FUENTES DE ENERGIAS RENOVABLES S.A.S. E.S.P.,1929-12-31,1930,2026-08-03,0.0,SI,232
PTG1,PUENTE GUILLERMO,SANTANDER,68572,PUENTE NACIONAL,Oriente,-73.67841854402428,5.831127146399959,4.2,HIDRAULICA,AGUA,ND,NORMAL,OPERACIÓN,ENERCO S.A. E.S.P.,2001-08-31,2001,2026-08-03,0.0,SI,478
QUI1,EL QUIMBO,HUILA,41306,GIGANTE,Centro,-75.51700243729073,2.3717781192842877,400.0,HIDRAULICA,AGUA,DC,NORMAL,OPERACIÓN,ENEL COLOMBIA SA ESP,2015-11-15,2015,2026-08-03,1.0934,NO,385
RBB1,RIO BOBO,CAUCA,19701,SANTA ROSA,Pacífico,-76.53882272726791,1.5200322654218965,4.0,HIDRAULICA,AGUA,ND,NORMAL,OPERACIÓN,CENTRALES ELECTRICAS DE NARIÑO S.A. E.S.P.,1959-12-31,1960,2026-08-03,0.0,SI,224
RBJ1,RIO ABAJO,ANTIOQUIA,05674,SAN VICENTE FERRER,Antioquia,-75.327403588857,6.310386222680916,0.9,HIDRAULICA,AGUA,ND,NORMAL,INACTIVO,EMPRESAS PUBLICAS DE MEDELLIN E.S.P.,1946-12-31,1947,2026-08-03,0.0,SI,71
RCIO,RIO RECIO,TOLIMA,73408,LÉRIDA,Centro,-74.9233732456049,4.866033120463978,0.984,HIDRAULICA,AGUA,ND,GEN. DISTRIBUIDA,OPERACIÓN,HIDROTOLIMA S.A. E.S.P.,1958-10-31,1958,2026-08-03,0.0,SI,546
RCL1,RIO CALI,VALLE DEL CAUCA,76001,CALI,Pacífico,-76.57650111502525,3.399042676552075,1.8,HIDRAULICA,AGUA,ND,NORMAL,OPERACIÓN,COMPAÑÍA ELÉCTRICA DE SOCHAGOTA  S.A.S. E.S.P.,1924-12-31,1925,2026-08-03,0.0,SI,595
RFR1,RIO FRIO I,VALLE DEL CAUCA,76616,RIOFRÍO,Pacífico,-76.37106671386327,4.10949608241408,1.67,HIDRAULICA,AGUA,ND,NORMAL,OPERACIÓN,COMPAÑÍA ELÉCTRICA DE SOCHAGOTA  S.A.S. E.S.P.,1953-12-31,1954,2026-08-03,0.0,SI,625
RFR2,RIO FRIO II,VALLE DEL CAUCA,76616,RIOFRÍO,Pacífico,-76.37106671386327,4.10949608241408,10.0,HIDRAULICA,AGUA,ND,NORMAL,OPERACIÓN,COMPAÑIA DE ELECTRICIDAD DE TULUA S.A. E.S.P.,1995-12-31,1996,2026-08-03,0.0,SI,626
RGR1,RIO GRANDE,ANTIOQUIA,05237,DONMATÍAS,Antioquia,-75.42240661833321,6.492465891956638,0.3,HIDRAULICA,AGUA,ND,GEN. DISTRIBUIDA,OPERACIÓN,EMPRESAS PUBLICAS DE MEDELLIN E.S.P.,2007-11-30,2007,2026-08-03,0.0,SI,25
RGRN,RIOGRANDE I,ANTIOQUIA,05237,DONMATÍAS,Antioquia,-75.42240661833321,6.492465891956638,19.0,HIDRAULICA,AGUA,ND,NORMAL,OPERACIÓN,EMPRESAS PUBLICAS DE MEDELLIN E.S.P.,1955-12-31,1956,2026-08-03,2.9147,SI,26
RIN1,RIO INGENIO,NARIÑO,52683,SANDONÁ,Pacífico,-77.45670329899714,1.2881079418036254,0.18,HIDRAULICA,AGUA,ND,NORMAL,INACTIVO,CENTRALES ELECTRICAS DE NARIÑO S.A. E.S.P.,1957-12-31,1958,2026-08-03,0.0,SI,442
RMAR,RIOMAR 1,ATLÁNTICO,08001,BARRANQUILLA,Caribe,-74.82774550660668,10.981524582561143,9.0,TERMICA,GAS,DC,NORMAL,INACTIVO,ELECTRIFICADORA DEL ATLANTICO S.A. E.S.P.,1995-07-19,1995,2026-08-03,0.0,NO,102
RMR1,RUMOR,VALLE DEL CAUCA,76834,TULUÁ,Pacífico,-76.0325294150837,4.028420260976358,2.5,HIDRAULICA,AGUA,ND,NORMAL,OPERACIÓN,COMPAÑÍA ELÉCTRICA DE SOCHAGOTA  S.A.S. E.S.P.,1998-12-31,1999,2026-08-03,0.34,SI,631
RMYO,RIO MAYO,NARIÑO,52693,SAN PABLO,Pacífico,-76.97528454281753,1.6815773257279516,19.8,HIDRAULICA,AGUA,ND,NORMAL,OPERACIÓN,CENTRALES ELECTRICAS DE NARIÑO S.A. E.S.P.,1995-07-19,1995,2026-08-03,1.7,SI,441
RNG1,RIONEGRO,CUNDINAMARCA,25572,PUERTO SALGAR,Centro,-74.58020125092018,5.619734540918975,10.2,HIDRAULICA,AGUA,ND,NORMAL,OPERACIÓN,ESPACIO PRODUCTIVO S.A.S. E.S.P.,1974-12-31,1975,2026-08-03,0.0,SI,358
RPD1,RIO PIEDRAS,ANTIOQUIA,05368,JERICÓ,Antioquia,-75.7648876440231,5.769816302545644,19.9,HIDRAULICA,AGUA,ND,NORMAL,OPERACIÓN,CELSIA COLOMBIA S.A. E.S.P.,2000-03-30,2000,2026-08-03,5.88,NO,39
RPL1,INGENIO RIOPAILA 1,VALLE DEL CAUCA,76895,ZARZAL,Pacífico,-76.050658129641,4.353596536214248,16.0,COGENERADOR,BAGAZO,ND,COGENERADOR,OPERACIÓN,RIOPAILA ENERGÍA S.A.S. E.S.P.,2018-05-20,2018,2026-08-03,0.0,NO,635
RUB1,TERMOEBR,META,50568,PUERTO GAITÁN,Oriente,-71.63159652560698,4.004998742624762,19.0,TERMICA,CRUDO,DC,NORMAL,INACTIVO,PROELECTRICA S.A.S E.S.P.,2022-12-24,2022,2026-08-03,8.49,NO,418
SAN1,SAN ANTONIO,BOGOTÁ. D.C.,11001,BOGOTÁ. D.C.,Centro,-74.18113609108002,4.315974976392684,19.4,HIDRAULICA,AGUA,ND,NORMAL,INACTIVO,ENEL COLOMBIA SA ESP,2003-08-21,2003,2026-08-03,3.6,SI,148
SBA1,SUBA,BOGOTÁ. D.C.,11001,BOGOTÁ. D.C.,Centro,-74.18113609108002,4.315974976392684,2.6,HIDRAULICA,AGUA,ND,NORMAL,OPERACIÓN,ENEL COLOMBIA SA ESP,2013-04-14,2013,2026-08-03,0.944,SI,149
SFC1,SAN FRANCISCO (PUTUMAYO),PUTUMAYO,86755,SAN FRANCISCO,Amazonía,-76.84727327266177,1.1360709334550874,0.468,HIDRAULICA,AGUA,ND,NORMAL,OPERACIÓN,SIGMA2 COMERCIALIZADORA  DE ENERGIA ELECTRICA SAS ESP,2012-12-14,2012,2026-08-03,0.0,SI,463
SJM1,SAN JOSE DE LA MONTAÑA,ANTIOQUIA,05658,SAN JOSÉ DE LA MONTAÑA,Antioquia,-75.67770924573276,6.8232575991713444,0.4,HIDRAULICA,AGUA,ND,GEN. DISTRIBUIDA,OPERACIÓN,EMPRESA DE GENERACION Y PROMOCION DE ENERGIA DE ANTIOQUIA S.A. E.S.P.,2007-07-29,2007,2026-08-03,0.0,SI,58
SJN1,SAJANDI,CAUCA,19532,PATÍA,Pacífico,-77.04684557984892,2.158148058676977,3.2,HIDRAULICA,AGUA,ND,NORMAL,OPERACIÓN,CENTRALES ELECTRICAS DEL CAUCA S.A. E.S.P.,1994-12-31,1995,2026-08-03,0.0,SI,233
SJOG,SAN JOSE,CALDAS,17541,PENSILVANIA,Eje Cafetero,-75.16700059658166,5.407100374806905,0.38,HIDRAULICA,AGUA,ND,GEN. DISTRIBUIDA,OPERACIÓN,FUENTES DE ENERGIAS RENOVABLES S.A.S. E.S.P.,2003-11-15,2003,2026-08-03,0.0001,SI,201
SLV1,SILVIA,CAUCA,19743,SILVIA,Pacífico,-76.35058660696332,2.651290206521961,0.38,HIDRAULICA,AGUA,ND,NORMAL,OPERACIÓN,CENTRALES ELECTRICAS DEL CAUCA S.A. E.S.P.,1993-12-31,1994,2026-08-03,0.0,SI,223
SLVJ,SALVAJINA,CAUCA,19780,SUÁREZ,Pacífico,-76.74582692780312,2.936863439479108,315.0,HIDRAULICA,AGUA,DC,NORMAL,OPERACIÓN,CELSIA COLOMBIA S.A. E.S.P.,1995-07-19,1995,2026-08-03,0.8611,NO,221
SMI1,SAN MIGUEL,ANTIOQUIA,05660,SAN LUIS,Antioquia,-75.00666565282792,6.023950666744518,50.0,HIDRAULICA,AGUA,DC,FILO DE AGUA,OPERACIÓN,ISAGEN S.A. E.S.P.,2015-12-22,2015,2026-08-03,1.4933,NO,66
SNC1,SAN CANCIO,CALDAS,17001,MANIZALES,Eje Cafetero,-75.50729572535269,5.083438748349718,2.0,HIDRAULICA,AGUA,ND,NORMAL,OPERACIÓN,EMPRESAS PUBLICAS DE MEDELLIN E.S.P.,1928-12-31,1929,2026-08-03,0.0,SI,190
SNCR,SAN CARLOS,ANTIOQUIA,05649,SAN CARLOS,Antioquia,-74.90721931184886,6.193890354630417,1240.0,HIDRAULICA,AGUA,DC,NORMAL,OPERACIÓN,ISAGEN S.A. E.S.P.,1984-01-19,1984,2026-08-03,5.3998,NO,63
SNFR,SAN FRANCISCO,CALDAS,17174,CHINCHINÁ,Eje Cafetero,-75.65947221747075,4.974349407789829,135.0,HIDRAULICA,AGUA,DC,FILO DE AGUA,OPERACIÓN,EMPRESAS PUBLICAS DE MEDELLIN E.S.P.,1968-12-31,1969,2026-08-03,1.5781,NO,198
SNS1,SONSON,ANTIOQUIA,05756,SONSÓN,Antioquia,-74.83647396542132,5.8263991239395905,18.5,HIDRAULICA,AGUA,ND,NORMAL,OPERACIÓN,EMPRESAS PUBLICAS DE MEDELLIN E.S.P.,2002-05-31,2002,2026-08-03,0.0,SI,79
SNT1,SANTA ANA,CUNDINAMARCA,25839,UBALÁ,Centro,-73.47654901977104,4.803804072868425,8.0,HIDRAULICA,AGUA,ND,NORMAL,OPERACIÓN,ENEL COLOMBIA SA ESP,2005-06-08,2005,2026-08-03,0.0,SI,372
SOG1,SOGAMOSO,SANTANDER,68307,GIRÓN,Oriente,-73.20521846949393,6.976659418505624,819.0,HIDRAULICA,AGUA,DC,NORMAL,OPERACIÓN,ISAGEN S.A. E.S.P.,2014-12-19,2014,2026-08-03,1.3971,NO,500
SOGP,SOGAMOSO_P,SANTANDER,68307,GIRÓN,Oriente,-73.20521846949393,6.976659418505624,546.0,HIDRAULICA,AGUA,DC,NORMAL,INACTIVO,ISAGEN S.A. E.S.P.,2014-12-30,2014,2026-08-03,1.3047,NO,501
SPY1,RIO SAPUYES,NARIÑO,52838,TÚQUERRES,Pacífico,-77.63072948490155,1.1344792051867951,1.65,HIDRAULICA,AGUA,ND,NORMAL,OPERACIÓN,CENTRALES ELECTRICAS DE NARIÑO S.A. E.S.P.,1953-12-31,1954,2026-08-03,0.0,SI,435
SRA1,SANTA RITA,ANTIOQUIA,05034,ANDES,Antioquia,-75.94096874828527,5.60505284350165,1.3,HIDRAULICA,AGUA,ND,NORMAL,OPERACIÓN,EMPRESA DE GENERACION Y PROMOCION DE ENERGIA DE ANTIOQUIA S.A. E.S.P.,2010-08-17,2010,2026-08-03,0.675,SI,6
STG1,SANTIAGO,ANTIOQUIA,05690,SANTO DOMINGO,Antioquia,-75.14259391537296,6.48105484713417,2.8,HIDRAULICA,AGUA,ND,NORMAL,OPERACIÓN,HIDROTOLIMA S.A. E.S.P.,2011-01-07,2011,2026-08-03,2.8,SI,77
SUV1,SUEVA 2,CUNDINAMARCA,25372,JUNÍN,Centro,-73.69247725743048,4.705165164384368,6.0,HIDRAULICA,AGUA,ND,NORMAL,OPERACIÓN,CEMEX ENERGY S.A.S E.S.P.,2002-05-23,2002,2026-08-03,0.0,SI,347
TBQ3,BARRANQUILLA 3,ATLÁNTICO,08758,SOLEDAD,Caribe,-74.77842616214787,10.90690738365588,60.0,TERMICA,GAS,DC,NORMAL,OPERACIÓN,TERMOBARRANQUILLA S.A. EMPRESA DE SERVICIOS PUBLICOS,1979-12-31,1980,2026-08-03,10.426,NO,126
TBQ4,BARRANQUILLA 4,ATLÁNTICO,08758,SOLEDAD,Caribe,-74.77842616214787,10.90690738365588,60.0,TERMICA,GAS,DC,NORMAL,OPERACIÓN,TERMOBARRANQUILLA S.A. EMPRESA DE SERVICIOS PUBLICOS,1979-12-31,1980,2026-08-03,11.6696,NO,127
TBST,TEBSAB CC,ATLÁNTICO,08758,SOLEDAD,Caribe,-74.77842616214787,10.90690738365588,791.0,TERMICA,GAS,DC,CICLO COMBINADO,OPERACIÓN,TERMOBARRANQUILLA S.A. EMPRESA DE SERVICIOS PUBLICOS,1989-10-20,1989,2026-08-03,7.1898,NO,125
TBU1,TIBU 1,NORTE DE SANTANDER,54810,TIBÚ,Oriente,-72.79917960805929,8.713402396207716,5.0,TERMICA,DIESEL MAR,DC,NORMAL,INACTIVO,CENTRALES ELECTRICAS DEL NORTE DE SANTANDER S.A. E.S.P.,1964-12-31,1965,2026-08-03,0.0,NO,459
TBU2,TIBU 2,NORTE DE SANTANDER,54810,TIBÚ,Oriente,-72.79917960805929,8.713402396207716,5.0,TERMICA,DIESEL MAR,DC,NORMAL,INACTIVO,CENTRALES ELECTRICAS DEL NORTE DE SANTANDER S.A. E.S.P.,1964-12-31,1965,2026-08-03,0.0,NO,460
TBU3,TIBU 3,NORTE DE SANTANDER,54810,TIBÚ,Oriente,-72.79917960805929,8.713402396207716,5.0,TERMICA,DIESEL MAR,DC,NORMAL,INACTIVO,CENTRALES ELECTRICAS DEL NORTE DE SANTANDER S.A. E.S.P.,1964-12-31,1965,2026-08-03,0.0,NO,461
TCBE,TERMOCARIBE III 1,BOLÍVAR,13683,SANTA ROSA DE LIMA,Caribe,-75.3611643147102,10.469205330748293,52.0,TERMICA,GAS,DC,NORMAL,OPERACIÓN,TERMO CARIBE S.A.S. E.S.P.,2024-03-20,2024,2026-08-03,8.597,NO,175
TCDT,TERMOCANDELARIA CC,BOLÍVAR,13001,CARTAGENA DE INDIAS,Caribe,-75.45921916563543,10.46297167339698,555.0,TERMICA,GAS,DC,CICLO COMBINADO,OPERACIÓN,TERMOCANDELARIA S.A.S. - E.S.P. ,2023-10-26,2023,2026-08-03,6.488,NO,160
TDR1,TERMODORADA 1,CALDAS,17380,LA DORADA,Eje Cafetero,-74.72047678624584,5.410655327766446,48.0,TERMICA,GAS,DC,NORMAL,OPERACIÓN,EMPRESAS PUBLICAS DE MEDELLIN E.S.P.,1997-08-10,1997,2026-08-03,9.487,NO,192
TEC1,TERMOEMCALI CC,VALLE DEL CAUCA,76520,PALMIRA,Pacífico,-76.22786086762281,3.558395439731676,229.0,TERMICA,GAS,DC,CICLO COMBINADO,OPERACIÓN,TERMOEMCALI I S.A E.S.P,1999-07-15,1999,2026-08-03,6.9386,NO,620
TFL1,FLORES I CC,ATLÁNTICO,08001,BARRANQUILLA,Caribe,-74.82774550660668,10.981524582561143,160.0,TERMICA,GAS,DC,CICLO COMBINADO,OPERACIÓN,ENFRAGEN TERMOFLORES S.A.S. E.S.P.,1993-10-31,1993,2026-08-03,7.267,NO,110
TFL4,FLORES 4 CC,ATLÁNTICO,08001,BARRANQUILLA,Caribe,-74.82774550660668,10.981524582561143,445.0,TERMICA,GAS,DC,CICLO COMBINADO,OPERACIÓN,ENFRAGEN TERMOFLORES S.A.S. E.S.P.,2010-11-30,2010,2026-08-03,7.0066,NO,109
TGJ1,GUAJIRA 1,LA GUAJIRA,44090,DIBULLA,Caribe,-73.43572377678287,11.090322650319312,145.0,TERMICA,CARBON,DC,NORMAL,OPERACIÓN,GENERADORA Y COMERCIALIZADORA DE ENERGIA DEL CARIBE S.A. E.S.P.,1983-08-07,1983,2026-08-03,10.1549,NO,390
TGJ2,GUAJIRA 2,LA GUAJIRA,44090,DIBULLA,Caribe,-73.43572377678287,11.090322650319312,130.0,TERMICA,MEZCLA GAS - CARBÓN,DC,NORMAL,OPERACIÓN,GENERADORA Y COMERCIALIZADORA DE ENERGIA DEL CARIBE S.A. E.S.P.,1987-11-22,1987,2026-08-03,10.216,NO,391
TIN1,LA TINTA,CUNDINAMARCA,25386,LA MESA,Centro,-74.4732199646674,4.650772424841578,19.4,HIDRAULICA,AGUA,ND,NORMAL,INACTIVO,ENEL COLOMBIA SA ESP,2003-12-05,2003,2026-08-03,0.0,SI,343
TMB1,TERMOBOLIVAR 1,BOYACÁ,15820,TÓPAGA,Centro,-72.83672985281002,5.765350358039838,9.7,TERMICA,GAS,ND,NORMAL,OPERACIÓN,GENERSA S.A.S. E.S.P.,2016-03-03,2016,2026-08-03,0.0,SI,179
TMS1,RIOFRIO (TAMESIS),ANTIOQUIA,05789,TÁMESIS,Antioquia,-75.70980290292009,5.67375220800501,1.0,HIDRAULICA,AGUA,ND,GEN. DISTRIBUIDA,OPERACIÓN,EMPRESAS PUBLICAS DE MEDELLIN E.S.P.,1950-12-31,1951,2026-08-03,0.0,SI,80
TPD1,TERMOPIEDRAS 1,TOLIMA,73547,PIEDRAS,Centro,-74.99875625770589,4.433661587252558,3.75,TERMICA,GAS,ND,NORMAL,OPERACIÓN,TERMOPIEDRAS S.A. E.S.P.,1999-12-29,1999,2026-08-03,0.0001,SI,545
TPUY,PARQUE SOLAR TEPUY,CALDAS,17380,LA DORADA,Eje Cafetero,-74.72047678624584,5.410655327766446,83.0,SOLAR,RAD SOLAR,DC,NORMAL,OPERACIÓN,EMPRESAS PUBLICAS DE MEDELLIN E.S.P.,2024-06-11,2024,2026-08-03,0.0,NO,195
TQD1,TEQUENDAMA,CUNDINAMARCA,25645,SAN ANTONIO DEL TEQUENDAMA,Centro,-74.34490348911615,4.599741063787057,19.4,HIDRAULICA,AGUA,ND,NORMAL,INACTIVO,ENEL COLOMBIA SA ESP,2004-04-09,2004,2026-08-03,0.0,SI,364
TR2G,TRINA-VATIA BSLII,META,50568,PUERTO GAITÁN,Oriente,-71.63159652560698,4.004998742624762,19.9,SOLAR,RAD SOLAR,ND,NORMAL,PRUEBAS,ISAGEN S.A. E.S.P.,2020-10-29,2020,2026-08-03,0.0,SI,421
TR3G,TRINA-VATIA BSLIII,META,50568,PUERTO GAITÁN,Oriente,-71.63159652560698,4.004998742624762,19.9,SOLAR,RAD SOLAR,ND,NORMAL,PRUEBAS,ISAGEN S.A. E.S.P.,2020-10-29,2020,2026-08-03,0.0,SI,423
TRM1,TERMOCENTRO CC,SANTANDER,68190,CIMITARRA,Oriente,-74.17033644071593,6.409707764658692,272.0,TERMICA,GAS,DC,CICLO COMBINADO,OPERACIÓN,GENERADORA TERMOCENTRO S.A.S. E.S.P.,2000-11-29,2000,2026-08-03,7.372,NO,485
TRN1,TERMONORTE,MAGDALENA,47001,SANTA MARTA,Caribe,-73.88523414655936,11.121901082481761,88.0,TERMICA,GAS,DC,NORMAL,OPERACIÓN,TERMONORTE S.A.S. E.S.P.,2018-11-30,2018,2026-08-03,9.1092,NO,401
TSJ1,TASAJERO 1,NORTE DE SANTANDER,54673,SAN CAYETANO,Oriente,-72.6098482097734,7.847790343843861,165.0,TERMICA,CARBON,DC,NORMAL,OPERACIÓN,TERMOTASAJERO S.A. E.S.P.,1985-02-19,1985,2026-08-03,9.96,NO,457
TSJ2,TASAJERO 2,NORTE DE SANTANDER,54673,SAN CAYETANO,Oriente,-72.6098482097734,7.847790343843861,170.0,TERMICA,CARBON,DC,NORMAL,OPERACIÓN,TERMOTASAJERO DOS S.A. E.S.P. ,2015-11-29,2015,2026-08-03,9.9125,NO,453
TSR1,TERMOSIERRA CC,ANTIOQUIA,05585,PUERTO NARE,Antioquia,-74.68409214760523,6.139168288565218,352.0,TERMICA,ACPM,DC,CICLO COMBINADO,OPERACIÓN,EMPRESAS PUBLICAS DE MEDELLIN E.S.P.,1998-02-06,1998,2026-08-03,7.2258,NO,52
TUJ1,TUNJITA,BOYACÁ,15001,TUNJA,Centro,-73.37802199694299,5.518469727812486,21.0,HIDRAULICA,AGUA,DC,FILO DE AGUA,OPERACIÓN,AES COLOMBIA & CIA. S.C.A. E.S.P.,2016-06-29,2016,2026-08-03,2.4655,NO,180
TVL1,TERMOVALLE CC,VALLE DEL CAUCA,76520,PALMIRA,Pacífico,-76.22786086762281,3.558395439731676,237.0,TERMICA,ACPM,DC,CICLO COMBINADO,OPERACIÓN,ENFRAGEN TERMOVALLE S.A.S. EMPRESA DE SERVICIOS PUBLICOS,2011-12-16,2011,2026-08-03,6.991,NO,621
TYP1,TERMOYOPAL 1,CASANARE,85001,YOPAL,Oriente,-72.25798324179046,5.242711687577748,8.0,TERMICA,GAS,DC,NORMAL,OPERACIÓN,TERMOYOPAL GENERACION 2 S.A.S E.S.P.,2020-11-30,2020,2026-08-03,13.5515,NO,211
TYP2,TERMOYOPAL 2,CASANARE,85001,YOPAL,Oriente,-72.25798324179046,5.242711687577748,28.0,TERMICA,GAS,DC,NORMAL,OPERACIÓN,TERMOYOPAL GENERACION 2 S.A.S E.S.P.,2004-07-28,2004,2026-08-03,12.0234,NO,210
TYP3,TERMOYOPAL G3,CASANARE,85001,YOPAL,Oriente,-72.25798324179046,5.242711687577748,50.0,TERMICA,GAS,DC,NORMAL,OPERACIÓN,TERMOYOPAL GENERACION 2 S.A.S E.S.P.,2020-08-30,2020,2026-08-03,8.4932,NO,214
TYP4,TERMOYOPAL G4,CASANARE,85001,YOPAL,Oriente,-72.25798324179046,5.242711687577748,50.0,TERMICA,GAS,DC,NORMAL,OPERACIÓN,TERMOYOPAL GENERACION 2 S.A.S E.S.P.,2020-08-30,2020,2026-08-03,8.3937,NO,215
TYP5,TERMOYOPAL G5,CASANARE,85001,YOPAL,Oriente,-72.25798324179046,5.242711687577748,50.0,TERMICA,GAS,DC,NORMAL,OPERACIÓN,TERMOYOPAL GENERACION 2 S.A.S E.S.P.,2021-02-10,2021,2026-08-03,8.0585,NO,216
UNN1,UNION,QUINDIO,63130,CALARCÁ,Eje Cafetero,-75.65675520435025,4.467876840557189,0.7,HIDRAULICA,AGUA,ND,GEN. DISTRIBUIDA,OPERACIÓN,EMPRESAS PUBLICAS DE CALARCA ESP,1934-12-31,1935,2026-08-03,0.001,SI,471
URA1,URRA,CÓRDOBA,23807,TIERRALTA,Caribe,-76.16860433354293,7.813718028791414,338.0,HIDRAULICA,AGUA,DC,NORMAL,OPERACIÓN,EMPRESA URRA S.A. E.S.P.,2000-02-13,2000,2026-08-03,0.4756,NO,308
USQ1,USAQUEN,BOGOTÁ. D.C.,11001,BOGOTÁ. D.C.,Centro,-74.18113609108002,4.315974976392684,1.8,HIDRAULICA,AGUA,ND,NORMAL,OPERACIÓN,ENEL COLOMBIA SA ESP,2013-04-14,2013,2026-08-03,0.941,SI,150
VLL1,VALLE 1,VALLE DEL CAUCA,76001,CALI,Pacífico,-76.57650111502525,3.399042676552075,39.5,TERMICA,ACPM,DC,NORMAL,INACTIVO,CENTRAL HIDROELECTRICA DE BETANIA S.A. E.S.P.,1993-12-31,1994,2026-08-03,0.0,NO,597
VLT1,LA VUELTA,ANTIOQUIA,05138,CAÑASGORDAS,Antioquia,-76.02689748844887,6.814940709082751,11.6,HIDRAULICA,AGUA,ND,NORMAL,OPERACIÓN,EMPRESAS PUBLICAS DE MEDELLIN E.S.P.,2004-11-21,2004,2026-08-03,0.0,SI,14
VNTA,VENTANA A,TOLIMA,73268,ESPINAL,Centro,-74.89353010225126,4.166478063861027,2.5,HIDRAULICA,AGUA,ND,NORMAL,OPERACIÓN,HIDROTOLIMA S.A. E.S.P.,1957-10-31,1957,2026-08-03,0.0,SI,558
VNTB,VENTANA B,TOLIMA,73268,ESPINAL,Centro,-74.89353010225126,4.166478063861027,2.5,HIDRAULICA,AGUA,ND,NORMAL,OPERACIÓN,HIDROTOLIMA S.A. E.S.P.,1957-10-31,1957,2026-08-03,0.0,SI,559
ZPA2,ZIPAEMG 2,CUNDINAMARCA,25817,TOCANCIPÁ,Centro,-73.92887057794381,4.968852560792271,34.0,TERMICA,CARBON,DC,NORMAL,OPERACIÓN,ENEL COLOMBIA SA ESP,1963-12-31,1964,2026-08-03,10.936,NO,366
ZPA3,ZIPAEMG 3,CUNDINAMARCA,25817,TOCANCIPÁ,Centro,-73.92887057794381,4.968852560792271,63.0,TERMICA,CARBON,DC,NORMAL,OPERACIÓN,ENEL COLOMBIA SA ESP,1975-12-31,1976,2026-08-03,11.7024,NO,367
ZPA4,ZIPAEMG 4,CUNDINAMARCA,25817,TOCANCIPÁ,Centro,-73.92887057794381,4.968852560792271,64.0,TERMICA,CARBON,DC,NORMAL,OPERACIÓN,ENEL COLOMBIA SA ESP,1981-03-31,1981,2026-08-03,11.7106,NO,368
ZPA5,ZIPAEMG 5,CUNDINAMARCA,25817,TOCANCIPÁ,Centro,-73.92887057794381,4.968852560792271,63.0,TERMICA,CARBON,DC,NORMAL,OPERACIÓN,ENEL COLOMBIA SA ESP,1985-12-13,1985,2026-08-03,11.5872,NO,369
ZRG1,ZARAGOZA,SANTANDER,68001,BUCARAMANGA,Oriente,-73.11178713645104,7.155386898226814,1.3,HIDRAULICA,AGUA,ND,NORMAL,INACTIVO,ELECTRIFICADORA DE SANTANDER S.A. E.S.P.,1931-12-31,1932,2026-08-03,0.0,SI,495
