Codigo_Planta,Nombre_Planta_SIMEM,CodigoAreaOperativa,Area_Operativa,CodigoSubAreaOperativa,Subarea_Operativa,TipoGeneracion,TipoDespachoRecurso,CodigoSICAgente,Fecha,FechaPublicacion,Fuente
5J84,AGPE ACEIS FIC48 ZC,Are0002,Area Antioquia,Are0015,SubArea Antioquia,Solar,No Despachado Centralmente,NEUC,2026-08-03,2026-08-03,SIMEM 0bfc9d + 841808 + 10F2C9
4YJW,AGPE AGPE CENTRO EMPRESARIAL DANN FINANCIERA,Are0002,Area Antioquia,Are0015,SubArea Antioquia,Solar,No Despachado Centralmente,GNCC,2026-08-03,2026-08-03,SIMEM 0bfc9d + 841808 + 10F2C9
5EEQ,AGPE AGROFRUT,Are0002,Area Antioquia,Are0015,SubArea Antioquia,Solar,No Despachado Centralmente,EPMC,2026-08-03,2026-08-03,SIMEM 0bfc9d + 841808 + 10F2C9
5E6N,AGPE ALIMENTOS MUNOZ,Are0002,Area Antioquia,Are0015,SubArea Antioquia,Solar,No Despachado Centralmente,GNCC,2026-08-03,2026-08-03,SIMEM 0bfc9d + 841808 + 10F2C9
3C3B,AGPE ANDRES GOMEZ,Are0002,Area Antioquia,Are0015,SubArea Antioquia,Solar,No Despachado Centralmente,NEUC,2026-08-03,2026-08-03,SIMEM 0bfc9d + 841808 + 10F2C9
4WVM,AGPE ARCLAD SA,Are0002,Area Antioquia,Are0015,SubArea Antioquia,Solar,No Despachado Centralmente,EPMC,2026-08-03,2026-08-03,SIMEM 0bfc9d + 841808 + 10F2C9
5F6U,AGPE ARVORE,Are0002,Area Antioquia,Are0015,SubArea Antioquia,Solar,No Despachado Centralmente,GNCC,2026-08-03,2026-08-03,SIMEM 0bfc9d + 841808 + 10F2C9
5CB1,AGPE AURALAC 3,Are0002,Area Antioquia,Are0015,SubArea Antioquia,Solar,No Despachado Centralmente,EPMC,2026-08-03,2026-08-03,SIMEM 0bfc9d + 841808 + 10F2C9
3E6C,AGPE AURELIO LLANO,Are0002,Area Antioquia,Are0015,SubArea Antioquia,Solar,No Despachado Centralmente,NEUC,2026-08-03,2026-08-03,SIMEM 0bfc9d + 841808 + 10F2C9
5E75,AGPE AUTOGAS EDS BOLIVARIANA,Are0002,Area Antioquia,Are0015,SubArea Antioquia,Solar,No Despachado Centralmente,NEUC,2026-08-03,2026-08-03,SIMEM 0bfc9d + 841808 + 10F2C9
4Z4I,AGPE AUTOGAS EDS COLTEJER,Are0002,Area Antioquia,Are0015,SubArea Antioquia,Solar,No Despachado Centralmente,NEUC,2026-08-03,2026-08-03,SIMEM 0bfc9d + 841808 + 10F2C9
5FOX,AGPE AUTOGAS EDS SANTA MARTA,Are0002,Area Antioquia,Are0015,SubArea Antioquia,Solar,No Despachado Centralmente,NEUC,2026-08-03,2026-08-03,SIMEM 0bfc9d + 841808 + 10F2C9
3H2I,AGPE BURO,Are0002,Area Antioquia,Are0015,SubArea Antioquia,Solar,No Despachado Centralmente,ETTC,2026-08-03,2026-08-03,SIMEM 0bfc9d + 841808 + 10F2C9
5C9R,AGPE CALZADO KONDOR,Are0002,Area Antioquia,Are0015,SubArea Antioquia,Solar,No Despachado Centralmente,EPMC,2026-08-03,2026-08-03,SIMEM 0bfc9d + 841808 + 10F2C9
3RGT,AGPE CAM ALCALDIA MEDELLIN,Are0002,Area Antioquia,Are0015,SubArea Antioquia,Solar,No Despachado Centralmente,EPMC,2026-08-03,2026-08-03,SIMEM 0bfc9d + 841808 + 10F2C9
3C3D,AGPE CARLOS ENRIQUE VELEZ,Are0002,Area Antioquia,Are0015,SubArea Antioquia,Solar,No Despachado Centralmente,NEUC,2026-08-03,2026-08-03,SIMEM 0bfc9d + 841808 + 10F2C9
3JDA,AGPE CARLOS PALACIO LLANOGRANDE,Are0002,Area Antioquia,Are0015,SubArea Antioquia,Solar,No Despachado Centralmente,NEUC,2026-08-03,2026-08-03,SIMEM 0bfc9d + 841808 + 10F2C9
3HL2,AGPE CC EL DIAMANTE CLL 52 107,Are0002,Area Antioquia,Are0015,SubArea Antioquia,Solar,No Despachado Centralmente,BIAC,2026-08-03,2026-08-03,SIMEM 0bfc9d + 841808 + 10F2C9
4WVS,AGPE CC EL TESORO,Are0002,Area Antioquia,Are0015,SubArea Antioquia,Solar,No Despachado Centralmente,EPMC,2026-08-03,2026-08-03,SIMEM 0bfc9d + 841808 + 10F2C9
3C4N,AGPE CC PREMIUM PLAZA PH 64929,Are0002,Area Antioquia,Are0015,SubArea Antioquia,Solar,No Despachado Centralmente,ETTC,2026-08-03,2026-08-03,SIMEM 0bfc9d + 841808 + 10F2C9
3C4L,AGPE CC PREMIUM PLAZA PH 70970,Are0002,Area Antioquia,Are0015,SubArea Antioquia,Solar,No Despachado Centralmente,ETTC,2026-08-03,2026-08-03,SIMEM 0bfc9d + 841808 + 10F2C9
3C4R,AGPE CC PREMIUM PLAZA PH 70971,Are0002,Area Antioquia,Are0015,SubArea Antioquia,Solar,No Despachado Centralmente,ETTC,2026-08-03,2026-08-03,SIMEM 0bfc9d + 841808 + 10F2C9
3C4P,AGPE CC PREMIUM PLAZA PH 70972,Are0002,Area Antioquia,Are0015,SubArea Antioquia,Solar,No Despachado Centralmente,ETTC,2026-08-03,2026-08-03,SIMEM 0bfc9d + 841808 + 10F2C9
3C4J,AGPE CC PREMIUM PLAZA PH 70973,Are0002,Area Antioquia,Are0015,SubArea Antioquia,Solar,No Despachado Centralmente,ETTC,2026-08-03,2026-08-03,SIMEM 0bfc9d + 841808 + 10F2C9
3DKZ,AGPE CDL LEONISA,Are0002,Area Antioquia,Are0015,SubArea Antioquia,Solar,No Despachado Centralmente,NEUC,2026-08-03,2026-08-03,SIMEM 0bfc9d + 841808 + 10F2C9
5IMB,AGPE CEDILLANOS,Are0002,Area Antioquia,Are0015,SubArea Antioquia,Solar,No Despachado Centralmente,UNGG,2026-08-03,2026-08-03,SIMEM 0bfc9d + 841808 + 10F2C9
5CAW,AGPE CELSA GUARNE,Are0002,Area Antioquia,Are0015,SubArea Antioquia,Solar,No Despachado Centralmente,EPMC,2026-08-03,2026-08-03,SIMEM 0bfc9d + 841808 + 10F2C9
4Y3Z,AGPE CENTRO COMERCIAL AVENTURA,Are0002,Area Antioquia,Are0015,SubArea Antioquia,Solar,No Despachado Centralmente,EPSC,2026-08-03,2026-08-03,SIMEM 0bfc9d + 841808 + 10F2C9
3HRC,AGPE CENTRO COMERCIAL PUNTO CLAVE,Are0002,Area Antioquia,Are0015,SubArea Antioquia,Solar,No Despachado Centralmente,EPSC,2026-08-03,2026-08-03,SIMEM 0bfc9d + 841808 + 10F2C9
5GEZ,AGPE CENTRO COMERCIAL Y DE SERVICIOS PLAZA BEILLIN PH ID,Are0002,Area Antioquia,Are0015,SubArea Antioquia,Solar,No Despachado Centralmente,GNCC,2026-08-03,2026-08-03,SIMEM 0bfc9d + 841808 + 10F2C9
3R4Y,AGPE CENTRO EMPRESARIAL PALMS AVENUE,Are0002,Area Antioquia,Are0015,SubArea Antioquia,Solar,No Despachado Centralmente,GNCC,2026-08-03,2026-08-03,SIMEM 0bfc9d + 841808 + 10F2C9
3K93,AGPE CI FARMAPLAST,Are0002,Area Antioquia,Are0015,SubArea Antioquia,Solar,No Despachado Centralmente,ETTC,2026-08-03,2026-08-03,SIMEM 0bfc9d + 841808 + 10F2C9
3D3O,AGPE CLINICA SANTA ANA,Are0002,Area Antioquia,Are0015,SubArea Antioquia,Solar,No Despachado Centralmente,NEUC,2026-08-03,2026-08-03,SIMEM 0bfc9d + 841808 + 10F2C9
3B4G,AGPE CLODEL,Are0002,Area Antioquia,Are0015,SubArea Antioquia,Solar,No Despachado Centralmente,NEUC,2026-08-03,2026-08-03,SIMEM 0bfc9d + 841808 + 10F2C9
4V5K,AGPE CMA BLOQUE 31 ZC3,Are0002,Area Antioquia,Are0015,SubArea Antioquia,Solar,No Despachado Centralmente,GNCC,2026-08-03,2026-08-03,SIMEM 0bfc9d + 841808 + 10F2C9
4V58,AGPE CMA BLOQUE 31 ZC4,Are0002,Area Antioquia,Are0015,SubArea Antioquia,Solar,No Despachado Centralmente,GNCC,2026-08-03,2026-08-03,SIMEM 0bfc9d + 841808 + 10F2C9
3E6A,AGPE COLOMBIANA DE PET,Are0002,Area Antioquia,Are0015,SubArea Antioquia,Solar,No Despachado Centralmente,NEUC,2026-08-03,2026-08-03,SIMEM 0bfc9d + 841808 + 10F2C9
5G3Z,AGPE COLOMBIANA DE PRODUCTOS DEL AGRO COLPAGRO SA,Are0002,Area Antioquia,Are0015,SubArea Antioquia,Solar,No Despachado Centralmente,GNCC,2026-08-03,2026-08-03,SIMEM 0bfc9d + 841808 + 10F2C9
3F81,AGPE COLOMBO BRITANICO,Are0002,Area Antioquia,Are0015,SubArea Antioquia,Solar,No Despachado Centralmente,NEUC,2026-08-03,2026-08-03,SIMEM 0bfc9d + 841808 + 10F2C9
3CKF,AGPE COLUMBUS SCHOOL,Are0002,Area Antioquia,Are0015,SubArea Antioquia,Solar,No Despachado Centralmente,EPSC,2026-08-03,2026-08-03,SIMEM 0bfc9d + 841808 + 10F2C9
3JBH,AGPE COMERCIALIZADORA INDUMAR SAS,Are0002,Area Antioquia,Are0015,SubArea Antioquia,Solar,No Despachado Centralmente,GNCC,2026-08-03,2026-08-03,SIMEM 0bfc9d + 841808 + 10F2C9
3HFV,AGPE COMERCIPOL SAS,Are0002,Area Antioquia,Are0015,SubArea Antioquia,Solar,No Despachado Centralmente,NEUC,2026-08-03,2026-08-03,SIMEM 0bfc9d + 841808 + 10F2C9
5F6Y,AGPE CONSTRUINMUNIZA,Are0002,Area Antioquia,Are0015,SubArea Antioquia,Solar,No Despachado Centralmente,GNCC,2026-08-03,2026-08-03,SIMEM 0bfc9d + 841808 + 10F2C9
5IMD,AGPE COOPIMAR,Are0002,Area Antioquia,Are0015,SubArea Antioquia,Solar,No Despachado Centralmente,GNCC,2026-08-03,2026-08-03,SIMEM 0bfc9d + 841808 + 10F2C9
5G1R,AGPE CORBETA ENVIGADO,Are0002,Area Antioquia,Are0015,SubArea Antioquia,Solar,No Despachado Centralmente,EPMC,2026-08-03,2026-08-03,SIMEM 0bfc9d + 841808 + 10F2C9
2ZML,AGPE DEVIMED BELLO,Are0002,Area Antioquia,Are0015,SubArea Antioquia,Solar,No Despachado Centralmente,ETTC,2026-08-03,2026-08-03,SIMEM 0bfc9d + 841808 + 10F2C9
2ZXN,AGPE DEVIMED COPACABANACASETA,Are0002,Area Antioquia,Are0015,SubArea Antioquia,Solar,No Despachado Centralmente,ETTC,2026-08-03,2026-08-03,SIMEM 0bfc9d + 841808 + 10F2C9
2ZMJ,AGPE DEVIMED ENVIGADO,Are0002,Area Antioquia,Are0015,SubArea Antioquia,Solar,No Despachado Centralmente,ETTC,2026-08-03,2026-08-03,SIMEM 0bfc9d + 841808 + 10F2C9
2ZMH,AGPE DEVIMED MARINILLA,Are0002,Area Antioquia,Are0015,SubArea Antioquia,Solar,No Despachado Centralmente,ETTC,2026-08-03,2026-08-03,SIMEM 0bfc9d + 841808 + 10F2C9
3DPN,AGPE DORICOLOR,Are0002,Area Antioquia,Are0015,SubArea Antioquia,Solar,No Despachado Centralmente,NEUC,2026-08-03,2026-08-03,SIMEM 0bfc9d + 841808 + 10F2C9
5UVF,AGPE ECOOELSA,Are0002,Area Antioquia,Are0015,SubArea Antioquia,Solar,No Despachado Centralmente,GNCC,2026-08-03,2026-08-03,SIMEM 0bfc9d + 841808 + 10F2C9
3E5O,AGPE EMPAQUETADURAS DARROW,Are0002,Area Antioquia,Are0015,SubArea Antioquia,Solar,No Despachado Centralmente,GNCC,2026-08-03,2026-08-03,SIMEM 0bfc9d + 841808 + 10F2C9
4TKH,AGPE ERCO ENERGIA,Are0002,Area Antioquia,Are0015,SubArea Antioquia,Solar,No Despachado Centralmente,NEUC,2026-08-03,2026-08-03,SIMEM 0bfc9d + 841808 + 10F2C9
3DGL,AGPE ERIKA MEJIA,Are0002,Area Antioquia,Are0015,SubArea Antioquia,Solar,No Despachado Centralmente,NEUC,2026-08-03,2026-08-03,SIMEM 0bfc9d + 841808 + 10F2C9
4VY9,AGPE ESINNO1,Are0002,Area Antioquia,Are0015,SubArea Antioquia,Solar,No Despachado Centralmente,ETTC,2026-08-03,2026-08-03,SIMEM 0bfc9d + 841808 + 10F2C9
5SEP,AGPE FAHILOS,Are0002,Area Antioquia,Are0015,SubArea Antioquia,Solar,No Despachado Centralmente,EPMC,2026-08-03,2026-08-03,SIMEM 0bfc9d + 841808 + 10F2C9
3MVY,AGPE FEDERICA ECHEVERRY,Are0002,Area Antioquia,Are0015,SubArea Antioquia,Solar,No Despachado Centralmente,ENBC,2026-08-03,2026-08-03,SIMEM 0bfc9d + 841808 + 10F2C9
5CAU,AGPE FIDUCAFE,Are0002,Area Antioquia,Are0015,SubArea Antioquia,Solar,No Despachado Centralmente,EPMC,2026-08-03,2026-08-03,SIMEM 0bfc9d + 841808 + 10F2C9
3CCW,AGPE FIRPLAK,Are0002,Area Antioquia,Are0015,SubArea Antioquia,Solar,No Despachado Centralmente,NEUC,2026-08-03,2026-08-03,SIMEM 0bfc9d + 841808 + 10F2C9
5C9T,AGPE FLORES SILVESTRES,Are0002,Area Antioquia,Are0015,SubArea Antioquia,Solar,No Despachado Centralmente,EPMC,2026-08-03,2026-08-03,SIMEM 0bfc9d + 841808 + 10F2C9
3AOY,AGPE FODUN,Are0002,Area Antioquia,Are0015,SubArea Antioquia,Solar,No Despachado Centralmente,NEUC,2026-08-03,2026-08-03,SIMEM 0bfc9d + 841808 + 10F2C9
3EX9,AGPE FRIGORINUS,Are0002,Area Antioquia,Are0015,SubArea Antioquia,Solar,No Despachado Centralmente,NEUC,2026-08-03,2026-08-03,SIMEM 0bfc9d + 841808 + 10F2C9
4Y97,AGPE FUERZA AÉREA COLOMBIA CACOM 5,Are0002,Area Antioquia,Are0015,SubArea Antioquia,Solar,No Despachado Centralmente,EPMC,2026-08-03,2026-08-03,SIMEM 0bfc9d + 841808 + 10F2C9
5COM,AGPE FULLER RIO,Are0002,Area Antioquia,Are0015,SubArea Antioquia,Solar,No Despachado Centralmente,EPMC,2026-08-03,2026-08-03,SIMEM 0bfc9d + 841808 + 10F2C9
3K7N,AGPE FUNGICOL Y CIA,Are0002,Area Antioquia,Are0015,SubArea Antioquia,Solar,No Despachado Centralmente,GNCC,2026-08-03,2026-08-03,SIMEM 0bfc9d + 841808 + 10F2C9
3J33,AGPE GRAFICAS DIAMANTE,Are0002,Area Antioquia,Are0015,SubArea Antioquia,Solar,No Despachado Centralmente,GNCC,2026-08-03,2026-08-03,SIMEM 0bfc9d + 841808 + 10F2C9
3MUA,AGPE GRICOAT COLOMBIA I,Are0002,Area Antioquia,Are0015,SubArea Antioquia,Solar,No Despachado Centralmente,NEUC,2026-08-03,2026-08-03,SIMEM 0bfc9d + 841808 + 10F2C9
5E6Q,AGPE GRIFFITH,Are0002,Area Antioquia,Are0015,SubArea Antioquia,Solar,No Despachado Centralmente,EPMC,2026-08-03,2026-08-03,SIMEM 0bfc9d + 841808 + 10F2C9
5F48,AGPE GRUPO NONNA MALL DEL ESTE,Are0002,Area Antioquia,Are0015,SubArea Antioquia,Solar,No Despachado Centralmente,ENBC,2026-08-03,2026-08-03,SIMEM 0bfc9d + 841808 + 10F2C9
5CAS,AGPE GTDCOLOMBIA,Are0002,Area Antioquia,Are0015,SubArea Antioquia,Solar,No Despachado Centralmente,EPMC,2026-08-03,2026-08-03,SIMEM 0bfc9d + 841808 + 10F2C9
5G1S,AGPE H Y R DISTRIBUCIONES CONTRATO 604952,Are0002,Area Antioquia,Are0015,SubArea Antioquia,Solar,No Despachado Centralmente,NEUC,2026-08-03,2026-08-03,SIMEM 0bfc9d + 841808 + 10F2C9
5F3A,AGPE H Y R DISTRIBUCIONES CONTRATO 9397836,Are0002,Area Antioquia,Are0015,SubArea Antioquia,Solar,No Despachado Centralmente,NEUC,2026-08-03,2026-08-03,SIMEM 0bfc9d + 841808 + 10F2C9
5NPZ,AGPE HABITAT ADULTO MAYOR SAS BERNAL,Are0002,Area Antioquia,Are0015,SubArea Antioquia,Solar,No Despachado Centralmente,ENBC,2026-08-03,2026-08-03,SIMEM 0bfc9d + 841808 + 10F2C9
3HBT,AGPE HERMECO2,Are0002,Area Antioquia,Are0015,SubArea Antioquia,Solar,No Despachado Centralmente,ETTC,2026-08-03,2026-08-03,SIMEM 0bfc9d + 841808 + 10F2C9
2ZS3,AGPE HERNAN DARIO EUSSE,Are0002,Area Antioquia,Are0015,SubArea Antioquia,Solar,No Despachado Centralmente,ETTC,2026-08-03,2026-08-03,SIMEM 0bfc9d + 841808 + 10F2C9
3NB9,AGPE HERNAN DARIO GONZALEZ,Are0002,Area Antioquia,Are0015,SubArea Antioquia,Solar,No Despachado Centralmente,NEUC,2026-08-03,2026-08-03,SIMEM 0bfc9d + 841808 + 10F2C9
4ZHX,AGPE HIERBAS Y PLANTAS TROPICALES SAS,Are0002,Area Antioquia,Are0015,SubArea Antioquia,Solar,No Despachado Centralmente,GNCC,2026-08-03,2026-08-03,SIMEM 0bfc9d + 841808 + 10F2C9
5AUC,AGPE HOTELSH1,Are0002,Area Antioquia,Are0015,SubArea Antioquia,Solar,No Despachado Centralmente,ETTC,2026-08-03,2026-08-03,SIMEM 0bfc9d + 841808 + 10F2C9
3J2Y,AGPE HUMAX,Are0002,Area Antioquia,Are0015,SubArea Antioquia,Solar,No Despachado Centralmente,GNCC,2026-08-03,2026-08-03,SIMEM 0bfc9d + 841808 + 10F2C9
3H31,AGPE HYR DISTRIBUCIONES,Are0002,Area Antioquia,Are0015,SubArea Antioquia,Solar,No Despachado Centralmente,NEUC,2026-08-03,2026-08-03,SIMEM 0bfc9d + 841808 + 10F2C9
3AR2,AGPE I.A. INGENIERIA EN ALIMENTOS,Are0002,Area Antioquia,Are0015,SubArea Antioquia,Solar,No Despachado Centralmente,NEUC,2026-08-03,2026-08-03,SIMEM 0bfc9d + 841808 + 10F2C9
3DP8,AGPE IE SALAZAR Y HERRERA,Are0002,Area Antioquia,Are0015,SubArea Antioquia,Solar,No Despachado Centralmente,ETTC,2026-08-03,2026-08-03,SIMEM 0bfc9d + 841808 + 10F2C9
3Q8J,AGPE INCOLMOTOS,Are0002,Area Antioquia,Are0015,SubArea Antioquia,Solar,No Despachado Centralmente,EPMC,2026-08-03,2026-08-03,SIMEM 0bfc9d + 841808 + 10F2C9
5CAQ,AGPE INDURAL GIRARDOTA,Are0002,Area Antioquia,Are0015,SubArea Antioquia,Solar,No Despachado Centralmente,EPMC,2026-08-03,2026-08-03,SIMEM 0bfc9d + 841808 + 10F2C9
3Q8T,AGPE INGEPOL,Are0002,Area Antioquia,Are0015,SubArea Antioquia,Solar,No Despachado Centralmente,GNCC,2026-08-03,2026-08-03,SIMEM 0bfc9d + 841808 + 10F2C9
3H9E,AGPE INVERSIONES MIL VARIEDADES SEDE 2,Are0002,Area Antioquia,Are0015,SubArea Antioquia,Solar,No Despachado Centralmente,GNCC,2026-08-03,2026-08-03,SIMEM 0bfc9d + 841808 + 10F2C9
4VYY,AGPE INVERSIONES PEREZ VELEZ SAS,Are0002,Area Antioquia,Are0015,SubArea Antioquia,Solar,No Despachado Centralmente,GNCC,2026-08-03,2026-08-03,SIMEM 0bfc9d + 841808 + 10F2C9
3EGO,AGPE INVESA,Are0002,Area Antioquia,Are0015,SubArea Antioquia,Solar,No Despachado Centralmente,EPSC,2026-08-03,2026-08-03,SIMEM 0bfc9d + 841808 + 10F2C9
4UO7,AGPE IPRODESA SAS,Are0002,Area Antioquia,Are0015,SubArea Antioquia,Solar,No Despachado Centralmente,GNCC,2026-08-03,2026-08-03,SIMEM 0bfc9d + 841808 + 10F2C9
5K7F,AGPE IPS MOLINOS,Are0002,Area Antioquia,Are0015,SubArea Antioquia,Solar,No Despachado Centralmente,EPMC,2026-08-03,2026-08-03,SIMEM 0bfc9d + 841808 + 10F2C9
5P4K,AGPE JACAR1,Are0002,Area Antioquia,Are0015,SubArea Antioquia,Solar,No Despachado Centralmente,ETTC,2026-08-03,2026-08-03,SIMEM 0bfc9d + 841808 + 10F2C9
3R3F,AGPE JUAN ALBERTO PRIETO,Are0002,Area Antioquia,Are0015,SubArea Antioquia,Solar,No Despachado Centralmente,NEUC,2026-08-03,2026-08-03,SIMEM 0bfc9d + 841808 + 10F2C9
3CN1,AGPE JUAN CARLOS DIAZ,Are0002,Area Antioquia,Are0015,SubArea Antioquia,Solar,No Despachado Centralmente,NEUC,2026-08-03,2026-08-03,SIMEM 0bfc9d + 841808 + 10F2C9
5G1T,AGPE LAD SANCRISTOBAL,Are0002,Area Antioquia,Are0015,SubArea Antioquia,Solar,No Despachado Centralmente,EPMC,2026-08-03,2026-08-03,SIMEM 0bfc9d + 841808 + 10F2C9
5M9V,AGPE MALL ZONA DOS SUR,Are0002,Area Antioquia,Are0015,SubArea Antioquia,Solar,No Despachado Centralmente,GNCC,2026-08-03,2026-08-03,SIMEM 0bfc9d + 841808 + 10F2C9
4YCL,AGPE MANE COLOMBIA,Are0002,Area Antioquia,Are0015,SubArea Antioquia,Solar,No Despachado Centralmente,EPMC,2026-08-03,2026-08-03,SIMEM 0bfc9d + 841808 + 10F2C9
4TJW,AGPE MANUFACTURAS DE PINO,Are0002,Area Antioquia,Are0015,SubArea Antioquia,Solar,No Despachado Centralmente,EPMC,2026-08-03,2026-08-03,SIMEM 0bfc9d + 841808 + 10F2C9
3DBG,AGPE MANUFACTURAS VICO,Are0002,Area Antioquia,Are0015,SubArea Antioquia,Solar,No Despachado Centralmente,ETTC,2026-08-03,2026-08-03,SIMEM 0bfc9d + 841808 + 10F2C9
3IF4,AGPE MARQUILLAS,Are0002,Area Antioquia,Are0015,SubArea Antioquia,Solar,No Despachado Centralmente,ISGC,2026-08-03,2026-08-03,SIMEM 0bfc9d + 841808 + 10F2C9
5DW2,AGPE MASIVO OCCIDENTE,Are0002,Area Antioquia,Are0015,SubArea Antioquia,Solar,No Despachado Centralmente,EPMC,2026-08-03,2026-08-03,SIMEM 0bfc9d + 841808 + 10F2C9
5SHP,AGPE MAURICIO RAMOS HURTADO,Are0002,Area Antioquia,Are0015,SubArea Antioquia,Solar,No Despachado Centralmente,ENBC,2026-08-03,2026-08-03,SIMEM 0bfc9d + 841808 + 10F2C9
3HTH,AGPE MERCADEO Y MODA,Are0002,Area Antioquia,Are0015,SubArea Antioquia,Solar,No Despachado Centralmente,GNCC,2026-08-03,2026-08-03,SIMEM 0bfc9d + 841808 + 10F2C9
5COO,AGPE MIGUERIA EMNR,Are0002,Area Antioquia,Are0015,SubArea Antioquia,Solar,No Despachado Centralmente,EPMC,2026-08-03,2026-08-03,SIMEM 0bfc9d + 841808 + 10F2C9
3IIT,AGPE MIL VARIEDADES I,Are0002,Area Antioquia,Are0015,SubArea Antioquia,Solar,No Despachado Centralmente,GNCC,2026-08-03,2026-08-03,SIMEM 0bfc9d + 841808 + 10F2C9
5COK,AGPE MINA MARGARITA,Are0002,Area Antioquia,Are0015,SubArea Antioquia,Solar,No Despachado Centralmente,EPMC,2026-08-03,2026-08-03,SIMEM 0bfc9d + 841808 + 10F2C9
5DVY,AGPE MOLINOS A,Are0002,Area Antioquia,Are0015,SubArea Antioquia,Solar,No Despachado Centralmente,EPMC,2026-08-03,2026-08-03,SIMEM 0bfc9d + 841808 + 10F2C9
5DW5,AGPE MOLINOS D,Are0002,Area Antioquia,Are0015,SubArea Antioquia,Solar,No Despachado Centralmente,EPMC,2026-08-03,2026-08-03,SIMEM 0bfc9d + 841808 + 10F2C9
4VXS,AGPE MULTALIA1,Are0002,Area Antioquia,Are0015,SubArea Antioquia,Solar,No Despachado Centralmente,ETTC,2026-08-03,2026-08-03,SIMEM 0bfc9d + 841808 + 10F2C9
5DW1,AGPE MUSEOINTER,Are0002,Area Antioquia,Are0015,SubArea Antioquia,Solar,No Despachado Centralmente,EPMC,2026-08-03,2026-08-03,SIMEM 0bfc9d + 841808 + 10F2C9
4R1J,AGPE NASELA SAS,Are0002,Area Antioquia,Are0015,SubArea Antioquia,Solar,No Despachado Centralmente,NEUC,2026-08-03,2026-08-03,SIMEM 0bfc9d + 841808 + 10F2C9
4Y5N,AGPE NAVITRANS MEDELLÍN 1,Are0002,Area Antioquia,Are0015,SubArea Antioquia,Solar,No Despachado Centralmente,NEUC,2026-08-03,2026-08-03,SIMEM 0bfc9d + 841808 + 10F2C9
4YC1,AGPE NAVITRANS MEDELLÍN 2,Are0002,Area Antioquia,Are0015,SubArea Antioquia,Solar,No Despachado Centralmente,NEUC,2026-08-03,2026-08-03,SIMEM 0bfc9d + 841808 + 10F2C9
5JG9,AGPE NELSON ALBERTO HENAO MAYA,Are0002,Area Antioquia,Are0015,SubArea Antioquia,Solar,No Despachado Centralmente,ENBC,2026-08-03,2026-08-03,SIMEM 0bfc9d + 841808 + 10F2C9
5EED,AGPE NOEL,Are0002,Area Antioquia,Are0015,SubArea Antioquia,Solar,No Despachado Centralmente,EPMC,2026-08-03,2026-08-03,SIMEM 0bfc9d + 841808 + 10F2C9
4STS,AGPE NUTRINOR,Are0002,Area Antioquia,Are0015,SubArea Antioquia,Solar,No Despachado Centralmente,EPMC,2026-08-03,2026-08-03,SIMEM 0bfc9d + 841808 + 10F2C9
4YL4,AGPE PANAL RIO,Are0002,Area Antioquia,Are0015,SubArea Antioquia,Solar,No Despachado Centralmente,EPMC,2026-08-03,2026-08-03,SIMEM 0bfc9d + 841808 + 10F2C9
3ANH,AGPE PAPEL CARD,Are0002,Area Antioquia,Are0015,SubArea Antioquia,Solar,No Despachado Centralmente,NEUC,2026-08-03,2026-08-03,SIMEM 0bfc9d + 841808 + 10F2C9
3NDC,AGPE PARCELACION MONTECAPIRO,Are0002,Area Antioquia,Are0015,SubArea Antioquia,Solar,No Despachado Centralmente,ENBC,2026-08-03,2026-08-03,SIMEM 0bfc9d + 841808 + 10F2C9
4T9S,AGPE PASTEUR AUTOPISTA SUR,Are0002,Area Antioquia,Are0015,SubArea Antioquia,Solar,No Despachado Centralmente,ENBC,2026-08-03,2026-08-03,SIMEM 0bfc9d + 841808 + 10F2C9
5E6R,AGPE PLASTICORREA GIRARDO,Are0002,Area Antioquia,Are0015,SubArea Antioquia,Solar,No Despachado Centralmente,EPMC,2026-08-03,2026-08-03,SIMEM 0bfc9d + 841808 + 10F2C9
3AL4,AGPE PLASTICOS MINIPET,Are0002,Area Antioquia,Are0015,SubArea Antioquia,Solar,No Despachado Centralmente,GNCC,2026-08-03,2026-08-03,SIMEM 0bfc9d + 841808 + 10F2C9
5IL7,AGPE PLASTIRED SAS,Are0002,Area Antioquia,Are0015,SubArea Antioquia,Solar,No Despachado Centralmente,GNCC,2026-08-03,2026-08-03,SIMEM 0bfc9d + 841808 + 10F2C9
4RGE,AGPE PLAZA MAYOR CONVENCIONES,Are0002,Area Antioquia,Are0015,SubArea Antioquia,Solar,No Despachado Centralmente,EPMC,2026-08-03,2026-08-03,SIMEM 0bfc9d + 841808 + 10F2C9
5GF3,AGPE PLEX CORPORATICO PH,Are0002,Area Antioquia,Are0015,SubArea Antioquia,Solar,No Despachado Centralmente,GNCC,2026-08-03,2026-08-03,SIMEM 0bfc9d + 841808 + 10F2C9
3MXK,AGPE PLEX CORPORATIVO PROPIEDAD HORIZONTAL,Are0002,Area Antioquia,Are0015,SubArea Antioquia,Solar,No Despachado Centralmente,GNCC,2026-08-03,2026-08-03,SIMEM 0bfc9d + 841808 + 10F2C9
5AMM,AGPE PRIMAX COLOMBIA SA 2,Are0002,Area Antioquia,Are0015,SubArea Antioquia,Solar,No Despachado Centralmente,NEUC,2026-08-03,2026-08-03,SIMEM 0bfc9d + 841808 + 10F2C9
5EEC,AGPE PRODUSA ZF,Are0002,Area Antioquia,Are0015,SubArea Antioquia,Solar,No Despachado Centralmente,EPMC,2026-08-03,2026-08-03,SIMEM 0bfc9d + 841808 + 10F2C9
5LT9,AGPE RANSA CALDAS,Are0002,Area Antioquia,Are0015,SubArea Antioquia,Solar,No Despachado Centralmente,ENDC,2026-08-03,2026-08-03,SIMEM 0bfc9d + 841808 + 10F2C9
5TJ2,AGPE RIMOPLA2 ESTRELLA,Are0002,Area Antioquia,Are0015,SubArea Antioquia,Solar,No Despachado Centralmente,EPMC,2026-08-03,2026-08-03,SIMEM 0bfc9d + 841808 + 10F2C9
4RN9,AGPE RODRIGO ARANGO,Are0002,Area Antioquia,Are0015,SubArea Antioquia,Solar,No Despachado Centralmente,NEUC,2026-08-03,2026-08-03,SIMEM 0bfc9d + 841808 + 10F2C9
5ACK,AGPE ROTOPLAST,Are0002,Area Antioquia,Are0015,SubArea Antioquia,Solar,No Despachado Centralmente,ISGC,2026-08-03,2026-08-03,SIMEM 0bfc9d + 841808 + 10F2C9
5SHW,AGPE RYMEL COPA,Are0002,Area Antioquia,Are0015,SubArea Antioquia,Solar,No Despachado Centralmente,EPMC,2026-08-03,2026-08-03,SIMEM 0bfc9d + 841808 + 10F2C9
4RK5,AGPE SALUD VEGAS TORRE MEDICA PH,Are0002,Area Antioquia,Are0015,SubArea Antioquia,Solar,No Despachado Centralmente,GNCC,2026-08-03,2026-08-03,SIMEM 0bfc9d + 841808 + 10F2C9
3LC9,AGPE SANTIAGO ARANGO,Are0002,Area Antioquia,Are0015,SubArea Antioquia,Solar,No Despachado Centralmente,ENBC,2026-08-03,2026-08-03,SIMEM 0bfc9d + 841808 + 10F2C9
3EJO,AGPE SANTIAGO CASTAÑO,Are0002,Area Antioquia,Are0015,SubArea Antioquia,Solar,No Despachado Centralmente,NEUC,2026-08-03,2026-08-03,SIMEM 0bfc9d + 841808 + 10F2C9
3F83,AGPE SARY SAS JAIRO P,Are0002,Area Antioquia,Are0015,SubArea Antioquia,Solar,No Despachado Centralmente,EPMC,2026-08-03,2026-08-03,SIMEM 0bfc9d + 841808 + 10F2C9
5F6X,AGPE SELECTA BODEGA 17,Are0002,Area Antioquia,Are0015,SubArea Antioquia,Solar,No Despachado Centralmente,GNCC,2026-08-03,2026-08-03,SIMEM 0bfc9d + 841808 + 10F2C9
5F3S,AGPE SELECTA CEREALES PLANTA BEBIDAS,Are0002,Area Antioquia,Are0015,SubArea Antioquia,Solar,No Despachado Centralmente,GNCC,2026-08-03,2026-08-03,SIMEM 0bfc9d + 841808 + 10F2C9
5MSE,AGPE SERVIBARRAS SAS,Are0002,Area Antioquia,Are0015,SubArea Antioquia,Solar,No Despachado Centralmente,BIAC,2026-08-03,2026-08-03,SIMEM 0bfc9d + 841808 + 10F2C9
5IKS,AGPE SG SAN CHARBEL DE LA FE SAS,Are0002,Area Antioquia,Are0015,SubArea Antioquia,Solar,No Despachado Centralmente,ENBC,2026-08-03,2026-08-03,SIMEM 0bfc9d + 841808 + 10F2C9
3JF6,AGPE SILVIA PALACIO,Are0002,Area Antioquia,Are0015,SubArea Antioquia,Solar,No Despachado Centralmente,NEUC,2026-08-03,2026-08-03,SIMEM 0bfc9d + 841808 + 10F2C9
3EEI,AGPE SIMON GARCIA ORREGO,Are0002,Area Antioquia,Are0015,SubArea Antioquia,Solar,No Despachado Centralmente,NEUC,2026-08-03,2026-08-03,SIMEM 0bfc9d + 841808 + 10F2C9
3DL2,AGPE SOL BEATRIZ ARANGO,Are0002,Area Antioquia,Are0015,SubArea Antioquia,Solar,No Despachado Centralmente,NEUC,2026-08-03,2026-08-03,SIMEM 0bfc9d + 841808 + 10F2C9
3GJS,AGPE SOLUCIONES ADHESIVAS LG,Are0002,Area Antioquia,Are0015,SubArea Antioquia,Solar,No Despachado Centralmente,NEUC,2026-08-03,2026-08-03,SIMEM 0bfc9d + 841808 + 10F2C9
4WOC,AGPE SSFV BANCO DE BOGOTÁ PUERTO BERRÍO,Are0002,Area Antioquia,Are0015,SubArea Antioquia,Solar,No Despachado Centralmente,GNCC,2026-08-03,2026-08-03,SIMEM 0bfc9d + 841808 + 10F2C9
5MAA,AGPE STEVE1,Are0002,Area Antioquia,Are0015,SubArea Antioquia,Solar,No Despachado Centralmente,ETTC,2026-08-03,2026-08-03,SIMEM 0bfc9d + 841808 + 10F2C9
3CSF,AGPE SULFOQUIMICAS,Are0002,Area Antioquia,Are0015,SubArea Antioquia,Solar,No Despachado Centralmente,NEUC,2026-08-03,2026-08-03,SIMEM 0bfc9d + 841808 + 10F2C9
5G1Q,AGPE SURA CORP,Are0002,Area Antioquia,Are0015,SubArea Antioquia,Solar,No Despachado Centralmente,EPMC,2026-08-03,2026-08-03,SIMEM 0bfc9d + 841808 + 10F2C9
5E6S,AGPE TERMILENIO,Are0002,Area Antioquia,Are0015,SubArea Antioquia,Solar,No Despachado Centralmente,EPMC,2026-08-03,2026-08-03,SIMEM 0bfc9d + 841808 + 10F2C9
5CAY,AGPE TEXACO AGUACATALA,Are0002,Area Antioquia,Are0015,SubArea Antioquia,Solar,No Despachado Centralmente,EPMC,2026-08-03,2026-08-03,SIMEM 0bfc9d + 841808 + 10F2C9
4YOR,AGPE TOPFLG1,Are0002,Area Antioquia,Are0015,SubArea Antioquia,Solar,No Despachado Centralmente,ETTC,2026-08-03,2026-08-03,SIMEM 0bfc9d + 841808 + 10F2C9
5DVZ,AGPE TP COLOMBIA,Are0002,Area Antioquia,Are0015,SubArea Antioquia,Solar,No Despachado Centralmente,EPMC,2026-08-03,2026-08-03,SIMEM 0bfc9d + 841808 + 10F2C9
4Y95,AGPE UDEA ROBLEDO,Are0002,Area Antioquia,Are0015,SubArea Antioquia,Solar,No Despachado Centralmente,EPMC,2026-08-03,2026-08-03,SIMEM 0bfc9d + 841808 + 10F2C9
5K7J,AGPE UNAL MINAS,Are0002,Area Antioquia,Are0015,SubArea Antioquia,Solar,No Despachado Centralmente,EPMC,2026-08-03,2026-08-03,SIMEM 0bfc9d + 841808 + 10F2C9
3IJ9,AGPE VITELCO,Are0002,Area Antioquia,Are0015,SubArea Antioquia,Solar,No Despachado Centralmente,ETTC,2026-08-03,2026-08-03,SIMEM 0bfc9d + 841808 + 10F2C9
4ULQ,AGPE VITELSA MEDELLIN,Are0002,Area Antioquia,Are0015,SubArea Antioquia,Solar,No Despachado Centralmente,ENBC,2026-08-03,2026-08-03,SIMEM 0bfc9d + 841808 + 10F2C9
AFR1,AGUA FRESCA,Are0002,Area Antioquia,Are0015,SubArea Antioquia,Hidraulica,No Despachado Centralmente,ADCG,2026-08-03,2026-08-03,SIMEM 0bfc9d + 841808 + 10F2C9
2SDR,ALEJANDRIA,Are0002,Area Antioquia,Are0015,SubArea Antioquia,Hidraulica,No Despachado Centralmente,GALG,2026-08-03,2026-08-03,SIMEM 0bfc9d + 841808 + 10F2C9
AMF1,AMALFI,Are0002,Area Antioquia,Are0015,SubArea Antioquia,Hidraulica,No Despachado Centralmente,HZEG,2026-08-03,2026-08-03,SIMEM 0bfc9d + 841808 + 10F2C9
AMR1,AMERICA,Are0002,Area Antioquia,Are0015,SubArea Antioquia,Hidraulica,No Despachado Centralmente,EPMG,2026-08-03,2026-08-03,SIMEM 0bfc9d + 841808 + 10F2C9
2UX3,AURES BAJO,Are0002,Area Antioquia,Are0015,SubArea Antioquia,Hidraulica,No Despachado Centralmente,ABAG,2026-08-03,2026-08-03,SIMEM 0bfc9d + 841808 + 10F2C9
2S6U,AUTOG ARGOS EL CAIRO,Are0002,Area Antioquia,Are0015,SubArea Antioquia,Hidraulica,No Despachado Centralmente,SOCG,2026-08-03,2026-08-03,SIMEM 0bfc9d + 841808 + 10F2C9
AYR1,AUTOG AYURA,Are0002,Area Antioquia,Are0015,SubArea Antioquia,Hidraulica,No Despachado Centralmente,EPMG,2026-08-03,2026-08-03,SIMEM 0bfc9d + 841808 + 10F2C9
2T7D,AUTOG CANTAYUS,Are0002,Area Antioquia,Are0015,SubArea Antioquia,Hidraulica,No Despachado Centralmente,GECG,2026-08-03,2026-08-03,SIMEM 0bfc9d + 841808 + 10F2C9
CMN1,AUTOG CEMENTOS DEL NARE,Are0002,Area Antioquia,Are0015,SubArea Antioquia,Hidraulica,No Despachado Centralmente,SOCG,2026-08-03,2026-08-03,SIMEM 0bfc9d + 841808 + 10F2C9
3ED1,AUTOG GRAN COLOMBIA GOLD,Are0002,Area Antioquia,Are0015,SubArea Antioquia,Hidraulica,No Despachado Centralmente,PRIG,2026-08-03,2026-08-03,SIMEM 0bfc9d + 841808 + 10F2C9
3ADA,AUTOG PTAR BELLO,Are0002,Area Antioquia,Are0015,SubArea Antioquia,Termica,No Despachado Centralmente,EPMG,2026-08-03,2026-08-03,SIMEM 0bfc9d + 841808 + 10F2C9
BAR1,BARROSO,Are0002,Area Antioquia,Are0015,SubArea Antioquia,Hidraulica,No Despachado Centralmente,ISGG,2026-08-03,2026-08-03,SIMEM 0bfc9d + 841808 + 10F2C9
BLL3,BELLO,Are0002,Area Antioquia,Are0015,SubArea Antioquia,Hidraulica,No Despachado Centralmente,EPMG,2026-08-03,2026-08-03,SIMEM 0bfc9d + 841808 + 10F2C9
CLDR,CALDERAS,Are0002,Area Antioquia,Are0015,SubArea Antioquia,Hidraulica,No Despachado Centralmente,ISGG,2026-08-03,2026-08-03,SIMEM 0bfc9d + 841808 + 10F2C9
CMP2,CAMPESTRE (EPM),Are0002,Area Antioquia,Are0015,SubArea Antioquia,Hidraulica,No Despachado Centralmente,EPMG,2026-08-03,2026-08-03,SIMEM 0bfc9d + 841808 + 10F2C9
CRC1,CARACOLI,Are0002,Area Antioquia,Are0015,SubArea Antioquia,Hidraulica,No Despachado Centralmente,EPMG,2026-08-03,2026-08-03,SIMEM 0bfc9d + 841808 + 10F2C9
CLL1,CARLOS LLERAS,Are0002,Area Antioquia,Are0015,SubArea Antioquia,Hidraulica,Despachado Centralmente,HDPG,2026-08-03,2026-08-03,SIMEM 0bfc9d + 841808 + 10F2C9
GCA1,CARUQUIA,Are0002,Area Antioquia,Are0015,SubArea Antioquia,Hidraulica,No Despachado Centralmente,ISGG,2026-08-03,2026-08-03,SIMEM 0bfc9d + 841808 + 10F2C9
3HG7,COMUNIDAD EL SALVADOR I,Are0002,Area Antioquia,Are0015,SubArea Antioquia,Solar,No Despachado Centralmente,ERRG,2026-08-03,2026-08-03,SIMEM 0bfc9d + 841808 + 10F2C9
3HG9,COMUNIDAD EL SALVADOR II,Are0002,Area Antioquia,Are0015,SubArea Antioquia,Solar,No Despachado Centralmente,ERRG,2026-08-03,2026-08-03,SIMEM 0bfc9d + 841808 + 10F2C9
2T1L,EL MOLINO,Are0002,Area Antioquia,Are0015,SubArea Antioquia,Hidraulica,No Despachado Centralmente,ISGG,2026-08-03,2026-08-03,SIMEM 0bfc9d + 841808 + 10F2C9
2QBW,EL POPAL,Are0002,Area Antioquia,Are0015,SubArea Antioquia,Hidraulica,No Despachado Centralmente,ISGG,2026-08-03,2026-08-03,SIMEM 0bfc9d + 841808 + 10F2C9
HMIN,ESCUELA DE MINAS,Are0002,Area Antioquia,Are0015,SubArea Antioquia,Hidraulica,Despachado Centralmente,HDPG,2026-08-03,2026-08-03,SIMEM 0bfc9d + 841808 + 10F2C9
5IT1,GD ALAMO SOLAR,Are0002,Area Antioquia,Are0015,SubArea Antioquia,Solar,No Despachado Centralmente,ERRG,2026-08-03,2026-08-03,SIMEM 0bfc9d + 841808 + 10F2C9
5ISN,GD CSF ARENALES I,Are0002,Area Antioquia,Are0015,SubArea Antioquia,Solar,No Despachado Centralmente,GCYG,2026-08-03,2026-08-03,SIMEM 0bfc9d + 841808 + 10F2C9
GQA1,GUANAQUITAS,Are0002,Area Antioquia,Are0015,SubArea Antioquia,Hidraulica,No Despachado Centralmente,ISGG,2026-08-03,2026-08-03,SIMEM 0bfc9d + 841808 + 10F2C9
GTPE,GUATAPE,Are0002,Area Antioquia,Are0015,SubArea Antioquia,Hidraulica,Despachado Centralmente,EPMG,2026-08-03,2026-08-03,SIMEM 0bfc9d + 841808 + 10F2C9
GTRG,GUATRON,Are0002,Area Antioquia,Are0015,SubArea Antioquia,Hidraulica,Despachado Centralmente,EPMG,2026-08-03,2026-08-03,SIMEM 0bfc9d + 841808 + 10F2C9
2YNA,HIDROBARRANCAS,Are0002,Area Antioquia,Are0015,SubArea Antioquia,Hidraulica,No Despachado Centralmente,HBCG,2026-08-03,2026-08-03,SIMEM 0bfc9d + 841808 + 10F2C9
HMO1,HIDROMONTAÑITAS,Are0002,Area Antioquia,Are0015,SubArea Antioquia,Hidraulica,No Despachado Centralmente,EPSG,2026-08-03,2026-08-03,SIMEM 0bfc9d + 841808 + 10F2C9
PES1,ITUANGO,Are0002,Area Antioquia,Are0015,SubArea Antioquia,Hidraulica,Despachado Centralmente,EPMG,2026-08-03,2026-08-03,SIMEM 0bfc9d + 841808 + 10F2C9
JAGS,JAGUAS,Are0002,Area Antioquia,Are0015,SubArea Antioquia,Hidraulica,Despachado Centralmente,ISGG,2026-08-03,2026-08-03,SIMEM 0bfc9d + 841808 + 10F2C9
2V5G,JUAN GARCIA,Are0002,Area Antioquia,Are0015,SubArea Antioquia,Hidraulica,No Despachado Centralmente,GPEG,2026-08-03,2026-08-03,SIMEM 0bfc9d + 841808 + 10F2C9
ABJ1,LA CASCADA ( ABEJORRAL),Are0002,Area Antioquia,Are0015,SubArea Antioquia,Hidraulica,No Despachado Centralmente,GPEG,2026-08-03,2026-08-03,SIMEM 0bfc9d + 841808 + 10F2C9
LCS1,LA CASCADA (ANTIOQUIA),Are0002,Area Antioquia,Are0015,SubArea Antioquia,Hidraulica,No Despachado Centralmente,GNCG,2026-08-03,2026-08-03,SIMEM 0bfc9d + 841808 + 10F2C9
3IRZ,LA CASCADA DE GRANADA,Are0002,Area Antioquia,Are0015,SubArea Antioquia,Hidraulica,No Despachado Centralmente,SFEG,2026-08-03,2026-08-03,SIMEM 0bfc9d + 841808 + 10F2C9
3CG9,LA CHORRERA,Are0002,Area Antioquia,Are0015,SubArea Antioquia,Hidraulica,No Despachado Centralmente,HEMG,2026-08-03,2026-08-03,SIMEM 0bfc9d + 841808 + 10F2C9
HRD1,LA HERRADURA,Are0002,Area Antioquia,Are0015,SubArea Antioquia,Hidraulica,No Despachado Centralmente,EPMG,2026-08-03,2026-08-03,SIMEM 0bfc9d + 841808 + 10F2C9
2QRL,LA REBUSCA,Are0002,Area Antioquia,Are0015,SubArea Antioquia,Hidraulica,No Despachado Centralmente,HZEG,2026-08-03,2026-08-03,SIMEM 0bfc9d + 841808 + 10F2C9
LTSJ,LA TASAJERA,Are0002,Area Antioquia,Are0015,SubArea Antioquia,Hidraulica,Despachado Centralmente,EPMG,2026-08-03,2026-08-03,SIMEM 0bfc9d + 841808 + 10F2C9
VLT1,LA VUELTA,Are0002,Area Antioquia,Are0015,SubArea Antioquia,Hidraulica,No Despachado Centralmente,EPMG,2026-08-03,2026-08-03,SIMEM 0bfc9d + 841808 + 10F2C9
2U1G,LAS PALMAS,Are0002,Area Antioquia,Are0015,SubArea Antioquia,Hidraulica,No Despachado Centralmente,GNCG,2026-08-03,2026-08-03,SIMEM 0bfc9d + 841808 + 10F2C9
3DXJ,LAS VIOLETAS,Are0002,Area Antioquia,Are0015,SubArea Antioquia,Hidraulica,No Despachado Centralmente,PCYG,2026-08-03,2026-08-03,SIMEM 0bfc9d + 841808 + 10F2C9
2TUT,LUZMA I,Are0002,Area Antioquia,Are0015,SubArea Antioquia,Hidraulica,No Despachado Centralmente,ISGG,2026-08-03,2026-08-03,SIMEM 0bfc9d + 841808 + 10F2C9
2TUV,LUZMA II,Are0002,Area Antioquia,Are0015,SubArea Antioquia,Hidraulica,No Despachado Centralmente,ISGG,2026-08-03,2026-08-03,SIMEM 0bfc9d + 841808 + 10F2C9
2SS2,MAGALLO,Are0002,Area Antioquia,Are0015,SubArea Antioquia,Hidraulica,No Despachado Centralmente,HCCG,2026-08-03,2026-08-03,SIMEM 0bfc9d + 841808 + 10F2C9
MNT1,MANANTIALES,Are0002,Area Antioquia,Are0015,SubArea Antioquia,Hidraulica,No Despachado Centralmente,EPMG,2026-08-03,2026-08-03,SIMEM 0bfc9d + 841808 + 10F2C9
2WC5,MULATOS II,Are0002,Area Antioquia,Are0015,SubArea Antioquia,Hidraulica,No Despachado Centralmente,ESUG,2026-08-03,2026-08-03,SIMEM 0bfc9d + 841808 + 10F2C9
NQU1,NIQUIA,Are0002,Area Antioquia,Are0015,SubArea Antioquia,Hidraulica,No Despachado Centralmente,EPMG,2026-08-03,2026-08-03,SIMEM 0bfc9d + 841808 + 10F2C9
NTB1,NUTIBARA,Are0002,Area Antioquia,Are0015,SubArea Antioquia,Hidraulica,No Despachado Centralmente,EPMG,2026-08-03,2026-08-03,SIMEM 0bfc9d + 841808 + 10F2C9
PJR1,PAJARITO,Are0002,Area Antioquia,Are0015,SubArea Antioquia,Hidraulica,No Despachado Centralmente,EPMG,2026-08-03,2026-08-03,SIMEM 0bfc9d + 841808 + 10F2C9
5F71,PCH LA NOQUE,Are0002,Area Antioquia,Are0015,SubArea Antioquia,Hidraulica,No Despachado Centralmente,NTCG,2026-08-03,2026-08-03,SIMEM 0bfc9d + 841808 + 10F2C9
PLYS,PLAYAS,Are0002,Area Antioquia,Are0015,SubArea Antioquia,Hidraulica,Despachado Centralmente,EPMG,2026-08-03,2026-08-03,SIMEM 0bfc9d + 841808 + 10F2C9
3AFQ,POCUNE,Are0002,Area Antioquia,Are0015,SubArea Antioquia,Hidraulica,No Despachado Centralmente,RTAG,2026-08-03,2026-08-03,SIMEM 0bfc9d + 841808 + 10F2C9
PRC2,PORCE II,Are0002,Area Antioquia,Are0015,SubArea Antioquia,Hidraulica,Despachado Centralmente,EPMG,2026-08-03,2026-08-03,SIMEM 0bfc9d + 841808 + 10F2C9
PRC3,PORCE III,Are0002,Area Antioquia,Are0015,SubArea Antioquia,Hidraulica,Despachado Centralmente,EPMG,2026-08-03,2026-08-03,SIMEM 0bfc9d + 841808 + 10F2C9
2S8U,PORCE III MENOR,Are0002,Area Antioquia,Are0015,SubArea Antioquia,Hidraulica,No Despachado Centralmente,EPMG,2026-08-03,2026-08-03,SIMEM 0bfc9d + 841808 + 10F2C9
3IRX,PORTON DEL SOL,Are0002,Area Antioquia,Are0015,SubArea Antioquia,Solar,Despachado Centralmente,GECG,2026-08-03,2026-08-03,SIMEM 0bfc9d + 841808 + 10F2C9
PMR1,REMEDIOS,Are0002,Area Antioquia,Are0015,SubArea Antioquia,Hidraulica,No Despachado Centralmente,CIEG,2026-08-03,2026-08-03,SIMEM 0bfc9d + 841808 + 10F2C9
RGR1,RIO GRANDE,Are0002,Area Antioquia,Are0015,SubArea Antioquia,Hidraulica,No Despachado Centralmente,EPMG,2026-08-03,2026-08-03,SIMEM 0bfc9d + 841808 + 10F2C9
RPD1,RIO PIEDRAS,Are0002,Area Antioquia,Are0015,SubArea Antioquia,Hidraulica,No Despachado Centralmente,EPSG,2026-08-03,2026-08-03,SIMEM 0bfc9d + 841808 + 10F2C9
TMS1,RIOFRIO (TAMESIS),Are0002,Area Antioquia,Are0015,SubArea Antioquia,Hidraulica,No Despachado Centralmente,EPMG,2026-08-03,2026-08-03,SIMEM 0bfc9d + 841808 + 10F2C9
RGRN,RIOGRANDE I,Are0002,Area Antioquia,Are0015,SubArea Antioquia,Hidraulica,No Despachado Centralmente,EPMG,2026-08-03,2026-08-03,SIMEM 0bfc9d + 841808 + 10F2C9
2ZCF,SAN ANDRES DE CUERQUIA,Are0002,Area Antioquia,Are0015,SubArea Antioquia,Hidraulica,No Despachado Centralmente,EPSG,2026-08-03,2026-08-03,SIMEM 0bfc9d + 841808 + 10F2C9
SNCR,SAN CARLOS,Are0002,Area Antioquia,Are0015,SubArea Antioquia,Hidraulica,Despachado Centralmente,ISGG,2026-08-03,2026-08-03,SIMEM 0bfc9d + 841808 + 10F2C9
SJM1,SAN JOSE DE LA MONTAÑA,Are0002,Area Antioquia,Are0015,SubArea Antioquia,Hidraulica,No Despachado Centralmente,GPEG,2026-08-03,2026-08-03,SIMEM 0bfc9d + 841808 + 10F2C9
2UR5,SAN JOSE DE LA MONTAÑA II,Are0002,Area Antioquia,Are0015,SubArea Antioquia,Hidraulica,No Despachado Centralmente,GPEG,2026-08-03,2026-08-03,SIMEM 0bfc9d + 841808 + 10F2C9
2T4P,SAN MATIAS,Are0002,Area Antioquia,Are0015,SubArea Antioquia,Hidraulica,No Despachado Centralmente,ISGG,2026-08-03,2026-08-03,SIMEM 0bfc9d + 841808 + 10F2C9
SMI1,SAN MIGUEL,Are0002,Area Antioquia,Are0015,SubArea Antioquia,Hidraulica,Despachado Centralmente,ISGG,2026-08-03,2026-08-03,SIMEM 0bfc9d + 841808 + 10F2C9
SRA1,SANTA RITA,Are0002,Area Antioquia,Are0015,SubArea Antioquia,Hidraulica,No Despachado Centralmente,GPEG,2026-08-03,2026-08-03,SIMEM 0bfc9d + 841808 + 10F2C9
STG1,SANTIAGO,Are0002,Area Antioquia,Are0015,SubArea Antioquia,Hidraulica,No Despachado Centralmente,HDTG,2026-08-03,2026-08-03,SIMEM 0bfc9d + 841808 + 10F2C9
SNS1,SONSON,Are0002,Area Antioquia,Are0015,SubArea Antioquia,Hidraulica,No Despachado Centralmente,EPMG,2026-08-03,2026-08-03,SIMEM 0bfc9d + 841808 + 10F2C9
TSR1,TERMOSIERRA CC,Are0002,Area Antioquia,Are0015,SubArea Antioquia,Termica,Despachado Centralmente,EPMG,2026-08-03,2026-08-03,SIMEM 0bfc9d + 841808 + 10F2C9
PLU1,URRAO,Are0002,Area Antioquia,Are0015,SubArea Antioquia,Hidraulica,No Despachado Centralmente,SFEG,2026-08-03,2026-08-03,SIMEM 0bfc9d + 841808 + 10F2C9
3E9I,ZEUS,Are0002,Area Antioquia,Are0015,SubArea Antioquia,Hidraulica,No Despachado Centralmente,CHZG,2026-08-03,2026-08-03,SIMEM 0bfc9d + 841808 + 10F2C9
5UV7,AGPE  IGLESIA BAUTISTA CENTRAL,Are0127,Area Caribe,Are0016,SubArea Atlantico,Solar,No Despachado Centralmente,GNCC,2026-08-03,2026-08-03,SIMEM 0bfc9d + 841808 + 10F2C9
5AO5,AGPE  LIGIA ESTHER ANILLO DE ARGUELLO,Are0127,Area Caribe,Are0016,SubArea Atlantico,Solar,No Despachado Centralmente,ENBC,2026-08-03,2026-08-03,SIMEM 0bfc9d + 841808 + 10F2C9
5FOT,AGPE 324 ARA SOLEDAD CENTRO CALLE 18,Are0127,Area Caribe,Are0016,SubArea Atlantico,Solar,No Despachado Centralmente,NEUC,2026-08-03,2026-08-03,SIMEM 0bfc9d + 841808 + 10F2C9
4ZEF,AGPE 447 ARA BARRANQUILLA SANTUARIO,Are0127,Area Caribe,Are0016,SubArea Atlantico,Solar,No Despachado Centralmente,NEUC,2026-08-03,2026-08-03,SIMEM 0bfc9d + 841808 + 10F2C9
4ZED,AGPE 455 ARA BARRANQUILLA LA VICTORIA,Are0127,Area Caribe,Are0016,SubArea Atlantico,Solar,No Despachado Centralmente,NEUC,2026-08-03,2026-08-03,SIMEM 0bfc9d + 841808 + 10F2C9
5EEM,AGPE 475 ARA BARRANQUILLA LA PAZ,Are0127,Area Caribe,Are0016,SubArea Atlantico,Solar,No Despachado Centralmente,NEUC,2026-08-03,2026-08-03,SIMEM 0bfc9d + 841808 + 10F2C9
5P4N,AGPE 488 ARA MALAMBO EL CARMEN,Are0127,Area Caribe,Are0016,SubArea Atlantico,Solar,No Despachado Centralmente,NEUC,2026-08-03,2026-08-03,SIMEM 0bfc9d + 841808 + 10F2C9
5LA9,AGPE 524 ARA PALMAR DE LA VARELA CENTRO,Are0127,Area Caribe,Are0016,SubArea Atlantico,Solar,No Despachado Centralmente,NEUC,2026-08-03,2026-08-03,SIMEM 0bfc9d + 841808 + 10F2C9
5E6Y,AGPE 532 ARA CAMPO DE LA CRUZ CENTRO,Are0127,Area Caribe,Are0016,SubArea Atlantico,Solar,No Despachado Centralmente,NEUC,2026-08-03,2026-08-03,SIMEM 0bfc9d + 841808 + 10F2C9
5E6M,AGPE 572 ARA BARRANQUILLA SANTO DOMINGO,Are0127,Area Caribe,Are0016,SubArea Atlantico,Solar,No Despachado Centralmente,NEUC,2026-08-03,2026-08-03,SIMEM 0bfc9d + 841808 + 10F2C9
5E71,AGPE 573 ARA BARRANQUILLA LA MANGA,Are0127,Area Caribe,Are0016,SubArea Atlantico,Solar,No Despachado Centralmente,NEUC,2026-08-03,2026-08-03,SIMEM 0bfc9d + 841808 + 10F2C9
4YHA,AGPE 578 ARA SOLEDAD 2000,Are0127,Area Caribe,Are0016,SubArea Atlantico,Solar,No Despachado Centralmente,NEUC,2026-08-03,2026-08-03,SIMEM 0bfc9d + 841808 + 10F2C9
5P4O,AGPE 582 ARA BARRANQUILLA LA CAMPINA,Are0127,Area Caribe,Are0016,SubArea Atlantico,Solar,No Despachado Centralmente,NEUC,2026-08-03,2026-08-03,SIMEM 0bfc9d + 841808 + 10F2C9
4VW9,AGPE 583 ARA PUERTO COLOMBIA CORREDOR UNIVERS,Are0127,Area Caribe,Are0016,SubArea Atlantico,Solar,No Despachado Centralmente,NEUC,2026-08-03,2026-08-03,SIMEM 0bfc9d + 841808 + 10F2C9
4YHC,AGPE 590 ARA BARRANQUILLA EL PUEBLITO,Are0127,Area Caribe,Are0016,SubArea Atlantico,Solar,No Despachado Centralmente,NEUC,2026-08-03,2026-08-03,SIMEM 0bfc9d + 841808 + 10F2C9
5P4I,AGPE AGOFER,Are0127,Area Caribe,Are0016,SubArea Atlantico,Solar,No Despachado Centralmente,EXEC,2026-08-03,2026-08-03,SIMEM 0bfc9d + 841808 + 10F2C9
5CAA,AGPE AGROPECUARIA FRIGORODEO,Are0127,Area Caribe,Are0016,SubArea Atlantico,Solar,No Despachado Centralmente,QIEC,2026-08-03,2026-08-03,SIMEM 0bfc9d + 841808 + 10F2C9
5EEE,AGPE ALEJANDRO HAGE TAFACHE,Are0127,Area Caribe,Are0016,SubArea Atlantico,Solar,No Despachado Centralmente,ENBC,2026-08-03,2026-08-03,SIMEM 0bfc9d + 841808 + 10F2C9
4Z6F,AGPE ALEJANDRO HAGE TAFACHE LOCAL 2,Are0127,Area Caribe,Are0016,SubArea Atlantico,Solar,No Despachado Centralmente,ENBC,2026-08-03,2026-08-03,SIMEM 0bfc9d + 841808 + 10F2C9
4Z6H,AGPE ALEJANDRO HAGE TAFACHE LOCAL 3,Are0127,Area Caribe,Are0016,SubArea Atlantico,Solar,No Despachado Centralmente,ENBC,2026-08-03,2026-08-03,SIMEM 0bfc9d + 841808 + 10F2C9
5AS9,AGPE AMARIA REPOSTERIA SAS,Are0127,Area Caribe,Are0016,SubArea Atlantico,Solar,No Despachado Centralmente,BIAC,2026-08-03,2026-08-03,SIMEM 0bfc9d + 841808 + 10F2C9
3NG5,AGPE ARA BARANOA CENTRO,Are0127,Area Caribe,Are0016,SubArea Atlantico,Solar,No Despachado Centralmente,NEUC,2026-08-03,2026-08-03,SIMEM 0bfc9d + 841808 + 10F2C9
3HL9,AGPE ARA BARRANQUILLA CHIQUINQUIRA,Are0127,Area Caribe,Are0016,SubArea Atlantico,Solar,No Despachado Centralmente,NEUC,2026-08-03,2026-08-03,SIMEM 0bfc9d + 841808 + 10F2C9
4Y4O,AGPE ARA LA UNION,Are0127,Area Caribe,Are0016,SubArea Atlantico,Solar,No Despachado Centralmente,GNCC,2026-08-03,2026-08-03,SIMEM 0bfc9d + 841808 + 10F2C9
3HLB,AGPE ARA SOLEDAD MANUELA BELTRAN,Are0127,Area Caribe,Are0016,SubArea Atlantico,Solar,No Despachado Centralmente,NEUC,2026-08-03,2026-08-03,SIMEM 0bfc9d + 841808 + 10F2C9
4V4Z,AGPE ARACELLY GOMEZ CS 36 CR CASTELLANA REAL,Are0127,Area Caribe,Are0016,SubArea Atlantico,Solar,No Despachado Centralmente,ENBC,2026-08-03,2026-08-03,SIMEM 0bfc9d + 841808 + 10F2C9
4RKP,AGPE AURA RUEDA DE AYALA,Are0127,Area Caribe,Are0016,SubArea Atlantico,Solar,No Despachado Centralmente,QIEC,2026-08-03,2026-08-03,SIMEM 0bfc9d + 841808 + 10F2C9
5UHJ,AGPE AVICOLA EL GUAMITO SAS,Are0127,Area Caribe,Are0016,SubArea Atlantico,Solar,No Despachado Centralmente,BIAC,2026-08-03,2026-08-03,SIMEM 0bfc9d + 841808 + 10F2C9
3I73,AGPE BOLTEN BARRANQUILLA,Are0127,Area Caribe,Are0016,SubArea Atlantico,Solar,No Despachado Centralmente,GNCC,2026-08-03,2026-08-03,SIMEM 0bfc9d + 841808 + 10F2C9
5MSG,AGPE BURICA SA CR 60 CL 77 21,Are0127,Area Caribe,Are0016,SubArea Atlantico,Solar,No Despachado Centralmente,BIAC,2026-08-03,2026-08-03,SIMEM 0bfc9d + 841808 + 10F2C9
5NPX,AGPE BURICA SA SIMAN H SIMAN,Are0127,Area Caribe,Are0016,SubArea Atlantico,Solar,No Despachado Centralmente,BIAC,2026-08-03,2026-08-03,SIMEM 0bfc9d + 841808 + 10F2C9
4YH2,AGPE CALZACOSTA BODEGA,Are0127,Area Caribe,Are0016,SubArea Atlantico,Solar,No Despachado Centralmente,GNCC,2026-08-03,2026-08-03,SIMEM 0bfc9d + 841808 + 10F2C9
4UO5,AGPE CALZACOSTA CENTRO,Are0127,Area Caribe,Are0016,SubArea Atlantico,Solar,No Despachado Centralmente,GNCC,2026-08-03,2026-08-03,SIMEM 0bfc9d + 841808 + 10F2C9
3K91,AGPE CALZACOSTA OFICINAS,Are0127,Area Caribe,Are0016,SubArea Atlantico,Solar,No Despachado Centralmente,GNCC,2026-08-03,2026-08-03,SIMEM 0bfc9d + 841808 + 10F2C9
5E3L,AGPE CARLOS ALBERTO PERTUZ DURAN,Are0127,Area Caribe,Are0016,SubArea Atlantico,Solar,No Despachado Centralmente,ENBC,2026-08-03,2026-08-03,SIMEM 0bfc9d + 841808 + 10F2C9
5JJF,AGPE CARNES SANTACRUZ EL CONCORD MALAMBO,Are0127,Area Caribe,Are0016,SubArea Atlantico,Solar,No Despachado Centralmente,GNCC,2026-08-03,2026-08-03,SIMEM 0bfc9d + 841808 + 10F2C9
3NUC,AGPE CARPE DIEM BARRIO ABAJO,Are0127,Area Caribe,Are0016,SubArea Atlantico,Solar,No Despachado Centralmente,GNCC,2026-08-03,2026-08-03,SIMEM 0bfc9d + 841808 + 10F2C9
3EO5,AGPE CASA GABRIEL ROSALES,Are0127,Area Caribe,Are0016,SubArea Atlantico,Solar,No Despachado Centralmente,GNCC,2026-08-03,2026-08-03,SIMEM 0bfc9d + 841808 + 10F2C9
3E8U,AGPE CASA GERMAN ROMERO FRIERI,Are0127,Area Caribe,Are0016,SubArea Atlantico,Solar,No Despachado Centralmente,GNCC,2026-08-03,2026-08-03,SIMEM 0bfc9d + 841808 + 10F2C9
3GX7,AGPE CASA JAVIER MERINO,Are0127,Area Caribe,Are0016,SubArea Atlantico,Solar,No Despachado Centralmente,GNCC,2026-08-03,2026-08-03,SIMEM 0bfc9d + 841808 + 10F2C9
3C37,AGPE CASA TADEO ZIRENE,Are0127,Area Caribe,Are0016,SubArea Atlantico,Solar,No Despachado Centralmente,GNCC,2026-08-03,2026-08-03,SIMEM 0bfc9d + 841808 + 10F2C9
3DIJ,AGPE CASA VALENTINA,Are0127,Area Caribe,Are0016,SubArea Atlantico,Solar,No Despachado Centralmente,QIEC,2026-08-03,2026-08-03,SIMEM 0bfc9d + 841808 + 10F2C9
3JDI,AGPE CASINO ELITE,Are0127,Area Caribe,Are0016,SubArea Atlantico,Solar,No Despachado Centralmente,NEUC,2026-08-03,2026-08-03,SIMEM 0bfc9d + 841808 + 10F2C9
5TI7,AGPE CDA LA 79,Are0127,Area Caribe,Are0016,SubArea Atlantico,Solar,No Despachado Centralmente,GNCC,2026-08-03,2026-08-03,SIMEM 0bfc9d + 841808 + 10F2C9
5EEN,AGPE CEDI ARA GALAPA MNR,Are0127,Area Caribe,Are0016,SubArea Atlantico,Solar,No Despachado Centralmente,NEUC,2026-08-03,2026-08-03,SIMEM 0bfc9d + 841808 + 10F2C9
3J1Q,AGPE CESAR CARRIAZO,Are0127,Area Caribe,Are0016,SubArea Atlantico,Solar,No Despachado Centralmente,GNCC,2026-08-03,2026-08-03,SIMEM 0bfc9d + 841808 + 10F2C9
3KLG,AGPE CHM MINERIA SAS,Are0127,Area Caribe,Are0016,SubArea Atlantico,Solar,No Despachado Centralmente,QIEC,2026-08-03,2026-08-03,SIMEM 0bfc9d + 841808 + 10F2C9
5J88,AGPE CIA DE FINANCIAMIENTO LEASING ITAU SA SOLICITUD 21875,Are0127,Area Caribe,Are0016,SubArea Atlantico,Solar,No Despachado Centralmente,GNCC,2026-08-03,2026-08-03,SIMEM 0bfc9d + 841808 + 10F2C9
3P5J,AGPE CLASSIC JEANS SHOP SAS,Are0127,Area Caribe,Are0016,SubArea Atlantico,Solar,No Despachado Centralmente,GNCC,2026-08-03,2026-08-03,SIMEM 0bfc9d + 841808 + 10F2C9
5GEX,AGPE CLAUDIA MARIA ELISA ROMERO VIVAS,Are0127,Area Caribe,Are0016,SubArea Atlantico,Solar,No Despachado Centralmente,ENBC,2026-08-03,2026-08-03,SIMEM 0bfc9d + 841808 + 10F2C9
3K5A,AGPE CLINICA SALUD ORAL,Are0127,Area Caribe,Are0016,SubArea Atlantico,Solar,No Despachado Centralmente,GNCC,2026-08-03,2026-08-03,SIMEM 0bfc9d + 841808 + 10F2C9
4UKI,AGPE CLUB HEBREO,Are0127,Area Caribe,Are0016,SubArea Atlantico,Solar,No Despachado Centralmente,GNCC,2026-08-03,2026-08-03,SIMEM 0bfc9d + 841808 + 10F2C9
4YGX,AGPE COCINAS CARIBE,Are0127,Area Caribe,Are0016,SubArea Atlantico,Solar,No Despachado Centralmente,GNCC,2026-08-03,2026-08-03,SIMEM 0bfc9d + 841808 + 10F2C9
5UHL,AGPE COCREANDO SA,Are0127,Area Caribe,Are0016,SubArea Atlantico,Solar,No Despachado Centralmente,BIAC,2026-08-03,2026-08-03,SIMEM 0bfc9d + 841808 + 10F2C9
4Z8V,AGPE COLEGIO COLOMBO ESPANOL DE BARRANQUILLA,Are0127,Area Caribe,Are0016,SubArea Atlantico,Solar,No Despachado Centralmente,SCEC,2026-08-03,2026-08-03,SIMEM 0bfc9d + 841808 + 10F2C9
3I3M,AGPE COLEGIO LA MEDALLA MILAGROSA,Are0127,Area Caribe,Are0016,SubArea Atlantico,Solar,No Despachado Centralmente,GNCC,2026-08-03,2026-08-03,SIMEM 0bfc9d + 841808 + 10F2C9
4TK5,AGPE COLEGIO SAGRADA FAMILIA BARRANQUILLA,Are0127,Area Caribe,Are0016,SubArea Atlantico,Solar,No Despachado Centralmente,SCEC,2026-08-03,2026-08-03,SIMEM 0bfc9d + 841808 + 10F2C9
4T9W,AGPE COLEGIO SAN JOSÉ,Are0127,Area Caribe,Are0016,SubArea Atlantico,Solar,No Despachado Centralmente,RTQC,2026-08-03,2026-08-03,SIMEM 0bfc9d + 841808 + 10F2C9
5PNZ,AGPE COUNTRY MOTORS LEASING COLOMBIA,Are0127,Area Caribe,Are0016,SubArea Atlantico,Solar,No Despachado Centralmente,RTQC,2026-08-03,2026-08-03,SIMEM 0bfc9d + 841808 + 10F2C9
4Y4C,AGPE CSA LEON TIRE,Are0127,Area Caribe,Are0016,SubArea Atlantico,Solar,No Despachado Centralmente,GNCC,2026-08-03,2026-08-03,SIMEM 0bfc9d + 841808 + 10F2C9
5JS5,AGPE CUCINARE SAS,Are0127,Area Caribe,Are0016,SubArea Atlantico,Solar,No Despachado Centralmente,BIAC,2026-08-03,2026-08-03,SIMEM 0bfc9d + 841808 + 10F2C9
5P1I,AGPE CUCINARE SAS 2,Are0127,Area Caribe,Are0016,SubArea Atlantico,Solar,No Despachado Centralmente,BIAC,2026-08-03,2026-08-03,SIMEM 0bfc9d + 841808 + 10F2C9
5QFS,AGPE DEYSI ROCIO LONDONO MILLAN,Are0127,Area Caribe,Are0016,SubArea Atlantico,Solar,No Despachado Centralmente,ENBC,2026-08-03,2026-08-03,SIMEM 0bfc9d + 841808 + 10F2C9
4ZIG,AGPE DIAZ CRISSIEN CORPORATION SAS,Are0127,Area Caribe,Are0016,SubArea Atlantico,Solar,No Despachado Centralmente,GNCC,2026-08-03,2026-08-03,SIMEM 0bfc9d + 841808 + 10F2C9
5E6I,AGPE DINISSAN1,Are0127,Area Caribe,Are0016,SubArea Atlantico,Solar,No Despachado Centralmente,ETTC,2026-08-03,2026-08-03,SIMEM 0bfc9d + 841808 + 10F2C9
3QPC,AGPE DISTRIBUIDORA DE BANANOS OCHOA SEDE I,Are0127,Area Caribe,Are0016,SubArea Atlantico,Solar,No Despachado Centralmente,GNCC,2026-08-03,2026-08-03,SIMEM 0bfc9d + 841808 + 10F2C9
4QPC,AGPE DISTRIBUIDORA DE BANANOS OCHOA SEDE II,Are0127,Area Caribe,Are0016,SubArea Atlantico,Solar,No Despachado Centralmente,GNCC,2026-08-03,2026-08-03,SIMEM 0bfc9d + 841808 + 10F2C9
5TFG,AGPE DIVERSION DE OCCIDENTE CUENTA 3,Are0127,Area Caribe,Are0016,SubArea Atlantico,Solar,No Despachado Centralmente,GNCC,2026-08-03,2026-08-03,SIMEM 0bfc9d + 841808 + 10F2C9
4WUQ,AGPE EDS LA CIRCUNVALAR,Are0127,Area Caribe,Are0016,SubArea Atlantico,Solar,No Despachado Centralmente,QIEC,2026-08-03,2026-08-03,SIMEM 0bfc9d + 841808 + 10F2C9
3NAU,AGPE EDS LA PAZ,Are0127,Area Caribe,Are0016,SubArea Atlantico,Solar,No Despachado Centralmente,TPLC,2026-08-03,2026-08-03,SIMEM 0bfc9d + 841808 + 10F2C9
3HWI,AGPE EDS PIMSA,Are0127,Area Caribe,Are0016,SubArea Atlantico,Solar,No Despachado Centralmente,TPLC,2026-08-03,2026-08-03,SIMEM 0bfc9d + 841808 + 10F2C9
4SSH,AGPE EDS PUENTE PUMAREJO,Are0127,Area Caribe,Are0016,SubArea Atlantico,Solar,No Despachado Centralmente,NEUC,2026-08-03,2026-08-03,SIMEM 0bfc9d + 841808 + 10F2C9
5NKL,AGPE EDUARDO CADAVID,Are0127,Area Caribe,Are0016,SubArea Atlantico,Solar,No Despachado Centralmente,GNCC,2026-08-03,2026-08-03,SIMEM 0bfc9d + 841808 + 10F2C9
3HWK,AGPE EL ENCANTO,Are0127,Area Caribe,Are0016,SubArea Atlantico,Solar,No Despachado Centralmente,NMRG,2026-08-03,2026-08-03,SIMEM 0bfc9d + 841808 + 10F2C9
5DVU,AGPE ESPUMADOS DEL LITORAL,Are0127,Area Caribe,Are0016,SubArea Atlantico,Solar,No Despachado Centralmente,EPSC,2026-08-03,2026-08-03,SIMEM 0bfc9d + 841808 + 10F2C9
5UCZ,AGPE ESTRENO LA PAZ,Are0127,Area Caribe,Are0016,SubArea Atlantico,Solar,No Despachado Centralmente,GNCC,2026-08-03,2026-08-03,SIMEM 0bfc9d + 841808 + 10F2C9
5P4L,AGPE FARMATODO 7702318,Are0127,Area Caribe,Are0016,SubArea Atlantico,Solar,No Despachado Centralmente,NEUC,2026-08-03,2026-08-03,SIMEM 0bfc9d + 841808 + 10F2C9
3MXG,AGPE FELIX TORRES,Are0127,Area Caribe,Are0016,SubArea Atlantico,Solar,No Despachado Centralmente,GNCC,2026-08-03,2026-08-03,SIMEM 0bfc9d + 841808 + 10F2C9
5LOS,AGPE FERNANDO MUNARRIZ SALCEDO CASA 20,Are0127,Area Caribe,Are0016,SubArea Atlantico,Solar,No Despachado Centralmente,ENBC,2026-08-03,2026-08-03,SIMEM 0bfc9d + 841808 + 10F2C9
3HTN,AGPE FOTOLITO CENTRO,Are0127,Area Caribe,Are0016,SubArea Atlantico,Solar,No Despachado Centralmente,GNCC,2026-08-03,2026-08-03,SIMEM 0bfc9d + 841808 + 10F2C9
5AUO,AGPE FRANCISCO FRANCO RUEDA,Are0127,Area Caribe,Are0016,SubArea Atlantico,Solar,No Despachado Centralmente,ENBC,2026-08-03,2026-08-03,SIMEM 0bfc9d + 841808 + 10F2C9
4SS9,AGPE FREDDY ALFONSO FARAH SAAD,Are0127,Area Caribe,Are0016,SubArea Atlantico,Solar,No Despachado Centralmente,SCEC,2026-08-03,2026-08-03,SIMEM 0bfc9d + 841808 + 10F2C9
5F3W,AGPE FRIGOECOL,Are0127,Area Caribe,Are0016,SubArea Atlantico,Solar,No Despachado Centralmente,BIAC,2026-08-03,2026-08-03,SIMEM 0bfc9d + 841808 + 10F2C9
5LRG,AGPE FRIGORIFICO LA PARISIENE,Are0127,Area Caribe,Are0016,SubArea Atlantico,Solar,No Despachado Centralmente,GNCC,2026-08-03,2026-08-03,SIMEM 0bfc9d + 841808 + 10F2C9
3PZV,AGPE FUERZA AEREA CACOM III,Are0127,Area Caribe,Are0016,SubArea Atlantico,Solar,No Despachado Centralmente,EPMC,2026-08-03,2026-08-03,SIMEM 0bfc9d + 841808 + 10F2C9
5OWO,AGPE GABRIEL ALBERTO JIMENEZ ALVAREZ,Are0127,Area Caribe,Are0016,SubArea Atlantico,Solar,No Despachado Centralmente,ENBC,2026-08-03,2026-08-03,SIMEM 0bfc9d + 841808 + 10F2C9
3GTS,AGPE GASCOL SA PUNTO GAS CALLE 17,Are0127,Area Caribe,Are0016,SubArea Atlantico,Solar,No Despachado Centralmente,NEUC,2026-08-03,2026-08-03,SIMEM 0bfc9d + 841808 + 10F2C9
5SH3,AGPE GLADYS SOFIA MORALES BERRIO,Are0127,Area Caribe,Are0016,SubArea Atlantico,Solar,No Despachado Centralmente,GNCC,2026-08-03,2026-08-03,SIMEM 0bfc9d + 841808 + 10F2C9
5AU4,AGPE GRANJA CARACOLI,Are0127,Area Caribe,Are0016,SubArea Atlantico,Solar,No Despachado Centralmente,GNCC,2026-08-03,2026-08-03,SIMEM 0bfc9d + 841808 + 10F2C9
5P49,AGPE GRANJA PORVENIR NUCLEO 2,Are0127,Area Caribe,Are0016,SubArea Atlantico,Solar,No Despachado Centralmente,GNCC,2026-08-03,2026-08-03,SIMEM 0bfc9d + 841808 + 10F2C9
5TFK,AGPE GRANJA PORVENIR NUCLEO 3,Are0127,Area Caribe,Are0016,SubArea Atlantico,Solar,No Despachado Centralmente,GNCC,2026-08-03,2026-08-03,SIMEM 0bfc9d + 841808 + 10F2C9
5ILM,AGPE GRUPO DECOR BARRANQUILLA,Are0127,Area Caribe,Are0016,SubArea Atlantico,Solar,No Despachado Centralmente,NEUC,2026-08-03,2026-08-03,SIMEM 0bfc9d + 841808 + 10F2C9
5TI9,AGPE GRUPO VIRANERO,Are0127,Area Caribe,Are0016,SubArea Atlantico,Solar,No Despachado Centralmente,GNCC,2026-08-03,2026-08-03,SIMEM 0bfc9d + 841808 + 10F2C9
3NUG,AGPE HEIDY ANGULO CASTANEDA,Are0127,Area Caribe,Are0016,SubArea Atlantico,Solar,No Despachado Centralmente,GNCC,2026-08-03,2026-08-03,SIMEM 0bfc9d + 841808 + 10F2C9
3GI4,AGPE HIDROMANA SEDE 1,Are0127,Area Caribe,Are0016,SubArea Atlantico,Solar,No Despachado Centralmente,GNCC,2026-08-03,2026-08-03,SIMEM 0bfc9d + 841808 + 10F2C9
3ITQ,AGPE HOTEL ASTOR BYHOURS,Are0127,Area Caribe,Are0016,SubArea Atlantico,Solar,No Despachado Centralmente,GNCC,2026-08-03,2026-08-03,SIMEM 0bfc9d + 841808 + 10F2C9
5CAC,AGPE HOTEL EL PALMAR,Are0127,Area Caribe,Are0016,SubArea Atlantico,Solar,No Despachado Centralmente,QIEC,2026-08-03,2026-08-03,SIMEM 0bfc9d + 841808 + 10F2C9
5AXA,AGPE HOTEL EL TESORO,Are0127,Area Caribe,Are0016,SubArea Atlantico,Solar,No Despachado Centralmente,GNCC,2026-08-03,2026-08-03,SIMEM 0bfc9d + 841808 + 10F2C9
3R4W,AGPE HOTEL INTERSUITES,Are0127,Area Caribe,Are0016,SubArea Atlantico,Solar,No Despachado Centralmente,GNCC,2026-08-03,2026-08-03,SIMEM 0bfc9d + 841808 + 10F2C9
5AUK,AGPE HOTEL SUITE IMPERIAL INN,Are0127,Area Caribe,Are0016,SubArea Atlantico,Solar,No Despachado Centralmente,GNCC,2026-08-03,2026-08-03,SIMEM 0bfc9d + 841808 + 10F2C9
3Q8R,AGPE IGNACIO TAPIA,Are0127,Area Caribe,Are0016,SubArea Atlantico,Solar,No Despachado Centralmente,GNCC,2026-08-03,2026-08-03,SIMEM 0bfc9d + 841808 + 10F2C9
5UVH,AGPE INDUSTRIA DE ALIMENTOS DON PANCITO,Are0127,Area Caribe,Are0016,SubArea Atlantico,Solar,No Despachado Centralmente,RTQC,2026-08-03,2026-08-03,SIMEM 0bfc9d + 841808 + 10F2C9
4Y4Q,AGPE INDUSTRIAS MECAFOODS,Are0127,Area Caribe,Are0016,SubArea Atlantico,Solar,No Despachado Centralmente,GNCC,2026-08-03,2026-08-03,SIMEM 0bfc9d + 841808 + 10F2C9
3JDG,AGPE INDUSTRIAS NEGLE,Are0127,Area Caribe,Are0016,SubArea Atlantico,Solar,No Despachado Centralmente,NEUC,2026-08-03,2026-08-03,SIMEM 0bfc9d + 841808 + 10F2C9
5MSH,AGPE INVERAL SAS,Are0127,Area Caribe,Are0016,SubArea Atlantico,Solar,No Despachado Centralmente,BIAC,2026-08-03,2026-08-03,SIMEM 0bfc9d + 841808 + 10F2C9
5DVX,AGPE INVERCOMER DEL CARIBE,Are0127,Area Caribe,Are0016,SubArea Atlantico,Solar,No Despachado Centralmente,CMMC,2026-08-03,2026-08-03,SIMEM 0bfc9d + 841808 + 10F2C9
3HZ4,AGPE INVERSIONES ARCIERI,Are0127,Area Caribe,Are0016,SubArea Atlantico,Solar,No Despachado Centralmente,GNCC,2026-08-03,2026-08-03,SIMEM 0bfc9d + 841808 + 10F2C9
4YJU,AGPE INVERSIONES EJEMAR SAS,Are0127,Area Caribe,Are0016,SubArea Atlantico,Solar,No Despachado Centralmente,GNCC,2026-08-03,2026-08-03,SIMEM 0bfc9d + 841808 + 10F2C9
5QUM,AGPE INVERSIONES INT COLOMBIA SOCIEDAD POR ACCIONES SIMPLIFICADA,Are0127,Area Caribe,Are0016,SubArea Atlantico,Solar,No Despachado Centralmente,BIAC,2026-08-03,2026-08-03,SIMEM 0bfc9d + 841808 + 10F2C9
5OWP,AGPE ISMAEL BARRIOS BARRIO,Are0127,Area Caribe,Are0016,SubArea Atlantico,Solar,No Despachado Centralmente,SCEC,2026-08-03,2026-08-03,SIMEM 0bfc9d + 841808 + 10F2C9
5P4H,AGPE IVAN ALBERTO JIMENEZ AGUIRRE,Are0127,Area Caribe,Are0016,SubArea Atlantico,Solar,No Despachado Centralmente,ENBC,2026-08-03,2026-08-03,SIMEM 0bfc9d + 841808 + 10F2C9
5AD6,AGPE JAHNN HELMUTH SCHMALBACH ZABALETA,Are0127,Area Caribe,Are0016,SubArea Atlantico,Solar,No Despachado Centralmente,SCEC,2026-08-03,2026-08-03,SIMEM 0bfc9d + 841808 + 10F2C9
3C39,AGPE JAIME AMIN,Are0127,Area Caribe,Are0016,SubArea Atlantico,Solar,No Despachado Centralmente,GNCC,2026-08-03,2026-08-03,SIMEM 0bfc9d + 841808 + 10F2C9
3Q8H,AGPE JARDIN BABYGYM,Are0127,Area Caribe,Are0016,SubArea Atlantico,Solar,No Despachado Centralmente,BIAC,2026-08-03,2026-08-03,SIMEM 0bfc9d + 841808 + 10F2C9
5QUK,AGPE JASSIR SAIEH SAS CC PLAZA 59,Are0127,Area Caribe,Are0016,SubArea Atlantico,Solar,No Despachado Centralmente,ENBC,2026-08-03,2026-08-03,SIMEM 0bfc9d + 841808 + 10F2C9
5ISW,AGPE JERONIMO MARTINS COLOMBIA SAS TIENDA 591 BUENOS AIRES BARRANQUILLA,Are0127,Area Caribe,Are0016,SubArea Atlantico,Solar,No Despachado Centralmente,GNCC,2026-08-03,2026-08-03,SIMEM 0bfc9d + 841808 + 10F2C9
5ISV,AGPE JERONIMO MARTINS COLOMBIA SAS TIENDA 633 PARAISO BARRANQUILLA,Are0127,Area Caribe,Are0016,SubArea Atlantico,Solar,No Despachado Centralmente,GNCC,2026-08-03,2026-08-03,SIMEM 0bfc9d + 841808 + 10F2C9
5UCV,AGPE JERONIMO MARTINS COLOMBIA SAS TIENDA 635,Are0127,Area Caribe,Are0016,SubArea Atlantico,Solar,No Despachado Centralmente,GNCC,2026-08-03,2026-08-03,SIMEM 0bfc9d + 841808 + 10F2C9
5J8A,AGPE JERONIMO MARTINS COLOMBIA SAS TIENDA 649 BOSTON BARRANQUILLA,Are0127,Area Caribe,Are0016,SubArea Atlantico,Solar,No Despachado Centralmente,GNCC,2026-08-03,2026-08-03,SIMEM 0bfc9d + 841808 + 10F2C9
4V5G,AGPE JERONIMO MARTINS COLOMBIA SAS TIENDA 652,Are0127,Area Caribe,Are0016,SubArea Atlantico,Solar,No Despachado Centralmente,GNCC,2026-08-03,2026-08-03,SIMEM 0bfc9d + 841808 + 10F2C9
5ASJ,AGPE JERONIMO MARTINS COLOMBIA SAS TIENDA 690,Are0127,Area Caribe,Are0016,SubArea Atlantico,Solar,No Despachado Centralmente,GNCC,2026-08-03,2026-08-03,SIMEM 0bfc9d + 841808 + 10F2C9
4YH6,AGPE JERONIMO MARTINS COLOMBIA SAS TIENDA 747,Are0127,Area Caribe,Are0016,SubArea Atlantico,Solar,No Despachado Centralmente,GNCC,2026-08-03,2026-08-03,SIMEM 0bfc9d + 841808 + 10F2C9
5J8B,AGPE JERONIMO MARTINS COLOMBIA SAS TIENDA 810 VILLA TAREL BARRANQUILLA,Are0127,Area Caribe,Are0016,SubArea Atlantico,Solar,No Despachado Centralmente,GNCC,2026-08-03,2026-08-03,SIMEM 0bfc9d + 841808 + 10F2C9
5L9X,AGPE JESUS ANTONIO PEREZ GARCIA,Are0127,Area Caribe,Are0016,SubArea Atlantico,Solar,No Despachado Centralmente,ENBC,2026-08-03,2026-08-03,SIMEM 0bfc9d + 841808 + 10F2C9
5SF4,AGPE JOHN FREDY PENA BERNAL,Are0127,Area Caribe,Are0016,SubArea Atlantico,Solar,No Despachado Centralmente,SCEC,2026-08-03,2026-08-03,SIMEM 0bfc9d + 841808 + 10F2C9
5F45,AGPE JORGE JAVIER ALMEIDA BURGOS,Are0127,Area Caribe,Are0016,SubArea Atlantico,Solar,No Despachado Centralmente,SCEC,2026-08-03,2026-08-03,SIMEM 0bfc9d + 841808 + 10F2C9
3H9C,AGPE JUAN CARLOS VILARINO,Are0127,Area Caribe,Are0016,SubArea Atlantico,Solar,No Despachado Centralmente,GNCC,2026-08-03,2026-08-03,SIMEM 0bfc9d + 841808 + 10F2C9
5WT5,AGPE JULIO CONTRERAS,Are0127,Area Caribe,Are0016,SubArea Atlantico,Solar,No Despachado Centralmente,GNCC,2026-08-03,2026-08-03,SIMEM 0bfc9d + 841808 + 10F2C9
5TQO,AGPE KAREN JIMENA PALACIO BAYONA,Are0127,Area Caribe,Are0016,SubArea Atlantico,Solar,No Despachado Centralmente,ENBC,2026-08-03,2026-08-03,SIMEM 0bfc9d + 841808 + 10F2C9
3GTU,AGPE LA UNION ESTACION DE SERVICIO TERPEL,Are0127,Area Caribe,Are0016,SubArea Atlantico,Solar,No Despachado Centralmente,NEUC,2026-08-03,2026-08-03,SIMEM 0bfc9d + 841808 + 10F2C9
5LSY,AGPE LAB FARMACEUTICO Y COSMETICA PINEDA DE COLOMBIA SAS,Are0127,Area Caribe,Are0016,SubArea Atlantico,Solar,No Despachado Centralmente,GNCC,2026-08-03,2026-08-03,SIMEM 0bfc9d + 841808 + 10F2C9
5J8E,AGPE LABORATORIOS ASEPTIC SAS,Are0127,Area Caribe,Are0016,SubArea Atlantico,Solar,No Despachado Centralmente,GNCC,2026-08-03,2026-08-03,SIMEM 0bfc9d + 841808 + 10F2C9
5CAO,AGPE LABORATORIOS RETY DE COLOMBIA SAS,Are0127,Area Caribe,Are0016,SubArea Atlantico,Solar,No Despachado Centralmente,BIAC,2026-08-03,2026-08-03,SIMEM 0bfc9d + 841808 + 10F2C9
3KOX,AGPE LAS VEGAS RECREACIONES,Are0127,Area Caribe,Are0016,SubArea Atlantico,Solar,No Despachado Centralmente,GNCC,2026-08-03,2026-08-03,SIMEM 0bfc9d + 841808 + 10F2C9
4ZE7,AGPE LIA MARINA BAUTISTA MURCIA,Are0127,Area Caribe,Are0016,SubArea Atlantico,Solar,No Despachado Centralmente,ENBC,2026-08-03,2026-08-03,SIMEM 0bfc9d + 841808 + 10F2C9
5AD2,AGPE LIGIA ROSA OLIVERA MONROY,Are0127,Area Caribe,Are0016,SubArea Atlantico,Solar,No Despachado Centralmente,ENBC,2026-08-03,2026-08-03,SIMEM 0bfc9d + 841808 + 10F2C9
5AS7,AGPE LOCAL LUIS ALBERTO SALAZAR,Are0127,Area Caribe,Are0016,SubArea Atlantico,Solar,No Despachado Centralmente,BIAC,2026-08-03,2026-08-03,SIMEM 0bfc9d + 841808 + 10F2C9
3R55,AGPE LOS MARINILLOS,Are0127,Area Caribe,Are0016,SubArea Atlantico,Solar,No Despachado Centralmente,GNCC,2026-08-03,2026-08-03,SIMEM 0bfc9d + 841808 + 10F2C9
4SW4,AGPE LUIS CAMILO PALACIOS ZARATE,Are0127,Area Caribe,Are0016,SubArea Atlantico,Solar,No Despachado Centralmente,GNCC,2026-08-03,2026-08-03,SIMEM 0bfc9d + 841808 + 10F2C9
5J86,AGPE MARIA ANGELICA BORJA RUEDA,Are0127,Area Caribe,Are0016,SubArea Atlantico,Solar,No Despachado Centralmente,ENBC,2026-08-03,2026-08-03,SIMEM 0bfc9d + 841808 + 10F2C9
5NKV,AGPE MARIO SEBASTIAN VIERA,Are0127,Area Caribe,Are0016,SubArea Atlantico,Solar,No Despachado Centralmente,GNCC,2026-08-03,2026-08-03,SIMEM 0bfc9d + 841808 + 10F2C9
3NBD,AGPE MELISSA ANDREA GUERRA LOPEZ,Are0127,Area Caribe,Are0016,SubArea Atlantico,Solar,No Despachado Centralmente,SCEC,2026-08-03,2026-08-03,SIMEM 0bfc9d + 841808 + 10F2C9
3LML,AGPE METROPOLITANA DE COMBUSTIBLE,Are0127,Area Caribe,Are0016,SubArea Atlantico,Solar,No Despachado Centralmente,BIAC,2026-08-03,2026-08-03,SIMEM 0bfc9d + 841808 + 10F2C9
4YCH,AGPE MODA Y ESTILO FASHION,Are0127,Area Caribe,Are0016,SubArea Atlantico,Solar,No Despachado Centralmente,GNCC,2026-08-03,2026-08-03,SIMEM 0bfc9d + 841808 + 10F2C9
5E6O,AGPE MONICA DEL SOCORRO URREA OSPINA,Are0127,Area Caribe,Are0016,SubArea Atlantico,Solar,No Despachado Centralmente,ENBC,2026-08-03,2026-08-03,SIMEM 0bfc9d + 841808 + 10F2C9
4YGV,AGPE MOTEL FUERTE PARAISO,Are0127,Area Caribe,Are0016,SubArea Atlantico,Solar,No Despachado Centralmente,GNCC,2026-08-03,2026-08-03,SIMEM 0bfc9d + 841808 + 10F2C9
5G3P,AGPE MOTEL POSADA,Are0127,Area Caribe,Are0016,SubArea Atlantico,Solar,No Despachado Centralmente,GNCC,2026-08-03,2026-08-03,SIMEM 0bfc9d + 841808 + 10F2C9
4Z6N,AGPE MOTEL PUNTO G,Are0127,Area Caribe,Are0016,SubArea Atlantico,Solar,No Despachado Centralmente,GNCC,2026-08-03,2026-08-03,SIMEM 0bfc9d + 841808 + 10F2C9
5LRI,AGPE NEUROAVACES ELITE,Are0127,Area Caribe,Are0016,SubArea Atlantico,Solar,No Despachado Centralmente,GNCC,2026-08-03,2026-08-03,SIMEM 0bfc9d + 841808 + 10F2C9
3GZQ,AGPE ORION,Are0127,Area Caribe,Are0016,SubArea Atlantico,Solar,No Despachado Centralmente,GNCC,2026-08-03,2026-08-03,SIMEM 0bfc9d + 841808 + 10F2C9
5THM,AGPE OSTEONORTE SAS,Are0127,Area Caribe,Are0016,SubArea Atlantico,Solar,No Despachado Centralmente,GNCC,2026-08-03,2026-08-03,SIMEM 0bfc9d + 841808 + 10F2C9
4YOP,AGPE PAN SANTANA,Are0127,Area Caribe,Are0016,SubArea Atlantico,Solar,No Despachado Centralmente,GNCC,2026-08-03,2026-08-03,SIMEM 0bfc9d + 841808 + 10F2C9
3ECW,AGPE PANADERIA ZAPATOCA LA 43,Are0127,Area Caribe,Are0016,SubArea Atlantico,Solar,No Despachado Centralmente,GNCC,2026-08-03,2026-08-03,SIMEM 0bfc9d + 841808 + 10F2C9
3KX5,AGPE PARROQUIA ESPIRITU SANTO,Are0127,Area Caribe,Are0016,SubArea Atlantico,Solar,No Despachado Centralmente,GNCC,2026-08-03,2026-08-03,SIMEM 0bfc9d + 841808 + 10F2C9
5G3R,AGPE PARROQUIA SANTA TERESITA DEL NINO JESUS,Are0127,Area Caribe,Are0016,SubArea Atlantico,Solar,No Despachado Centralmente,GNCC,2026-08-03,2026-08-03,SIMEM 0bfc9d + 841808 + 10F2C9
5H1K,AGPE PLAFECOL,Are0127,Area Caribe,Are0016,SubArea Atlantico,Solar,No Despachado Centralmente,GNCC,2026-08-03,2026-08-03,SIMEM 0bfc9d + 841808 + 10F2C9
5F3T,AGPE PLANTA KARULUZ 76,Are0127,Area Caribe,Are0016,SubArea Atlantico,Solar,No Despachado Centralmente,GNCC,2026-08-03,2026-08-03,SIMEM 0bfc9d + 841808 + 10F2C9
5THS,AGPE PLANTA MARIA RINCON,Are0127,Area Caribe,Are0016,SubArea Atlantico,Solar,No Despachado Centralmente,GNCC,2026-08-03,2026-08-03,SIMEM 0bfc9d + 841808 + 10F2C9
4Z63,AGPE PLANTA NELSON POLO,Are0127,Area Caribe,Are0016,SubArea Atlantico,Solar,No Despachado Centralmente,GNCC,2026-08-03,2026-08-03,SIMEM 0bfc9d + 841808 + 10F2C9
3NFQ,AGPE PLANTA SARITA FARINE,Are0127,Area Caribe,Are0016,SubArea Atlantico,Solar,No Despachado Centralmente,GNCC,2026-08-03,2026-08-03,SIMEM 0bfc9d + 841808 + 10F2C9
5JS4,AGPE PLANTA TEMPLAR SEDE CARACOLI,Are0127,Area Caribe,Are0016,SubArea Atlantico,Solar,No Despachado Centralmente,BIAC,2026-08-03,2026-08-03,SIMEM 0bfc9d + 841808 + 10F2C9
4V1B,AGPE PRIMAX LA PONDEROSA I,Are0127,Area Caribe,Are0016,SubArea Atlantico,Solar,No Despachado Centralmente,GNCC,2026-08-03,2026-08-03,SIMEM 0bfc9d + 841808 + 10F2C9
4TJY,AGPE PROYECTO 06 AURA RUEDA,Are0127,Area Caribe,Are0016,SubArea Atlantico,Solar,No Despachado Centralmente,QIEC,2026-08-03,2026-08-03,SIMEM 0bfc9d + 841808 + 10F2C9
3MVW,AGPE REG MARKETING,Are0127,Area Caribe,Are0016,SubArea Atlantico,Solar,No Despachado Centralmente,GNCC,2026-08-03,2026-08-03,SIMEM 0bfc9d + 841808 + 10F2C9
5F3U,AGPE RELAX HOME,Are0127,Area Caribe,Are0016,SubArea Atlantico,Solar,No Despachado Centralmente,GNCC,2026-08-03,2026-08-03,SIMEM 0bfc9d + 841808 + 10F2C9
3E1W,AGPE RELIANZ GALAPA,Are0127,Area Caribe,Are0016,SubArea Atlantico,Solar,No Despachado Centralmente,ENDC,2026-08-03,2026-08-03,SIMEM 0bfc9d + 841808 + 10F2C9
5AUI,AGPE RESTAURANTE LA MATRIARCA BQ,Are0127,Area Caribe,Are0016,SubArea Atlantico,Solar,No Despachado Centralmente,GNCC,2026-08-03,2026-08-03,SIMEM 0bfc9d + 841808 + 10F2C9
3EJM,AGPE RETYPACK SAS,Are0127,Area Caribe,Are0016,SubArea Atlantico,Solar,No Despachado Centralmente,GNCC,2026-08-03,2026-08-03,SIMEM 0bfc9d + 841808 + 10F2C9
5AXQ,AGPE RICARDO SOJO GUZMAN,Are0127,Area Caribe,Are0016,SubArea Atlantico,Solar,No Despachado Centralmente,ENBC,2026-08-03,2026-08-03,SIMEM 0bfc9d + 841808 + 10F2C9
3NO2,AGPE RODOLFO SCHMULSON,Are0127,Area Caribe,Are0016,SubArea Atlantico,Solar,No Despachado Centralmente,GNCC,2026-08-03,2026-08-03,SIMEM 0bfc9d + 841808 + 10F2C9
5O1B,AGPE RUBEN DARIO MARTINEZ ESPARZA,Are0127,Area Caribe,Are0016,SubArea Atlantico,Solar,No Despachado Centralmente,SCEC,2026-08-03,2026-08-03,SIMEM 0bfc9d + 841808 + 10F2C9
5JDJ,AGPE SABAR1,Are0127,Area Caribe,Are0016,SubArea Atlantico,Solar,No Despachado Centralmente,ETTC,2026-08-03,2026-08-03,SIMEM 0bfc9d + 841808 + 10F2C9
5IST,AGPE SAFELA,Are0127,Area Caribe,Are0016,SubArea Atlantico,Solar,No Despachado Centralmente,GNCC,2026-08-03,2026-08-03,SIMEM 0bfc9d + 841808 + 10F2C9
5ASB,AGPE SEDE PRINCIPAL V Y A FASHION SAS,Are0127,Area Caribe,Are0016,SubArea Atlantico,Solar,No Despachado Centralmente,BIAC,2026-08-03,2026-08-03,SIMEM 0bfc9d + 841808 + 10F2C9
5PO3,AGPE SERVICIOS DE ALIMENTACION NP SAS,Are0127,Area Caribe,Are0016,SubArea Atlantico,Solar,No Despachado Centralmente,RTQC,2026-08-03,2026-08-03,SIMEM 0bfc9d + 841808 + 10F2C9
4VXY,AGPE SFV CENTRO ISRAELITA FILANTROPICO COLEGI,Are0127,Area Caribe,Are0016,SubArea Atlantico,Solar,No Despachado Centralmente,GNCC,2026-08-03,2026-08-03,SIMEM 0bfc9d + 841808 + 10F2C9
2Z66,AGPE SFV MCDONALDS SOLEDAD,Are0127,Area Caribe,Are0016,SubArea Atlantico,Solar,No Despachado Centralmente,GNCC,2026-08-03,2026-08-03,SIMEM 0bfc9d + 841808 + 10F2C9
5IG3,AGPE SILVANA MARGARITA FRANCESCHI,Are0127,Area Caribe,Are0016,SubArea Atlantico,Solar,No Despachado Centralmente,ENBC,2026-08-03,2026-08-03,SIMEM 0bfc9d + 841808 + 10F2C9
4SU3,AGPE SINAGOGA HEBREO,Are0127,Area Caribe,Are0016,SubArea Atlantico,Solar,No Despachado Centralmente,GNCC,2026-08-03,2026-08-03,SIMEM 0bfc9d + 841808 + 10F2C9
5UV5,AGPE SISTEMA FV ROCAPAN,Are0127,Area Caribe,Are0016,SubArea Atlantico,Solar,No Despachado Centralmente,GNCC,2026-08-03,2026-08-03,SIMEM 0bfc9d + 841808 + 10F2C9
5JGC,AGPE SODETRANS,Are0127,Area Caribe,Are0016,SubArea Atlantico,Solar,No Despachado Centralmente,RTQC,2026-08-03,2026-08-03,SIMEM 0bfc9d + 841808 + 10F2C9
3KA8,AGPE SOLUCIONES ADUANERAS,Are0127,Area Caribe,Are0016,SubArea Atlantico,Solar,No Despachado Centralmente,BIAC,2026-08-03,2026-08-03,SIMEM 0bfc9d + 841808 + 10F2C9
4VCW,AGPE SSFV MIX VIA 40,Are0127,Area Caribe,Are0016,SubArea Atlantico,Solar,No Despachado Centralmente,GNCC,2026-08-03,2026-08-03,SIMEM 0bfc9d + 841808 + 10F2C9
5IMA,AGPE STO 88 REDONDA,Are0127,Area Caribe,Are0016,SubArea Atlantico,Solar,No Despachado Centralmente,GNCC,2026-08-03,2026-08-03,SIMEM 0bfc9d + 841808 + 10F2C9
4RG8,AGPE SUBS CORP,Are0127,Area Caribe,Are0016,SubArea Atlantico,Solar,No Despachado Centralmente,RTQC,2026-08-03,2026-08-03,SIMEM 0bfc9d + 841808 + 10F2C9
4S4V,AGPE SUBS CORP BODEGA,Are0127,Area Caribe,Are0016,SubArea Atlantico,Solar,No Despachado Centralmente,RTQC,2026-08-03,2026-08-03,SIMEM 0bfc9d + 841808 + 10F2C9
5GF8,AGPE SUBS CORP SAS BARRANQUILLA,Are0127,Area Caribe,Are0016,SubArea Atlantico,Solar,No Despachado Centralmente,BIAC,2026-08-03,2026-08-03,SIMEM 0bfc9d + 841808 + 10F2C9
5PTP,AGPE SUPER MODA SABANALARGA SAS,Are0127,Area Caribe,Are0016,SubArea Atlantico,Solar,No Despachado Centralmente,GNCC,2026-08-03,2026-08-03,SIMEM 0bfc9d + 841808 + 10F2C9
5NKP,AGPE TECNOGRANJAS COLOMBIA SAS BIOAGRO INDUAGRICOLA,Are0127,Area Caribe,Are0016,SubArea Atlantico,Solar,No Despachado Centralmente,GNCC,2026-08-03,2026-08-03,SIMEM 0bfc9d + 841808 + 10F2C9
5JJG,AGPE TECNOGRANJAS POLO NUEVO,Are0127,Area Caribe,Are0016,SubArea Atlantico,Solar,No Despachado Centralmente,GNCC,2026-08-03,2026-08-03,SIMEM 0bfc9d + 841808 + 10F2C9
5JS3,AGPE TEMPLAR SAS,Are0127,Area Caribe,Are0016,SubArea Atlantico,Solar,No Despachado Centralmente,BIAC,2026-08-03,2026-08-03,SIMEM 0bfc9d + 841808 + 10F2C9
4V36,AGPE TIENDA ARA 477,Are0127,Area Caribe,Are0016,SubArea Atlantico,Solar,No Despachado Centralmente,NEUC,2026-08-03,2026-08-03,SIMEM 0bfc9d + 841808 + 10F2C9
5SEX,AGPE TOFEIN1,Are0127,Area Caribe,Are0016,SubArea Atlantico,Solar,No Despachado Centralmente,ETTC,2026-08-03,2026-08-03,SIMEM 0bfc9d + 841808 + 10F2C9
5JRY,AGPE TRANSDIAZ,Are0127,Area Caribe,Are0016,SubArea Atlantico,Solar,No Despachado Centralmente,RTQC,2026-08-03,2026-08-03,SIMEM 0bfc9d + 841808 + 10F2C9
3DIH,AGPE UNIDROGAS,Are0127,Area Caribe,Are0016,SubArea Atlantico,Solar,No Despachado Centralmente,GNCC,2026-08-03,2026-08-03,SIMEM 0bfc9d + 841808 + 10F2C9
3NQX,AGPE VEHICO 104189,Are0127,Area Caribe,Are0016,SubArea Atlantico,Solar,No Despachado Centralmente,ETTC,2026-08-03,2026-08-03,SIMEM 0bfc9d + 841808 + 10F2C9
3F3A,AGPE VITALBAQ,Are0127,Area Caribe,Are0016,SubArea Atlantico,Solar,No Despachado Centralmente,GNCC,2026-08-03,2026-08-03,SIMEM 0bfc9d + 841808 + 10F2C9
5MXY,AGPE VP GLOBAL BAQ,Are0127,Area Caribe,Are0016,SubArea Atlantico,Solar,No Despachado Centralmente,BIAC,2026-08-03,2026-08-03,SIMEM 0bfc9d + 841808 + 10F2C9
3PWC,AGPE WILLIAM ENCINALES,Are0127,Area Caribe,Are0016,SubArea Atlantico,Solar,No Despachado Centralmente,GNCC,2026-08-03,2026-08-03,SIMEM 0bfc9d + 841808 + 10F2C9
5H1G,AGPE YAMIL JOSE LLANOS,Are0127,Area Caribe,Are0016,SubArea Atlantico,Solar,No Despachado Centralmente,ENBC,2026-08-03,2026-08-03,SIMEM 0bfc9d + 841808 + 10F2C9
4T6E,AUTOG CORPACERO 1,Are0127,Area Caribe,Are0016,SubArea Atlantico,Termica,No Despachado Centralmente,PRIG,2026-08-03,2026-08-03,SIMEM 0bfc9d + 841808 + 10F2C9
4T6C,AUTOG LOS POCITOS 1,Are0127,Area Caribe,Are0016,SubArea Atlantico,Termica,No Despachado Centralmente,BCCG,2026-08-03,2026-08-03,SIMEM 0bfc9d + 841808 + 10F2C9
3JNR,AUTOG UNIBOL 1,Are0127,Area Caribe,Are0016,SubArea Atlantico,Termica,No Despachado Centralmente,COGG,2026-08-03,2026-08-03,SIMEM 0bfc9d + 841808 + 10F2C9
TBQ3,BARRANQUILLA 3,Are0127,Area Caribe,Are0016,SubArea Atlantico,Termica,Despachado Centralmente,TBSG,2026-08-03,2026-08-03,SIMEM 0bfc9d + 841808 + 10F2C9
TBQ4,BARRANQUILLA 4,Are0127,Area Caribe,Are0016,SubArea Atlantico,Termica,Despachado Centralmente,TBSG,2026-08-03,2026-08-03,SIMEM 0bfc9d + 841808 + 10F2C9
3PXE,BSB 500,Are0127,Area Caribe,Are0016,SubArea Atlantico,Solar,No Despachado Centralmente,ISGG,2026-08-03,2026-08-03,SIMEM 0bfc9d + 841808 + 10F2C9
3PXC,BSB 501,Are0127,Area Caribe,Are0016,SubArea Atlantico,Solar,No Despachado Centralmente,ISGG,2026-08-03,2026-08-03,SIMEM 0bfc9d + 841808 + 10F2C9
3PXF,BSB 502,Are0127,Area Caribe,Are0016,SubArea Atlantico,Solar,No Despachado Centralmente,ISGG,2026-08-03,2026-08-03,SIMEM 0bfc9d + 841808 + 10F2C9
3K8C,BSB 503,Are0127,Area Caribe,Are0016,SubArea Atlantico,Solar,No Despachado Centralmente,ISGG,2026-08-03,2026-08-03,SIMEM 0bfc9d + 841808 + 10F2C9
3K8E,BSB 504,Are0127,Area Caribe,Are0016,SubArea Atlantico,Solar,No Despachado Centralmente,ISGG,2026-08-03,2026-08-03,SIMEM 0bfc9d + 841808 + 10F2C9
3INX,CARACOLI I,Are0127,Area Caribe,Are0016,SubArea Atlantico,Solar,Despachado Centralmente,SDCG,2026-08-03,2026-08-03,SIMEM 0bfc9d + 841808 + 10F2C9
TFL4,FLORES 4 CC,Are0127,Area Caribe,Are0016,SubArea Atlantico,Termica,Despachado Centralmente,TMFG,2026-08-03,2026-08-03,SIMEM 0bfc9d + 841808 + 10F2C9
TFL1,FLORES I CC,Are0127,Area Caribe,Are0016,SubArea Atlantico,Termica,Despachado Centralmente,TMFG,2026-08-03,2026-08-03,SIMEM 0bfc9d + 841808 + 10F2C9
5MAE,GD BONILLA A I,Are0127,Area Caribe,Are0016,SubArea Atlantico,Solar,No Despachado Centralmente,OTAG,2026-08-03,2026-08-03,SIMEM 0bfc9d + 841808 + 10F2C9
5MAG,GD BONILLA A II,Are0127,Area Caribe,Are0016,SubArea Atlantico,Solar,No Despachado Centralmente,OTAG,2026-08-03,2026-08-03,SIMEM 0bfc9d + 841808 + 10F2C9
5MAD,GD BONILLA A III,Are0127,Area Caribe,Are0016,SubArea Atlantico,Solar,No Despachado Centralmente,OTAG,2026-08-03,2026-08-03,SIMEM 0bfc9d + 841808 + 10F2C9
5MAH,GD BONILLA A IV,Are0127,Area Caribe,Are0016,SubArea Atlantico,Solar,No Despachado Centralmente,OTAG,2026-08-03,2026-08-03,SIMEM 0bfc9d + 841808 + 10F2C9
5MAF,GD BONILLA A V,Are0127,Area Caribe,Are0016,SubArea Atlantico,Solar,No Despachado Centralmente,OTAG,2026-08-03,2026-08-03,SIMEM 0bfc9d + 841808 + 10F2C9
5F3Z,GD CADILLO II,Are0127,Area Caribe,Are0016,SubArea Atlantico,Solar,No Despachado Centralmente,OTAG,2026-08-03,2026-08-03,SIMEM 0bfc9d + 841808 + 10F2C9
5F41,GD CARACOL I,Are0127,Area Caribe,Are0016,SubArea Atlantico,Solar,No Despachado Centralmente,OTAG,2026-08-03,2026-08-03,SIMEM 0bfc9d + 841808 + 10F2C9
5F3Y,GD CARACOL II,Are0127,Area Caribe,Are0016,SubArea Atlantico,Solar,No Despachado Centralmente,OTAG,2026-08-03,2026-08-03,SIMEM 0bfc9d + 841808 + 10F2C9
5F3X,GD CARACOL III,Are0127,Area Caribe,Are0016,SubArea Atlantico,Solar,No Despachado Centralmente,OTAG,2026-08-03,2026-08-03,SIMEM 0bfc9d + 841808 + 10F2C9
4Z8T,GD ENCANTO,Are0127,Area Caribe,Are0016,SubArea Atlantico,Solar,No Despachado Centralmente,NTCG,2026-08-03,2026-08-03,SIMEM 0bfc9d + 841808 + 10F2C9
3QQ3,GD FINCA ISABEL LOPEZ,Are0127,Area Caribe,Are0016,SubArea Atlantico,Solar,No Despachado Centralmente,GNYG,2026-08-03,2026-08-03,SIMEM 0bfc9d + 841808 + 10F2C9
3NU4,GD FINCA JM,Are0127,Area Caribe,Are0016,SubArea Atlantico,Solar,No Despachado Centralmente,GNYG,2026-08-03,2026-08-03,SIMEM 0bfc9d + 841808 + 10F2C9
5ISK,GD PALMERAS I,Are0127,Area Caribe,Are0016,SubArea Atlantico,Solar,No Despachado Centralmente,OTAG,2026-08-03,2026-08-03,SIMEM 0bfc9d + 841808 + 10F2C9
5ISO,GD PALMERAS II,Are0127,Area Caribe,Are0016,SubArea Atlantico,Solar,No Despachado Centralmente,OTAG,2026-08-03,2026-08-03,SIMEM 0bfc9d + 841808 + 10F2C9
5ISL,GD PALMERAS III,Are0127,Area Caribe,Are0016,SubArea Atlantico,Solar,No Despachado Centralmente,OTAG,2026-08-03,2026-08-03,SIMEM 0bfc9d + 841808 + 10F2C9
5ISM,GD PALMERAS IV,Are0127,Area Caribe,Are0016,SubArea Atlantico,Solar,No Despachado Centralmente,OTAG,2026-08-03,2026-08-03,SIMEM 0bfc9d + 841808 + 10F2C9
4XUX,GD PULOY,Are0127,Area Caribe,Are0016,SubArea Atlantico,Solar,No Despachado Centralmente,UNGG,2026-08-03,2026-08-03,SIMEM 0bfc9d + 841808 + 10F2C9
GYPO,GUAYEPO,Are0127,Area Caribe,Are0016,SubArea Atlantico,Solar,Despachado Centralmente,ENDG,2026-08-03,2026-08-03,SIMEM 0bfc9d + 841808 + 10F2C9
GYP3,GUAYEPO III,Are0127,Area Caribe,Are0016,SubArea Atlantico,Solar,Despachado Centralmente,ENDG,2026-08-03,2026-08-03,SIMEM 0bfc9d + 841808 + 10F2C9
4YC7,NAVITRANS BARRANQUILLA,Are0127,Area Caribe,Are0016,SubArea Atlantico,Solar,No Despachado Centralmente,NEUC,2026-08-03,2026-08-03,SIMEM 0bfc9d + 841808 + 10F2C9
4RGG,PARQUE SOLAR BARANOA,Are0127,Area Caribe,Are0016,SubArea Atlantico,Solar,No Despachado Centralmente,FYRG,2026-08-03,2026-08-03,SIMEM 0bfc9d + 841808 + 10F2C9
5G3S,PARQUE SOLAR BUGAMBILES,Are0127,Area Caribe,Are0016,SubArea Atlantico,Solar,No Despachado Centralmente,FYRG,2026-08-03,2026-08-03,SIMEM 0bfc9d + 841808 + 10F2C9
5G3T,PARQUE SOLAR NISPEROS,Are0127,Area Caribe,Are0016,SubArea Atlantico,Solar,No Despachado Centralmente,FYRG,2026-08-03,2026-08-03,SIMEM 0bfc9d + 841808 + 10F2C9
TBST,TEBSAB CC,Are0127,Area Caribe,Are0016,SubArea Atlantico,Termica,Despachado Centralmente,TBSG,2026-08-03,2026-08-03,SIMEM 0bfc9d + 841808 + 10F2C9
3HYG,URUACO,Are0127,Area Caribe,Are0016,SubArea Atlantico,Solar,No Despachado Centralmente,UNGG,2026-08-03,2026-08-03,SIMEM 0bfc9d + 841808 + 10F2C9
4STW,AGPE  RICARDO EMILIO OBREGON TRUJILLO CASA 14,Are0127,Area Caribe,Are0018,SubArea Bolivar,Solar,No Despachado Centralmente,ENBC,2026-08-03,2026-08-03,SIMEM 0bfc9d + 841808 + 10F2C9
4T4B,AGPE ALEXIS MARTINEZ DAZA MZ 19 20,Are0127,Area Caribe,Are0018,SubArea Bolivar,Solar,No Despachado Centralmente,ENBC,2026-08-03,2026-08-03,SIMEM 0bfc9d + 841808 + 10F2C9
5QFU,AGPE ANDRES EDUARDO HERRERA ALVAREZ,Are0127,Area Caribe,Are0018,SubArea Bolivar,Solar,No Despachado Centralmente,ENBC,2026-08-03,2026-08-03,SIMEM 0bfc9d + 841808 + 10F2C9
4RKT,AGPE ANTONIO FERNANDO JAUREGUI CASA 3,Are0127,Area Caribe,Are0018,SubArea Bolivar,Solar,No Despachado Centralmente,ENBC,2026-08-03,2026-08-03,SIMEM 0bfc9d + 841808 + 10F2C9
4Z8R,AGPE APC FRIGORIFICO ZF,Are0127,Area Caribe,Are0018,SubArea Bolivar,Solar,No Despachado Centralmente,QIEC,2026-08-03,2026-08-03,SIMEM 0bfc9d + 841808 + 10F2C9
3J8X,AGPE ARA CARTAGENA LOS CORALES,Are0127,Area Caribe,Are0018,SubArea Bolivar,Solar,No Despachado Centralmente,NEUC,2026-08-03,2026-08-03,SIMEM 0bfc9d + 841808 + 10F2C9
3J8Z,AGPE ARA CARTAGENA PROVIDENCIA,Are0127,Area Caribe,Are0018,SubArea Bolivar,Solar,No Despachado Centralmente,NEUC,2026-08-03,2026-08-03,SIMEM 0bfc9d + 841808 + 10F2C9
3J8V,AGPE ARA CARTAGENA SANTA MONICA,Are0127,Area Caribe,Are0018,SubArea Bolivar,Solar,No Despachado Centralmente,NEUC,2026-08-03,2026-08-03,SIMEM 0bfc9d + 841808 + 10F2C9
3NB3,AGPE AUTOTECNICA COLOMBIANA,Are0127,Area Caribe,Are0018,SubArea Bolivar,Solar,No Despachado Centralmente,EPMC,2026-08-03,2026-08-03,SIMEM 0bfc9d + 841808 + 10F2C9
4VZ7,AGPE CARLOS GONZALES CORRALES,Are0127,Area Caribe,Are0018,SubArea Bolivar,Solar,No Despachado Centralmente,ENBC,2026-08-03,2026-08-03,SIMEM 0bfc9d + 841808 + 10F2C9
5NQ6,AGPE CARTAGENA INTERNACIONAL SCHOOL Y CIA LTD,Are0127,Area Caribe,Are0018,SubArea Bolivar,Solar,No Despachado Centralmente,SCEC,2026-08-03,2026-08-03,SIMEM 0bfc9d + 841808 + 10F2C9
5PTY,AGPE CC EJECUTIVOS 1,Are0127,Area Caribe,Are0018,SubArea Bolivar,Solar,No Despachado Centralmente,GNCC,2026-08-03,2026-08-03,SIMEM 0bfc9d + 841808 + 10F2C9
5OFY,AGPE CC EJECUTIVOS 2,Are0127,Area Caribe,Are0018,SubArea Bolivar,Solar,No Despachado Centralmente,GNCC,2026-08-03,2026-08-03,SIMEM 0bfc9d + 841808 + 10F2C9
5LA4,AGPE CC PLAZA 90,Are0127,Area Caribe,Are0018,SubArea Bolivar,Solar,No Despachado Centralmente,GNCC,2026-08-03,2026-08-03,SIMEM 0bfc9d + 841808 + 10F2C9
5LT5,AGPE CC SAN FERNANDO,Are0127,Area Caribe,Are0018,SubArea Bolivar,Solar,No Despachado Centralmente,BIAC,2026-08-03,2026-08-03,SIMEM 0bfc9d + 841808 + 10F2C9
5TNG,AGPE COLEGIO MONTESSORI SAS,Are0127,Area Caribe,Are0018,SubArea Bolivar,Solar,No Despachado Centralmente,BIAC,2026-08-03,2026-08-03,SIMEM 0bfc9d + 841808 + 10F2C9
3MW1,AGPE COMERCIALIZADORA EL SUR LIMITADA,Are0127,Area Caribe,Are0018,SubArea Bolivar,Solar,No Despachado Centralmente,SCEC,2026-08-03,2026-08-03,SIMEM 0bfc9d + 841808 + 10F2C9
5ISZ,AGPE COMPANIA DE FINANCIAMIENTO LEASING ITAU SA SOLICITUD 25283,Are0127,Area Caribe,Are0018,SubArea Bolivar,Solar,No Despachado Centralmente,GNCC,2026-08-03,2026-08-03,SIMEM 0bfc9d + 841808 + 10F2C9
4T49,AGPE DAVID SIERRA MZ 12 15,Are0127,Area Caribe,Are0018,SubArea Bolivar,Solar,No Despachado Centralmente,ENBC,2026-08-03,2026-08-03,SIMEM 0bfc9d + 841808 + 10F2C9
3GFO,AGPE DONA MANUELA,Are0127,Area Caribe,Are0018,SubArea Bolivar,Solar,No Despachado Centralmente,TPLC,2026-08-03,2026-08-03,SIMEM 0bfc9d + 841808 + 10F2C9
4STU,AGPE EDS CEBALLOS,Are0127,Area Caribe,Are0018,SubArea Bolivar,Solar,No Despachado Centralmente,ENBC,2026-08-03,2026-08-03,SIMEM 0bfc9d + 841808 + 10F2C9
3J31,AGPE EDS SAN RAFAEL,Are0127,Area Caribe,Are0018,SubArea Bolivar,Solar,No Despachado Centralmente,TPLC,2026-08-03,2026-08-03,SIMEM 0bfc9d + 841808 + 10F2C9
4S44,AGPE EDUARDO ENRIQUE DEL CASTILLO,Are0127,Area Caribe,Are0018,SubArea Bolivar,Solar,No Despachado Centralmente,ENBC,2026-08-03,2026-08-03,SIMEM 0bfc9d + 841808 + 10F2C9
4S78,AGPE ELIANA GOMEZ VARELA LOTE 13,Are0127,Area Caribe,Are0018,SubArea Bolivar,Solar,No Despachado Centralmente,ENBC,2026-08-03,2026-08-03,SIMEM 0bfc9d + 841808 + 10F2C9
5FPY,AGPE ELVIRA MARTINEZ MARRUGO,Are0127,Area Caribe,Are0018,SubArea Bolivar,Solar,No Despachado Centralmente,SCEC,2026-08-03,2026-08-03,SIMEM 0bfc9d + 841808 + 10F2C9
5ACW,AGPE ERIS DAVID CACERES GOMEZ,Are0127,Area Caribe,Are0018,SubArea Bolivar,Solar,No Despachado Centralmente,ENBC,2026-08-03,2026-08-03,SIMEM 0bfc9d + 841808 + 10F2C9
3IQI,AGPE EXTRACTORA VIZCAYA,Are0127,Area Caribe,Are0018,SubArea Bolivar,Solar,No Despachado Centralmente,ENDC,2026-08-03,2026-08-03,SIMEM 0bfc9d + 841808 + 10F2C9
3IZQ,AGPE FARMATODO MANGA,Are0127,Area Caribe,Are0018,SubArea Bolivar,Solar,No Despachado Centralmente,GNCC,2026-08-03,2026-08-03,SIMEM 0bfc9d + 841808 + 10F2C9
4Z6R,AGPE FELIPE ANDRES PRIETO ARBELAEZ,Are0127,Area Caribe,Are0018,SubArea Bolivar,Solar,No Despachado Centralmente,ENBC,2026-08-03,2026-08-03,SIMEM 0bfc9d + 841808 + 10F2C9
3NPB,AGPE FRIGOMETRO CARTAGENA,Are0127,Area Caribe,Are0018,SubArea Bolivar,Solar,No Despachado Centralmente,ISGC,2026-08-03,2026-08-03,SIMEM 0bfc9d + 841808 + 10F2C9
5TNI,AGPE G SPATH SAS,Are0127,Area Caribe,Are0018,SubArea Bolivar,Solar,No Despachado Centralmente,BIAC,2026-08-03,2026-08-03,SIMEM 0bfc9d + 841808 + 10F2C9
4S46,AGPE HECTOR JULIAN USECHE MZ 20 1,Are0127,Area Caribe,Are0018,SubArea Bolivar,Solar,No Despachado Centralmente,ENBC,2026-08-03,2026-08-03,SIMEM 0bfc9d + 841808 + 10F2C9
4XUP,AGPE HENRY BABILONIA LUNA,Are0127,Area Caribe,Are0018,SubArea Bolivar,Solar,No Despachado Centralmente,ENBC,2026-08-03,2026-08-03,SIMEM 0bfc9d + 841808 + 10F2C9
5E3M,AGPE HERWIN MARCOS VILLAMIL SALCEDO,Are0127,Area Caribe,Are0018,SubArea Bolivar,Solar,No Despachado Centralmente,ENBC,2026-08-03,2026-08-03,SIMEM 0bfc9d + 841808 + 10F2C9
4RL4,AGPE JAIME ANTONIO SANCHEZ MZ 18 2,Are0127,Area Caribe,Are0018,SubArea Bolivar,Solar,No Despachado Centralmente,ENBC,2026-08-03,2026-08-03,SIMEM 0bfc9d + 841808 + 10F2C9
4SNX,AGPE JAIRO USECHE MZ 333,Are0127,Area Caribe,Are0018,SubArea Bolivar,Solar,No Despachado Centralmente,ENBC,2026-08-03,2026-08-03,SIMEM 0bfc9d + 841808 + 10F2C9
4ZIQ,AGPE JAVIER ALBERTO BARRIOS VERHELST,Are0127,Area Caribe,Are0018,SubArea Bolivar,Solar,No Despachado Centralmente,ENBC,2026-08-03,2026-08-03,SIMEM 0bfc9d + 841808 + 10F2C9
3JF8,AGPE JOSE ALBERTO CALDERON AGUDELO,Are0127,Area Caribe,Are0018,SubArea Bolivar,Solar,No Despachado Centralmente,NEUC,2026-08-03,2026-08-03,SIMEM 0bfc9d + 841808 + 10F2C9
4V54,AGPE JOSE GABRIEL SANINT MZ8 I,Are0127,Area Caribe,Are0018,SubArea Bolivar,Solar,No Despachado Centralmente,ENBC,2026-08-03,2026-08-03,SIMEM 0bfc9d + 841808 + 10F2C9
4R11,AGPE JOTA EME INVERSIONES SAS,Are0127,Area Caribe,Are0018,SubArea Bolivar,Solar,No Despachado Centralmente,SCEC,2026-08-03,2026-08-03,SIMEM 0bfc9d + 841808 + 10F2C9
4S48,AGPE JUAN CARLOS HOYOS VALDELAMAR,Are0127,Area Caribe,Are0018,SubArea Bolivar,Solar,No Despachado Centralmente,ENBC,2026-08-03,2026-08-03,SIMEM 0bfc9d + 841808 + 10F2C9
4T66,AGPE JUAN MADRID MZ 4 3,Are0127,Area Caribe,Are0018,SubArea Bolivar,Solar,No Despachado Centralmente,ENBC,2026-08-03,2026-08-03,SIMEM 0bfc9d + 841808 + 10F2C9
4Y9H,AGPE JUANAUTOS EL CERRO SAS,Are0127,Area Caribe,Are0018,SubArea Bolivar,Solar,No Despachado Centralmente,BIAC,2026-08-03,2026-08-03,SIMEM 0bfc9d + 841808 + 10F2C9
3JHX,AGPE LA MASIA,Are0127,Area Caribe,Are0018,SubArea Bolivar,Solar,No Despachado Centralmente,BIAC,2026-08-03,2026-08-03,SIMEM 0bfc9d + 841808 + 10F2C9
4S7C,AGPE LIZ ARIANI MZ 18 2,Are0127,Area Caribe,Are0018,SubArea Bolivar,Solar,No Despachado Centralmente,ENBC,2026-08-03,2026-08-03,SIMEM 0bfc9d + 841808 + 10F2C9
4XUN,AGPE LUIS FERNANDO GONZALEZ CORRALES,Are0127,Area Caribe,Are0018,SubArea Bolivar,Solar,No Despachado Centralmente,ENBC,2026-08-03,2026-08-03,SIMEM 0bfc9d + 841808 + 10F2C9
5E3O,AGPE MARCO ANTONIO FLORES VILLALBA,Are0127,Area Caribe,Are0018,SubArea Bolivar,Solar,No Despachado Centralmente,ENBC,2026-08-03,2026-08-03,SIMEM 0bfc9d + 841808 + 10F2C9
4SNV,AGPE MARIO ROSALES DELGADO MZ 299,Are0127,Area Caribe,Are0018,SubArea Bolivar,Solar,No Despachado Centralmente,ENBC,2026-08-03,2026-08-03,SIMEM 0bfc9d + 841808 + 10F2C9
4UOB,AGPE MCD AV PEDRO DE HEREDIA CTG,Are0127,Area Caribe,Are0018,SubArea Bolivar,Solar,No Despachado Centralmente,GNCC,2026-08-03,2026-08-03,SIMEM 0bfc9d + 841808 + 10F2C9
5ASP,AGPE NAUTICA INTEGRAL SAS,Are0127,Area Caribe,Are0018,SubArea Bolivar,Solar,No Despachado Centralmente,SCEC,2026-08-03,2026-08-03,SIMEM 0bfc9d + 841808 + 10F2C9
4SNZ,AGPE OSWALDO MURILLO MOLANO 3218,Are0127,Area Caribe,Are0018,SubArea Bolivar,Solar,No Despachado Centralmente,ENBC,2026-08-03,2026-08-03,SIMEM 0bfc9d + 841808 + 10F2C9
5TO6,AGPE PEMEL SAS,Are0127,Area Caribe,Are0018,SubArea Bolivar,Solar,No Despachado Centralmente,SCEC,2026-08-03,2026-08-03,SIMEM 0bfc9d + 841808 + 10F2C9
3IIQ,AGPE PLANTA LUBRICANTES,Are0127,Area Caribe,Are0018,SubArea Bolivar,Solar,No Despachado Centralmente,TPLC,2026-08-03,2026-08-03,SIMEM 0bfc9d + 841808 + 10F2C9
3NFY,AGPE PRIMAX COLOMBIA SA III,Are0127,Area Caribe,Are0018,SubArea Bolivar,Solar,No Despachado Centralmente,NEUC,2026-08-03,2026-08-03,SIMEM 0bfc9d + 841808 + 10F2C9
5F3R,AGPE PROVENSAS SAS,Are0127,Area Caribe,Are0018,SubArea Bolivar,Solar,No Despachado Centralmente,GNCC,2026-08-03,2026-08-03,SIMEM 0bfc9d + 841808 + 10F2C9
4T6U,AGPE RAFAEL ENRIQUE TONO VELEZ MZ 28 12,Are0127,Area Caribe,Are0018,SubArea Bolivar,Solar,No Despachado Centralmente,ENBC,2026-08-03,2026-08-03,SIMEM 0bfc9d + 841808 + 10F2C9
3KR6,AGPE RAMON GIRALDO GONZALEZ,Are0127,Area Caribe,Are0018,SubArea Bolivar,Solar,No Despachado Centralmente,SCEC,2026-08-03,2026-08-03,SIMEM 0bfc9d + 841808 + 10F2C9
5SFA,AGPE RICARDO ALBERTO ORTIZ GONZALEZ,Are0127,Area Caribe,Are0018,SubArea Bolivar,Solar,No Despachado Centralmente,ENBC,2026-08-03,2026-08-03,SIMEM 0bfc9d + 841808 + 10F2C9
4RKR,AGPE RODRIGO MADRID MZ 32 17,Are0127,Area Caribe,Are0018,SubArea Bolivar,Solar,No Despachado Centralmente,ENBC,2026-08-03,2026-08-03,SIMEM 0bfc9d + 841808 + 10F2C9
4WWW,AGPE ROSAURA GARRIDO NOYA,Are0127,Area Caribe,Are0018,SubArea Bolivar,Solar,No Despachado Centralmente,ENBC,2026-08-03,2026-08-03,SIMEM 0bfc9d + 841808 + 10F2C9
5CF2,AGPE SEBASTIAN EMILIANI ESPINOSA,Are0127,Area Caribe,Are0018,SubArea Bolivar,Solar,No Despachado Centralmente,ENBC,2026-08-03,2026-08-03,SIMEM 0bfc9d + 841808 + 10F2C9
5W4C,AGPE SILVANA ECHEVERRY ECHEVERRY FEGALY,Are0127,Area Caribe,Are0018,SubArea Bolivar,Solar,No Despachado Centralmente,ENBC,2026-08-03,2026-08-03,SIMEM 0bfc9d + 841808 + 10F2C9
5J87,AGPE SOLO MODAS BAZURTO,Are0127,Area Caribe,Are0018,SubArea Bolivar,Solar,No Despachado Centralmente,GNCC,2026-08-03,2026-08-03,SIMEM 0bfc9d + 841808 + 10F2C9
5LQT,AGPE SS LA SANTA VM SAS,Are0127,Area Caribe,Are0018,SubArea Bolivar,Solar,No Despachado Centralmente,SCEC,2026-08-03,2026-08-03,SIMEM 0bfc9d + 841808 + 10F2C9
4V2X,AGPE STO 125 ZARAGOCILLA,Are0127,Area Caribe,Are0018,SubArea Bolivar,Solar,No Despachado Centralmente,GNCC,2026-08-03,2026-08-03,SIMEM 0bfc9d + 841808 + 10F2C9
5PNY,AGPE STO 798 OLIMPICA CARMEN DE BOLIVAR,Are0127,Area Caribe,Are0018,SubArea Bolivar,Solar,No Despachado Centralmente,RTQC,2026-08-03,2026-08-03,SIMEM 0bfc9d + 841808 + 10F2C9
5AMK,AGPE TIENDA ARA 1090,Are0127,Area Caribe,Are0018,SubArea Bolivar,Solar,No Despachado Centralmente,NEUC,2026-08-03,2026-08-03,SIMEM 0bfc9d + 841808 + 10F2C9
4TAB,AGPE TIENDA ARA 597,Are0127,Area Caribe,Are0018,SubArea Bolivar,Solar,No Despachado Centralmente,NEUC,2026-08-03,2026-08-03,SIMEM 0bfc9d + 841808 + 10F2C9
4SSF,AGPE TIENDA ARA 632,Are0127,Area Caribe,Are0018,SubArea Bolivar,Solar,No Despachado Centralmente,NEUC,2026-08-03,2026-08-03,SIMEM 0bfc9d + 841808 + 10F2C9
4WO2,AGPE TIENDA ARA 744,Are0127,Area Caribe,Are0018,SubArea Bolivar,Solar,No Despachado Centralmente,NEUC,2026-08-03,2026-08-03,SIMEM 0bfc9d + 841808 + 10F2C9
4XEM,AGPE TIENDA ARA 782,Are0127,Area Caribe,Are0018,SubArea Bolivar,Solar,No Despachado Centralmente,NEUC,2026-08-03,2026-08-03,SIMEM 0bfc9d + 841808 + 10F2C9
3NP7,AGPE UNIVERSIDAD TECNOLOGICA DE BOLIVAR,Are0127,Area Caribe,Are0018,SubArea Bolivar,Solar,No Despachado Centralmente,EPSC,2026-08-03,2026-08-03,SIMEM 0bfc9d + 841808 + 10F2C9
5CEX,AGPE URIEL AUGUSTO CARVAJAL LOPEZ,Are0127,Area Caribe,Are0018,SubArea Bolivar,Solar,No Despachado Centralmente,SCEC,2026-08-03,2026-08-03,SIMEM 0bfc9d + 841808 + 10F2C9
4WW1,AGPE VEHICO 104191,Are0127,Area Caribe,Are0018,SubArea Bolivar,Solar,No Despachado Centralmente,ETTC,2026-08-03,2026-08-03,SIMEM 0bfc9d + 841808 + 10F2C9
4VWF,AGPE VETERINARIA RDV JONATHAN,Are0127,Area Caribe,Are0018,SubArea Bolivar,Solar,No Despachado Centralmente,NEUC,2026-08-03,2026-08-03,SIMEM 0bfc9d + 841808 + 10F2C9
2S8I,AUTOG REFICAR 1,Are0127,Area Caribe,Are0018,SubArea Bolivar,Termica,No Despachado Centralmente,GECG,2026-08-03,2026-08-03,SIMEM 0bfc9d + 841808 + 10F2C9
CTG1,CARTAGENA 1,Are0127,Area Caribe,Are0018,SubArea Bolivar,Termica,Despachado Centralmente,NTCG,2026-08-03,2026-08-03,SIMEM 0bfc9d + 841808 + 10F2C9
CTG2,CARTAGENA 2,Are0127,Area Caribe,Are0018,SubArea Bolivar,Termica,Despachado Centralmente,NTCG,2026-08-03,2026-08-03,SIMEM 0bfc9d + 841808 + 10F2C9
CTG3,CARTAGENA 3,Are0127,Area Caribe,Are0018,SubArea Bolivar,Termica,Despachado Centralmente,NTCG,2026-08-03,2026-08-03,SIMEM 0bfc9d + 841808 + 10F2C9
5H1R,GD LA CATEDRAL,Are0127,Area Caribe,Are0018,SubArea Bolivar,Solar,No Despachado Centralmente,UNGG,2026-08-03,2026-08-03,SIMEM 0bfc9d + 841808 + 10F2C9
5SEN,GD PISINGO I,Are0127,Area Caribe,Are0018,SubArea Bolivar,Solar,No Despachado Centralmente,GNCG,2026-08-03,2026-08-03,SIMEM 0bfc9d + 841808 + 10F2C9
5SEL,GD PISINGO II,Are0127,Area Caribe,Are0018,SubArea Bolivar,Solar,No Despachado Centralmente,GNCG,2026-08-03,2026-08-03,SIMEM 0bfc9d + 841808 + 10F2C9
5DW3,GD YURBAQUA,Are0127,Area Caribe,Are0018,SubArea Bolivar,Solar,No Despachado Centralmente,UNGG,2026-08-03,2026-08-03,SIMEM 0bfc9d + 841808 + 10F2C9
PRG1,PROELECTRICA 1,Are0127,Area Caribe,Are0018,SubArea Bolivar,Termica,Despachado Centralmente,PRIG,2026-08-03,2026-08-03,SIMEM 0bfc9d + 841808 + 10F2C9
PRG2,PROELECTRICA 2,Are0127,Area Caribe,Are0018,SubArea Bolivar,Termica,Despachado Centralmente,PRIG,2026-08-03,2026-08-03,SIMEM 0bfc9d + 841808 + 10F2C9
TCDT,TERMOCANDELARIA CC,Are0127,Area Caribe,Are0018,SubArea Bolivar,Termica,Despachado Centralmente,TCIG,2026-08-03,2026-08-03,SIMEM 0bfc9d + 841808 + 10F2C9
TCBE,TERMOCARIBE III 1,Are0127,Area Caribe,Are0018,SubArea Bolivar,Termica,Despachado Centralmente,TCBG,2026-08-03,2026-08-03,SIMEM 0bfc9d + 841808 + 10F2C9
ARG1,TERMOFENIX I 1,Are0127,Area Caribe,Are0018,SubArea Bolivar,Termica,No Despachado Centralmente,DEPG,2026-08-03,2026-08-03,SIMEM 0bfc9d + 841808 + 10F2C9
5LON,GD MEISSA II,Are0127,Area Caribe,Are0020,SubArea Cerromatoso,Solar,No Despachado Centralmente,GNYG,2026-08-03,2026-08-03,SIMEM 0bfc9d + 841808 + 10F2C9
GEC3,GECELCA 3,Are0127,Area Caribe,Are0020,SubArea Cerromatoso,Termica,Despachado Centralmente,GECG,2026-08-03,2026-08-03,SIMEM 0bfc9d + 841808 + 10F2C9
PRV1,PROVIDENCIA,Are0127,Area Caribe,Are0020,SubArea Cerromatoso,Hidraulica,No Despachado Centralmente,HZEG,2026-08-03,2026-08-03,SIMEM 0bfc9d + 841808 + 10F2C9
4SS7,SOL Y CIELO IV,Are0127,Area Caribe,Are0020,SubArea Cerromatoso,Solar,No Despachado Centralmente,EYCG,2026-08-03,2026-08-03,SIMEM 0bfc9d + 841808 + 10F2C9
3J2B,SOLAR PLANETA RICA,Are0127,Area Caribe,Are0020,SubArea Cerromatoso,Solar,No Despachado Centralmente,EPSG,2026-08-03,2026-08-03,SIMEM 0bfc9d + 841808 + 10F2C9
4ULU,AGPE  EDWIN CARDER GALLON,Are0127,Area Caribe,Are0021,SubArea Cordoba_Sucre,Solar,No Despachado Centralmente,ENBC,2026-08-03,2026-08-03,SIMEM 0bfc9d + 841808 + 10F2C9
4Y48,AGPE  JAIME ALFONSO NAVARRO GALINDO,Are0127,Area Caribe,Are0021,SubArea Cordoba_Sucre,Solar,No Despachado Centralmente,SCEC,2026-08-03,2026-08-03,SIMEM 0bfc9d + 841808 + 10F2C9
4YC3,AGPE 502 ARA LORICA CENTRO CALLE 4A,Are0127,Area Caribe,Are0021,SubArea Cordoba_Sucre,Solar,No Despachado Centralmente,NEUC,2026-08-03,2026-08-03,SIMEM 0bfc9d + 841808 + 10F2C9
4WO4,AGPE 522 ARA MONTERIA MOCARI,Are0127,Area Caribe,Are0021,SubArea Cordoba_Sucre,Solar,No Despachado Centralmente,NEUC,2026-08-03,2026-08-03,SIMEM 0bfc9d + 841808 + 10F2C9
4Y59,AGPE 568 ARA AYAPEL CENTRO CRA 7,Are0127,Area Caribe,Are0021,SubArea Cordoba_Sucre,Solar,No Despachado Centralmente,NEUC,2026-08-03,2026-08-03,SIMEM 0bfc9d + 841808 + 10F2C9
4T6I,AGPE 581 ARA LORICA TRONCAL,Are0127,Area Caribe,Are0021,SubArea Cordoba_Sucre,Solar,No Despachado Centralmente,NEUC,2026-08-03,2026-08-03,SIMEM 0bfc9d + 841808 + 10F2C9
3HJ6,AGPE ADOLFO RAMIREZ GODOY,Are0127,Area Caribe,Are0021,SubArea Cordoba_Sucre,Solar,No Despachado Centralmente,SCEC,2026-08-03,2026-08-03,SIMEM 0bfc9d + 841808 + 10F2C9
4Y9N,AGPE ADOLFO RAMIREZ GODOY SINCELEJO,Are0127,Area Caribe,Are0021,SubArea Cordoba_Sucre,Solar,No Despachado Centralmente,SCEC,2026-08-03,2026-08-03,SIMEM 0bfc9d + 841808 + 10F2C9
3IYL,AGPE AEROPUERTO COROZAL,Are0127,Area Caribe,Are0021,SubArea Cordoba_Sucre,Solar,No Despachado Centralmente,TPLC,2026-08-03,2026-08-03,SIMEM 0bfc9d + 841808 + 10F2C9
3MTV,AGPE AGROPECUARIA TABAIDA SAS,Are0127,Area Caribe,Are0021,SubArea Cordoba_Sucre,Solar,No Despachado Centralmente,SCEC,2026-08-03,2026-08-03,SIMEM 0bfc9d + 841808 + 10F2C9
5LQS,AGPE AGROPECUARIA TABAIDA SAS SANTA MARTA,Are0127,Area Caribe,Are0021,SubArea Cordoba_Sucre,Solar,No Despachado Centralmente,SCEC,2026-08-03,2026-08-03,SIMEM 0bfc9d + 841808 + 10F2C9
5FOW,AGPE AGROTES VENECIA,Are0127,Area Caribe,Are0021,SubArea Cordoba_Sucre,Solar,No Despachado Centralmente,NEUC,2026-08-03,2026-08-03,SIMEM 0bfc9d + 841808 + 10F2C9
3QKC,AGPE AIDA PIEDAD RAMOS ANAYA,Are0127,Area Caribe,Are0021,SubArea Cordoba_Sucre,Solar,No Despachado Centralmente,SCEC,2026-08-03,2026-08-03,SIMEM 0bfc9d + 841808 + 10F2C9
3IP7,AGPE ALCIELO CONSTRUCTORA,Are0127,Area Caribe,Are0021,SubArea Cordoba_Sucre,Solar,No Despachado Centralmente,SCEC,2026-08-03,2026-08-03,SIMEM 0bfc9d + 841808 + 10F2C9
4VZB,AGPE ALCIELO CONSTRUCTORA SAS ZONAS COMUN,Are0127,Area Caribe,Are0021,SubArea Cordoba_Sucre,Solar,No Despachado Centralmente,SCEC,2026-08-03,2026-08-03,SIMEM 0bfc9d + 841808 + 10F2C9
5JDI,AGPE ALFONSO JOSE GOMEZ GALLON,Are0127,Area Caribe,Are0021,SubArea Cordoba_Sucre,Solar,No Despachado Centralmente,SCEC,2026-08-03,2026-08-03,SIMEM 0bfc9d + 841808 + 10F2C9
3NA4,AGPE ALQUIBER DARIO RIOS CARDONA,Are0127,Area Caribe,Are0021,SubArea Cordoba_Sucre,Solar,No Despachado Centralmente,SCEC,2026-08-03,2026-08-03,SIMEM 0bfc9d + 841808 + 10F2C9
5IVU,AGPE ALTIPAL SAS,Are0127,Area Caribe,Are0021,SubArea Cordoba_Sucre,Solar,No Despachado Centralmente,BIAC,2026-08-03,2026-08-03,SIMEM 0bfc9d + 841808 + 10F2C9
3J5D,AGPE ALVARO SOLANO,Are0127,Area Caribe,Are0021,SubArea Cordoba_Sucre,Solar,No Despachado Centralmente,SCEC,2026-08-03,2026-08-03,SIMEM 0bfc9d + 841808 + 10F2C9
5TFO,AGPE ANA CANDELARIA MARTINEZ MARMOL,Are0127,Area Caribe,Are0021,SubArea Cordoba_Sucre,Solar,No Despachado Centralmente,GNCC,2026-08-03,2026-08-03,SIMEM 0bfc9d + 841808 + 10F2C9
3Q9M,AGPE ANA KARINA ALCALA MAUSSA,Are0127,Area Caribe,Are0021,SubArea Cordoba_Sucre,Solar,No Despachado Centralmente,SCEC,2026-08-03,2026-08-03,SIMEM 0bfc9d + 841808 + 10F2C9
5F44,AGPE ANDRES ENRIQUE GONZALEZ ARBELAEZ,Are0127,Area Caribe,Are0021,SubArea Cordoba_Sucre,Solar,No Despachado Centralmente,SCEC,2026-08-03,2026-08-03,SIMEM 0bfc9d + 841808 + 10F2C9
3MXY,AGPE ANDRES RODRIGO JARAMILLO DURANGO,Are0127,Area Caribe,Are0021,SubArea Cordoba_Sucre,Solar,No Despachado Centralmente,SCEC,2026-08-03,2026-08-03,SIMEM 0bfc9d + 841808 + 10F2C9
4YHM,AGPE ANGELA PATRICIA MORALES AVILA,Are0127,Area Caribe,Are0021,SubArea Cordoba_Sucre,Solar,No Despachado Centralmente,SCEC,2026-08-03,2026-08-03,SIMEM 0bfc9d + 841808 + 10F2C9
3RH4,AGPE ANGELA ROCIO PINZON AMADO,Are0127,Area Caribe,Are0021,SubArea Cordoba_Sucre,Solar,No Despachado Centralmente,SCEC,2026-08-03,2026-08-03,SIMEM 0bfc9d + 841808 + 10F2C9
3JFA,AGPE ARA MONTERIA EL DORADO,Are0127,Area Caribe,Are0021,SubArea Cordoba_Sucre,Solar,No Despachado Centralmente,NEUC,2026-08-03,2026-08-03,SIMEM 0bfc9d + 841808 + 10F2C9
4RMY,AGPE ARA MONTERIA RANCHO GRANDE,Are0127,Area Caribe,Are0021,SubArea Cordoba_Sucre,Solar,No Despachado Centralmente,NEUC,2026-08-03,2026-08-03,SIMEM 0bfc9d + 841808 + 10F2C9
4WOU,AGPE ARA SAN BERNARDO DEL VIENTO CENTRO,Are0127,Area Caribe,Are0021,SubArea Cordoba_Sucre,Solar,No Despachado Centralmente,NEUC,2026-08-03,2026-08-03,SIMEM 0bfc9d + 841808 + 10F2C9
4V34,AGPE ARA TOLU CENTRO 384,Are0127,Area Caribe,Are0021,SubArea Cordoba_Sucre,Solar,No Despachado Centralmente,NEUC,2026-08-03,2026-08-03,SIMEM 0bfc9d + 841808 + 10F2C9
3HJC,AGPE ASDRUB,Are0127,Area Caribe,Are0021,SubArea Cordoba_Sucre,Solar,No Despachado Centralmente,ETTC,2026-08-03,2026-08-03,SIMEM 0bfc9d + 841808 + 10F2C9
3NB7,AGPE ASOCIACION DE MUNICIPIOS DEL SINU SABANA,Are0127,Area Caribe,Are0021,SubArea Cordoba_Sucre,Solar,No Despachado Centralmente,SCEC,2026-08-03,2026-08-03,SIMEM 0bfc9d + 841808 + 10F2C9
3H2W,AGPE AUTO ROBLE LTDA,Are0127,Area Caribe,Are0021,SubArea Cordoba_Sucre,Solar,No Despachado Centralmente,SCEC,2026-08-03,2026-08-03,SIMEM 0bfc9d + 841808 + 10F2C9
4VBE,AGPE AUTO ROBLE LTDA SINCELEJO,Are0127,Area Caribe,Are0021,SubArea Cordoba_Sucre,Solar,No Despachado Centralmente,SCEC,2026-08-03,2026-08-03,SIMEM 0bfc9d + 841808 + 10F2C9
3HJ4,AGPE AVES EMAUS,Are0127,Area Caribe,Are0021,SubArea Cordoba_Sucre,Solar,No Despachado Centralmente,NEUC,2026-08-03,2026-08-03,SIMEM 0bfc9d + 841808 + 10F2C9
4TK7,AGPE AYLLIN LUCIA DEL CARMEN DURANGO,Are0127,Area Caribe,Are0021,SubArea Cordoba_Sucre,Solar,No Despachado Centralmente,SCEC,2026-08-03,2026-08-03,SIMEM 0bfc9d + 841808 + 10F2C9
4THC,AGPE BARU MOTORS MONTERIA SAS,Are0127,Area Caribe,Are0021,SubArea Cordoba_Sucre,Solar,No Despachado Centralmente,SCEC,2026-08-03,2026-08-03,SIMEM 0bfc9d + 841808 + 10F2C9
3PXL,AGPE BERNARDO JOSE REVUELTAS GONZALEZ,Are0127,Area Caribe,Are0021,SubArea Cordoba_Sucre,Solar,No Despachado Centralmente,SCEC,2026-08-03,2026-08-03,SIMEM 0bfc9d + 841808 + 10F2C9
5SEZ,AGPE BETHE1,Are0127,Area Caribe,Are0021,SubArea Cordoba_Sucre,Solar,No Despachado Centralmente,ETTC,2026-08-03,2026-08-03,SIMEM 0bfc9d + 841808 + 10F2C9
3KE2,AGPE BICITIENDA JR,Are0127,Area Caribe,Are0021,SubArea Cordoba_Sucre,Solar,No Despachado Centralmente,SCEC,2026-08-03,2026-08-03,SIMEM 0bfc9d + 841808 + 10F2C9
5ATT,AGPE BIENTRA SAS,Are0127,Area Caribe,Are0021,SubArea Cordoba_Sucre,Solar,No Despachado Centralmente,SCEC,2026-08-03,2026-08-03,SIMEM 0bfc9d + 841808 + 10F2C9
5PU9,AGPE BIGSIGNS PUBLICIDAD SAS,Are0127,Area Caribe,Are0021,SubArea Cordoba_Sucre,Solar,No Despachado Centralmente,SCEC,2026-08-03,2026-08-03,SIMEM 0bfc9d + 841808 + 10F2C9
3LQZ,AGPE CABANA SERGIO VELEZ,Are0127,Area Caribe,Are0021,SubArea Cordoba_Sucre,Solar,No Despachado Centralmente,SCEC,2026-08-03,2026-08-03,SIMEM 0bfc9d + 841808 + 10F2C9
3KO9,AGPE CACHARRERIA JUNIOR L,Are0127,Area Caribe,Are0021,SubArea Cordoba_Sucre,Solar,No Despachado Centralmente,SCEC,2026-08-03,2026-08-03,SIMEM 0bfc9d + 841808 + 10F2C9
4QPL,AGPE CAJA DE COMPENSACION FAMILIAR DE SUCRE,Are0127,Area Caribe,Are0021,SubArea Cordoba_Sucre,Solar,No Despachado Centralmente,SCEC,2026-08-03,2026-08-03,SIMEM 0bfc9d + 841808 + 10F2C9
3EJK,AGPE CALARCA 1,Are0127,Area Caribe,Are0021,SubArea Cordoba_Sucre,Solar,No Despachado Centralmente,GNCC,2026-08-03,2026-08-03,SIMEM 0bfc9d + 841808 + 10F2C9
3EJI,AGPE CALARCA 2,Are0127,Area Caribe,Are0021,SubArea Cordoba_Sucre,Solar,No Despachado Centralmente,GNCC,2026-08-03,2026-08-03,SIMEM 0bfc9d + 841808 + 10F2C9
5UAC,AGPE CAMARA DE COMERCIO DE MONTERIA,Are0127,Area Caribe,Are0021,SubArea Cordoba_Sucre,Solar,No Despachado Centralmente,SCEC,2026-08-03,2026-08-03,SIMEM 0bfc9d + 841808 + 10F2C9
4RGK,AGPE CARLOS ALBERTO DAJUD FERNANDEZ,Are0127,Area Caribe,Are0021,SubArea Cordoba_Sucre,Solar,No Despachado Centralmente,SCEC,2026-08-03,2026-08-03,SIMEM 0bfc9d + 841808 + 10F2C9
4WOM,AGPE CARLOS ALBERTO PEREZ ARANGO,Are0127,Area Caribe,Are0021,SubArea Cordoba_Sucre,Solar,No Despachado Centralmente,GNCC,2026-08-03,2026-08-03,SIMEM 0bfc9d + 841808 + 10F2C9
3KE4,AGPE CARLOS MANUEL BOOM BURGOS,Are0127,Area Caribe,Are0021,SubArea Cordoba_Sucre,Solar,No Despachado Centralmente,SCEC,2026-08-03,2026-08-03,SIMEM 0bfc9d + 841808 + 10F2C9
4QZU,AGPE CARMEN EDITH GONZALEZ MEJIA,Are0127,Area Caribe,Are0021,SubArea Cordoba_Sucre,Solar,No Despachado Centralmente,SCEC,2026-08-03,2026-08-03,SIMEM 0bfc9d + 841808 + 10F2C9
4WX3,AGPE CARMEN LUCIA MILANES NIVIA,Are0127,Area Caribe,Are0021,SubArea Cordoba_Sucre,Solar,No Despachado Centralmente,SCEC,2026-08-03,2026-08-03,SIMEM 0bfc9d + 841808 + 10F2C9
4S1I,AGPE CARMEN REGINA VILLADIEGO MONTIEL,Are0127,Area Caribe,Are0021,SubArea Cordoba_Sucre,Solar,No Despachado Centralmente,SCEC,2026-08-03,2026-08-03,SIMEM 0bfc9d + 841808 + 10F2C9
3MHF,AGPE CAROL CHICA CASTILLA,Are0127,Area Caribe,Are0021,SubArea Cordoba_Sucre,Solar,No Despachado Centralmente,SCEC,2026-08-03,2026-08-03,SIMEM 0bfc9d + 841808 + 10F2C9
5CA2,AGPE CARPE DIEM,Are0127,Area Caribe,Are0021,SubArea Cordoba_Sucre,Solar,No Despachado Centralmente,GNCC,2026-08-03,2026-08-03,SIMEM 0bfc9d + 841808 + 10F2C9
3HJA,AGPE CASA 6 MALIBU,Are0127,Area Caribe,Are0021,SubArea Cordoba_Sucre,Solar,No Despachado Centralmente,SCEC,2026-08-03,2026-08-03,SIMEM 0bfc9d + 841808 + 10F2C9
4TA9,AGPE CASA ARTURO GARCIA,Are0127,Area Caribe,Are0021,SubArea Cordoba_Sucre,Solar,No Despachado Centralmente,NEUC,2026-08-03,2026-08-03,SIMEM 0bfc9d + 841808 + 10F2C9
3MW7,AGPE CASA BRITANICA SAS SEDE TRONCAL,Are0127,Area Caribe,Are0021,SubArea Cordoba_Sucre,Solar,No Despachado Centralmente,SCEC,2026-08-03,2026-08-03,SIMEM 0bfc9d + 841808 + 10F2C9
4YBK,AGPE CASA CURAL,Are0127,Area Caribe,Are0021,SubArea Cordoba_Sucre,Solar,No Despachado Centralmente,GNCC,2026-08-03,2026-08-03,SIMEM 0bfc9d + 841808 + 10F2C9
3QOJ,AGPE CASA EL UBERRIMO,Are0127,Area Caribe,Are0021,SubArea Cordoba_Sucre,Solar,No Despachado Centralmente,SCEC,2026-08-03,2026-08-03,SIMEM 0bfc9d + 841808 + 10F2C9
5TEI,AGPE CASA GATTAS GARCES,Are0127,Area Caribe,Are0021,SubArea Cordoba_Sucre,Solar,No Despachado Centralmente,GNCC,2026-08-03,2026-08-03,SIMEM 0bfc9d + 841808 + 10F2C9
3CC3,AGPE CASA RICHARD - MALIBU,Are0127,Area Caribe,Are0021,SubArea Cordoba_Sucre,Solar,No Despachado Centralmente,ETTC,2026-08-03,2026-08-03,SIMEM 0bfc9d + 841808 + 10F2C9
5EEI,AGPE CEDI ARA CIENAGA MNR,Are0127,Area Caribe,Are0021,SubArea Cordoba_Sucre,Solar,No Despachado Centralmente,NEUC,2026-08-03,2026-08-03,SIMEM 0bfc9d + 841808 + 10F2C9
3NG7,AGPE CELINA DEL CARMEN CARRASCAL DE PATINO,Are0127,Area Caribe,Are0021,SubArea Cordoba_Sucre,Solar,No Despachado Centralmente,SCEC,2026-08-03,2026-08-03,SIMEM 0bfc9d + 841808 + 10F2C9
5W4M,AGPE CENTRO CARDIOLOGICO DE CORDOBA SAS,Are0127,Area Caribe,Are0021,SubArea Cordoba_Sucre,Solar,No Despachado Centralmente,SCEC,2026-08-03,2026-08-03,SIMEM 0bfc9d + 841808 + 10F2C9
4Z9U,AGPE CENTRO DE DIAGNOSTICO AUTOMOTOR PLANETA,Are0127,Area Caribe,Are0021,SubArea Cordoba_Sucre,Solar,No Despachado Centralmente,SCEC,2026-08-03,2026-08-03,SIMEM 0bfc9d + 841808 + 10F2C9
3I84,AGPE CENTRO DE EVENTOS EL SOL,Are0127,Area Caribe,Are0021,SubArea Cordoba_Sucre,Solar,No Despachado Centralmente,SCEC,2026-08-03,2026-08-03,SIMEM 0bfc9d + 841808 + 10F2C9
5TIB,AGPE CESAR ALONSO RIOS NIETO,Are0127,Area Caribe,Are0021,SubArea Cordoba_Sucre,Solar,No Despachado Centralmente,SCEC,2026-08-03,2026-08-03,SIMEM 0bfc9d + 841808 + 10F2C9
3KOT,AGPE CESAR JULIO HERNANDEZ,Are0127,Area Caribe,Are0021,SubArea Cordoba_Sucre,Solar,No Despachado Centralmente,SCEC,2026-08-03,2026-08-03,SIMEM 0bfc9d + 841808 + 10F2C9
3HZ6,AGPE CESAR URZOLA CASA 24,Are0127,Area Caribe,Are0021,SubArea Cordoba_Sucre,Solar,No Despachado Centralmente,GNCC,2026-08-03,2026-08-03,SIMEM 0bfc9d + 841808 + 10F2C9
3IF8,AGPE CLAUDIA PATRICIA ROLDAN,Are0127,Area Caribe,Are0021,SubArea Cordoba_Sucre,Solar,No Despachado Centralmente,SCEC,2026-08-03,2026-08-03,SIMEM 0bfc9d + 841808 + 10F2C9
3MGX,AGPE CLINICA OFTALMALOGICA DE SUCRE,Are0127,Area Caribe,Are0021,SubArea Cordoba_Sucre,Solar,No Despachado Centralmente,SCEC,2026-08-03,2026-08-03,SIMEM 0bfc9d + 841808 + 10F2C9
4QPD,AGPE CLINICA OFTALMOLOGICA DAJUD SAS,Are0127,Area Caribe,Are0021,SubArea Cordoba_Sucre,Solar,No Despachado Centralmente,SCEC,2026-08-03,2026-08-03,SIMEM 0bfc9d + 841808 + 10F2C9
3MXQ,AGPE CLINIDOTACIONES SAS,Are0127,Area Caribe,Are0021,SubArea Cordoba_Sucre,Solar,No Despachado Centralmente,SCEC,2026-08-03,2026-08-03,SIMEM 0bfc9d + 841808 + 10F2C9
3JN8,AGPE COLEGIO SAGRADA FAMILIA,Are0127,Area Caribe,Are0021,SubArea Cordoba_Sucre,Solar,No Despachado Centralmente,SCEC,2026-08-03,2026-08-03,SIMEM 0bfc9d + 841808 + 10F2C9
4RP4,AGPE CPANAME,Are0127,Area Caribe,Are0021,SubArea Cordoba_Sucre,Solar,No Despachado Centralmente,ETTC,2026-08-03,2026-08-03,SIMEM 0bfc9d + 841808 + 10F2C9
5QT8,AGPE CRISTIAN PRETELT EVENTOS SAS,Are0127,Area Caribe,Are0021,SubArea Cordoba_Sucre,Solar,No Despachado Centralmente,SCEC,2026-08-03,2026-08-03,SIMEM 0bfc9d + 841808 + 10F2C9
3RKC,AGPE DALIDA CRISTINA OJEDA BENEDETTY,Are0127,Area Caribe,Are0021,SubArea Cordoba_Sucre,Solar,No Despachado Centralmente,SCEC,2026-08-03,2026-08-03,SIMEM 0bfc9d + 841808 + 10F2C9
4XUT,AGPE DAMARIS MANUELITA MARTINEZ HERNANDEZ,Are0127,Area Caribe,Are0021,SubArea Cordoba_Sucre,Solar,No Despachado Centralmente,SCEC,2026-08-03,2026-08-03,SIMEM 0bfc9d + 841808 + 10F2C9
3LM3,AGPE DANIEL JOSE JALLER,Are0127,Area Caribe,Are0021,SubArea Cordoba_Sucre,Solar,No Despachado Centralmente,SCEC,2026-08-03,2026-08-03,SIMEM 0bfc9d + 841808 + 10F2C9
5QFQ,AGPE DANIEL JOSE VILLEGAS VEGA,Are0127,Area Caribe,Are0021,SubArea Cordoba_Sucre,Solar,No Despachado Centralmente,SCEC,2026-08-03,2026-08-03,SIMEM 0bfc9d + 841808 + 10F2C9
3PX4,AGPE DAVID ENRIQUE RODRIGUEZ MARTINEZ,Are0127,Area Caribe,Are0021,SubArea Cordoba_Sucre,Solar,No Despachado Centralmente,SCEC,2026-08-03,2026-08-03,SIMEM 0bfc9d + 841808 + 10F2C9
3LM1,AGPE DAVID SANCHEZ SANCHEZ,Are0127,Area Caribe,Are0021,SubArea Cordoba_Sucre,Solar,No Despachado Centralmente,SCEC,2026-08-03,2026-08-03,SIMEM 0bfc9d + 841808 + 10F2C9
5QUS,AGPE DENISSE TEHERAN BENAVIDES,Are0127,Area Caribe,Are0021,SubArea Cordoba_Sucre,Solar,No Despachado Centralmente,SCEC,2026-08-03,2026-08-03,SIMEM 0bfc9d + 841808 + 10F2C9
5K7C,AGPE DEPOTR1,Are0127,Area Caribe,Are0021,SubArea Cordoba_Sucre,Solar,No Despachado Centralmente,ETTC,2026-08-03,2026-08-03,SIMEM 0bfc9d + 841808 + 10F2C9
5UH3,AGPE DIANA PAOLA ZAKZUK DAGUER,Are0127,Area Caribe,Are0021,SubArea Cordoba_Sucre,Solar,No Despachado Centralmente,SCEC,2026-08-03,2026-08-03,SIMEM 0bfc9d + 841808 + 10F2C9
4QZS,AGPE DIANA PATRICIA FRANCO CAMPOS,Are0127,Area Caribe,Are0021,SubArea Cordoba_Sucre,Solar,No Despachado Centralmente,SCEC,2026-08-03,2026-08-03,SIMEM 0bfc9d + 841808 + 10F2C9
3QPO,AGPE DICOR DE LA COSTA SAS,Are0127,Area Caribe,Are0021,SubArea Cordoba_Sucre,Solar,No Despachado Centralmente,SCEC,2026-08-03,2026-08-03,SIMEM 0bfc9d + 841808 + 10F2C9
3QPQ,AGPE DIEGO JOSE ALVAREZ MARTINEZ,Are0127,Area Caribe,Are0021,SubArea Cordoba_Sucre,Solar,No Despachado Centralmente,SCEC,2026-08-03,2026-08-03,SIMEM 0bfc9d + 841808 + 10F2C9
3J1N,AGPE DIEGO LEON GARCIA,Are0127,Area Caribe,Are0021,SubArea Cordoba_Sucre,Solar,No Despachado Centralmente,SCEC,2026-08-03,2026-08-03,SIMEM 0bfc9d + 841808 + 10F2C9
3NM4,AGPE DIGICOM TELECOMUNICACIONES EU,Are0127,Area Caribe,Are0021,SubArea Cordoba_Sucre,Solar,No Despachado Centralmente,SCEC,2026-08-03,2026-08-03,SIMEM 0bfc9d + 841808 + 10F2C9
5UAE,AGPE DISMAIZ DEL SINU SAS,Are0127,Area Caribe,Are0021,SubArea Cordoba_Sucre,Solar,No Despachado Centralmente,SCEC,2026-08-03,2026-08-03,SIMEM 0bfc9d + 841808 + 10F2C9
4ZE5,AGPE DISPENSADORA DE COMBUSTIBLES SAS,Are0127,Area Caribe,Are0021,SubArea Cordoba_Sucre,Solar,No Despachado Centralmente,SCEC,2026-08-03,2026-08-03,SIMEM 0bfc9d + 841808 + 10F2C9
3J2K,AGPE DISPROLACTEOS,Are0127,Area Caribe,Are0021,SubArea Cordoba_Sucre,Solar,No Despachado Centralmente,SCEC,2026-08-03,2026-08-03,SIMEM 0bfc9d + 841808 + 10F2C9
3JNA,AGPE DISTRIBUCIONES HERNANDEZ HERNANDEZ,Are0127,Area Caribe,Are0021,SubArea Cordoba_Sucre,Solar,No Despachado Centralmente,SCEC,2026-08-03,2026-08-03,SIMEM 0bfc9d + 841808 + 10F2C9
3IFA,AGPE DISTRIBUCIONES JJ RESTREPO R,Are0127,Area Caribe,Are0021,SubArea Cordoba_Sucre,Solar,No Despachado Centralmente,SCEC,2026-08-03,2026-08-03,SIMEM 0bfc9d + 841808 + 10F2C9
5TNZ,AGPE DISTRIBUIDORA Y SUPERMERCADO RAPIMAS PLANETA RICA,Are0127,Area Caribe,Are0021,SubArea Cordoba_Sucre,Solar,No Despachado Centralmente,SCEC,2026-08-03,2026-08-03,SIMEM 0bfc9d + 841808 + 10F2C9
3NP5,AGPE DORIS ALBA SANCHEZ ARANGO,Are0127,Area Caribe,Are0021,SubArea Cordoba_Sucre,Solar,No Despachado Centralmente,SCEC,2026-08-03,2026-08-03,SIMEM 0bfc9d + 841808 + 10F2C9
5NQ8,AGPE DORIS ESTHER BENAVIDES TIRADO,Are0127,Area Caribe,Are0021,SubArea Cordoba_Sucre,Solar,No Despachado Centralmente,SCEC,2026-08-03,2026-08-03,SIMEM 0bfc9d + 841808 + 10F2C9
5DVW,AGPE DROGUERIA CERETE,Are0127,Area Caribe,Are0021,SubArea Cordoba_Sucre,Solar,No Despachado Centralmente,GNCC,2026-08-03,2026-08-03,SIMEM 0bfc9d + 841808 + 10F2C9
3NR2,AGPE EDGAR DANIEL RUBIANO RIANO,Are0127,Area Caribe,Are0021,SubArea Cordoba_Sucre,Solar,No Despachado Centralmente,SCEC,2026-08-03,2026-08-03,SIMEM 0bfc9d + 841808 + 10F2C9
4YHO,AGPE EDIFICIO GONDOLA PROPIEDAD HORIZONTAL,Are0127,Area Caribe,Are0021,SubArea Cordoba_Sucre,Solar,No Despachado Centralmente,SCEC,2026-08-03,2026-08-03,SIMEM 0bfc9d + 841808 + 10F2C9
5NQ7,AGPE EDIFICIO VIVENZA PROPIEDAD HORIZONTAL,Are0127,Area Caribe,Are0021,SubArea Cordoba_Sucre,Solar,No Despachado Centralmente,SCEC,2026-08-03,2026-08-03,SIMEM 0bfc9d + 841808 + 10F2C9
3H61,AGPE EDS EL EDEN,Are0127,Area Caribe,Are0021,SubArea Cordoba_Sucre,Solar,No Despachado Centralmente,SCEC,2026-08-03,2026-08-03,SIMEM 0bfc9d + 841808 + 10F2C9
3Q8B,AGPE EDUARDO ENRIQUE ARAUJO SANCHEZ,Are0127,Area Caribe,Are0021,SubArea Cordoba_Sucre,Solar,No Despachado Centralmente,SCEC,2026-08-03,2026-08-03,SIMEM 0bfc9d + 841808 + 10F2C9
5LRE,AGPE EDUARDO PATRON PEREZ,Are0127,Area Caribe,Are0021,SubArea Cordoba_Sucre,Solar,No Despachado Centralmente,SCEC,2026-08-03,2026-08-03,SIMEM 0bfc9d + 841808 + 10F2C9
3MU2,AGPE EIDER JULIO HOYOS MENDOZA,Are0127,Area Caribe,Are0021,SubArea Cordoba_Sucre,Solar,No Despachado Centralmente,SCEC,2026-08-03,2026-08-03,SIMEM 0bfc9d + 841808 + 10F2C9
5BQ6,AGPE ELBA ESTELLA FABRA MEZA,Are0127,Area Caribe,Are0021,SubArea Cordoba_Sucre,Solar,No Despachado Centralmente,SCEC,2026-08-03,2026-08-03,SIMEM 0bfc9d + 841808 + 10F2C9
5PUE,AGPE ELDER JOSE OYOLA ADANA,Are0127,Area Caribe,Are0021,SubArea Cordoba_Sucre,Solar,No Despachado Centralmente,SCEC,2026-08-03,2026-08-03,SIMEM 0bfc9d + 841808 + 10F2C9
3F9S,AGPE ELECTROFACIL LORICA,Are0127,Area Caribe,Are0021,SubArea Cordoba_Sucre,Solar,No Despachado Centralmente,GNCC,2026-08-03,2026-08-03,SIMEM 0bfc9d + 841808 + 10F2C9
5LSU,AGPE ELENA IVETTE DIAZ DE BOOM,Are0127,Area Caribe,Are0021,SubArea Cordoba_Sucre,Solar,No Despachado Centralmente,SCEC,2026-08-03,2026-08-03,SIMEM 0bfc9d + 841808 + 10F2C9
4YLG,AGPE ENRIQUE JOSE VEGA PINEDA,Are0127,Area Caribe,Are0021,SubArea Cordoba_Sucre,Solar,No Despachado Centralmente,SCEC,2026-08-03,2026-08-03,SIMEM 0bfc9d + 841808 + 10F2C9
3MXU,AGPE ERAZO MARTINEZ ASOCIADOS,Are0127,Area Caribe,Are0021,SubArea Cordoba_Sucre,Solar,No Despachado Centralmente,SCEC,2026-08-03,2026-08-03,SIMEM 0bfc9d + 841808 + 10F2C9
3H7S,AGPE FARMACOS DE LA COSTA LTDA,Are0127,Area Caribe,Are0021,SubArea Cordoba_Sucre,Solar,No Despachado Centralmente,SCEC,2026-08-03,2026-08-03,SIMEM 0bfc9d + 841808 + 10F2C9
4THM,AGPE FARMATODO 6577805,Are0127,Area Caribe,Are0021,SubArea Cordoba_Sucre,Solar,No Despachado Centralmente,NEUC,2026-08-03,2026-08-03,SIMEM 0bfc9d + 841808 + 10F2C9
4TNO,AGPE FEDERICO MARIO GRACIANO MARIN,Are0127,Area Caribe,Are0021,SubArea Cordoba_Sucre,Solar,No Despachado Centralmente,SCEC,2026-08-03,2026-08-03,SIMEM 0bfc9d + 841808 + 10F2C9
4TJU,AGPE FERNANDO LUIS OVIEDO MARTINEZ,Are0127,Area Caribe,Are0021,SubArea Cordoba_Sucre,Solar,No Despachado Centralmente,SCEC,2026-08-03,2026-08-03,SIMEM 0bfc9d + 841808 + 10F2C9
3HOE,AGPE FINCA LA GLORIA,Are0127,Area Caribe,Are0021,SubArea Cordoba_Sucre,Solar,No Despachado Centralmente,SCEC,2026-08-03,2026-08-03,SIMEM 0bfc9d + 841808 + 10F2C9
4Z69,AGPE FONDO DE EMPLEADOS BANCO BBVA,Are0127,Area Caribe,Are0021,SubArea Cordoba_Sucre,Solar,No Despachado Centralmente,NEUC,2026-08-03,2026-08-03,SIMEM 0bfc9d + 841808 + 10F2C9
5J8M,AGPE FRASSER DEL FUTURO SAS,Are0127,Area Caribe,Are0021,SubArea Cordoba_Sucre,Solar,No Despachado Centralmente,SCEC,2026-08-03,2026-08-03,SIMEM 0bfc9d + 841808 + 10F2C9
5FPX,AGPE FUNDACION PARA LA INTEGRACIÓN SOCIAL DE,Are0127,Area Caribe,Are0021,SubArea Cordoba_Sucre,Solar,No Despachado Centralmente,SCEC,2026-08-03,2026-08-03,SIMEM 0bfc9d + 841808 + 10F2C9
5LOM,AGPE FUNTEC2,Are0127,Area Caribe,Are0021,SubArea Cordoba_Sucre,Solar,No Despachado Centralmente,ETTC,2026-08-03,2026-08-03,SIMEM 0bfc9d + 841808 + 10F2C9
4WWU,AGPE GALICIA DE LAS FLOREZ Y CIA SCA 1,Are0127,Area Caribe,Are0021,SubArea Cordoba_Sucre,Solar,No Despachado Centralmente,SCEC,2026-08-03,2026-08-03,SIMEM 0bfc9d + 841808 + 10F2C9
3HQY,AGPE GEORGES NOBLE SCHOOL SAS,Are0127,Area Caribe,Are0021,SubArea Cordoba_Sucre,Solar,No Despachado Centralmente,SCEC,2026-08-03,2026-08-03,SIMEM 0bfc9d + 841808 + 10F2C9
4THA,AGPE GEORGES NOBLE SCHOOL SAS II,Are0127,Area Caribe,Are0021,SubArea Cordoba_Sucre,Solar,No Despachado Centralmente,SCEC,2026-08-03,2026-08-03,SIMEM 0bfc9d + 841808 + 10F2C9
4T4J,AGPE GERARDO AQUILES DIAZ QUINTANA,Are0127,Area Caribe,Are0021,SubArea Cordoba_Sucre,Solar,No Despachado Centralmente,SCEC,2026-08-03,2026-08-03,SIMEM 0bfc9d + 841808 + 10F2C9
3LM5,AGPE GERMAN ALFREDO ORTIZ,Are0127,Area Caribe,Are0021,SubArea Cordoba_Sucre,Solar,No Despachado Centralmente,SCEC,2026-08-03,2026-08-03,SIMEM 0bfc9d + 841808 + 10F2C9
3NG3,AGPE GESTAR SALUD DE COLOMBIA IPS SAS,Are0127,Area Caribe,Are0021,SubArea Cordoba_Sucre,Solar,No Despachado Centralmente,SCEC,2026-08-03,2026-08-03,SIMEM 0bfc9d + 841808 + 10F2C9
4Y4S,AGPE GESTAR SALUD DE COLOMBIA IPS SAS II,Are0127,Area Caribe,Are0021,SubArea Cordoba_Sucre,Solar,No Despachado Centralmente,SCEC,2026-08-03,2026-08-03,SIMEM 0bfc9d + 841808 + 10F2C9
3NGD,AGPE GIMNASIO ALTAIR DE LA SABANA LIMITIDA,Are0127,Area Caribe,Are0021,SubArea Cordoba_Sucre,Solar,No Despachado Centralmente,SCEC,2026-08-03,2026-08-03,SIMEM 0bfc9d + 841808 + 10F2C9
3NDA,AGPE GIMNASIO MODERNO SINU,Are0127,Area Caribe,Are0021,SubArea Cordoba_Sucre,Solar,No Despachado Centralmente,SCEC,2026-08-03,2026-08-03,SIMEM 0bfc9d + 841808 + 10F2C9
5CA8,AGPE GIMNASIO VALLEGRANDE,Are0127,Area Caribe,Are0021,SubArea Cordoba_Sucre,Solar,No Despachado Centralmente,GNCC,2026-08-03,2026-08-03,SIMEM 0bfc9d + 841808 + 10F2C9
5IMF,AGPE GLADYS MARIA ANGARITA AZUERO,Are0127,Area Caribe,Are0021,SubArea Cordoba_Sucre,Solar,No Despachado Centralmente,SCEC,2026-08-03,2026-08-03,SIMEM 0bfc9d + 841808 + 10F2C9
5PUL,AGPE GLEINER SOFIA PEREZ SAENZ,Are0127,Area Caribe,Are0021,SubArea Cordoba_Sucre,Solar,No Despachado Centralmente,SCEC,2026-08-03,2026-08-03,SIMEM 0bfc9d + 841808 + 10F2C9
5SI2,AGPE GLENIS OCON BLANCO,Are0127,Area Caribe,Are0021,SubArea Cordoba_Sucre,Solar,No Despachado Centralmente,SCEC,2026-08-03,2026-08-03,SIMEM 0bfc9d + 841808 + 10F2C9
4YLI,AGPE GLORIA DEL CARMEN LACHARME ARTEAGA,Are0127,Area Caribe,Are0021,SubArea Cordoba_Sucre,Solar,No Despachado Centralmente,SCEC,2026-08-03,2026-08-03,SIMEM 0bfc9d + 841808 + 10F2C9
5COQ,AGPE GRUPO DORISA SAS,Are0127,Area Caribe,Are0021,SubArea Cordoba_Sucre,Solar,No Despachado Centralmente,SCEC,2026-08-03,2026-08-03,SIMEM 0bfc9d + 841808 + 10F2C9
4ZEB,AGPE GRUPO DORISA SAS 41,Are0127,Area Caribe,Are0021,SubArea Cordoba_Sucre,Solar,No Despachado Centralmente,SCEC,2026-08-03,2026-08-03,SIMEM 0bfc9d + 841808 + 10F2C9
4THE,AGPE GRUPO EMPRESARIAL BAROCA SAS,Are0127,Area Caribe,Are0021,SubArea Cordoba_Sucre,Solar,No Despachado Centralmente,SCEC,2026-08-03,2026-08-03,SIMEM 0bfc9d + 841808 + 10F2C9
3NZN,AGPE GRUPO EMPRESARIAL BAROCA SAS I,Are0127,Area Caribe,Are0021,SubArea Cordoba_Sucre,Solar,No Despachado Centralmente,SCEC,2026-08-03,2026-08-03,SIMEM 0bfc9d + 841808 + 10F2C9
5J8L,AGPE GRUPO FIRENZE SAS,Are0127,Area Caribe,Are0021,SubArea Cordoba_Sucre,Solar,No Despachado Centralmente,SCEC,2026-08-03,2026-08-03,SIMEM 0bfc9d + 841808 + 10F2C9
3NAY,AGPE GRUPO FIRENZE SAS LOC 1,Are0127,Area Caribe,Are0021,SubArea Cordoba_Sucre,Solar,No Despachado Centralmente,SCEC,2026-08-03,2026-08-03,SIMEM 0bfc9d + 841808 + 10F2C9
5QUO,AGPE GRUPO HJM SAS,Are0127,Area Caribe,Are0021,SubArea Cordoba_Sucre,Solar,No Despachado Centralmente,SCEC,2026-08-03,2026-08-03,SIMEM 0bfc9d + 841808 + 10F2C9
3NLW,AGPE GRUPO LITORAL SAS,Are0127,Area Caribe,Are0021,SubArea Cordoba_Sucre,Solar,No Despachado Centralmente,SCEC,2026-08-03,2026-08-03,SIMEM 0bfc9d + 841808 + 10F2C9
4VCS,AGPE GRUPO PANI SAS,Are0127,Area Caribe,Are0021,SubArea Cordoba_Sucre,Solar,No Despachado Centralmente,GNCC,2026-08-03,2026-08-03,SIMEM 0bfc9d + 841808 + 10F2C9
5UHD,AGPE GRUPO SAMATA SAS 4482836,Are0127,Area Caribe,Are0021,SubArea Cordoba_Sucre,Solar,No Despachado Centralmente,SCEC,2026-08-03,2026-08-03,SIMEM 0bfc9d + 841808 + 10F2C9
3L99,AGPE GRUPO SAN JORGE,Are0127,Area Caribe,Are0021,SubArea Cordoba_Sucre,Solar,No Despachado Centralmente,SCEC,2026-08-03,2026-08-03,SIMEM 0bfc9d + 841808 + 10F2C9
5E6K,AGPE GUACARI PLANETA RICA SAS,Are0127,Area Caribe,Are0021,SubArea Cordoba_Sucre,Solar,No Despachado Centralmente,SCEC,2026-08-03,2026-08-03,SIMEM 0bfc9d + 841808 + 10F2C9
5SF2,AGPE GUSTAVO ADOLFO BARROS ORTIZ,Are0127,Area Caribe,Are0021,SubArea Cordoba_Sucre,Solar,No Despachado Centralmente,SCEC,2026-08-03,2026-08-03,SIMEM 0bfc9d + 841808 + 10F2C9
5MUX,AGPE HARRY ETHIEL BEJARANO ARROYO,Are0127,Area Caribe,Are0021,SubArea Cordoba_Sucre,Solar,No Despachado Centralmente,SCEC,2026-08-03,2026-08-03,SIMEM 0bfc9d + 841808 + 10F2C9
4WOG,AGPE HECTOR RAFAEL OJEDA PINTO,Are0127,Area Caribe,Are0021,SubArea Cordoba_Sucre,Solar,No Despachado Centralmente,SCEC,2026-08-03,2026-08-03,SIMEM 0bfc9d + 841808 + 10F2C9
3KLO,AGPE HENRI GALVIS NIETO,Are0127,Area Caribe,Are0021,SubArea Cordoba_Sucre,Solar,No Despachado Centralmente,GNCC,2026-08-03,2026-08-03,SIMEM 0bfc9d + 841808 + 10F2C9
5LST,AGPE HENRY MEDINA TORRES Y CIA SAS,Are0127,Area Caribe,Are0021,SubArea Cordoba_Sucre,Solar,No Despachado Centralmente,SCEC,2026-08-03,2026-08-03,SIMEM 0bfc9d + 841808 + 10F2C9
5GFA,AGPE HENRY SILVA SARMIENTO,Are0127,Area Caribe,Are0021,SubArea Cordoba_Sucre,Solar,No Despachado Centralmente,SCEC,2026-08-03,2026-08-03,SIMEM 0bfc9d + 841808 + 10F2C9
5ATU,AGPE HERMANAS TERCIARIAS CAPUCHINAS PROVINCIA,Are0127,Area Caribe,Are0021,SubArea Cordoba_Sucre,Solar,No Despachado Centralmente,SCEC,2026-08-03,2026-08-03,SIMEM 0bfc9d + 841808 + 10F2C9
5DW6,AGPE HERNANDO GABRIEL MARTINEZ VALLEJO,Are0127,Area Caribe,Are0021,SubArea Cordoba_Sucre,Solar,No Despachado Centralmente,SCEC,2026-08-03,2026-08-03,SIMEM 0bfc9d + 841808 + 10F2C9
4S4T,AGPE HIJOS DE DOMINGO DAMBROSIO LTDA,Are0127,Area Caribe,Are0021,SubArea Cordoba_Sucre,Solar,No Despachado Centralmente,SCEC,2026-08-03,2026-08-03,SIMEM 0bfc9d + 841808 + 10F2C9
3HE2,AGPE HOTEL 4 AVENIDA,Are0127,Area Caribe,Are0021,SubArea Cordoba_Sucre,Solar,No Despachado Centralmente,SCEC,2026-08-03,2026-08-03,SIMEM 0bfc9d + 841808 + 10F2C9
4TNQ,AGPE HOTEL CENTRO MONTERIA,Are0127,Area Caribe,Are0021,SubArea Cordoba_Sucre,Solar,No Despachado Centralmente,SCEC,2026-08-03,2026-08-03,SIMEM 0bfc9d + 841808 + 10F2C9
3PKL,AGPE HOTEL EL PASO MONTERIANO,Are0127,Area Caribe,Are0021,SubArea Cordoba_Sucre,Solar,No Despachado Centralmente,SCEC,2026-08-03,2026-08-03,SIMEM 0bfc9d + 841808 + 10F2C9
3Q9O,AGPE HOTEL FLORIDA,Are0127,Area Caribe,Are0021,SubArea Cordoba_Sucre,Solar,No Despachado Centralmente,SCEC,2026-08-03,2026-08-03,SIMEM 0bfc9d + 841808 + 10F2C9
4QPF,AGPE HOTEL GUACARI,Are0127,Area Caribe,Are0021,SubArea Cordoba_Sucre,Solar,No Despachado Centralmente,SCEC,2026-08-03,2026-08-03,SIMEM 0bfc9d + 841808 + 10F2C9
3HD6,AGPE HOTEL LA CASA 1,Are0127,Area Caribe,Are0021,SubArea Cordoba_Sucre,Solar,No Despachado Centralmente,GNCC,2026-08-03,2026-08-03,SIMEM 0bfc9d + 841808 + 10F2C9
4SSP,AGPE HOTEL LA CASA 3,Are0127,Area Caribe,Are0021,SubArea Cordoba_Sucre,Solar,No Despachado Centralmente,GNCC,2026-08-03,2026-08-03,SIMEM 0bfc9d + 841808 + 10F2C9
3MHH,AGPE HOTEL ONOMA,Are0127,Area Caribe,Are0021,SubArea Cordoba_Sucre,Solar,No Despachado Centralmente,GNCC,2026-08-03,2026-08-03,SIMEM 0bfc9d + 841808 + 10F2C9
3Q14,AGPE HOTEL SANTA CLARA BOUTIQUE,Are0127,Area Caribe,Are0021,SubArea Cordoba_Sucre,Solar,No Despachado Centralmente,SCEC,2026-08-03,2026-08-03,SIMEM 0bfc9d + 841808 + 10F2C9
5CAG,AGPE HOTEL VIOLETTA,Are0127,Area Caribe,Are0021,SubArea Cordoba_Sucre,Solar,No Despachado Centralmente,GNCC,2026-08-03,2026-08-03,SIMEM 0bfc9d + 841808 + 10F2C9
4RKV,AGPE HOTELES SITES,Are0127,Area Caribe,Are0021,SubArea Cordoba_Sucre,Solar,No Despachado Centralmente,BIAC,2026-08-03,2026-08-03,SIMEM 0bfc9d + 841808 + 10F2C9
5AX4,AGPE HOTLE MIRAVAL,Are0127,Area Caribe,Are0021,SubArea Cordoba_Sucre,Solar,No Despachado Centralmente,GNCC,2026-08-03,2026-08-03,SIMEM 0bfc9d + 841808 + 10F2C9
3MXO,AGPE HUGO ALEJANDRO HERRERA,Are0127,Area Caribe,Are0021,SubArea Cordoba_Sucre,Solar,No Despachado Centralmente,SCEC,2026-08-03,2026-08-03,SIMEM 0bfc9d + 841808 + 10F2C9
4WOW,AGPE HYB TECNOLOGIA SAS,Are0127,Area Caribe,Are0021,SubArea Cordoba_Sucre,Solar,No Despachado Centralmente,SCEC,2026-08-03,2026-08-03,SIMEM 0bfc9d + 841808 + 10F2C9
3MW5,AGPE IMAGENES DIAGNOSTICAS CERETE,Are0127,Area Caribe,Are0021,SubArea Cordoba_Sucre,Solar,No Despachado Centralmente,SCEC,2026-08-03,2026-08-03,SIMEM 0bfc9d + 841808 + 10F2C9
3PZT,AGPE IMAGENES DIAGNOSTICAS MONTERIA,Are0127,Area Caribe,Are0021,SubArea Cordoba_Sucre,Solar,No Despachado Centralmente,SCEC,2026-08-03,2026-08-03,SIMEM 0bfc9d + 841808 + 10F2C9
3R3D,AGPE INDUSTRIA GASTRONOMICA DEL NORTE,Are0127,Area Caribe,Are0021,SubArea Cordoba_Sucre,Solar,No Despachado Centralmente,SCEC,2026-08-03,2026-08-03,SIMEM 0bfc9d + 841808 + 10F2C9
3Q8F,AGPE INERSIONES EJJ SAS,Are0127,Area Caribe,Are0021,SubArea Cordoba_Sucre,Solar,No Despachado Centralmente,SCEC,2026-08-03,2026-08-03,SIMEM 0bfc9d + 841808 + 10F2C9
4UM5,AGPE INVERSIONES GALENOS SAS,Are0127,Area Caribe,Are0021,SubArea Cordoba_Sucre,Solar,No Despachado Centralmente,SCEC,2026-08-03,2026-08-03,SIMEM 0bfc9d + 841808 + 10F2C9
3JFO,AGPE INVERSIONES GIZU SAS,Are0127,Area Caribe,Are0021,SubArea Cordoba_Sucre,Solar,No Despachado Centralmente,SCEC,2026-08-03,2026-08-03,SIMEM 0bfc9d + 841808 + 10F2C9
5FPU,AGPE INVERSIONES LOS ACANTILADOS LONDONO Y CIA SCA,Are0127,Area Caribe,Are0021,SubArea Cordoba_Sucre,Solar,No Despachado Centralmente,SCEC,2026-08-03,2026-08-03,SIMEM 0bfc9d + 841808 + 10F2C9
3QK8,AGPE INVERSIONES RIPAS SAS,Are0127,Area Caribe,Are0021,SubArea Cordoba_Sucre,Solar,No Despachado Centralmente,SCEC,2026-08-03,2026-08-03,SIMEM 0bfc9d + 841808 + 10F2C9
3H5W,AGPE INVERSIONES SAN GABRIEL SAS,Are0127,Area Caribe,Are0021,SubArea Cordoba_Sucre,Solar,No Despachado Centralmente,SCEC,2026-08-03,2026-08-03,SIMEM 0bfc9d + 841808 + 10F2C9
3NB5,AGPE INVERSIONES SANTOS HR SAS,Are0127,Area Caribe,Are0021,SubArea Cordoba_Sucre,Solar,No Despachado Centralmente,SCEC,2026-08-03,2026-08-03,SIMEM 0bfc9d + 841808 + 10F2C9
4UM3,AGPE INVERSIONES Y CONSTRUCCIONES MRM SAS,Are0127,Area Caribe,Are0021,SubArea Cordoba_Sucre,Solar,No Despachado Centralmente,SCEC,2026-08-03,2026-08-03,SIMEM 0bfc9d + 841808 + 10F2C9
4SS5,AGPE INVERSIONES ZULUAGA SEJIN,Are0127,Area Caribe,Are0021,SubArea Cordoba_Sucre,Solar,No Despachado Centralmente,SCEC,2026-08-03,2026-08-03,SIMEM 0bfc9d + 841808 + 10F2C9
5SF6,AGPE JAIDER OVIDIO VARGAS KERGUELEN,Are0127,Area Caribe,Are0021,SubArea Cordoba_Sucre,Solar,No Despachado Centralmente,SCEC,2026-08-03,2026-08-03,SIMEM 0bfc9d + 841808 + 10F2C9
3EPN,AGPE JAIME QUINTERO,Are0127,Area Caribe,Are0021,SubArea Cordoba_Sucre,Solar,No Despachado Centralmente,ETTC,2026-08-03,2026-08-03,SIMEM 0bfc9d + 841808 + 10F2C9
3NKG,AGPE JAIRO JOSE SALAZAR MACEA,Are0127,Area Caribe,Are0021,SubArea Cordoba_Sucre,Solar,No Despachado Centralmente,SCEC,2026-08-03,2026-08-03,SIMEM 0bfc9d + 841808 + 10F2C9
3GFK,AGPE JAVIER HOYOS RESTREPO,Are0127,Area Caribe,Are0021,SubArea Cordoba_Sucre,Solar,No Despachado Centralmente,SCEC,2026-08-03,2026-08-03,SIMEM 0bfc9d + 841808 + 10F2C9
5AYX,AGPE JAVIER MARTIN RUBIO RODRIGUEZ,Are0127,Area Caribe,Are0021,SubArea Cordoba_Sucre,Solar,No Despachado Centralmente,SCEC,2026-08-03,2026-08-03,SIMEM 0bfc9d + 841808 + 10F2C9
5F3O,AGPE JAVIER OSVALDO RAMIREZ MARTINEZ SAS,Are0127,Area Caribe,Are0021,SubArea Cordoba_Sucre,Solar,No Despachado Centralmente,SCEC,2026-08-03,2026-08-03,SIMEM 0bfc9d + 841808 + 10F2C9
3MAN,AGPE JCURUETA,Are0127,Area Caribe,Are0021,SubArea Cordoba_Sucre,Solar,No Despachado Centralmente,ETTC,2026-08-03,2026-08-03,SIMEM 0bfc9d + 841808 + 10F2C9
4VY1,AGPE JERONIMO MARTINS COLOMBIA SAS TIENDA 102,Are0127,Area Caribe,Are0021,SubArea Cordoba_Sucre,Solar,No Despachado Centralmente,GNCC,2026-08-03,2026-08-03,SIMEM 0bfc9d + 841808 + 10F2C9
4VCU,AGPE JERONIMO MARTINS COLOMBIA SAS TIENDA 813,Are0127,Area Caribe,Are0021,SubArea Cordoba_Sucre,Solar,No Despachado Centralmente,GNCC,2026-08-03,2026-08-03,SIMEM 0bfc9d + 841808 + 10F2C9
5LA2,AGPE JERONIMO MARTINS COLOMBIA SAS TIENDA 907 SAN JUAN DE BETULIA,Are0127,Area Caribe,Are0021,SubArea Cordoba_Sucre,Solar,No Despachado Centralmente,GNCC,2026-08-03,2026-08-03,SIMEM 0bfc9d + 841808 + 10F2C9
3Q9I,AGPE JM INVERSIONES INMOBILIARIAS SAS,Are0127,Area Caribe,Are0021,SubArea Cordoba_Sucre,Solar,No Despachado Centralmente,SCEC,2026-08-03,2026-08-03,SIMEM 0bfc9d + 841808 + 10F2C9
5NQ4,AGPE JOHN JAIRO MEJIA MOLINA,Are0127,Area Caribe,Are0021,SubArea Cordoba_Sucre,Solar,No Despachado Centralmente,SCEC,2026-08-03,2026-08-03,SIMEM 0bfc9d + 841808 + 10F2C9
5H1Q,AGPE JONATHAN MORA MARTINEZ,Are0127,Area Caribe,Are0021,SubArea Cordoba_Sucre,Solar,No Despachado Centralmente,SCEC,2026-08-03,2026-08-03,SIMEM 0bfc9d + 841808 + 10F2C9
4ZEL,AGPE JORGE A AGUILAR,Are0127,Area Caribe,Are0021,SubArea Cordoba_Sucre,Solar,No Despachado Centralmente,GNCC,2026-08-03,2026-08-03,SIMEM 0bfc9d + 841808 + 10F2C9
5H1P,AGPE JORGE ELIECER DORIA CORRALES,Are0127,Area Caribe,Are0021,SubArea Cordoba_Sucre,Solar,No Despachado Centralmente,SCEC,2026-08-03,2026-08-03,SIMEM 0bfc9d + 841808 + 10F2C9
5NQ1,AGPE JORGE ELIECER VILLALBA ARRIETA,Are0127,Area Caribe,Are0021,SubArea Cordoba_Sucre,Solar,No Despachado Centralmente,SCEC,2026-08-03,2026-08-03,SIMEM 0bfc9d + 841808 + 10F2C9
3KKB,AGPE JORGE EMILIO MONTES,Are0127,Area Caribe,Are0021,SubArea Cordoba_Sucre,Solar,No Despachado Centralmente,SCEC,2026-08-03,2026-08-03,SIMEM 0bfc9d + 841808 + 10F2C9
3GFM,AGPE JORGE EUSSE RESTREPO,Are0127,Area Caribe,Are0021,SubArea Cordoba_Sucre,Solar,No Despachado Centralmente,SCEC,2026-08-03,2026-08-03,SIMEM 0bfc9d + 841808 + 10F2C9
5UHB,AGPE JORGE MARIO GALOFRE RUGELES,Are0127,Area Caribe,Are0021,SubArea Cordoba_Sucre,Solar,No Despachado Centralmente,SCEC,2026-08-03,2026-08-03,SIMEM 0bfc9d + 841808 + 10F2C9
4T9O,AGPE JOSE ALEJANDRO NARVAEZ MERLANO,Are0127,Area Caribe,Are0021,SubArea Cordoba_Sucre,Solar,No Despachado Centralmente,SCEC,2026-08-03,2026-08-03,SIMEM 0bfc9d + 841808 + 10F2C9
5PNX,AGPE JOSE ANTONIO LOPEZ BULA,Are0127,Area Caribe,Are0021,SubArea Cordoba_Sucre,Solar,No Despachado Centralmente,SCEC,2026-08-03,2026-08-03,SIMEM 0bfc9d + 841808 + 10F2C9
5QT4,AGPE JOSE ARGEMIRO ANDRADE ANDRADE,Are0127,Area Caribe,Are0021,SubArea Cordoba_Sucre,Solar,No Despachado Centralmente,SCEC,2026-08-03,2026-08-03,SIMEM 0bfc9d + 841808 + 10F2C9
3JJU,AGPE JOSE LUIS LOZANO DURAN,Are0127,Area Caribe,Are0021,SubArea Cordoba_Sucre,Solar,No Despachado Centralmente,SCEC,2026-08-03,2026-08-03,SIMEM 0bfc9d + 841808 + 10F2C9
3PJW,AGPE JOSE LUIS PORTILLO BERROCAL,Are0127,Area Caribe,Are0021,SubArea Cordoba_Sucre,Solar,No Despachado Centralmente,SCEC,2026-08-03,2026-08-03,SIMEM 0bfc9d + 841808 + 10F2C9
5VZ2,AGPE JOSEFINA RUIZ DE PINEDA,Are0127,Area Caribe,Are0021,SubArea Cordoba_Sucre,Solar,No Despachado Centralmente,ENBC,2026-08-03,2026-08-03,SIMEM 0bfc9d + 841808 + 10F2C9
5MAJ,AGPE JUAN CARLOS DEGIOVANNI BEHAINE,Are0127,Area Caribe,Are0021,SubArea Cordoba_Sucre,Solar,No Despachado Centralmente,SCEC,2026-08-03,2026-08-03,SIMEM 0bfc9d + 841808 + 10F2C9
3NOG,AGPE JUAN JOSE PATINO MUNOZ,Are0127,Area Caribe,Are0021,SubArea Cordoba_Sucre,Solar,No Despachado Centralmente,SCEC,2026-08-03,2026-08-03,SIMEM 0bfc9d + 841808 + 10F2C9
5P4B,AGPE JUAN JOSE VARGAS VERGARA,Are0127,Area Caribe,Are0021,SubArea Cordoba_Sucre,Solar,No Despachado Centralmente,SCEC,2026-08-03,2026-08-03,SIMEM 0bfc9d + 841808 + 10F2C9
3NA2,AGPE JUAN NEFTALI GOMEZ ARBELAEZ,Are0127,Area Caribe,Are0021,SubArea Cordoba_Sucre,Solar,No Despachado Centralmente,SCEC,2026-08-03,2026-08-03,SIMEM 0bfc9d + 841808 + 10F2C9
5SI4,AGPE JUAN PABLO PEREZ CANO,Are0127,Area Caribe,Are0021,SubArea Cordoba_Sucre,Solar,No Despachado Centralmente,SCEC,2026-08-03,2026-08-03,SIMEM 0bfc9d + 841808 + 10F2C9
5SF8,AGPE JULIO ROBERTO RUIZ CHICA,Are0127,Area Caribe,Are0021,SubArea Cordoba_Sucre,Solar,No Despachado Centralmente,SCEC,2026-08-03,2026-08-03,SIMEM 0bfc9d + 841808 + 10F2C9
3KE6,AGPE KALA,Are0127,Area Caribe,Are0021,SubArea Cordoba_Sucre,Solar,No Despachado Centralmente,SCEC,2026-08-03,2026-08-03,SIMEM 0bfc9d + 841808 + 10F2C9
3NGB,AGPE KAREN PATRICIA DUQUE DUQUE,Are0127,Area Caribe,Are0021,SubArea Cordoba_Sucre,Solar,No Despachado Centralmente,SCEC,2026-08-03,2026-08-03,SIMEM 0bfc9d + 841808 + 10F2C9
3MXS,AGPE LA CASA DEL DEPORTE,Are0127,Area Caribe,Are0021,SubArea Cordoba_Sucre,Solar,No Despachado Centralmente,SCEC,2026-08-03,2026-08-03,SIMEM 0bfc9d + 841808 + 10F2C9
3J3D,AGPE LA TURBINA,Are0127,Area Caribe,Are0021,SubArea Cordoba_Sucre,Solar,No Despachado Centralmente,SCEC,2026-08-03,2026-08-03,SIMEM 0bfc9d + 841808 + 10F2C9
5TIZ,AGPE LAD URABA,Are0127,Area Caribe,Are0021,SubArea Cordoba_Sucre,Solar,No Despachado Centralmente,EPMC,2026-08-03,2026-08-03,SIMEM 0bfc9d + 841808 + 10F2C9
3NZ9,AGPE LARRY JAVIER LOMBANA GARCES,Are0127,Area Caribe,Are0021,SubArea Cordoba_Sucre,Solar,No Despachado Centralmente,SCEC,2026-08-03,2026-08-03,SIMEM 0bfc9d + 841808 + 10F2C9
3NG9,AGPE LAURA DE JESUS VEGA HERNANDEZ,Are0127,Area Caribe,Are0021,SubArea Cordoba_Sucre,Solar,No Despachado Centralmente,SCEC,2026-08-03,2026-08-03,SIMEM 0bfc9d + 841808 + 10F2C9
3K61,AGPE LECHERIA EL UBERRIMO,Are0127,Area Caribe,Are0021,SubArea Cordoba_Sucre,Solar,No Despachado Centralmente,SCEC,2026-08-03,2026-08-03,SIMEM 0bfc9d + 841808 + 10F2C9
4YHE,AGPE LEILA PATRICIA NADER ORDOSGOITIA,Are0127,Area Caribe,Are0021,SubArea Cordoba_Sucre,Solar,No Despachado Centralmente,SCEC,2026-08-03,2026-08-03,SIMEM 0bfc9d + 841808 + 10F2C9
3JNP,AGPE LENA BEATRIZ REZA GARCIA,Are0127,Area Caribe,Are0021,SubArea Cordoba_Sucre,Solar,No Despachado Centralmente,SCEC,2026-08-03,2026-08-03,SIMEM 0bfc9d + 841808 + 10F2C9
3R5G,AGPE LICOSINU SAS,Are0127,Area Caribe,Are0021,SubArea Cordoba_Sucre,Solar,No Despachado Centralmente,SCEC,2026-08-03,2026-08-03,SIMEM 0bfc9d + 841808 + 10F2C9
5MUZ,AGPE LILIAN ESTHER ESPITIA CONTRERAS,Are0127,Area Caribe,Are0021,SubArea Cordoba_Sucre,Solar,No Despachado Centralmente,SCEC,2026-08-03,2026-08-03,SIMEM 0bfc9d + 841808 + 10F2C9
5TFM,AGPE LILIAN SOFIA LOPEZ SEPULVEDA,Are0127,Area Caribe,Are0021,SubArea Cordoba_Sucre,Solar,No Despachado Centralmente,GNCC,2026-08-03,2026-08-03,SIMEM 0bfc9d + 841808 + 10F2C9
5NQ5,AGPE LILIANA CAROLINA CALA CASTRO,Are0127,Area Caribe,Are0021,SubArea Cordoba_Sucre,Solar,No Despachado Centralmente,SCEC,2026-08-03,2026-08-03,SIMEM 0bfc9d + 841808 + 10F2C9
5N1Z,AGPE LLANTAS Y FILTROS SINU SAS,Are0127,Area Caribe,Are0021,SubArea Cordoba_Sucre,Solar,No Despachado Centralmente,SCEC,2026-08-03,2026-08-03,SIMEM 0bfc9d + 841808 + 10F2C9
4S7A,AGPE LMILLAN 81116,Are0127,Area Caribe,Are0021,SubArea Cordoba_Sucre,Solar,No Despachado Centralmente,ETTC,2026-08-03,2026-08-03,SIMEM 0bfc9d + 841808 + 10F2C9
3MTZ,AGPE LOLA DEL SOCORRO SANCHEZ MEJIA,Are0127,Area Caribe,Are0021,SubArea Cordoba_Sucre,Solar,No Despachado Centralmente,SCEC,2026-08-03,2026-08-03,SIMEM 0bfc9d + 841808 + 10F2C9
5PNW,AGPE LORENA RANGEL ARISTIZABAL,Are0127,Area Caribe,Are0021,SubArea Cordoba_Sucre,Solar,No Despachado Centralmente,SCEC,2026-08-03,2026-08-03,SIMEM 0bfc9d + 841808 + 10F2C9
4RP8,AGPE LOS POTRILLOS RESTAURANTE BAR,Are0127,Area Caribe,Are0021,SubArea Cordoba_Sucre,Solar,No Despachado Centralmente,SCEC,2026-08-03,2026-08-03,SIMEM 0bfc9d + 841808 + 10F2C9
3Q8D,AGPE LUBRICANTES DEL CARIBE LAS PENITAS SAS,Are0127,Area Caribe,Are0021,SubArea Cordoba_Sucre,Solar,No Despachado Centralmente,SCEC,2026-08-03,2026-08-03,SIMEM 0bfc9d + 841808 + 10F2C9
3J5V,AGPE LUCAS JARAMILLO MONTOYA,Are0127,Area Caribe,Are0021,SubArea Cordoba_Sucre,Solar,No Despachado Centralmente,SCEC,2026-08-03,2026-08-03,SIMEM 0bfc9d + 841808 + 10F2C9
5PUH,AGPE LUIS CARLOS MANOTAS RODRIGUEZ,Are0127,Area Caribe,Are0021,SubArea Cordoba_Sucre,Solar,No Despachado Centralmente,SCEC,2026-08-03,2026-08-03,SIMEM 0bfc9d + 841808 + 10F2C9
5N2D,AGPE LUIS EDUARDO GARCIA CARDENAS,Are0127,Area Caribe,Are0021,SubArea Cordoba_Sucre,Solar,No Despachado Centralmente,SCEC,2026-08-03,2026-08-03,SIMEM 0bfc9d + 841808 + 10F2C9
4YC5,AGPE LUIS GABRIEL DEGIOVANNI BEHAINE,Are0127,Area Caribe,Are0021,SubArea Cordoba_Sucre,Solar,No Despachado Centralmente,SCEC,2026-08-03,2026-08-03,SIMEM 0bfc9d + 841808 + 10F2C9
5H1W,AGPE LUIS GABRIEL MORA GUILLEN,Are0127,Area Caribe,Are0021,SubArea Cordoba_Sucre,Solar,No Despachado Centralmente,SCEC,2026-08-03,2026-08-03,SIMEM 0bfc9d + 841808 + 10F2C9
4T4H,AGPE LUIS GUILLERMO DIAZ BUELVAS,Are0127,Area Caribe,Are0021,SubArea Cordoba_Sucre,Solar,No Despachado Centralmente,SCEC,2026-08-03,2026-08-03,SIMEM 0bfc9d + 841808 + 10F2C9
3LK3,AGPE LUZ MARIA QUINTERO,Are0127,Area Caribe,Are0021,SubArea Cordoba_Sucre,Solar,No Despachado Centralmente,SCEC,2026-08-03,2026-08-03,SIMEM 0bfc9d + 841808 + 10F2C9
4T6G,AGPE LUZ MARINA GIRALDO,Are0127,Area Caribe,Are0021,SubArea Cordoba_Sucre,Solar,No Despachado Centralmente,GNCC,2026-08-03,2026-08-03,SIMEM 0bfc9d + 841808 + 10F2C9
3HZG,AGPE LUZ MARINA GUZMAN,Are0127,Area Caribe,Are0021,SubArea Cordoba_Sucre,Solar,No Despachado Centralmente,SCEC,2026-08-03,2026-08-03,SIMEM 0bfc9d + 841808 + 10F2C9
3PX8,AGPE MAKONDO,Are0127,Area Caribe,Are0021,SubArea Cordoba_Sucre,Solar,No Despachado Centralmente,SCEC,2026-08-03,2026-08-03,SIMEM 0bfc9d + 841808 + 10F2C9
5QSX,AGPE MANUEL ENRIQUE GOLZALEZ FERNANDEZ,Are0127,Area Caribe,Are0021,SubArea Cordoba_Sucre,Solar,No Despachado Centralmente,SCEC,2026-08-03,2026-08-03,SIMEM 0bfc9d + 841808 + 10F2C9
3KL8,AGPE MANUEL GONZALEZ CASA 1,Are0127,Area Caribe,Are0021,SubArea Cordoba_Sucre,Solar,No Despachado Centralmente,SCEC,2026-08-03,2026-08-03,SIMEM 0bfc9d + 841808 + 10F2C9
3J5F,AGPE MANUEL GONZALEZ CASA RECREO,Are0127,Area Caribe,Are0021,SubArea Cordoba_Sucre,Solar,No Despachado Centralmente,SCEC,2026-08-03,2026-08-03,SIMEM 0bfc9d + 841808 + 10F2C9
4XP7,AGPE MARCELA MARTELO CASTRO,Are0127,Area Caribe,Are0021,SubArea Cordoba_Sucre,Solar,No Despachado Centralmente,SCEC,2026-08-03,2026-08-03,SIMEM 0bfc9d + 841808 + 10F2C9
3PKD,AGPE MARCOS DANIEL PINEDA GARCIA,Are0127,Area Caribe,Are0021,SubArea Cordoba_Sucre,Solar,No Despachado Centralmente,SCEC,2026-08-03,2026-08-03,SIMEM 0bfc9d + 841808 + 10F2C9
3QQ1,AGPE MARIA ANGELICA IZQUIERDO LEON,Are0127,Area Caribe,Are0021,SubArea Cordoba_Sucre,Solar,No Despachado Centralmente,SCEC,2026-08-03,2026-08-03,SIMEM 0bfc9d + 841808 + 10F2C9
5FPW,AGPE MARIA BERNARDA OTERO VELLOJIN,Are0127,Area Caribe,Are0021,SubArea Cordoba_Sucre,Solar,No Despachado Centralmente,SCEC,2026-08-03,2026-08-03,SIMEM 0bfc9d + 841808 + 10F2C9
5NQ2,AGPE MARIA CECILIA REVUELTAS GONZALEZ,Are0127,Area Caribe,Are0021,SubArea Cordoba_Sucre,Solar,No Despachado Centralmente,SCEC,2026-08-03,2026-08-03,SIMEM 0bfc9d + 841808 + 10F2C9
5JRZ,AGPE MARIA EMILIA GARCIA MENDEZ,Are0127,Area Caribe,Are0021,SubArea Cordoba_Sucre,Solar,No Despachado Centralmente,SCEC,2026-08-03,2026-08-03,SIMEM 0bfc9d + 841808 + 10F2C9
4Y9F,AGPE MARIA FERNANDA SOTO TABORDA  OFICINA JAG,Are0127,Area Caribe,Are0021,SubArea Cordoba_Sucre,Solar,No Despachado Centralmente,SCEC,2026-08-03,2026-08-03,SIMEM 0bfc9d + 841808 + 10F2C9
5N2I,AGPE MARIA INES PINEDA CONTRERAS,Are0127,Area Caribe,Are0021,SubArea Cordoba_Sucre,Solar,No Despachado Centralmente,SCEC,2026-08-03,2026-08-03,SIMEM 0bfc9d + 841808 + 10F2C9
3NBB,AGPE MARIA MERCES GARCIA BURGOS,Are0127,Area Caribe,Are0021,SubArea Cordoba_Sucre,Solar,No Despachado Centralmente,SCEC,2026-08-03,2026-08-03,SIMEM 0bfc9d + 841808 + 10F2C9
5LQU,AGPE MARIA OLINDA VEGA MILANE,Are0127,Area Caribe,Are0021,SubArea Cordoba_Sucre,Solar,No Despachado Centralmente,SCEC,2026-08-03,2026-08-03,SIMEM 0bfc9d + 841808 + 10F2C9
4YBQ,AGPE MARIA TERESA HADDAD GARCIA APTO 202,Are0127,Area Caribe,Are0021,SubArea Cordoba_Sucre,Solar,No Despachado Centralmente,SCEC,2026-08-03,2026-08-03,SIMEM 0bfc9d + 841808 + 10F2C9
4QZW,AGPE MAURICIO ANTONIO MARINEZ MENDEZ,Are0127,Area Caribe,Are0021,SubArea Cordoba_Sucre,Solar,No Despachado Centralmente,SCEC,2026-08-03,2026-08-03,SIMEM 0bfc9d + 841808 + 10F2C9
3KR8,AGPE MAURICIO VERGARA FRANCO,Are0127,Area Caribe,Are0021,SubArea Cordoba_Sucre,Solar,No Despachado Centralmente,SCEC,2026-08-03,2026-08-03,SIMEM 0bfc9d + 841808 + 10F2C9
3NGF,AGPE MAXILUJOS MTR,Are0127,Area Caribe,Are0021,SubArea Cordoba_Sucre,Solar,No Despachado Centralmente,SCEC,2026-08-03,2026-08-03,SIMEM 0bfc9d + 841808 + 10F2C9
3J39,AGPE MAXXILLANTAS NO2,Are0127,Area Caribe,Are0021,SubArea Cordoba_Sucre,Solar,No Despachado Centralmente,SCEC,2026-08-03,2026-08-03,SIMEM 0bfc9d + 841808 + 10F2C9
4V19,AGPE MCD MONTERIA MON,Are0127,Area Caribe,Are0021,SubArea Cordoba_Sucre,Solar,No Despachado Centralmente,GNCC,2026-08-03,2026-08-03,SIMEM 0bfc9d + 841808 + 10F2C9
5N1I,AGPE MEDIMARCAS SAS,Are0127,Area Caribe,Are0021,SubArea Cordoba_Sucre,Solar,No Despachado Centralmente,SCEC,2026-08-03,2026-08-03,SIMEM 0bfc9d + 841808 + 10F2C9
5LT3,AGPE MEDINA JULIO PROFESIONALES EN C,Are0127,Area Caribe,Are0021,SubArea Cordoba_Sucre,Solar,No Despachado Centralmente,SCEC,2026-08-03,2026-08-03,SIMEM 0bfc9d + 841808 + 10F2C9
5CF9,AGPE MONASTERIO DE SANTA MARIA DEL ROSARIO DE,Are0127,Area Caribe,Are0021,SubArea Cordoba_Sucre,Solar,No Despachado Centralmente,SCEC,2026-08-03,2026-08-03,SIMEM 0bfc9d + 841808 + 10F2C9
3NA6,AGPE MONICA ANDREA PINEROS CORREA,Are0127,Area Caribe,Are0021,SubArea Cordoba_Sucre,Solar,No Despachado Centralmente,SCEC,2026-08-03,2026-08-03,SIMEM 0bfc9d + 841808 + 10F2C9
5OZV,AGPE MONICA ANDREA PINEROS CORREA MONTEVERDE,Are0127,Area Caribe,Are0021,SubArea Cordoba_Sucre,Solar,No Despachado Centralmente,SCEC,2026-08-03,2026-08-03,SIMEM 0bfc9d + 841808 + 10F2C9
3JNE,AGPE MOTO HIT MONTERIA,Are0127,Area Caribe,Are0021,SubArea Cordoba_Sucre,Solar,No Despachado Centralmente,SCEC,2026-08-03,2026-08-03,SIMEM 0bfc9d + 841808 + 10F2C9
4YBM,AGPE MPRETI1,Are0127,Area Caribe,Are0021,SubArea Cordoba_Sucre,Solar,No Despachado Centralmente,ETTC,2026-08-03,2026-08-03,SIMEM 0bfc9d + 841808 + 10F2C9
3GHQ,AGPE MUGDEN,Are0127,Area Caribe,Are0021,SubArea Cordoba_Sucre,Solar,No Despachado Centralmente,ETTC,2026-08-03,2026-08-03,SIMEM 0bfc9d + 841808 + 10F2C9
3J5X,AGPE NATACHA JARAMILLO MONTOYA,Are0127,Area Caribe,Are0021,SubArea Cordoba_Sucre,Solar,No Despachado Centralmente,SCEC,2026-08-03,2026-08-03,SIMEM 0bfc9d + 841808 + 10F2C9
4T9Y,AGPE NATALIA HOYOS GOMEZ,Are0127,Area Caribe,Are0021,SubArea Cordoba_Sucre,Solar,No Despachado Centralmente,SCEC,2026-08-03,2026-08-03,SIMEM 0bfc9d + 841808 + 10F2C9
5N1H,AGPE NATURAL BODY LUISA LOZANO SAS,Are0127,Area Caribe,Are0021,SubArea Cordoba_Sucre,Solar,No Despachado Centralmente,SCEC,2026-08-03,2026-08-03,SIMEM 0bfc9d + 841808 + 10F2C9
5QQH,AGPE NAZLY FLOREZ PEREZ,Are0127,Area Caribe,Are0021,SubArea Cordoba_Sucre,Solar,No Despachado Centralmente,ENBC,2026-08-03,2026-08-03,SIMEM 0bfc9d + 841808 + 10F2C9
3PJY,AGPE NELSON LLANO LOPERA,Are0127,Area Caribe,Are0021,SubArea Cordoba_Sucre,Solar,No Despachado Centralmente,SCEC,2026-08-03,2026-08-03,SIMEM 0bfc9d + 841808 + 10F2C9
3PK1,AGPE NELSON SOTO DUQUE,Are0127,Area Caribe,Are0021,SubArea Cordoba_Sucre,Solar,No Despachado Centralmente,SCEC,2026-08-03,2026-08-03,SIMEM 0bfc9d + 841808 + 10F2C9
4RGI,AGPE NELSON SOTO DUQUE LOC I,Are0127,Area Caribe,Are0021,SubArea Cordoba_Sucre,Solar,No Despachado Centralmente,SCEC,2026-08-03,2026-08-03,SIMEM 0bfc9d + 841808 + 10F2C9
4Y4U,AGPE NUTRICION Y RECURSOS DEL CARIBE SA,Are0127,Area Caribe,Are0021,SubArea Cordoba_Sucre,Solar,No Despachado Centralmente,SCEC,2026-08-03,2026-08-03,SIMEM 0bfc9d + 841808 + 10F2C9
4WUI,AGPE OLGA MILENA FLOREZ SIERRA,Are0127,Area Caribe,Are0021,SubArea Cordoba_Sucre,Solar,No Despachado Centralmente,SCEC,2026-08-03,2026-08-03,SIMEM 0bfc9d + 841808 + 10F2C9
5PUC,AGPE OMAR DAVID GHISAYS MARTINEZ,Are0127,Area Caribe,Are0021,SubArea Cordoba_Sucre,Solar,No Despachado Centralmente,SCEC,2026-08-03,2026-08-03,SIMEM 0bfc9d + 841808 + 10F2C9
5UHH,AGPE ORLANDO MANUEL PENA DIMARE,Are0127,Area Caribe,Are0021,SubArea Cordoba_Sucre,Solar,No Despachado Centralmente,SCEC,2026-08-03,2026-08-03,SIMEM 0bfc9d + 841808 + 10F2C9
5JSJ,AGPE PAOLA ALEXANDRA GUARNIZO SOTOMAYOR,Are0127,Area Caribe,Are0021,SubArea Cordoba_Sucre,Solar,No Despachado Centralmente,SCEC,2026-08-03,2026-08-03,SIMEM 0bfc9d + 841808 + 10F2C9
4WX1,AGPE PAOLA MARIA DAMBROSIO HADDAD,Are0127,Area Caribe,Are0021,SubArea Cordoba_Sucre,Solar,No Despachado Centralmente,SCEC,2026-08-03,2026-08-03,SIMEM 0bfc9d + 841808 + 10F2C9
3KLS,AGPE PARDO CORENA LTDA,Are0127,Area Caribe,Are0021,SubArea Cordoba_Sucre,Solar,No Despachado Centralmente,SCEC,2026-08-03,2026-08-03,SIMEM 0bfc9d + 841808 + 10F2C9
3KA2,AGPE PEDRO ANTONIO TOSCANO TOSCANO,Are0127,Area Caribe,Are0021,SubArea Cordoba_Sucre,Solar,No Despachado Centralmente,SCEC,2026-08-03,2026-08-03,SIMEM 0bfc9d + 841808 + 10F2C9
5UV9,AGPE PESQUERA TUMACO,Are0127,Area Caribe,Are0021,SubArea Cordoba_Sucre,Solar,No Despachado Centralmente,GNCC,2026-08-03,2026-08-03,SIMEM 0bfc9d + 841808 + 10F2C9
5QSZ,AGPE PETROLEOS DEL SINU SAS,Are0127,Area Caribe,Are0021,SubArea Cordoba_Sucre,Solar,No Despachado Centralmente,SCEC,2026-08-03,2026-08-03,SIMEM 0bfc9d + 841808 + 10F2C9
4T9Q,AGPE PROYECTO SEVILLANA SAS,Are0127,Area Caribe,Are0021,SubArea Cordoba_Sucre,Solar,No Despachado Centralmente,SCEC,2026-08-03,2026-08-03,SIMEM 0bfc9d + 841808 + 10F2C9
5JSG,AGPE PROYECTO SEVILLANA SAS CASA 31,Are0127,Area Caribe,Are0021,SubArea Cordoba_Sucre,Solar,No Despachado Centralmente,SCEC,2026-08-03,2026-08-03,SIMEM 0bfc9d + 841808 + 10F2C9
5JSK,AGPE PROYECTO SEVILLANA SAS CASA 33,Are0127,Area Caribe,Are0021,SubArea Cordoba_Sucre,Solar,No Despachado Centralmente,SCEC,2026-08-03,2026-08-03,SIMEM 0bfc9d + 841808 + 10F2C9
5MV1,AGPE PROYECTO SEVILLANA SAS CASA 36,Are0127,Area Caribe,Are0021,SubArea Cordoba_Sucre,Solar,No Despachado Centralmente,SCEC,2026-08-03,2026-08-03,SIMEM 0bfc9d + 841808 + 10F2C9
5MUY,AGPE PROYECTO SEVILLANA SAS CASA 38,Are0127,Area Caribe,Are0021,SubArea Cordoba_Sucre,Solar,No Despachado Centralmente,SCEC,2026-08-03,2026-08-03,SIMEM 0bfc9d + 841808 + 10F2C9
5L9U,AGPE PROYECTO SEVILLANA SAS CASA 41,Are0127,Area Caribe,Are0021,SubArea Cordoba_Sucre,Solar,No Despachado Centralmente,SCEC,2026-08-03,2026-08-03,SIMEM 0bfc9d + 841808 + 10F2C9
5MV2,AGPE PROYECTO SEVILLANA SAS CASA 44,Are0127,Area Caribe,Are0021,SubArea Cordoba_Sucre,Solar,No Despachado Centralmente,SCEC,2026-08-03,2026-08-03,SIMEM 0bfc9d + 841808 + 10F2C9
5JSC,AGPE PROYECTO SEVILLANA SAS CASA 45,Are0127,Area Caribe,Are0021,SubArea Cordoba_Sucre,Solar,No Despachado Centralmente,SCEC,2026-08-03,2026-08-03,SIMEM 0bfc9d + 841808 + 10F2C9
5JSE,AGPE PROYECTO SEVILLANA SAS CASA 46,Are0127,Area Caribe,Are0021,SubArea Cordoba_Sucre,Solar,No Despachado Centralmente,SCEC,2026-08-03,2026-08-03,SIMEM 0bfc9d + 841808 + 10F2C9
5JSD,AGPE PROYECTO SEVILLANA SAS CASA 47,Are0127,Area Caribe,Are0021,SubArea Cordoba_Sucre,Solar,No Despachado Centralmente,SCEC,2026-08-03,2026-08-03,SIMEM 0bfc9d + 841808 + 10F2C9
5JSI,AGPE PROYECTO SEVILLANA SAS CASA 48,Are0127,Area Caribe,Are0021,SubArea Cordoba_Sucre,Solar,No Despachado Centralmente,SCEC,2026-08-03,2026-08-03,SIMEM 0bfc9d + 841808 + 10F2C9
5LSP,AGPE PROYECTO SEVILLANA SAS CASA 49,Are0127,Area Caribe,Are0021,SubArea Cordoba_Sucre,Solar,No Despachado Centralmente,SCEC,2026-08-03,2026-08-03,SIMEM 0bfc9d + 841808 + 10F2C9
5JSH,AGPE PROYECTO SEVILLANA SAS CASA 50,Are0127,Area Caribe,Are0021,SubArea Cordoba_Sucre,Solar,No Despachado Centralmente,SCEC,2026-08-03,2026-08-03,SIMEM 0bfc9d + 841808 + 10F2C9
5LAB,AGPE PROYECTO SEVILLANA SAS CASA 51,Are0127,Area Caribe,Are0021,SubArea Cordoba_Sucre,Solar,No Despachado Centralmente,SCEC,2026-08-03,2026-08-03,SIMEM 0bfc9d + 841808 + 10F2C9
5L9W,AGPE PROYECTO SEVILLANA SAS CASA 52,Are0127,Area Caribe,Are0021,SubArea Cordoba_Sucre,Solar,No Despachado Centralmente,SCEC,2026-08-03,2026-08-03,SIMEM 0bfc9d + 841808 + 10F2C9
5L9V,AGPE PROYECTO SEVILLANA SAS CASA 53,Are0127,Area Caribe,Are0021,SubArea Cordoba_Sucre,Solar,No Despachado Centralmente,SCEC,2026-08-03,2026-08-03,SIMEM 0bfc9d + 841808 + 10F2C9
5MV3,AGPE PROYECTO SEVILLANA SAS CASA 55,Are0127,Area Caribe,Are0021,SubArea Cordoba_Sucre,Solar,No Despachado Centralmente,SCEC,2026-08-03,2026-08-03,SIMEM 0bfc9d + 841808 + 10F2C9
5MV4,AGPE PROYECTO SEVILLANA SAS CASA 56,Are0127,Area Caribe,Are0021,SubArea Cordoba_Sucre,Solar,No Despachado Centralmente,SCEC,2026-08-03,2026-08-03,SIMEM 0bfc9d + 841808 + 10F2C9
5LAC,AGPE RAFAEL CESAR SANTIAGO NAAR,Are0127,Area Caribe,Are0021,SubArea Cordoba_Sucre,Solar,No Despachado Centralmente,SCEC,2026-08-03,2026-08-03,SIMEM 0bfc9d + 841808 + 10F2C9
3MGZ,AGPE RAFAEL EDUARDO NARANJO,Are0127,Area Caribe,Are0021,SubArea Cordoba_Sucre,Solar,No Despachado Centralmente,SCEC,2026-08-03,2026-08-03,SIMEM 0bfc9d + 841808 + 10F2C9
3NP9,AGPE RAFAEL IGNACIO RUIZ,Are0127,Area Caribe,Are0021,SubArea Cordoba_Sucre,Solar,No Despachado Centralmente,SCEC,2026-08-03,2026-08-03,SIMEM 0bfc9d + 841808 + 10F2C9
3IUT,AGPE RESIDENCIA SIGLO XXI,Are0127,Area Caribe,Are0021,SubArea Cordoba_Sucre,Solar,No Despachado Centralmente,SCEC,2026-08-03,2026-08-03,SIMEM 0bfc9d + 841808 + 10F2C9
4V52,AGPE RESONANCIA E IMAGENES SANTAMARIA SA,Are0127,Area Caribe,Are0021,SubArea Cordoba_Sucre,Solar,No Despachado Centralmente,SCEC,2026-08-03,2026-08-03,SIMEM 0bfc9d + 841808 + 10F2C9
3HR1,AGPE RESTAURANTE GUACARI,Are0127,Area Caribe,Are0021,SubArea Cordoba_Sucre,Solar,No Despachado Centralmente,SCEC,2026-08-03,2026-08-03,SIMEM 0bfc9d + 841808 + 10F2C9
3IJ5,AGPE RICARDO FORERO CORTES,Are0127,Area Caribe,Are0021,SubArea Cordoba_Sucre,Solar,No Despachado Centralmente,SCEC,2026-08-03,2026-08-03,SIMEM 0bfc9d + 841808 + 10F2C9
3NQT,AGPE ROCIO DEL PILAR MORALES CANO,Are0127,Area Caribe,Are0021,SubArea Cordoba_Sucre,Solar,No Despachado Centralmente,SCEC,2026-08-03,2026-08-03,SIMEM 0bfc9d + 841808 + 10F2C9
4WUG,AGPE ROGELIO ZULUAGA MEJIA,Are0127,Area Caribe,Are0021,SubArea Cordoba_Sucre,Solar,No Despachado Centralmente,SCEC,2026-08-03,2026-08-03,SIMEM 0bfc9d + 841808 + 10F2C9
5SI6,AGPE ROKY DAYAM GOMEZ ARDILA,Are0127,Area Caribe,Are0021,SubArea Cordoba_Sucre,Solar,No Despachado Centralmente,SCEC,2026-08-03,2026-08-03,SIMEM 0bfc9d + 841808 + 10F2C9
3MTX,AGPE ROSIRIS MARGARITA AYAZO,Are0127,Area Caribe,Are0021,SubArea Cordoba_Sucre,Solar,No Despachado Centralmente,SCEC,2026-08-03,2026-08-03,SIMEM 0bfc9d + 841808 + 10F2C9
3MVS,AGPE RUBEN ALEJANDRO GIRALDO,Are0127,Area Caribe,Are0021,SubArea Cordoba_Sucre,Solar,No Despachado Centralmente,SCEC,2026-08-03,2026-08-03,SIMEM 0bfc9d + 841808 + 10F2C9
5E3G,AGPE RUBEN DARIO CORRALES BOSSIO,Are0127,Area Caribe,Are0021,SubArea Cordoba_Sucre,Solar,No Despachado Centralmente,SCEC,2026-08-03,2026-08-03,SIMEM 0bfc9d + 841808 + 10F2C9
5PUJ,AGPE RUBEN DARIO SUAREZ MORA,Are0127,Area Caribe,Are0021,SubArea Cordoba_Sucre,Solar,No Despachado Centralmente,SCEC,2026-08-03,2026-08-03,SIMEM 0bfc9d + 841808 + 10F2C9
5E6J,AGPE SALAS Y ASOCIADOS ABOGADOS LIMITADA,Are0127,Area Caribe,Are0021,SubArea Cordoba_Sucre,Solar,No Despachado Centralmente,SCEC,2026-08-03,2026-08-03,SIMEM 0bfc9d + 841808 + 10F2C9
3K5Y,AGPE SALUD FORMA MEDICAL ESTHETIC,Are0127,Area Caribe,Are0021,SubArea Cordoba_Sucre,Solar,No Despachado Centralmente,SCEC,2026-08-03,2026-08-03,SIMEM 0bfc9d + 841808 + 10F2C9
3JI2,AGPE SAMUEL DAVID JULIO AMIGO,Are0127,Area Caribe,Are0021,SubArea Cordoba_Sucre,Solar,No Despachado Centralmente,SCEC,2026-08-03,2026-08-03,SIMEM 0bfc9d + 841808 + 10F2C9
3LMF,AGPE SERGIO ANDRES VELEZ OSORIO,Are0127,Area Caribe,Are0021,SubArea Cordoba_Sucre,Solar,No Despachado Centralmente,SCEC,2026-08-03,2026-08-03,SIMEM 0bfc9d + 841808 + 10F2C9
3LK5,AGPE SERVI CARROS MONTERIA,Are0127,Area Caribe,Are0021,SubArea Cordoba_Sucre,Solar,No Despachado Centralmente,SCEC,2026-08-03,2026-08-03,SIMEM 0bfc9d + 841808 + 10F2C9
3NG1,AGPE SERVITECA DICAR SAS,Are0127,Area Caribe,Are0021,SubArea Cordoba_Sucre,Solar,No Despachado Centralmente,SCEC,2026-08-03,2026-08-03,SIMEM 0bfc9d + 841808 + 10F2C9
3NDG,AGPE SERVITECA LA AMISTAD SAS,Are0127,Area Caribe,Are0021,SubArea Cordoba_Sucre,Solar,No Despachado Centralmente,SCEC,2026-08-03,2026-08-03,SIMEM 0bfc9d + 841808 + 10F2C9
5SI8,AGPE SERVITECA LAVACOSTA SAS,Are0127,Area Caribe,Are0021,SubArea Cordoba_Sucre,Solar,No Despachado Centralmente,SCEC,2026-08-03,2026-08-03,SIMEM 0bfc9d + 841808 + 10F2C9
3NGH,AGPE SGS CONSTRUCCIONES SAS,Are0127,Area Caribe,Are0021,SubArea Cordoba_Sucre,Solar,No Despachado Centralmente,SCEC,2026-08-03,2026-08-03,SIMEM 0bfc9d + 841808 + 10F2C9
5LAD,AGPE SHARON ELIZABETH NISPERUZA LLORENTE,Are0127,Area Caribe,Are0021,SubArea Cordoba_Sucre,Solar,No Despachado Centralmente,SCEC,2026-08-03,2026-08-03,SIMEM 0bfc9d + 841808 + 10F2C9
5M9X,AGPE SOCIEDAD EDUCAR SAS,Are0127,Area Caribe,Are0021,SubArea Cordoba_Sucre,Solar,No Despachado Centralmente,SCEC,2026-08-03,2026-08-03,SIMEM 0bfc9d + 841808 + 10F2C9
3FC9,AGPE SOL Y CIELO SAS,Are0127,Area Caribe,Are0021,SubArea Cordoba_Sucre,Solar,No Despachado Centralmente,SCEC,2026-08-03,2026-08-03,SIMEM 0bfc9d + 841808 + 10F2C9
5JSB,AGPE SOLUCIONES INFORMATICAS CORPORATIVAS SIC SAS,Are0127,Area Caribe,Are0021,SubArea Cordoba_Sucre,Solar,No Despachado Centralmente,SCEC,2026-08-03,2026-08-03,SIMEM 0bfc9d + 841808 + 10F2C9
5NQ3,AGPE SOLYCIELO SAS OFICINAS NUEVAS,Are0127,Area Caribe,Are0021,SubArea Cordoba_Sucre,Solar,No Despachado Centralmente,SCEC,2026-08-03,2026-08-03,SIMEM 0bfc9d + 841808 + 10F2C9
4Y9L,AGPE SSFV CASA OJEDA 20KW,Are0127,Area Caribe,Are0021,SubArea Cordoba_Sucre,Solar,No Despachado Centralmente,GNCC,2026-08-03,2026-08-03,SIMEM 0bfc9d + 841808 + 10F2C9
4WX9,AGPE STO 314 MARGEN IZQUIERDA,Are0127,Area Caribe,Are0021,SubArea Cordoba_Sucre,Solar,No Despachado Centralmente,GNCC,2026-08-03,2026-08-03,SIMEM 0bfc9d + 841808 + 10F2C9
3J5J,AGPE SUBASTAR MONTERIA,Are0127,Area Caribe,Are0021,SubArea Cordoba_Sucre,Solar,No Despachado Centralmente,SCEC,2026-08-03,2026-08-03,SIMEM 0bfc9d + 841808 + 10F2C9
3KOR,AGPE SUBASTAR SAHAGUN,Are0127,Area Caribe,Are0021,SubArea Cordoba_Sucre,Solar,No Despachado Centralmente,SCEC,2026-08-03,2026-08-03,SIMEM 0bfc9d + 841808 + 10F2C9
3MS5,AGPE SUBASTAR SAMPUES,Are0127,Area Caribe,Are0021,SubArea Cordoba_Sucre,Solar,No Despachado Centralmente,SCEC,2026-08-03,2026-08-03,SIMEM 0bfc9d + 841808 + 10F2C9
3JNC,AGPE SUBASTAR SAN PEDRO,Are0127,Area Caribe,Are0021,SubArea Cordoba_Sucre,Solar,No Despachado Centralmente,SCEC,2026-08-03,2026-08-03,SIMEM 0bfc9d + 841808 + 10F2C9
5LAE,AGPE SUGEY ELENA NADER ALEMAN,Are0127,Area Caribe,Are0021,SubArea Cordoba_Sucre,Solar,No Despachado Centralmente,SCEC,2026-08-03,2026-08-03,SIMEM 0bfc9d + 841808 + 10F2C9
3H5Y,AGPE SUMINTEGRALES SAS,Are0127,Area Caribe,Are0021,SubArea Cordoba_Sucre,Solar,No Despachado Centralmente,NEUC,2026-08-03,2026-08-03,SIMEM 0bfc9d + 841808 + 10F2C9
5IH1,AGPE SURTIDELICIAS FOOD SERVICE SAS CERETE,Are0127,Area Caribe,Are0021,SubArea Cordoba_Sucre,Solar,No Despachado Centralmente,SCEC,2026-08-03,2026-08-03,SIMEM 0bfc9d + 841808 + 10F2C9
5UWD,AGPE SURTIDELICIAS FOOD SERVICE SAS COVENA,Are0127,Area Caribe,Are0021,SubArea Cordoba_Sucre,Solar,No Despachado Centralmente,SCEC,2026-08-03,2026-08-03,SIMEM 0bfc9d + 841808 + 10F2C9
5JS8,AGPE SURTIDELICIAS FOOD SERVICE SAS DORADO,Are0127,Area Caribe,Are0021,SubArea Cordoba_Sucre,Solar,No Despachado Centralmente,SCEC,2026-08-03,2026-08-03,SIMEM 0bfc9d + 841808 + 10F2C9
5JS7,AGPE SURTIDELICIAS FOOD SERVICE SAS MONTERIA,Are0127,Area Caribe,Are0021,SubArea Cordoba_Sucre,Solar,No Despachado Centralmente,SCEC,2026-08-03,2026-08-03,SIMEM 0bfc9d + 841808 + 10F2C9
3JJS,AGPE TERMINAL TRANSPORTE MONTERIA,Are0127,Area Caribe,Are0021,SubArea Cordoba_Sucre,Solar,No Despachado Centralmente,GNCC,2026-08-03,2026-08-03,SIMEM 0bfc9d + 841808 + 10F2C9
4WOS,AGPE TIENDA ARA 292,Are0127,Area Caribe,Are0021,SubArea Cordoba_Sucre,Solar,No Despachado Centralmente,NEUC,2026-08-03,2026-08-03,SIMEM 0bfc9d + 841808 + 10F2C9
4RN5,AGPE TIENDA ARA 416,Are0127,Area Caribe,Are0021,SubArea Cordoba_Sucre,Solar,No Despachado Centralmente,NEUC,2026-08-03,2026-08-03,SIMEM 0bfc9d + 841808 + 10F2C9
4SW8,AGPE TIENDA ARA 531,Are0127,Area Caribe,Are0021,SubArea Cordoba_Sucre,Solar,No Despachado Centralmente,NEUC,2026-08-03,2026-08-03,SIMEM 0bfc9d + 841808 + 10F2C9
4V13,AGPE TIENDA ARA 533,Are0127,Area Caribe,Are0021,SubArea Cordoba_Sucre,Solar,No Despachado Centralmente,NEUC,2026-08-03,2026-08-03,SIMEM 0bfc9d + 841808 + 10F2C9
4TA5,AGPE TIENDA ARA 592,Are0127,Area Caribe,Are0021,SubArea Cordoba_Sucre,Solar,No Despachado Centralmente,NEUC,2026-08-03,2026-08-03,SIMEM 0bfc9d + 841808 + 10F2C9
4TA7,AGPE TIENDA ARA 604,Are0127,Area Caribe,Are0021,SubArea Cordoba_Sucre,Solar,No Despachado Centralmente,NEUC,2026-08-03,2026-08-03,SIMEM 0bfc9d + 841808 + 10F2C9
4XEO,AGPE TIENDA ARA 769,Are0127,Area Caribe,Are0021,SubArea Cordoba_Sucre,Solar,No Despachado Centralmente,NEUC,2026-08-03,2026-08-03,SIMEM 0bfc9d + 841808 + 10F2C9
4TAD,AGPE TIENDA ARA 827,Are0127,Area Caribe,Are0021,SubArea Cordoba_Sucre,Solar,No Despachado Centralmente,NEUC,2026-08-03,2026-08-03,SIMEM 0bfc9d + 841808 + 10F2C9
4TA1,AGPE TIENDA ARA 831,Are0127,Area Caribe,Are0021,SubArea Cordoba_Sucre,Solar,No Despachado Centralmente,NEUC,2026-08-03,2026-08-03,SIMEM 0bfc9d + 841808 + 10F2C9
4RMX,AGPE TIENDA ARA 856,Are0127,Area Caribe,Are0021,SubArea Cordoba_Sucre,Solar,No Despachado Centralmente,NEUC,2026-08-03,2026-08-03,SIMEM 0bfc9d + 841808 + 10F2C9
4THK,AGPE TIENDA ARA 873,Are0127,Area Caribe,Are0021,SubArea Cordoba_Sucre,Solar,No Despachado Centralmente,NEUC,2026-08-03,2026-08-03,SIMEM 0bfc9d + 841808 + 10F2C9
4Y5F,AGPE TIENDA ARA 902,Are0127,Area Caribe,Are0021,SubArea Cordoba_Sucre,Solar,No Despachado Centralmente,NEUC,2026-08-03,2026-08-03,SIMEM 0bfc9d + 841808 + 10F2C9
3NJS,AGPE VALEJA 85128,Are0127,Area Caribe,Are0021,SubArea Cordoba_Sucre,Solar,No Despachado Centralmente,ETTC,2026-08-03,2026-08-03,SIMEM 0bfc9d + 841808 + 10F2C9
5CEZ,AGPE VALENTINA DURAN RUA,Are0127,Area Caribe,Are0021,SubArea Cordoba_Sucre,Solar,No Despachado Centralmente,SCEC,2026-08-03,2026-08-03,SIMEM 0bfc9d + 841808 + 10F2C9
4Z9M,AGPE VALERIA HINCAPIE LOPEZ,Are0127,Area Caribe,Are0021,SubArea Cordoba_Sucre,Solar,No Despachado Centralmente,SCEC,2026-08-03,2026-08-03,SIMEM 0bfc9d + 841808 + 10F2C9
3LMD,AGPE VELEZ OSORIO E HIJOS S EN C,Are0127,Area Caribe,Are0021,SubArea Cordoba_Sucre,Solar,No Despachado Centralmente,SCEC,2026-08-03,2026-08-03,SIMEM 0bfc9d + 841808 + 10F2C9
3MGV,AGPE VELEZ OSORIO E HIJOS S EN C CABANA,Are0127,Area Caribe,Are0021,SubArea Cordoba_Sucre,Solar,No Despachado Centralmente,SCEC,2026-08-03,2026-08-03,SIMEM 0bfc9d + 841808 + 10F2C9
3MXW,AGPE VINALE S EN C,Are0127,Area Caribe,Are0021,SubArea Cordoba_Sucre,Solar,No Despachado Centralmente,SCEC,2026-08-03,2026-08-03,SIMEM 0bfc9d + 841808 + 10F2C9
3Q83,AGPE WILLYAM ALFREDO QUESSEP FERIS,Are0127,Area Caribe,Are0021,SubArea Cordoba_Sucre,Solar,No Despachado Centralmente,SCEC,2026-08-03,2026-08-03,SIMEM 0bfc9d + 841808 + 10F2C9
4ZIC,AGPE WILSON JARAMILLO GOMEZ,Are0127,Area Caribe,Are0021,SubArea Cordoba_Sucre,Solar,No Despachado Centralmente,SCEC,2026-08-03,2026-08-03,SIMEM 0bfc9d + 841808 + 10F2C9
3PZR,AGPE YAHAIRA LASTENIA SOTO RHENALS,Are0127,Area Caribe,Are0021,SubArea Cordoba_Sucre,Solar,No Despachado Centralmente,SCEC,2026-08-03,2026-08-03,SIMEM 0bfc9d + 841808 + 10F2C9
5C9Z,AGPE YAMILE MARIA GANEM,Are0127,Area Caribe,Are0021,SubArea Cordoba_Sucre,Solar,No Despachado Centralmente,GNCC,2026-08-03,2026-08-03,SIMEM 0bfc9d + 841808 + 10F2C9
5LT2,AGPE YOHANNA RODRIGUEZ GONZALEZ,Are0127,Area Caribe,Are0021,SubArea Cordoba_Sucre,Solar,No Despachado Centralmente,SCEC,2026-08-03,2026-08-03,SIMEM 0bfc9d + 841808 + 10F2C9
5TN8,AGPE YURIS YULIETH MORA ESPITIA,Are0127,Area Caribe,Are0021,SubArea Cordoba_Sucre,Solar,No Despachado Centralmente,GNCC,2026-08-03,2026-08-03,SIMEM 0bfc9d + 841808 + 10F2C9
3RKE,AGPE ZOILA ROCIO LOAIZA RIANO,Are0127,Area Caribe,Are0021,SubArea Cordoba_Sucre,Solar,No Despachado Centralmente,SCEC,2026-08-03,2026-08-03,SIMEM 0bfc9d + 841808 + 10F2C9
3JPM,BARAYA,Are0127,Area Caribe,Are0021,SubArea Cordoba_Sucre,Solar,No Despachado Centralmente,UNGG,2026-08-03,2026-08-03,SIMEM 0bfc9d + 841808 + 10F2C9
5O1U,GD CANARIOS I,Are0127,Area Caribe,Are0021,SubArea Cordoba_Sucre,Solar,No Despachado Centralmente,OTAG,2026-08-03,2026-08-03,SIMEM 0bfc9d + 841808 + 10F2C9
5O1W,GD CANARIOS II,Are0127,Area Caribe,Are0021,SubArea Cordoba_Sucre,Solar,No Despachado Centralmente,OTAG,2026-08-03,2026-08-03,SIMEM 0bfc9d + 841808 + 10F2C9
5OWY,GD CANARIOS III,Are0127,Area Caribe,Are0021,SubArea Cordoba_Sucre,Solar,No Despachado Centralmente,OTAG,2026-08-03,2026-08-03,SIMEM 0bfc9d + 841808 + 10F2C9
5IVZ,GD CORALITO,Are0127,Area Caribe,Are0021,SubArea Cordoba_Sucre,Solar,No Despachado Centralmente,SNCG,2026-08-03,2026-08-03,SIMEM 0bfc9d + 841808 + 10F2C9
5O15,GD EL CASTILLO I,Are0127,Area Caribe,Are0021,SubArea Cordoba_Sucre,Solar,No Despachado Centralmente,OTAG,2026-08-03,2026-08-03,SIMEM 0bfc9d + 841808 + 10F2C9
5O1A,GD EL CASTILLO II,Are0127,Area Caribe,Are0021,SubArea Cordoba_Sucre,Solar,No Despachado Centralmente,OTAG,2026-08-03,2026-08-03,SIMEM 0bfc9d + 841808 + 10F2C9
5O16,GD EL CASTILLO III,Are0127,Area Caribe,Are0021,SubArea Cordoba_Sucre,Solar,No Despachado Centralmente,OTAG,2026-08-03,2026-08-03,SIMEM 0bfc9d + 841808 + 10F2C9
5O1C,GD EL CASTILLO IV,Are0127,Area Caribe,Are0021,SubArea Cordoba_Sucre,Solar,No Despachado Centralmente,OTAG,2026-08-03,2026-08-03,SIMEM 0bfc9d + 841808 + 10F2C9
5O17,GD EL CASTILLO V,Are0127,Area Caribe,Are0021,SubArea Cordoba_Sucre,Solar,No Despachado Centralmente,OTAG,2026-08-03,2026-08-03,SIMEM 0bfc9d + 841808 + 10F2C9
3R9G,GD EL ROBLE,Are0127,Area Caribe,Are0021,SubArea Cordoba_Sucre,Solar,No Despachado Centralmente,PRIG,2026-08-03,2026-08-03,SIMEM 0bfc9d + 841808 + 10F2C9
5IW1,GD EMPERATRIZ I,Are0127,Area Caribe,Are0021,SubArea Cordoba_Sucre,Solar,No Despachado Centralmente,SNCG,2026-08-03,2026-08-03,SIMEM 0bfc9d + 841808 + 10F2C9
5J8J,GD EMPERATRIZ II,Are0127,Area Caribe,Are0021,SubArea Cordoba_Sucre,Solar,No Despachado Centralmente,SNCG,2026-08-03,2026-08-03,SIMEM 0bfc9d + 841808 + 10F2C9
5JJC,GD ERCO LAS PIEDRAS I,Are0127,Area Caribe,Are0021,SubArea Cordoba_Sucre,Solar,No Despachado Centralmente,ERRG,2026-08-03,2026-08-03,SIMEM 0bfc9d + 841808 + 10F2C9
5JGE,GD ERCO LAS PIEDRAS II,Are0127,Area Caribe,Are0021,SubArea Cordoba_Sucre,Solar,No Despachado Centralmente,ERRG,2026-08-03,2026-08-03,SIMEM 0bfc9d + 841808 + 10F2C9
5MA4,GD GALILEO SOLAR,Are0127,Area Caribe,Are0021,SubArea Cordoba_Sucre,Solar,No Despachado Centralmente,GNYG,2026-08-03,2026-08-03,SIMEM 0bfc9d + 841808 + 10F2C9
5J8I,GD GOLONDRINA,Are0127,Area Caribe,Are0021,SubArea Cordoba_Sucre,Solar,No Despachado Centralmente,SNCG,2026-08-03,2026-08-03,SIMEM 0bfc9d + 841808 + 10F2C9
4YL2,GD GRANJA LA RUBIELA,Are0127,Area Caribe,Are0021,SubArea Cordoba_Sucre,Solar,No Despachado Centralmente,DUCG,2026-08-03,2026-08-03,SIMEM 0bfc9d + 841808 + 10F2C9
5AUM,GD GRANJA SAN PELAYO,Are0127,Area Caribe,Are0021,SubArea Cordoba_Sucre,Solar,No Despachado Centralmente,DUCG,2026-08-03,2026-08-03,SIMEM 0bfc9d + 841808 + 10F2C9
5O1V,GD LOS MANGOS I,Are0127,Area Caribe,Are0021,SubArea Cordoba_Sucre,Solar,No Despachado Centralmente,OTAG,2026-08-03,2026-08-03,SIMEM 0bfc9d + 841808 + 10F2C9
5OWK,GD LOS MANGOS II,Are0127,Area Caribe,Are0021,SubArea Cordoba_Sucre,Solar,No Despachado Centralmente,OTAG,2026-08-03,2026-08-03,SIMEM 0bfc9d + 841808 + 10F2C9
5OWN,GD LOS MANGOS III,Are0127,Area Caribe,Are0021,SubArea Cordoba_Sucre,Solar,No Despachado Centralmente,OTAG,2026-08-03,2026-08-03,SIMEM 0bfc9d + 841808 + 10F2C9
5K7H,GD PEGASUS SOLAR,Are0127,Area Caribe,Are0021,SubArea Cordoba_Sucre,Solar,No Despachado Centralmente,GNYG,2026-08-03,2026-08-03,SIMEM 0bfc9d + 841808 + 10F2C9
5SHV,GD PIEDECUESTA I,Are0127,Area Caribe,Are0021,SubArea Cordoba_Sucre,Solar,No Despachado Centralmente,DEPG,2026-08-03,2026-08-03,SIMEM 0bfc9d + 841808 + 10F2C9
5SHN,GD PIEDECUESTA II,Are0127,Area Caribe,Are0021,SubArea Cordoba_Sucre,Solar,No Despachado Centralmente,DEPG,2026-08-03,2026-08-03,SIMEM 0bfc9d + 841808 + 10F2C9
5PU1,GD SAN ONOFRE I,Are0127,Area Caribe,Are0021,SubArea Cordoba_Sucre,Solar,No Despachado Centralmente,DUCG,2026-08-03,2026-08-03,SIMEM 0bfc9d + 841808 + 10F2C9
5PTW,GD SAN ONOFRE II,Are0127,Area Caribe,Are0021,SubArea Cordoba_Sucre,Solar,No Despachado Centralmente,DUCG,2026-08-03,2026-08-03,SIMEM 0bfc9d + 841808 + 10F2C9
5PTU,GD SAN ONOFRE III,Are0127,Area Caribe,Are0021,SubArea Cordoba_Sucre,Solar,No Despachado Centralmente,DUCG,2026-08-03,2026-08-03,SIMEM 0bfc9d + 841808 + 10F2C9
5F74,GD SAN PELAYO,Are0127,Area Caribe,Are0021,SubArea Cordoba_Sucre,Solar,No Despachado Centralmente,UNGG,2026-08-03,2026-08-03,SIMEM 0bfc9d + 841808 + 10F2C9
5TJN,GD SEMILLAS DE CERETE II,Are0127,Area Caribe,Are0021,SubArea Cordoba_Sucre,Solar,No Despachado Centralmente,GYPG,2026-08-03,2026-08-03,SIMEM 0bfc9d + 841808 + 10F2C9
5IKT,GD SEMILLAS MONTERIA I,Are0127,Area Caribe,Are0021,SubArea Cordoba_Sucre,Solar,No Despachado Centralmente,SNCG,2026-08-03,2026-08-03,SIMEM 0bfc9d + 841808 + 10F2C9
5IKU,GD SEMILLAS MONTERIA II,Are0127,Area Caribe,Are0021,SubArea Cordoba_Sucre,Solar,No Despachado Centralmente,SNCG,2026-08-03,2026-08-03,SIMEM 0bfc9d + 841808 + 10F2C9
5MY6,GD SOL Y CIELO X,Are0127,Area Caribe,Are0021,SubArea Cordoba_Sucre,Solar,No Despachado Centralmente,SCEG,2026-08-03,2026-08-03,SIMEM 0bfc9d + 841808 + 10F2C9
5SEB,GD SOL Y CIELO XI,Are0127,Area Caribe,Are0021,SubArea Cordoba_Sucre,Solar,No Despachado Centralmente,EYCG,2026-08-03,2026-08-03,SIMEM 0bfc9d + 841808 + 10F2C9
5SE7,GD SOL Y CIELO XII,Are0127,Area Caribe,Are0021,SubArea Cordoba_Sucre,Solar,No Despachado Centralmente,EYCG,2026-08-03,2026-08-03,SIMEM 0bfc9d + 841808 + 10F2C9
5SE9,GD SOL Y CIELO XIII,Are0127,Area Caribe,Are0021,SubArea Cordoba_Sucre,Solar,No Despachado Centralmente,EYCG,2026-08-03,2026-08-03,SIMEM 0bfc9d + 841808 + 10F2C9
5SED,GD SOL Y CIELO XIV,Are0127,Area Caribe,Are0021,SubArea Cordoba_Sucre,Solar,No Despachado Centralmente,EYCG,2026-08-03,2026-08-03,SIMEM 0bfc9d + 841808 + 10F2C9
5JG6,GD SOLYCIELO 9,Are0127,Area Caribe,Are0021,SubArea Cordoba_Sucre,Solar,No Despachado Centralmente,UNGG,2026-08-03,2026-08-03,SIMEM 0bfc9d + 841808 + 10F2C9
GE32,GECELCA 32,Are0127,Area Caribe,Are0021,SubArea Cordoba_Sucre,Termica,Despachado Centralmente,GECG,2026-08-03,2026-08-03,SIMEM 0bfc9d + 841808 + 10F2C9
3JBP,LA NENERA,Are0127,Area Caribe,Are0021,SubArea Cordoba_Sucre,Solar,No Despachado Centralmente,ESNG,2026-08-03,2026-08-03,SIMEM 0bfc9d + 841808 + 10F2C9
3JPK,MINIGRANJA SAN PEDRO,Are0127,Area Caribe,Are0021,SubArea Cordoba_Sucre,Solar,No Despachado Centralmente,NTCG,2026-08-03,2026-08-03,SIMEM 0bfc9d + 841808 + 10F2C9
3IZ6,PARQUE SOLAR LA UNION,Are0127,Area Caribe,Are0021,SubArea Cordoba_Sucre,Solar,Despachado Centralmente,SLUG,2026-08-03,2026-08-03,SIMEM 0bfc9d + 841808 + 10F2C9
4YLO,SAN ONOFRE,Are0127,Area Caribe,Are0021,SubArea Cordoba_Sucre,Solar,No Despachado Centralmente,UNGG,2026-08-03,2026-08-03,SIMEM 0bfc9d + 841808 + 10F2C9
4S7I,SOL Y CIELO II,Are0127,Area Caribe,Are0021,SubArea Cordoba_Sucre,Solar,No Despachado Centralmente,EYCG,2026-08-03,2026-08-03,SIMEM 0bfc9d + 841808 + 10F2C9
4S7K,SOL Y CIELO III,Are0127,Area Caribe,Are0021,SubArea Cordoba_Sucre,Solar,No Despachado Centralmente,EYCG,2026-08-03,2026-08-03,SIMEM 0bfc9d + 841808 + 10F2C9
4UZS,SOL Y CIELO V,Are0127,Area Caribe,Are0021,SubArea Cordoba_Sucre,Solar,No Despachado Centralmente,EYCG,2026-08-03,2026-08-03,SIMEM 0bfc9d + 841808 + 10F2C9
4VBC,SOL Y CIELO VI,Are0127,Area Caribe,Are0021,SubArea Cordoba_Sucre,Solar,No Despachado Centralmente,EYCG,2026-08-03,2026-08-03,SIMEM 0bfc9d + 841808 + 10F2C9
5E6T,SOL Y CIELO VII,Are0127,Area Caribe,Are0021,SubArea Cordoba_Sucre,Solar,No Despachado Centralmente,UNGG,2026-08-03,2026-08-03,SIMEM 0bfc9d + 841808 + 10F2C9
3ENA,TESORITO,Are0127,Area Caribe,Are0021,SubArea Cordoba_Sucre,Termica,Despachado Centralmente,EPSG,2026-08-03,2026-08-03,SIMEM 0bfc9d + 841808 + 10F2C9
URA1,URRA,Are0127,Area Caribe,Are0021,SubArea Cordoba_Sucre,Hidraulica,Despachado Centralmente,EMUG,2026-08-03,2026-08-03,SIMEM 0bfc9d + 841808 + 10F2C9
4YAU,AGPE  TIENDA ARA 731,Are0127,Area Caribe,Are0025,SubArea GCM,Solar,No Despachado Centralmente,NEUC,2026-08-03,2026-08-03,SIMEM 0bfc9d + 841808 + 10F2C9
4SSJ,AGPE  TIENDA ARA 789,Are0127,Area Caribe,Are0025,SubArea GCM,Solar,No Despachado Centralmente,NEUC,2026-08-03,2026-08-03,SIMEM 0bfc9d + 841808 + 10F2C9
5FOQ,AGPE 309 ARA SANTA MARTA GAIRA,Are0127,Area Caribe,Are0025,SubArea GCM,Solar,No Despachado Centralmente,NEUC,2026-08-03,2026-08-03,SIMEM 0bfc9d + 841808 + 10F2C9
4Y5B,AGPE 505 ARA SANTA MARTA RODADERO CRA 2,Are0127,Area Caribe,Are0025,SubArea GCM,Solar,No Despachado Centralmente,NEUC,2026-08-03,2026-08-03,SIMEM 0bfc9d + 841808 + 10F2C9
4YBW,AGPE 536 ARA SANTA MARTA MANZANARES CRA 4,Are0127,Area Caribe,Are0025,SubArea GCM,Solar,No Despachado Centralmente,NEUC,2026-08-03,2026-08-03,SIMEM 0bfc9d + 841808 + 10F2C9
4VWB,AGPE 545 ARA SANTA MARTA PESCAITO,Are0127,Area Caribe,Are0025,SubArea GCM,Solar,No Despachado Centralmente,NEUC,2026-08-03,2026-08-03,SIMEM 0bfc9d + 841808 + 10F2C9
5L9Z,AGPE 567 ARA ORIHUECA CALLE 5,Are0127,Area Caribe,Are0025,SubArea GCM,Solar,No Despachado Centralmente,NEUC,2026-08-03,2026-08-03,SIMEM 0bfc9d + 841808 + 10F2C9
4YBY,AGPE 623 ARA SANTA MARTA GAIRA TRONCAL,Are0127,Area Caribe,Are0025,SubArea GCM,Solar,No Despachado Centralmente,NEUC,2026-08-03,2026-08-03,SIMEM 0bfc9d + 841808 + 10F2C9
3KK7,AGPE ABISAI,Are0127,Area Caribe,Are0025,SubArea GCM,Solar,No Despachado Centralmente,ETTC,2026-08-03,2026-08-03,SIMEM 0bfc9d + 841808 + 10F2C9
3NQV,AGPE ABISAI II,Are0127,Area Caribe,Are0025,SubArea GCM,Solar,No Despachado Centralmente,ETTC,2026-08-03,2026-08-03,SIMEM 0bfc9d + 841808 + 10F2C9
5EEK,AGPE ALBEIRO SERRANO OFICINA,Are0127,Area Caribe,Are0025,SubArea GCM,Solar,No Despachado Centralmente,NEUC,2026-08-03,2026-08-03,SIMEM 0bfc9d + 841808 + 10F2C9
3PK7,AGPE ALBEIRO SERRANO PLATA,Are0127,Area Caribe,Are0025,SubArea GCM,Solar,No Despachado Centralmente,NEUC,2026-08-03,2026-08-03,SIMEM 0bfc9d + 841808 + 10F2C9
5TQY,AGPE ALFREDO BAYTER JELKH,Are0127,Area Caribe,Are0025,SubArea GCM,Solar,No Despachado Centralmente,ENBC,2026-08-03,2026-08-03,SIMEM 0bfc9d + 841808 + 10F2C9
5UVB,AGPE ALIANZA SURTIDORA SAS,Are0127,Area Caribe,Are0025,SubArea GCM,Solar,No Despachado Centralmente,GNCC,2026-08-03,2026-08-03,SIMEM 0bfc9d + 841808 + 10F2C9
4R1H,AGPE ANA CAROLINA NAVARRO,Are0127,Area Caribe,Are0025,SubArea GCM,Solar,No Despachado Centralmente,NEUC,2026-08-03,2026-08-03,SIMEM 0bfc9d + 841808 + 10F2C9
3I7P,AGPE ANA MARIA DEL PILAR ROSO FLOREZ,Are0127,Area Caribe,Are0025,SubArea GCM,Solar,No Despachado Centralmente,NEUC,2026-08-03,2026-08-03,SIMEM 0bfc9d + 841808 + 10F2C9
5C9J,AGPE ARA LAS DELICIAS,Are0127,Area Caribe,Are0025,SubArea GCM,Solar,No Despachado Centralmente,GNCC,2026-08-03,2026-08-03,SIMEM 0bfc9d + 841808 + 10F2C9
3PK5,AGPE ARKADIA OV,Are0127,Area Caribe,Are0025,SubArea GCM,Solar,No Despachado Centralmente,NEUC,2026-08-03,2026-08-03,SIMEM 0bfc9d + 841808 + 10F2C9
4SWA,AGPE ARLENA CRISTINA MENDOZA,Are0127,Area Caribe,Are0025,SubArea GCM,Solar,No Despachado Centralmente,NEUC,2026-08-03,2026-08-03,SIMEM 0bfc9d + 841808 + 10F2C9
5FPN,AGPE ARNOLDO SUAREZ,Are0127,Area Caribe,Are0025,SubArea GCM,Solar,No Despachado Centralmente,NEUC,2026-08-03,2026-08-03,SIMEM 0bfc9d + 841808 + 10F2C9
3HZC,AGPE ARRENDAVENTAS,Are0127,Area Caribe,Are0025,SubArea GCM,Solar,No Despachado Centralmente,NEUC,2026-08-03,2026-08-03,SIMEM 0bfc9d + 841808 + 10F2C9
3PZP,AGPE BAGUETTINA,Are0127,Area Caribe,Are0025,SubArea GCM,Solar,No Despachado Centralmente,BIAC,2026-08-03,2026-08-03,SIMEM 0bfc9d + 841808 + 10F2C9
5E73,AGPE BODEGA WILLIAM ALVARES LOGISTICS,Are0127,Area Caribe,Are0025,SubArea GCM,Solar,No Despachado Centralmente,RTQC,2026-08-03,2026-08-03,SIMEM 0bfc9d + 841808 + 10F2C9
3HYK,AGPE BOUTIQUE DARIO VALENCIA,Are0127,Area Caribe,Are0025,SubArea GCM,Solar,No Despachado Centralmente,NEUC,2026-08-03,2026-08-03,SIMEM 0bfc9d + 841808 + 10F2C9
4TKB,AGPE CARLOS MARIO OLIVELLA,Are0127,Area Caribe,Are0025,SubArea GCM,Solar,No Despachado Centralmente,NEUC,2026-08-03,2026-08-03,SIMEM 0bfc9d + 841808 + 10F2C9
4SS3,AGPE CARLOS QUINTERO,Are0127,Area Caribe,Are0025,SubArea GCM,Solar,No Despachado Centralmente,NEUC,2026-08-03,2026-08-03,SIMEM 0bfc9d + 841808 + 10F2C9
3LPU,AGPE CASA EPISCOPAL,Are0127,Area Caribe,Are0025,SubArea GCM,Solar,No Despachado Centralmente,GNCC,2026-08-03,2026-08-03,SIMEM 0bfc9d + 841808 + 10F2C9
3Q85,AGPE CBEDOYA,Are0127,Area Caribe,Are0025,SubArea GCM,Solar,No Despachado Centralmente,ETTC,2026-08-03,2026-08-03,SIMEM 0bfc9d + 841808 + 10F2C9
3II8,AGPE CELMIRA GALVIS FAJARDO,Are0127,Area Caribe,Are0025,SubArea GCM,Solar,No Despachado Centralmente,NEUC,2026-08-03,2026-08-03,SIMEM 0bfc9d + 841808 + 10F2C9
5TIX,AGPE CENTRO COMERCIAL VALLE PLAZA,Are0127,Area Caribe,Are0025,SubArea GCM,Solar,No Despachado Centralmente,RTQC,2026-08-03,2026-08-03,SIMEM 0bfc9d + 841808 + 10F2C9
3PK9,AGPE CENTRO DE REHABILITACION INTEGRAL CENDAL SAS SEDE I,Are0127,Area Caribe,Are0025,SubArea GCM,Solar,No Despachado Centralmente,NEUC,2026-08-03,2026-08-03,SIMEM 0bfc9d + 841808 + 10F2C9
3PKB,AGPE CENTRO DE REHABILITACION INTEGRAL CENDAL SAS SEDE II,Are0127,Area Caribe,Are0025,SubArea GCM,Solar,No Despachado Centralmente,NEUC,2026-08-03,2026-08-03,SIMEM 0bfc9d + 841808 + 10F2C9
3I6R,AGPE CFZ MEDICINA ESTETICA,Are0127,Area Caribe,Are0025,SubArea GCM,Solar,No Despachado Centralmente,NEUC,2026-08-03,2026-08-03,SIMEM 0bfc9d + 841808 + 10F2C9
4YGT,AGPE CINDY PAOLA GIL,Are0127,Area Caribe,Are0025,SubArea GCM,Solar,No Despachado Centralmente,GNCC,2026-08-03,2026-08-03,SIMEM 0bfc9d + 841808 + 10F2C9
5UGT,AGPE CINES UNIDOS SAS,Are0127,Area Caribe,Are0025,SubArea GCM,Solar,No Despachado Centralmente,QIEC,2026-08-03,2026-08-03,SIMEM 0bfc9d + 841808 + 10F2C9
5O13,AGPE CL 12 8 42 OFICINA 221 NOVALITO VALLEDUPAR,Are0127,Area Caribe,Are0025,SubArea GCM,Solar,No Despachado Centralmente,NEUC,2026-08-03,2026-08-03,SIMEM 0bfc9d + 841808 + 10F2C9
5NK3,AGPE CL 9D CR 7 45 NOVALITO VALLEDUPAR,Are0127,Area Caribe,Are0025,SubArea GCM,Solar,No Despachado Centralmente,NEUC,2026-08-03,2026-08-03,SIMEM 0bfc9d + 841808 + 10F2C9
3IIK,AGPE CLAUDIA MARCELA OTALORA MAHECHA,Are0127,Area Caribe,Are0025,SubArea GCM,Solar,No Despachado Centralmente,NEUC,2026-08-03,2026-08-03,SIMEM 0bfc9d + 841808 + 10F2C9
5VXG,AGPE CLINICA DE LA VISION OAB SAS,Are0127,Area Caribe,Are0025,SubArea GCM,Solar,No Despachado Centralmente,GNCC,2026-08-03,2026-08-03,SIMEM 0bfc9d + 841808 + 10F2C9
4RN2,AGPE CLUB SOCIAL VALLEDUPAR,Are0127,Area Caribe,Are0025,SubArea GCM,Solar,No Despachado Centralmente,NEUC,2026-08-03,2026-08-03,SIMEM 0bfc9d + 841808 + 10F2C9
3LPS,AGPE COLEGIO PARROQUIAL PABLO VI,Are0127,Area Caribe,Are0025,SubArea GCM,Solar,No Despachado Centralmente,GNCC,2026-08-03,2026-08-03,SIMEM 0bfc9d + 841808 + 10F2C9
4YFN,AGPE COLEGIO SAGRADA FAMILIA VALLEDUPAR,Are0127,Area Caribe,Are0025,SubArea GCM,Solar,No Despachado Centralmente,SCEC,2026-08-03,2026-08-03,SIMEM 0bfc9d + 841808 + 10F2C9
4Z6D,AGPE COLEGIO SMART,Are0127,Area Caribe,Are0025,SubArea GCM,Solar,No Despachado Centralmente,NEUC,2026-08-03,2026-08-03,SIMEM 0bfc9d + 841808 + 10F2C9
5LA3,AGPE COMBITA 2 BODEGA,Are0127,Area Caribe,Are0025,SubArea GCM,Solar,No Despachado Centralmente,GNCC,2026-08-03,2026-08-03,SIMEM 0bfc9d + 841808 + 10F2C9
5UAW,AGPE COMBITA RIOHACHA,Are0127,Area Caribe,Are0025,SubArea GCM,Solar,No Despachado Centralmente,GNCC,2026-08-03,2026-08-03,SIMEM 0bfc9d + 841808 + 10F2C9
3I6L,AGPE COMERCIALIZADORA BZUL SAS,Are0127,Area Caribe,Are0025,SubArea GCM,Solar,No Despachado Centralmente,NEUC,2026-08-03,2026-08-03,SIMEM 0bfc9d + 841808 + 10F2C9
3I6P,AGPE CONSTRUCTORA LINDARAJA SAS,Are0127,Area Caribe,Are0025,SubArea GCM,Solar,No Despachado Centralmente,NEUC,2026-08-03,2026-08-03,SIMEM 0bfc9d + 841808 + 10F2C9
5NKA,AGPE CR 6A 9A 74 NOVALITO VALLEDUPAR,Are0127,Area Caribe,Are0025,SubArea GCM,Solar,No Despachado Centralmente,NEUC,2026-08-03,2026-08-03,SIMEM 0bfc9d + 841808 + 10F2C9
3I7V,AGPE DANCELL LTDA,Are0127,Area Caribe,Are0025,SubArea GCM,Solar,No Despachado Centralmente,NEUC,2026-08-03,2026-08-03,SIMEM 0bfc9d + 841808 + 10F2C9
3I7X,AGPE DELFINA MARIA GNECCO ONATE,Are0127,Area Caribe,Are0025,SubArea GCM,Solar,No Despachado Centralmente,NEUC,2026-08-03,2026-08-03,SIMEM 0bfc9d + 841808 + 10F2C9
5FLJ,AGPE DELICIAS NUTRICIONALES SAS,Are0127,Area Caribe,Are0025,SubArea GCM,Solar,No Despachado Centralmente,GNCC,2026-08-03,2026-08-03,SIMEM 0bfc9d + 841808 + 10F2C9
3NLX,AGPE DENTISANA,Are0127,Area Caribe,Are0025,SubArea GCM,Solar,No Despachado Centralmente,NEUC,2026-08-03,2026-08-03,SIMEM 0bfc9d + 841808 + 10F2C9
5MWW,AGPE DINIS1,Are0127,Area Caribe,Are0025,SubArea GCM,Solar,No Despachado Centralmente,ETTC,2026-08-03,2026-08-03,SIMEM 0bfc9d + 841808 + 10F2C9
3HTJ,AGPE DIOCESIS JARDINES DEL ECCE HOMO,Are0127,Area Caribe,Are0025,SubArea GCM,Solar,No Despachado Centralmente,GNCC,2026-08-03,2026-08-03,SIMEM 0bfc9d + 841808 + 10F2C9
4WOZ,AGPE DISTRI2A1,Are0127,Area Caribe,Are0025,SubArea GCM,Solar,No Despachado Centralmente,ETTC,2026-08-03,2026-08-03,SIMEM 0bfc9d + 841808 + 10F2C9
5AS5,AGPE DISTRIBUCIONES CASALINS AL SAS ZOMAC,Are0127,Area Caribe,Are0025,SubArea GCM,Solar,No Despachado Centralmente,GNCC,2026-08-03,2026-08-03,SIMEM 0bfc9d + 841808 + 10F2C9
3IIA,AGPE DISTRIBUIDORA Y COMERCIALIZADORA SALEM,Are0127,Area Caribe,Are0025,SubArea GCM,Solar,No Despachado Centralmente,NEUC,2026-08-03,2026-08-03,SIMEM 0bfc9d + 841808 + 10F2C9
3J69,AGPE EDS RIO CORDOBA,Are0127,Area Caribe,Are0025,SubArea GCM,Solar,No Despachado Centralmente,TPLC,2026-08-03,2026-08-03,SIMEM 0bfc9d + 841808 + 10F2C9
3ID2,AGPE EDS TAYRONA,Are0127,Area Caribe,Are0025,SubArea GCM,Solar,No Despachado Centralmente,TPLC,2026-08-03,2026-08-03,SIMEM 0bfc9d + 841808 + 10F2C9
3IJD,AGPE ELLEN MEDINA PITRE,Are0127,Area Caribe,Are0025,SubArea GCM,Solar,No Despachado Centralmente,NEUC,2026-08-03,2026-08-03,SIMEM 0bfc9d + 841808 + 10F2C9
3HZE,AGPE EQUIMAD DEL CESAR SAS,Are0127,Area Caribe,Are0025,SubArea GCM,Solar,No Despachado Centralmente,NEUC,2026-08-03,2026-08-03,SIMEM 0bfc9d + 841808 + 10F2C9
4YHG,AGPE ESTACION SERVICIO PRIMAX,Are0127,Area Caribe,Are0025,SubArea GCM,Solar,No Despachado Centralmente,NEUC,2026-08-03,2026-08-03,SIMEM 0bfc9d + 841808 + 10F2C9
4ZE9,AGPE ESTADERO HOLLYWOOD 4M,Are0127,Area Caribe,Are0025,SubArea GCM,Solar,No Despachado Centralmente,GNCC,2026-08-03,2026-08-03,SIMEM 0bfc9d + 841808 + 10F2C9
3ICZ,AGPE EVERARDO ARMENTA ALONSO,Are0127,Area Caribe,Are0025,SubArea GCM,Solar,No Despachado Centralmente,NEUC,2026-08-03,2026-08-03,SIMEM 0bfc9d + 841808 + 10F2C9
3Q8P,AGPE FARMATODO PRADO SANTA MARTA,Are0127,Area Caribe,Are0025,SubArea GCM,Solar,No Despachado Centralmente,GNCC,2026-08-03,2026-08-03,SIMEM 0bfc9d + 841808 + 10F2C9
3JG5,AGPE FARMATODO RODADERO,Are0127,Area Caribe,Are0025,SubArea GCM,Solar,No Despachado Centralmente,GNCC,2026-08-03,2026-08-03,SIMEM 0bfc9d + 841808 + 10F2C9
4VZ9,AGPE FARMATODO VALLEDUPAR NOVALITO,Are0127,Area Caribe,Are0025,SubArea GCM,Solar,No Despachado Centralmente,GNCC,2026-08-03,2026-08-03,SIMEM 0bfc9d + 841808 + 10F2C9
4WVU,AGPE FEREIN1,Are0127,Area Caribe,Are0025,SubArea GCM,Solar,No Despachado Centralmente,ETTC,2026-08-03,2026-08-03,SIMEM 0bfc9d + 841808 + 10F2C9
4Y7Y,AGPE FERNANDO JOSE,Are0127,Area Caribe,Are0025,SubArea GCM,Solar,No Despachado Centralmente,ETTC,2026-08-03,2026-08-03,SIMEM 0bfc9d + 841808 + 10F2C9
5G3V,AGPE FRIGORIDEO LA 30,Are0127,Area Caribe,Are0025,SubArea GCM,Solar,No Despachado Centralmente,QIEC,2026-08-03,2026-08-03,SIMEM 0bfc9d + 841808 + 10F2C9
3KL6,AGPE GASTROCESAR,Are0127,Area Caribe,Are0025,SubArea GCM,Solar,No Despachado Centralmente,NEUC,2026-08-03,2026-08-03,SIMEM 0bfc9d + 841808 + 10F2C9
4Y5L,AGPE GEORGINA GALEANO DE ORTIZ,Are0127,Area Caribe,Are0025,SubArea GCM,Solar,No Despachado Centralmente,NEUC,2026-08-03,2026-08-03,SIMEM 0bfc9d + 841808 + 10F2C9
3ITI,AGPE GERMAN FRANCISCO MORON,Are0127,Area Caribe,Are0025,SubArea GCM,Solar,No Despachado Centralmente,NEUC,2026-08-03,2026-08-03,SIMEM 0bfc9d + 841808 + 10F2C9
4UO9,AGPE GRANERO LOS DOS HERMANOS SL,Are0127,Area Caribe,Are0025,SubArea GCM,Solar,No Despachado Centralmente,GNCC,2026-08-03,2026-08-03,SIMEM 0bfc9d + 841808 + 10F2C9
3NM2,AGPE HERMANAS CLARISAS,Are0127,Area Caribe,Are0025,SubArea GCM,Solar,No Despachado Centralmente,NEUC,2026-08-03,2026-08-03,SIMEM 0bfc9d + 841808 + 10F2C9
5ASD,AGPE HL OPERADORES SAS,Are0127,Area Caribe,Are0025,SubArea GCM,Solar,No Despachado Centralmente,BIAC,2026-08-03,2026-08-03,SIMEM 0bfc9d + 841808 + 10F2C9
5SHR,AGPE HODIA1,Are0127,Area Caribe,Are0025,SubArea GCM,Solar,No Despachado Centralmente,ETTC,2026-08-03,2026-08-03,SIMEM 0bfc9d + 841808 + 10F2C9
5LOQ,AGPE HOTEL CORAL SANTA MARTA,Are0127,Area Caribe,Are0025,SubArea GCM,Solar,No Despachado Centralmente,BIAC,2026-08-03,2026-08-03,SIMEM 0bfc9d + 841808 + 10F2C9
3R53,AGPE HOTEL KURAKATA,Are0127,Area Caribe,Are0025,SubArea GCM,Solar,No Despachado Centralmente,GNCC,2026-08-03,2026-08-03,SIMEM 0bfc9d + 841808 + 10F2C9
5MSF,AGPE HOTEL MACONDO MAG,Are0127,Area Caribe,Are0025,SubArea GCM,Solar,No Despachado Centralmente,BIAC,2026-08-03,2026-08-03,SIMEM 0bfc9d + 841808 + 10F2C9
3JBF,AGPE HOTEL SANHA PLUS,Are0127,Area Caribe,Are0025,SubArea GCM,Solar,No Despachado Centralmente,GNCC,2026-08-03,2026-08-03,SIMEM 0bfc9d + 841808 + 10F2C9
3NZB,AGPE HRODADERO,Are0127,Area Caribe,Are0025,SubArea GCM,Solar,No Despachado Centralmente,ETTC,2026-08-03,2026-08-03,SIMEM 0bfc9d + 841808 + 10F2C9
3KOV,AGPE INDUSTRIAS NEGLE II,Are0127,Area Caribe,Are0025,SubArea GCM,Solar,No Despachado Centralmente,GNCC,2026-08-03,2026-08-03,SIMEM 0bfc9d + 841808 + 10F2C9
5P4J,AGPE INMOBILIARIA CASAS MARIN,Are0127,Area Caribe,Are0025,SubArea GCM,Solar,No Despachado Centralmente,RTQC,2026-08-03,2026-08-03,SIMEM 0bfc9d + 841808 + 10F2C9
4S7M,AGPE INVERSIONES DIAZ GRANADOS,Are0127,Area Caribe,Are0025,SubArea GCM,Solar,No Despachado Centralmente,NEUC,2026-08-03,2026-08-03,SIMEM 0bfc9d + 841808 + 10F2C9
4STY,AGPE INVERSIONES GIRALDO NIETO E HIJAS SAS,Are0127,Area Caribe,Are0025,SubArea GCM,Solar,No Despachado Centralmente,BIAC,2026-08-03,2026-08-03,SIMEM 0bfc9d + 841808 + 10F2C9
3IIE,AGPE INVERSIONES LAS MARIAS SAS,Are0127,Area Caribe,Are0025,SubArea GCM,Solar,No Despachado Centralmente,NEUC,2026-08-03,2026-08-03,SIMEM 0bfc9d + 841808 + 10F2C9
3IIG,AGPE INVERSIONES LUJO SAS,Are0127,Area Caribe,Are0025,SubArea GCM,Solar,No Despachado Centralmente,NEUC,2026-08-03,2026-08-03,SIMEM 0bfc9d + 841808 + 10F2C9
3ITG,AGPE INVERSIONES MONGNE,Are0127,Area Caribe,Are0025,SubArea GCM,Solar,No Despachado Centralmente,NEUC,2026-08-03,2026-08-03,SIMEM 0bfc9d + 841808 + 10F2C9
3I2J,AGPE INVERSIONES RUGELES BERARDINELLI SAS,Are0127,Area Caribe,Are0025,SubArea GCM,Solar,No Despachado Centralmente,NEUC,2026-08-03,2026-08-03,SIMEM 0bfc9d + 841808 + 10F2C9
3HBL,AGPE INVERSIONES SANTA FE SEDE II,Are0127,Area Caribe,Are0025,SubArea GCM,Solar,No Despachado Centralmente,GNCC,2026-08-03,2026-08-03,SIMEM 0bfc9d + 841808 + 10F2C9
3IP5,AGPE INVERSIONES VILLA ROSA DEL CESAR,Are0127,Area Caribe,Are0025,SubArea GCM,Solar,No Despachado Centralmente,NEUC,2026-08-03,2026-08-03,SIMEM 0bfc9d + 841808 + 10F2C9
3NZF,AGPE INVERSIONES Y REPRESENTACIONES SERRANO,Are0127,Area Caribe,Are0025,SubArea GCM,Solar,No Despachado Centralmente,NEUC,2026-08-03,2026-08-03,SIMEM 0bfc9d + 841808 + 10F2C9
3MAR,AGPE INVERSIONES ZORAIDA HV SAS,Are0127,Area Caribe,Are0025,SubArea GCM,Solar,No Despachado Centralmente,NEUC,2026-08-03,2026-08-03,SIMEM 0bfc9d + 841808 + 10F2C9
4R19,AGPE INVESTIGACION MICROBIOLOGICA CESAR,Are0127,Area Caribe,Are0025,SubArea GCM,Solar,No Despachado Centralmente,NEUC,2026-08-03,2026-08-03,SIMEM 0bfc9d + 841808 + 10F2C9
3III,AGPE JAVIER DARIO MONSALVO BOLIVAR,Are0127,Area Caribe,Are0025,SubArea GCM,Solar,No Despachado Centralmente,NEUC,2026-08-03,2026-08-03,SIMEM 0bfc9d + 841808 + 10F2C9
4SW6,AGPE JERONIMO MARTINS COLOMBIA SAS TIENDA 079,Are0127,Area Caribe,Are0025,SubArea GCM,Solar,No Despachado Centralmente,GNCC,2026-08-03,2026-08-03,SIMEM 0bfc9d + 841808 + 10F2C9
5UAL,AGPE JERONIMO MARTINS COLOMBIA SAS TIENDA 1013 31 DE OCTUBRE,Are0127,Area Caribe,Are0025,SubArea GCM,Solar,No Despachado Centralmente,GNCC,2026-08-03,2026-08-03,SIMEM 0bfc9d + 841808 + 10F2C9
5J8C,AGPE JERONIMO MARTINS COLOMBIA SAS TIENDA 1091 CENTRO FONSECA,Are0127,Area Caribe,Are0025,SubArea GCM,Solar,No Despachado Centralmente,GNCC,2026-08-03,2026-08-03,SIMEM 0bfc9d + 841808 + 10F2C9
4Z65,AGPE JERONIMO MARTINS COLOMBIA SAS TIENDA 130,Are0127,Area Caribe,Are0025,SubArea GCM,Solar,No Despachado Centralmente,GNCC,2026-08-03,2026-08-03,SIMEM 0bfc9d + 841808 + 10F2C9
4Y4K,AGPE JERONIMO MARTINS COLOMBIA SAS TIENDA 525,Are0127,Area Caribe,Are0025,SubArea GCM,Solar,No Despachado Centralmente,GNCC,2026-08-03,2026-08-03,SIMEM 0bfc9d + 841808 + 10F2C9
4Y4M,AGPE JERONIMO MARTINS COLOMBIA SAS TIENDA 683,Are0127,Area Caribe,Are0025,SubArea GCM,Solar,No Despachado Centralmente,GNCC,2026-08-03,2026-08-03,SIMEM 0bfc9d + 841808 + 10F2C9
4V5E,AGPE JERONIMO MARTINS COLOMBIA SAS TIENDA 788,Are0127,Area Caribe,Are0025,SubArea GCM,Solar,No Despachado Centralmente,GNCC,2026-08-03,2026-08-03,SIMEM 0bfc9d + 841808 + 10F2C9
4Z9I,AGPE JERONIMO MARTINS COLOMBIA SAS TIENDA 792,Are0127,Area Caribe,Are0025,SubArea GCM,Solar,No Despachado Centralmente,GNCC,2026-08-03,2026-08-03,SIMEM 0bfc9d + 841808 + 10F2C9
4V4X,AGPE JERONIMO MARTINS COLOMBIA SAS TIENDA 811,Are0127,Area Caribe,Are0025,SubArea GCM,Solar,No Despachado Centralmente,GNCC,2026-08-03,2026-08-03,SIMEM 0bfc9d + 841808 + 10F2C9
5UCX,AGPE JERONIMO MARTINS COLOMBIA SAS TIENDA 932 MAICAO MAREYGUA,Are0127,Area Caribe,Are0025,SubArea GCM,Solar,No Despachado Centralmente,GNCC,2026-08-03,2026-08-03,SIMEM 0bfc9d + 841808 + 10F2C9
5ISU,AGPE JERONIMO MARTINS COLOMBIA SAS TIENDA 944 TRONCAL PIVIJAY,Are0127,Area Caribe,Are0025,SubArea GCM,Solar,No Despachado Centralmente,GNCC,2026-08-03,2026-08-03,SIMEM 0bfc9d + 841808 + 10F2C9
5J89,AGPE JERONIMO MARTINS COLOMBIA SAS TIENDA 945 SANTA MARTA GAIRA CENTRO,Are0127,Area Caribe,Are0025,SubArea GCM,Solar,No Despachado Centralmente,GNCC,2026-08-03,2026-08-03,SIMEM 0bfc9d + 841808 + 10F2C9
3II2,AGPE JESUALDO MORELLI SOCARRAS,Are0127,Area Caribe,Are0025,SubArea GCM,Solar,No Despachado Centralmente,NEUC,2026-08-03,2026-08-03,SIMEM 0bfc9d + 841808 + 10F2C9
3IIM,AGPE JESUS ANTONIO BALLESTEROS GALVIS,Are0127,Area Caribe,Are0025,SubArea GCM,Solar,No Despachado Centralmente,NEUC,2026-08-03,2026-08-03,SIMEM 0bfc9d + 841808 + 10F2C9
5P48,AGPE JORGE ANDRES BALLESTEROS VALDIVIESO,Are0127,Area Caribe,Are0025,SubArea GCM,Solar,No Despachado Centralmente,GNCC,2026-08-03,2026-08-03,SIMEM 0bfc9d + 841808 + 10F2C9
5TEC,AGPE JORGE ANTONIO OVALLE HERNANDEZ,Are0127,Area Caribe,Are0025,SubArea GCM,Solar,No Despachado Centralmente,ENBC,2026-08-03,2026-08-03,SIMEM 0bfc9d + 841808 + 10F2C9
3INT,AGPE JOSE ALFREDO GNECCO ZULETA,Are0127,Area Caribe,Are0025,SubArea GCM,Solar,No Despachado Centralmente,NEUC,2026-08-03,2026-08-03,SIMEM 0bfc9d + 841808 + 10F2C9
3I7N,AGPE JOSE EDUARDO GONZALEZ DAZA,Are0127,Area Caribe,Are0025,SubArea GCM,Solar,No Despachado Centralmente,NEUC,2026-08-03,2026-08-03,SIMEM 0bfc9d + 841808 + 10F2C9
4R17,AGPE JOSE JORGE MONSALVO GNECCO,Are0127,Area Caribe,Are0025,SubArea GCM,Solar,No Despachado Centralmente,NEUC,2026-08-03,2026-08-03,SIMEM 0bfc9d + 841808 + 10F2C9
5EEH,AGPE JOSE YESID RODRIGUEZ QUINTERO,Are0127,Area Caribe,Are0025,SubArea GCM,Solar,No Despachado Centralmente,NEUC,2026-08-03,2026-08-03,SIMEM 0bfc9d + 841808 + 10F2C9
4RN7,AGPE JUAN PABLO MONSALVE,Are0127,Area Caribe,Are0025,SubArea GCM,Solar,No Despachado Centralmente,NEUC,2026-08-03,2026-08-03,SIMEM 0bfc9d + 841808 + 10F2C9
4RMP,AGPE JUGLARES RESTAURANTE,Are0127,Area Caribe,Are0025,SubArea GCM,Solar,No Despachado Centralmente,NEUC,2026-08-03,2026-08-03,SIMEM 0bfc9d + 841808 + 10F2C9
3I2H,AGPE JULIE ANDREA DIAZ MORA,Are0127,Area Caribe,Are0025,SubArea GCM,Solar,No Despachado Centralmente,NEUC,2026-08-03,2026-08-03,SIMEM 0bfc9d + 841808 + 10F2C9
5TO4,AGPE LA GLORIOSA CENTRO,Are0127,Area Caribe,Are0025,SubArea GCM,Solar,No Despachado Centralmente,GNCC,2026-08-03,2026-08-03,SIMEM 0bfc9d + 841808 + 10F2C9
4V17,AGPE LA SIERRA IMC VALLEDUPAR,Are0127,Area Caribe,Are0025,SubArea GCM,Solar,No Despachado Centralmente,NEUC,2026-08-03,2026-08-03,SIMEM 0bfc9d + 841808 + 10F2C9
3CKQ,AGPE LA VALLENATA,Are0127,Area Caribe,Are0025,SubArea GCM,Solar,No Despachado Centralmente,TPLC,2026-08-03,2026-08-03,SIMEM 0bfc9d + 841808 + 10F2C9
4WVY,AGPE LACOSE1,Are0127,Area Caribe,Are0025,SubArea GCM,Solar,No Despachado Centralmente,ETTC,2026-08-03,2026-08-03,SIMEM 0bfc9d + 841808 + 10F2C9
3HTL,AGPE LACTEOS RIOGRANDE SEDE PLATO,Are0127,Area Caribe,Are0025,SubArea GCM,Solar,No Despachado Centralmente,GNCC,2026-08-03,2026-08-03,SIMEM 0bfc9d + 841808 + 10F2C9
3NZD,AGPE LAURA INES GOMEZ,Are0127,Area Caribe,Are0025,SubArea GCM,Solar,No Despachado Centralmente,NEUC,2026-08-03,2026-08-03,SIMEM 0bfc9d + 841808 + 10F2C9
3R5E,AGPE LEONARDO MANUEL MORENO,Are0127,Area Caribe,Are0025,SubArea GCM,Solar,No Despachado Centralmente,NEUC,2026-08-03,2026-08-03,SIMEM 0bfc9d + 841808 + 10F2C9
4RGA,AGPE LICEO CERVANTES,Are0127,Area Caribe,Are0025,SubArea GCM,Solar,No Despachado Centralmente,BIAC,2026-08-03,2026-08-03,SIMEM 0bfc9d + 841808 + 10F2C9
3QPM,AGPE LITOGRAFIA JULIO GAMEZ,Are0127,Area Caribe,Are0025,SubArea GCM,Solar,No Despachado Centralmente,BIAC,2026-08-03,2026-08-03,SIMEM 0bfc9d + 841808 + 10F2C9
3I7J,AGPE LUIS ALBERTO MONSALVO RAMIREZ,Are0127,Area Caribe,Are0025,SubArea GCM,Solar,No Despachado Centralmente,NEUC,2026-08-03,2026-08-03,SIMEM 0bfc9d + 841808 + 10F2C9
3IKR,AGPE LUIS ALBERTO MONSALVO RAMIREZ II,Are0127,Area Caribe,Are0025,SubArea GCM,Solar,No Despachado Centralmente,NEUC,2026-08-03,2026-08-03,SIMEM 0bfc9d + 841808 + 10F2C9
3IP3,AGPE LUZ MILA MORELLI SOCARRAS,Are0127,Area Caribe,Are0025,SubArea GCM,Solar,No Despachado Centralmente,NEUC,2026-08-03,2026-08-03,SIMEM 0bfc9d + 841808 + 10F2C9
3IKD,AGPE LUZOLAR ENERGIA SAS,Are0127,Area Caribe,Are0025,SubArea GCM,Solar,No Despachado Centralmente,NEUC,2026-08-03,2026-08-03,SIMEM 0bfc9d + 841808 + 10F2C9
4R1B,AGPE MARIA  AUXILIADORA MOSCOTE MORON,Are0127,Area Caribe,Are0025,SubArea GCM,Solar,No Despachado Centralmente,NEUC,2026-08-03,2026-08-03,SIMEM 0bfc9d + 841808 + 10F2C9
4RJY,AGPE MARIA MARGARITA GONZALEZ,Are0127,Area Caribe,Are0025,SubArea GCM,Solar,No Despachado Centralmente,GNCC,2026-08-03,2026-08-03,SIMEM 0bfc9d + 841808 + 10F2C9
4T6M,AGPE MARLEN LACOUTURE PUPO,Are0127,Area Caribe,Are0025,SubArea GCM,Solar,No Despachado Centralmente,NEUC,2026-08-03,2026-08-03,SIMEM 0bfc9d + 841808 + 10F2C9
5QQV,AGPE MARTHA ROSA MAYA,Are0127,Area Caribe,Are0025,SubArea GCM,Solar,No Despachado Centralmente,NEUC,2026-08-03,2026-08-03,SIMEM 0bfc9d + 841808 + 10F2C9
3IG3,AGPE MASAYA SANTAMARTA,Are0127,Area Caribe,Are0025,SubArea GCM,Solar,No Despachado Centralmente,NEUC,2026-08-03,2026-08-03,SIMEM 0bfc9d + 841808 + 10F2C9
3IJB,AGPE MATIJA SAS,Are0127,Area Caribe,Are0025,SubArea GCM,Solar,No Despachado Centralmente,NEUC,2026-08-03,2026-08-03,SIMEM 0bfc9d + 841808 + 10F2C9
4V15,AGPE MCD AVENIDA DEL RIO SMT,Are0127,Area Caribe,Are0025,SubArea GCM,Solar,No Despachado Centralmente,GNCC,2026-08-03,2026-08-03,SIMEM 0bfc9d + 841808 + 10F2C9
3EEE,AGPE MEDICINA NUCLEAR,Are0127,Area Caribe,Are0025,SubArea GCM,Solar,No Despachado Centralmente,EXEC,2026-08-03,2026-08-03,SIMEM 0bfc9d + 841808 + 10F2C9
3I6N,AGPE MGL INVERSIONES SAS,Are0127,Area Caribe,Are0025,SubArea GCM,Solar,No Despachado Centralmente,NEUC,2026-08-03,2026-08-03,SIMEM 0bfc9d + 841808 + 10F2C9
3ICX,AGPE MGL INVERSIONES SAS II,Are0127,Area Caribe,Are0025,SubArea GCM,Solar,No Despachado Centralmente,NEUC,2026-08-03,2026-08-03,SIMEM 0bfc9d + 841808 + 10F2C9
3II6,AGPE MI FUTURO DON CAMPO,Are0127,Area Caribe,Are0025,SubArea GCM,Solar,No Despachado Centralmente,NEUC,2026-08-03,2026-08-03,SIMEM 0bfc9d + 841808 + 10F2C9
4XPX,AGPE MOTEL ACAPULCO OMA,Are0127,Area Caribe,Are0025,SubArea GCM,Solar,No Despachado Centralmente,NEUC,2026-08-03,2026-08-03,SIMEM 0bfc9d + 841808 + 10F2C9
4Z9W,AGPE MOTEL ALADDIN 4M,Are0127,Area Caribe,Are0025,SubArea GCM,Solar,No Despachado Centralmente,GNCC,2026-08-03,2026-08-03,SIMEM 0bfc9d + 841808 + 10F2C9
3IKN,AGPE NELSON GNECCO CERCHIARO,Are0127,Area Caribe,Are0025,SubArea GCM,Solar,No Despachado Centralmente,NEUC,2026-08-03,2026-08-03,SIMEM 0bfc9d + 841808 + 10F2C9
3I6X,AGPE NELSON SEGUNDO GNECCO CERCHIARO,Are0127,Area Caribe,Are0025,SubArea GCM,Solar,No Despachado Centralmente,NEUC,2026-08-03,2026-08-03,SIMEM 0bfc9d + 841808 + 10F2C9
3D8F,AGPE NOVATRONICA,Are0127,Area Caribe,Are0025,SubArea GCM,Solar,No Despachado Centralmente,ETTC,2026-08-03,2026-08-03,SIMEM 0bfc9d + 841808 + 10F2C9
5SH1,AGPE OHANA SAS MOTEL DUBAI,Are0127,Area Caribe,Are0025,SubArea GCM,Solar,No Despachado Centralmente,GNCC,2026-08-03,2026-08-03,SIMEM 0bfc9d + 841808 + 10F2C9
4TKD,AGPE OJEDA MONITOREO PROTEC,Are0127,Area Caribe,Are0025,SubArea GCM,Solar,No Despachado Centralmente,NEUC,2026-08-03,2026-08-03,SIMEM 0bfc9d + 841808 + 10F2C9
3CPK,AGPE OLIMPICA PIVIJAY,Are0127,Area Caribe,Are0025,SubArea GCM,Solar,No Despachado Centralmente,GNCC,2026-08-03,2026-08-03,SIMEM 0bfc9d + 841808 + 10F2C9
5E6U,AGPE OMAR ENRIQUE HOYOS,Are0127,Area Caribe,Are0025,SubArea GCM,Solar,No Despachado Centralmente,NEUC,2026-08-03,2026-08-03,SIMEM 0bfc9d + 841808 + 10F2C9
5OG1,AGPE OPERACIONES 4M 1 SAS MOTEL CAPRI 4M,Are0127,Area Caribe,Are0025,SubArea GCM,Solar,No Despachado Centralmente,GNCC,2026-08-03,2026-08-03,SIMEM 0bfc9d + 841808 + 10F2C9
5MSD,AGPE OPORTUNIDAD DE CASINO ESPANA FUNDACION,Are0127,Area Caribe,Are0025,SubArea GCM,Solar,No Despachado Centralmente,BIAC,2026-08-03,2026-08-03,SIMEM 0bfc9d + 841808 + 10F2C9
4USD,AGPE OSCAR DARIO VANEGAS SILVA,Are0127,Area Caribe,Are0025,SubArea GCM,Solar,No Despachado Centralmente,NEUC,2026-08-03,2026-08-03,SIMEM 0bfc9d + 841808 + 10F2C9
4S7O,AGPE OSCAR DARIO VANEGAS VALLEFRUTAS,Are0127,Area Caribe,Are0025,SubArea GCM,Solar,No Despachado Centralmente,NEUC,2026-08-03,2026-08-03,SIMEM 0bfc9d + 841808 + 10F2C9
4YC9,AGPE OSCAR PACHECO HERNANDEZ,Are0127,Area Caribe,Are0025,SubArea GCM,Solar,No Despachado Centralmente,NEUC,2026-08-03,2026-08-03,SIMEM 0bfc9d + 841808 + 10F2C9
3FEK,AGPE PALERMO,Are0127,Area Caribe,Are0025,SubArea GCM,Solar,No Despachado Centralmente,TPLC,2026-08-03,2026-08-03,SIMEM 0bfc9d + 841808 + 10F2C9
3K6R,AGPE PANADERIA GALAN,Are0127,Area Caribe,Are0025,SubArea GCM,Solar,No Despachado Centralmente,GNCC,2026-08-03,2026-08-03,SIMEM 0bfc9d + 841808 + 10F2C9
5ILL,AGPE PAOLA VANESA VELILLA,Are0127,Area Caribe,Are0025,SubArea GCM,Solar,No Despachado Centralmente,NEUC,2026-08-03,2026-08-03,SIMEM 0bfc9d + 841808 + 10F2C9
4RMZ,AGPE PARROQUIA DE LA NATIVIDAD,Are0127,Area Caribe,Are0025,SubArea GCM,Solar,No Despachado Centralmente,NEUC,2026-08-03,2026-08-03,SIMEM 0bfc9d + 841808 + 10F2C9
3NO4,AGPE PARROQUIA NUESTRA SENORA DEL CARMEN,Are0127,Area Caribe,Are0025,SubArea GCM,Solar,No Despachado Centralmente,GNCC,2026-08-03,2026-08-03,SIMEM 0bfc9d + 841808 + 10F2C9
3R5C,AGPE PARROQUIA NUESTRA SENORA DEL ROSARIO,Are0127,Area Caribe,Are0025,SubArea GCM,Solar,No Despachado Centralmente,NEUC,2026-08-03,2026-08-03,SIMEM 0bfc9d + 841808 + 10F2C9
4YCD,AGPE PARROQUIA SANTA MARIA MADRE Y REINA DE L,Are0127,Area Caribe,Are0025,SubArea GCM,Solar,No Despachado Centralmente,NEUC,2026-08-03,2026-08-03,SIMEM 0bfc9d + 841808 + 10F2C9
5JG7,AGPE PATRICIA BRAVO ARIZA,Are0127,Area Caribe,Are0025,SubArea GCM,Solar,No Despachado Centralmente,NEUC,2026-08-03,2026-08-03,SIMEM 0bfc9d + 841808 + 10F2C9
5H1U,AGPE PIVETTE SAS,Are0127,Area Caribe,Are0025,SubArea GCM,Solar,No Despachado Centralmente,QIEC,2026-08-03,2026-08-03,SIMEM 0bfc9d + 841808 + 10F2C9
3JA3,AGPE PORTAL DEL CARIBE,Are0127,Area Caribe,Are0025,SubArea GCM,Solar,No Despachado Centralmente,GNCC,2026-08-03,2026-08-03,SIMEM 0bfc9d + 841808 + 10F2C9
5H1T,AGPE PSFV COMPRESORA LA PAZ,Are0127,Area Caribe,Are0025,SubArea GCM,Solar,No Despachado Centralmente,GNCC,2026-08-03,2026-08-03,SIMEM 0bfc9d + 841808 + 10F2C9
5P4M,AGPE QUESERA LA PAZ,Are0127,Area Caribe,Are0025,SubArea GCM,Solar,No Despachado Centralmente,NEUC,2026-08-03,2026-08-03,SIMEM 0bfc9d + 841808 + 10F2C9
4TA3,AGPE QUESERA LA PAZ 2,Are0127,Area Caribe,Are0025,SubArea GCM,Solar,No Despachado Centralmente,NEUC,2026-08-03,2026-08-03,SIMEM 0bfc9d + 841808 + 10F2C9
3ND8,AGPE QUINTERO CUELLO SAS,Are0127,Area Caribe,Are0025,SubArea GCM,Solar,No Despachado Centralmente,NEUC,2026-08-03,2026-08-03,SIMEM 0bfc9d + 841808 + 10F2C9
4S7Q,AGPE RADIOLOGIAS E IMAGENES,Are0127,Area Caribe,Are0025,SubArea GCM,Solar,No Despachado Centralmente,GNCC,2026-08-03,2026-08-03,SIMEM 0bfc9d + 841808 + 10F2C9
3Q8N,AGPE RAPITIENDA LA 11 EU,Are0127,Area Caribe,Are0025,SubArea GCM,Solar,No Despachado Centralmente,GNCC,2026-08-03,2026-08-03,SIMEM 0bfc9d + 841808 + 10F2C9
5CA6,AGPE RIBAI SAS,Are0127,Area Caribe,Are0025,SubArea GCM,Solar,No Despachado Centralmente,GNCC,2026-08-03,2026-08-03,SIMEM 0bfc9d + 841808 + 10F2C9
5OFZ,AGPE RIBAI SAS 2,Are0127,Area Caribe,Are0025,SubArea GCM,Solar,No Despachado Centralmente,GNCC,2026-08-03,2026-08-03,SIMEM 0bfc9d + 841808 + 10F2C9
3GZS,AGPE RINO MATERIALES,Are0127,Area Caribe,Are0025,SubArea GCM,Solar,No Despachado Centralmente,GNCC,2026-08-03,2026-08-03,SIMEM 0bfc9d + 841808 + 10F2C9
3KXI,AGPE RODOLFO ANTONIO ONATE,Are0127,Area Caribe,Are0025,SubArea GCM,Solar,No Despachado Centralmente,NEUC,2026-08-03,2026-08-03,SIMEM 0bfc9d + 841808 + 10F2C9
3I7T,AGPE ROSALIA MERCEDES VEGA CUELLO,Are0127,Area Caribe,Are0025,SubArea GCM,Solar,No Despachado Centralmente,NEUC,2026-08-03,2026-08-03,SIMEM 0bfc9d + 841808 + 10F2C9
3ID4,AGPE ROSANA CARRILLO MONSALVO,Are0127,Area Caribe,Are0025,SubArea GCM,Solar,No Despachado Centralmente,NEUC,2026-08-03,2026-08-03,SIMEM 0bfc9d + 841808 + 10F2C9
3HYI,AGPE RUBEN DARIO ORTIZ GALEANO,Are0127,Area Caribe,Are0025,SubArea GCM,Solar,No Despachado Centralmente,NEUC,2026-08-03,2026-08-03,SIMEM 0bfc9d + 841808 + 10F2C9
3LMB,AGPE SAN ISIDRO I,Are0127,Area Caribe,Are0025,SubArea GCM,Solar,No Despachado Centralmente,ETTC,2026-08-03,2026-08-03,SIMEM 0bfc9d + 841808 + 10F2C9
5MA7,AGPE SAN RAFAEL CLINICA VETERINARIA,Are0127,Area Caribe,Are0025,SubArea GCM,Solar,No Despachado Centralmente,BIAC,2026-08-03,2026-08-03,SIMEM 0bfc9d + 841808 + 10F2C9
5EEL,AGPE SANTANDER ARAUJO CASTRO,Are0127,Area Caribe,Are0025,SubArea GCM,Solar,No Despachado Centralmente,NEUC,2026-08-03,2026-08-03,SIMEM 0bfc9d + 841808 + 10F2C9
5EEP,AGPE SARA LUZ PEREZ,Are0127,Area Caribe,Are0025,SubArea GCM,Solar,No Despachado Centralmente,NEUC,2026-08-03,2026-08-03,SIMEM 0bfc9d + 841808 + 10F2C9
5GFC,AGPE SARI MAGALY GUERRERO,Are0127,Area Caribe,Are0025,SubArea GCM,Solar,No Despachado Centralmente,NEUC,2026-08-03,2026-08-03,SIMEM 0bfc9d + 841808 + 10F2C9
3LPW,AGPE SEMINARIO DIOCESANO JUAN PABLO II,Are0127,Area Caribe,Are0025,SubArea GCM,Solar,No Despachado Centralmente,GNCC,2026-08-03,2026-08-03,SIMEM 0bfc9d + 841808 + 10F2C9
5QQN,AGPE SENOR BROCHETA SAS,Are0127,Area Caribe,Are0025,SubArea GCM,Solar,No Despachado Centralmente,NEUC,2026-08-03,2026-08-03,SIMEM 0bfc9d + 841808 + 10F2C9
3F4K,AGPE SERVIPAN,Are0127,Area Caribe,Are0025,SubArea GCM,Solar,No Despachado Centralmente,NEUC,2026-08-03,2026-08-03,SIMEM 0bfc9d + 841808 + 10F2C9
5AMO,AGPE SIRB SOCIEDAD INVERSORA DE RESTAURANTES,Are0127,Area Caribe,Are0025,SubArea GCM,Solar,No Despachado Centralmente,NEUC,2026-08-03,2026-08-03,SIMEM 0bfc9d + 841808 + 10F2C9
4YCP,AGPE SM MI FUTURO LA PAZ,Are0127,Area Caribe,Are0025,SubArea GCM,Solar,No Despachado Centralmente,NEUC,2026-08-03,2026-08-03,SIMEM 0bfc9d + 841808 + 10F2C9
4Y5J,AGPE SM MI FUTURO S VALLE,Are0127,Area Caribe,Are0025,SubArea GCM,Solar,No Despachado Centralmente,NEUC,2026-08-03,2026-08-03,SIMEM 0bfc9d + 841808 + 10F2C9
3HQW,AGPE SOCIEDAD DE ONCOLOGIA Y HEMATOLOGIA,Are0127,Area Caribe,Are0025,SubArea GCM,Solar,No Despachado Centralmente,GNCC,2026-08-03,2026-08-03,SIMEM 0bfc9d + 841808 + 10F2C9
4ZEH,AGPE SSFV HOTEL SAN FRANCISCO,Are0127,Area Caribe,Are0025,SubArea GCM,Solar,No Despachado Centralmente,GNCC,2026-08-03,2026-08-03,SIMEM 0bfc9d + 841808 + 10F2C9
5J8G,AGPE SSFV INCOLAB SERVICES COLOMBIA SAS,Are0127,Area Caribe,Are0025,SubArea GCM,Solar,No Despachado Centralmente,GNCC,2026-08-03,2026-08-03,SIMEM 0bfc9d + 841808 + 10F2C9
4ZIK,AGPE STO 211 SANTA MARTA,Are0127,Area Caribe,Are0025,SubArea GCM,Solar,No Despachado Centralmente,GNCC,2026-08-03,2026-08-03,SIMEM 0bfc9d + 841808 + 10F2C9
4ZIM,AGPE STO 226 MAICAO 2,Are0127,Area Caribe,Are0025,SubArea GCM,Solar,No Despachado Centralmente,GNCC,2026-08-03,2026-08-03,SIMEM 0bfc9d + 841808 + 10F2C9
5QQB,AGPE STO 264 EL COPEY,Are0127,Area Caribe,Are0025,SubArea GCM,Solar,No Despachado Centralmente,NEUC,2026-08-03,2026-08-03,SIMEM 0bfc9d + 841808 + 10F2C9
5ASX,AGPE STO 752 VALLEDUPAR,Are0127,Area Caribe,Are0025,SubArea GCM,Solar,No Despachado Centralmente,GNCC,2026-08-03,2026-08-03,SIMEM 0bfc9d + 841808 + 10F2C9
3N5E,AGPE SUB LIBERTADOR,Are0127,Area Caribe,Are0025,SubArea GCM,Solar,No Despachado Centralmente,CSIG,2026-08-03,2026-08-03,SIMEM 0bfc9d + 841808 + 10F2C9
3J5H,AGPE SUBASTAR BOSCONIA,Are0127,Area Caribe,Are0025,SubArea GCM,Solar,No Despachado Centralmente,SCEC,2026-08-03,2026-08-03,SIMEM 0bfc9d + 841808 + 10F2C9
3KLU,AGPE SUMILAN,Are0127,Area Caribe,Are0025,SubArea GCM,Solar,No Despachado Centralmente,GNCC,2026-08-03,2026-08-03,SIMEM 0bfc9d + 841808 + 10F2C9
4S7S,AGPE SUPER REY DE LOS REMATES,Are0127,Area Caribe,Are0025,SubArea GCM,Solar,No Despachado Centralmente,GNCC,2026-08-03,2026-08-03,SIMEM 0bfc9d + 841808 + 10F2C9
4Z6B,AGPE SUPERMERCADO PUNTO ROJO JD,Are0127,Area Caribe,Are0025,SubArea GCM,Solar,No Despachado Centralmente,NEUC,2026-08-03,2026-08-03,SIMEM 0bfc9d + 841808 + 10F2C9
4WVW,AGPE SURTFER1,Are0127,Area Caribe,Are0025,SubArea GCM,Solar,No Despachado Centralmente,ETTC,2026-08-03,2026-08-03,SIMEM 0bfc9d + 841808 + 10F2C9
3HS5,AGPE TAPUSH,Are0127,Area Caribe,Are0025,SubArea GCM,Solar,No Despachado Centralmente,NEUC,2026-08-03,2026-08-03,SIMEM 0bfc9d + 841808 + 10F2C9
3I7L,AGPE TERESA DE JESUS ACOSTA CANTILLO,Are0127,Area Caribe,Are0025,SubArea GCM,Solar,No Despachado Centralmente,NEUC,2026-08-03,2026-08-03,SIMEM 0bfc9d + 841808 + 10F2C9
5AMQ,AGPE TIENDA ARA 1010,Are0127,Area Caribe,Are0025,SubArea GCM,Solar,No Despachado Centralmente,NEUC,2026-08-03,2026-08-03,SIMEM 0bfc9d + 841808 + 10F2C9
4VWJ,AGPE TIENDA ARA 1011,Are0127,Area Caribe,Are0025,SubArea GCM,Solar,No Despachado Centralmente,NEUC,2026-08-03,2026-08-03,SIMEM 0bfc9d + 841808 + 10F2C9
4XEK,AGPE TIENDA ARA 1100,Are0127,Area Caribe,Are0025,SubArea GCM,Solar,No Despachado Centralmente,NEUC,2026-08-03,2026-08-03,SIMEM 0bfc9d + 841808 + 10F2C9
4XOW,AGPE TIENDA ARA 1124,Are0127,Area Caribe,Are0025,SubArea GCM,Solar,No Despachado Centralmente,NEUC,2026-08-03,2026-08-03,SIMEM 0bfc9d + 841808 + 10F2C9
4TKJ,AGPE TIENDA ARA 345 EL COPEY,Are0127,Area Caribe,Are0025,SubArea GCM,Solar,No Despachado Centralmente,NEUC,2026-08-03,2026-08-03,SIMEM 0bfc9d + 841808 + 10F2C9
4RN1,AGPE TIENDA ARA 702,Are0127,Area Caribe,Are0025,SubArea GCM,Solar,No Despachado Centralmente,NEUC,2026-08-03,2026-08-03,SIMEM 0bfc9d + 841808 + 10F2C9
4VWD,AGPE TIENDA ARA 706,Are0127,Area Caribe,Are0025,SubArea GCM,Solar,No Despachado Centralmente,NEUC,2026-08-03,2026-08-03,SIMEM 0bfc9d + 841808 + 10F2C9
4WOO,AGPE TIENDA ARA 710,Are0127,Area Caribe,Are0025,SubArea GCM,Solar,No Despachado Centralmente,NEUC,2026-08-03,2026-08-03,SIMEM 0bfc9d + 841808 + 10F2C9
4Y5H,AGPE TIENDA ARA 720,Are0127,Area Caribe,Are0025,SubArea GCM,Solar,No Despachado Centralmente,NEUC,2026-08-03,2026-08-03,SIMEM 0bfc9d + 841808 + 10F2C9
5E6Z,AGPE TIENDA ARA 729,Are0127,Area Caribe,Are0025,SubArea GCM,Solar,No Despachado Centralmente,NEUC,2026-08-03,2026-08-03,SIMEM 0bfc9d + 841808 + 10F2C9
4T6A,AGPE TIENDA ARA 732,Are0127,Area Caribe,Are0025,SubArea GCM,Solar,No Despachado Centralmente,NEUC,2026-08-03,2026-08-03,SIMEM 0bfc9d + 841808 + 10F2C9
4RMW,AGPE TIENDA ARA 749,Are0127,Area Caribe,Are0025,SubArea GCM,Solar,No Despachado Centralmente,NEUC,2026-08-03,2026-08-03,SIMEM 0bfc9d + 841808 + 10F2C9
4YHI,AGPE TIENDA ARA 770,Are0127,Area Caribe,Are0025,SubArea GCM,Solar,No Despachado Centralmente,NEUC,2026-08-03,2026-08-03,SIMEM 0bfc9d + 841808 + 10F2C9
4T9K,AGPE TIENDA ARA 780,Are0127,Area Caribe,Are0025,SubArea GCM,Solar,No Despachado Centralmente,NEUC,2026-08-03,2026-08-03,SIMEM 0bfc9d + 841808 + 10F2C9
5E6L,AGPE TIENDA ARA 802 CNTV,Are0127,Area Caribe,Are0025,SubArea GCM,Solar,No Despachado Centralmente,NEUC,2026-08-03,2026-08-03,SIMEM 0bfc9d + 841808 + 10F2C9
4VWH,AGPE TIENDA ARA 828,Are0127,Area Caribe,Are0025,SubArea GCM,Solar,No Despachado Centralmente,NEUC,2026-08-03,2026-08-03,SIMEM 0bfc9d + 841808 + 10F2C9
4Y5D,AGPE TIENDA ARA 829 CNTV,Are0127,Area Caribe,Are0025,SubArea GCM,Solar,No Despachado Centralmente,NEUC,2026-08-03,2026-08-03,SIMEM 0bfc9d + 841808 + 10F2C9
4XEI,AGPE TIENDA ARA 878,Are0127,Area Caribe,Are0025,SubArea GCM,Solar,No Despachado Centralmente,NEUC,2026-08-03,2026-08-03,SIMEM 0bfc9d + 841808 + 10F2C9
4XP1,AGPE TIENDA ARA 908,Are0127,Area Caribe,Are0025,SubArea GCM,Solar,No Despachado Centralmente,NEUC,2026-08-03,2026-08-03,SIMEM 0bfc9d + 841808 + 10F2C9
4V11,AGPE TIENDA ARA 919,Are0127,Area Caribe,Are0025,SubArea GCM,Solar,No Despachado Centralmente,NEUC,2026-08-03,2026-08-03,SIMEM 0bfc9d + 841808 + 10F2C9
4R1D,AGPE TIENDA ARA 925,Are0127,Area Caribe,Are0025,SubArea GCM,Solar,No Despachado Centralmente,NEUC,2026-08-03,2026-08-03,SIMEM 0bfc9d + 841808 + 10F2C9
4V5C,AGPE TIENDA ARA 926,Are0127,Area Caribe,Are0025,SubArea GCM,Solar,No Despachado Centralmente,NEUC,2026-08-03,2026-08-03,SIMEM 0bfc9d + 841808 + 10F2C9
3J8T,AGPE TREKKER HOSTELS,Are0127,Area Caribe,Are0025,SubArea GCM,Solar,No Despachado Centralmente,NEUC,2026-08-03,2026-08-03,SIMEM 0bfc9d + 841808 + 10F2C9
3MUC,AGPE TSM PROJECT,Are0127,Area Caribe,Are0025,SubArea GCM,Solar,No Despachado Centralmente,NEUC,2026-08-03,2026-08-03,SIMEM 0bfc9d + 841808 + 10F2C9
5JDM,AGPE TUCURINCA MOBILIARIOS SAS,Are0127,Area Caribe,Are0025,SubArea GCM,Solar,No Despachado Centralmente,BIAC,2026-08-03,2026-08-03,SIMEM 0bfc9d + 841808 + 10F2C9
5E3K,AGPE UFINET COLOMBIA SA NODO PLATO,Are0127,Area Caribe,Are0025,SubArea GCM,Solar,No Despachado Centralmente,ENBC,2026-08-03,2026-08-03,SIMEM 0bfc9d + 841808 + 10F2C9
5P4G,AGPE UFINET SAN JUAN DEL CESAR,Are0127,Area Caribe,Are0025,SubArea GCM,Solar,No Despachado Centralmente,ENBC,2026-08-03,2026-08-03,SIMEM 0bfc9d + 841808 + 10F2C9
3ITE,AGPE UNICOR JUANITA ISAZA,Are0127,Area Caribe,Are0025,SubArea GCM,Solar,No Despachado Centralmente,NEUC,2026-08-03,2026-08-03,SIMEM 0bfc9d + 841808 + 10F2C9
3IYM,AGPE UPARLLANTAS,Are0127,Area Caribe,Are0025,SubArea GCM,Solar,No Despachado Centralmente,NEUC,2026-08-03,2026-08-03,SIMEM 0bfc9d + 841808 + 10F2C9
3II4,AGPE VASQUEZ LLINAS DESING SAS,Are0127,Area Caribe,Are0025,SubArea GCM,Solar,No Despachado Centralmente,NEUC,2026-08-03,2026-08-03,SIMEM 0bfc9d + 841808 + 10F2C9
5ISP,AGPE VEROCAVI JOSE ALBERTO CALDERON,Are0127,Area Caribe,Are0025,SubArea GCM,Solar,No Despachado Centralmente,NEUC,2026-08-03,2026-08-03,SIMEM 0bfc9d + 841808 + 10F2C9
3IIO,AGPE VIVA MAYALES SAS,Are0127,Area Caribe,Are0025,SubArea GCM,Solar,No Despachado Centralmente,NEUC,2026-08-03,2026-08-03,SIMEM 0bfc9d + 841808 + 10F2C9
3IIC,AGPE YOLANDA BAUTE CASTRO,Are0127,Area Caribe,Are0025,SubArea GCM,Solar,No Despachado Centralmente,NEUC,2026-08-03,2026-08-03,SIMEM 0bfc9d + 841808 + 10F2C9
5NK4,AGPE ZULMA CRISTINA USTARIZ MORA,Are0127,Area Caribe,Are0025,SubArea GCM,Solar,No Despachado Centralmente,NEUC,2026-08-03,2026-08-03,SIMEM 0bfc9d + 841808 + 10F2C9
3JQE,CANAHUATE,Are0127,Area Caribe,Are0025,SubArea GCM,Solar,No Despachado Centralmente,UNGG,2026-08-03,2026-08-03,SIMEM 0bfc9d + 841808 + 10F2C9
EPFV,EL PASO,Are0127,Area Caribe,Are0025,SubArea GCM,Solar,Despachado Centralmente,ENDG,2026-08-03,2026-08-03,SIMEM 0bfc9d + 841808 + 10F2C9
3HF5,FUNDACION,Are0127,Area Caribe,Are0025,SubArea GCM,Solar,Despachado Centralmente,ENDG,2026-08-03,2026-08-03,SIMEM 0bfc9d + 841808 + 10F2C9
3JQC,GANDALF,Are0127,Area Caribe,Are0025,SubArea GCM,Solar,No Despachado Centralmente,UNGG,2026-08-03,2026-08-03,SIMEM 0bfc9d + 841808 + 10F2C9
4ZIO,GD BLANCA ENERGY I,Are0127,Area Caribe,Are0025,SubArea GCM,Solar,No Despachado Centralmente,CTEG,2026-08-03,2026-08-03,SIMEM 0bfc9d + 841808 + 10F2C9
4ZIS,GD BLANCA ENERGY II,Are0127,Area Caribe,Are0025,SubArea GCM,Solar,No Despachado Centralmente,CTEG,2026-08-03,2026-08-03,SIMEM 0bfc9d + 841808 + 10F2C9
5ISY,GD BLANCA ENERGY III,Are0127,Area Caribe,Are0025,SubArea GCM,Solar,No Despachado Centralmente,NEUC,2026-08-03,2026-08-03,SIMEM 0bfc9d + 841808 + 10F2C9
5GF6,GD BLANCA ENERGY SOLAR 23,Are0127,Area Caribe,Are0025,SubArea GCM,Solar,No Despachado Centralmente,CTEG,2026-08-03,2026-08-03,SIMEM 0bfc9d + 841808 + 10F2C9
5GF5,GD BLANCA ENERGY SOLAR 24,Are0127,Area Caribe,Are0025,SubArea GCM,Solar,No Despachado Centralmente,CTEG,2026-08-03,2026-08-03,SIMEM 0bfc9d + 841808 + 10F2C9
5JJA,GD CHIRIGUANA NORTE I,Are0127,Area Caribe,Are0025,SubArea GCM,Solar,No Despachado Centralmente,COXG,2026-08-03,2026-08-03,SIMEM 0bfc9d + 841808 + 10F2C9
5LSN,GD CHIRIGUANA NORTE II,Are0127,Area Caribe,Are0025,SubArea GCM,Solar,No Despachado Centralmente,UNGG,2026-08-03,2026-08-03,SIMEM 0bfc9d + 841808 + 10F2C9
5LSO,GD CHIRIGUANA NORTE IV,Are0127,Area Caribe,Are0025,SubArea GCM,Solar,No Despachado Centralmente,UNGG,2026-08-03,2026-08-03,SIMEM 0bfc9d + 841808 + 10F2C9
4S66,GD DIOCESIS DE RIOHACHA,Are0127,Area Caribe,Are0025,SubArea GCM,Solar,No Despachado Centralmente,ELIG,2026-08-03,2026-08-03,SIMEM 0bfc9d + 841808 + 10F2C9
4ZEP,GD ERCO MARIANGOLA,Are0127,Area Caribe,Are0025,SubArea GCM,Solar,No Despachado Centralmente,ERRG,2026-08-03,2026-08-03,SIMEM 0bfc9d + 841808 + 10F2C9
5FPV,GD ERCO PALMAS,Are0127,Area Caribe,Are0025,SubArea GCM,Solar,No Despachado Centralmente,ERRG,2026-08-03,2026-08-03,SIMEM 0bfc9d + 841808 + 10F2C9
5GFB,GD JARDINCITO,Are0127,Area Caribe,Are0025,SubArea GCM,Solar,No Despachado Centralmente,GNYG,2026-08-03,2026-08-03,SIMEM 0bfc9d + 841808 + 10F2C9
5H1M,GD LA CACICA,Are0127,Area Caribe,Are0025,SubArea GCM,Solar,No Despachado Centralmente,UNGG,2026-08-03,2026-08-03,SIMEM 0bfc9d + 841808 + 10F2C9
5F42,GD LAS MERCEDES I,Are0127,Area Caribe,Are0025,SubArea GCM,Solar,No Despachado Centralmente,FERG,2026-08-03,2026-08-03,SIMEM 0bfc9d + 841808 + 10F2C9
5F6Z,GD LAS MERCEDES II,Are0127,Area Caribe,Are0025,SubArea GCM,Solar,No Despachado Centralmente,FERG,2026-08-03,2026-08-03,SIMEM 0bfc9d + 841808 + 10F2C9
5H1N,GD LAS PILONERAS,Are0127,Area Caribe,Are0025,SubArea GCM,Solar,No Despachado Centralmente,UNGG,2026-08-03,2026-08-03,SIMEM 0bfc9d + 841808 + 10F2C9
5K7O,GD SEMILLA DE EL PASO IIIA,Are0127,Area Caribe,Are0025,SubArea GCM,Solar,No Despachado Centralmente,ERRG,2026-08-03,2026-08-03,SIMEM 0bfc9d + 841808 + 10F2C9
5K7N,GD SEMILLA DE EL PASO IVA,Are0127,Area Caribe,Are0025,SubArea GCM,Solar,No Despachado Centralmente,ERRG,2026-08-03,2026-08-03,SIMEM 0bfc9d + 841808 + 10F2C9
5DW8,GD SEMILLA DE GUACAMAYAL II,Are0127,Area Caribe,Are0025,SubArea GCM,Solar,No Despachado Centralmente,GNYG,2026-08-03,2026-08-03,SIMEM 0bfc9d + 841808 + 10F2C9
5IT2,GD SEMILLA DEL PASO IA,Are0127,Area Caribe,Are0025,SubArea GCM,Solar,No Despachado Centralmente,ERRG,2026-08-03,2026-08-03,SIMEM 0bfc9d + 841808 + 10F2C9
5IT3,GD SEMILLA DEL PASO III,Are0127,Area Caribe,Are0025,SubArea GCM,Solar,No Despachado Centralmente,ERRG,2026-08-03,2026-08-03,SIMEM 0bfc9d + 841808 + 10F2C9
5LOO,GD SEVILLANO RURAL I,Are0127,Area Caribe,Are0025,SubArea GCM,Solar,No Despachado Centralmente,GNYG,2026-08-03,2026-08-03,SIMEM 0bfc9d + 841808 + 10F2C9
5LAA,GD SEVILLANO RURAL II,Are0127,Area Caribe,Are0025,SubArea GCM,Solar,No Despachado Centralmente,GNYG,2026-08-03,2026-08-03,SIMEM 0bfc9d + 841808 + 10F2C9
5F3P,GD WE202,Are0127,Area Caribe,Are0025,SubArea GCM,Solar,No Despachado Centralmente,CERG,2026-08-03,2026-08-03,SIMEM 0bfc9d + 841808 + 10F2C9
5F3Q,GD WE2021,Are0127,Area Caribe,Are0025,SubArea GCM,Solar,No Despachado Centralmente,CERG,2026-08-03,2026-08-03,SIMEM 0bfc9d + 841808 + 10F2C9
TGJ1,GUAJIRA 1,Are0127,Area Caribe,Are0025,SubArea GCM,Termica,Despachado Centralmente,GECG,2026-08-03,2026-08-03,SIMEM 0bfc9d + 841808 + 10F2C9
TGJ2,GUAJIRA 2,Are0127,Area Caribe,Are0025,SubArea GCM,Termica,Despachado Centralmente,GECG,2026-08-03,2026-08-03,SIMEM 0bfc9d + 841808 + 10F2C9
3NR8,LA INGLESA,Are0127,Area Caribe,Are0025,SubArea GCM,Solar,No Despachado Centralmente,UNGG,2026-08-03,2026-08-03,SIMEM 0bfc9d + 841808 + 10F2C9
3DDT,LATAM SOLAR LA LOMA,Are0127,Area Caribe,Are0025,SubArea GCM,Solar,Despachado Centralmente,ENDG,2026-08-03,2026-08-03,SIMEM 0bfc9d + 841808 + 10F2C9
4Z8N,MINIGRANJA EL JOROPO,Are0127,Area Caribe,Are0025,SubArea GCM,Solar,No Despachado Centralmente,UNGG,2026-08-03,2026-08-03,SIMEM 0bfc9d + 841808 + 10F2C9
4Z8P,MINIGRANJA EL MAPALE,Are0127,Area Caribe,Are0025,SubArea GCM,Solar,No Despachado Centralmente,UNGG,2026-08-03,2026-08-03,SIMEM 0bfc9d + 841808 + 10F2C9
4SO2,MINIGRANJA EL MERENGUE,Are0127,Area Caribe,Are0025,SubArea GCM,Solar,No Despachado Centralmente,UNGG,2026-08-03,2026-08-03,SIMEM 0bfc9d + 841808 + 10F2C9
3NR4,MINIGRANJA EL MOLINO,Are0127,Area Caribe,Are0025,SubArea GCM,Solar,No Despachado Centralmente,UNGG,2026-08-03,2026-08-03,SIMEM 0bfc9d + 841808 + 10F2C9
4S7E,MINIGRANJA EL SON,Are0127,Area Caribe,Are0025,SubArea GCM,Solar,No Despachado Centralmente,UNGG,2026-08-03,2026-08-03,SIMEM 0bfc9d + 841808 + 10F2C9
4WWQ,MINIGRANJA IBIRICO,Are0127,Area Caribe,Are0025,SubArea GCM,Solar,No Despachado Centralmente,UNGG,2026-08-03,2026-08-03,SIMEM 0bfc9d + 841808 + 10F2C9
4XOU,MINIGRANJA LA CUMBIA,Are0127,Area Caribe,Are0025,SubArea GCM,Solar,No Despachado Centralmente,UNGG,2026-08-03,2026-08-03,SIMEM 0bfc9d + 841808 + 10F2C9
4RMR,MINIGRANJA LA PAZ ESMERALDA,Are0127,Area Caribe,Are0025,SubArea GCM,Solar,No Despachado Centralmente,UNGG,2026-08-03,2026-08-03,SIMEM 0bfc9d + 841808 + 10F2C9
3RGZ,MINIGRANJA LA PAZ LEYENDA,Are0127,Area Caribe,Are0025,SubArea GCM,Solar,No Despachado Centralmente,UNGG,2026-08-03,2026-08-03,SIMEM 0bfc9d + 841808 + 10F2C9
3MHB,MINIGRANJA LA PAZ VALLENATA,Are0127,Area Caribe,Are0025,SubArea GCM,Solar,No Despachado Centralmente,UNGG,2026-08-03,2026-08-03,SIMEM 0bfc9d + 841808 + 10F2C9
3Q9K,MINIGRANJA LA PAZ VERSO,Are0127,Area Caribe,Are0025,SubArea GCM,Solar,No Despachado Centralmente,UNGG,2026-08-03,2026-08-03,SIMEM 0bfc9d + 841808 + 10F2C9
4SO8,MINIGRANJA LA PUYA,Are0127,Area Caribe,Are0025,SubArea GCM,Solar,No Despachado Centralmente,UNGG,2026-08-03,2026-08-03,SIMEM 0bfc9d + 841808 + 10F2C9
4Z8L,MINIGRANJA SAN DIEGO SUR,Are0127,Area Caribe,Are0025,SubArea GCM,Solar,No Despachado Centralmente,UNGG,2026-08-03,2026-08-03,SIMEM 0bfc9d + 841808 + 10F2C9
5H1F,MINIGRANJA VALENCIA ORIENTE I,Are0127,Area Caribe,Are0025,SubArea GCM,Solar,No Despachado Centralmente,UNGG,2026-08-03,2026-08-03,SIMEM 0bfc9d + 841808 + 10F2C9
5E3F,MINIGRANJA VALENCIA ORIENTE II,Are0127,Area Caribe,Are0025,SubArea GCM,Solar,No Despachado Centralmente,UNGG,2026-08-03,2026-08-03,SIMEM 0bfc9d + 841808 + 10F2C9
4S1G,MINIGRANJA VILLANUEVA,Are0127,Area Caribe,Are0025,SubArea GCM,Solar,No Despachado Centralmente,UNGG,2026-08-03,2026-08-03,SIMEM 0bfc9d + 841808 + 10F2C9
5G3U,SOL DE ZAWADY,Are0127,Area Caribe,Are0025,SubArea GCM,Solar,No Despachado Centralmente,GRCG,2026-08-03,2026-08-03,SIMEM 0bfc9d + 841808 + 10F2C9
2S9Q,TEQUENDAMA BIOGAS 1,Are0127,Area Caribe,Are0025,SubArea GCM,Termica,No Despachado Centralmente,VESG,2026-08-03,2026-08-03,SIMEM 0bfc9d + 841808 + 10F2C9
TRN1,TERMONORTE,Are0127,Area Caribe,Are0025,SubArea GCM,Termica,Despachado Centralmente,TMNG,2026-08-03,2026-08-03,SIMEM 0bfc9d + 841808 + 10F2C9
4Y99,AGPE FUNDACIÓN EL ALCARAVÁN,Are0012,Area Nordeste,Are0129,SubArea Arauca,Solar,No Despachado Centralmente,GNCC,2026-08-03,2026-08-03,SIMEM 0bfc9d + 841808 + 10F2C9
5F43,ALMA II,Are0012,Area Nordeste,Are0129,SubArea Arauca,Solar,No Despachado Centralmente,DEPG,2026-08-03,2026-08-03,SIMEM 0bfc9d + 841808 + 10F2C9
4XP3,AUTOG TERMOARAUCA 1,Are0012,Area Nordeste,Are0129,SubArea Arauca,Termica,No Despachado Centralmente,GSAG,2026-08-03,2026-08-03,SIMEM 0bfc9d + 841808 + 10F2C9
3NNZ,AUTOG TERMOCOROCITO 1,Are0012,Area Nordeste,Are0129,SubArea Arauca,Termica,No Despachado Centralmente,GSAG,2026-08-03,2026-08-03,SIMEM 0bfc9d + 841808 + 10F2C9
3KLQ,AUTOG TERMOMACAGUA 1,Are0012,Area Nordeste,Are0129,SubArea Arauca,Termica,No Despachado Centralmente,GSAG,2026-08-03,2026-08-03,SIMEM 0bfc9d + 841808 + 10F2C9
3C4V,AUTOG TERMOTAME,Are0012,Area Nordeste,Are0129,SubArea Arauca,Termica,No Despachado Centralmente,GSAG,2026-08-03,2026-08-03,SIMEM 0bfc9d + 841808 + 10F2C9
2WFN,TERMOCAPACHOS 1,Are0012,Area Nordeste,Are0129,SubArea Arauca,Termica,No Despachado Centralmente,GSAG,2026-08-03,2026-08-03,SIMEM 0bfc9d + 841808 + 10F2C9
4S7G,AGPE  ALMACENES SUPERMIO SAS,Are0012,Area Nordeste,Are0130,SubArea Boyaca-Casanare,Solar,No Despachado Centralmente,QIEC,2026-08-03,2026-08-03,SIMEM 0bfc9d + 841808 + 10F2C9
4V5I,AGPE  CENTRO COMERCIAL UNICENTRO YOPAL ETAPA1,Are0012,Area Nordeste,Are0130,SubArea Boyaca-Casanare,Solar,No Despachado Centralmente,RTQC,2026-08-03,2026-08-03,SIMEM 0bfc9d + 841808 + 10F2C9
5JJH,AGPE AGRICOLA CACTUS FINCA 2 30 BOMBAS,Are0012,Area Nordeste,Are0130,SubArea Boyaca-Casanare,Solar,No Despachado Centralmente,GNCC,2026-08-03,2026-08-03,SIMEM 0bfc9d + 841808 + 10F2C9
5JJE,AGPE AGRICOLA CACTUS FINCA 2 75 POSTCOSECHA,Are0012,Area Nordeste,Are0130,SubArea Boyaca-Casanare,Solar,No Despachado Centralmente,GNCC,2026-08-03,2026-08-03,SIMEM 0bfc9d + 841808 + 10F2C9
3J67,AGPE AGROINDUSTRIAL MOLINO SONORA,Are0012,Area Nordeste,Are0130,SubArea Boyaca-Casanare,Solar,No Despachado Centralmente,CASC,2026-08-03,2026-08-03,SIMEM 0bfc9d + 841808 + 10F2C9
4SWE,AGPE ALMACEN SUPER METRO EXPRESS CALLE 30,Are0012,Area Nordeste,Are0130,SubArea Boyaca-Casanare,Solar,No Despachado Centralmente,GNCC,2026-08-03,2026-08-03,SIMEM 0bfc9d + 841808 + 10F2C9
3NUA,AGPE ALMACEN SUPERMIO CALLE 40,Are0012,Area Nordeste,Are0130,SubArea Boyaca-Casanare,Solar,No Despachado Centralmente,GNCC,2026-08-03,2026-08-03,SIMEM 0bfc9d + 841808 + 10F2C9
5ASN,AGPE ALMACENES PARAISO CRA19,Are0012,Area Nordeste,Are0130,SubArea Boyaca-Casanare,Solar,No Despachado Centralmente,GNCC,2026-08-03,2026-08-03,SIMEM 0bfc9d + 841808 + 10F2C9
3JDC,AGPE ALMACENES PARAISO YOPAL,Are0012,Area Nordeste,Are0130,SubArea Boyaca-Casanare,Solar,No Despachado Centralmente,GNCC,2026-08-03,2026-08-03,SIMEM 0bfc9d + 841808 + 10F2C9
5H1J,AGPE ANTENA RCN RADIO SORACA,Are0012,Area Nordeste,Are0130,SubArea Boyaca-Casanare,Solar,No Despachado Centralmente,GNCC,2026-08-03,2026-08-03,SIMEM 0bfc9d + 841808 + 10F2C9
5THO,AGPE ARA SEDE 306 PLAZA SOGAMOSO,Are0012,Area Nordeste,Are0130,SubArea Boyaca-Casanare,Solar,No Despachado Centralmente,GNCC,2026-08-03,2026-08-03,SIMEM 0bfc9d + 841808 + 10F2C9
5OFX,AGPE ARA SEDE 316 CENTRO DUITAMA,Are0012,Area Nordeste,Are0130,SubArea Boyaca-Casanare,Solar,No Despachado Centralmente,GNCC,2026-08-03,2026-08-03,SIMEM 0bfc9d + 841808 + 10F2C9
5O1T,AGPE ARA SEDE 339 SUAREZ RENDON TUNJA,Are0012,Area Nordeste,Are0130,SubArea Boyaca-Casanare,Solar,No Despachado Centralmente,GNCC,2026-08-03,2026-08-03,SIMEM 0bfc9d + 841808 + 10F2C9
5LA1,AGPE ARA SEDE 344 PLAZA SIMON BOLIVAR,Are0012,Area Nordeste,Are0130,SubArea Boyaca-Casanare,Solar,No Despachado Centralmente,GNCC,2026-08-03,2026-08-03,SIMEM 0bfc9d + 841808 + 10F2C9
5LSZ,AGPE ARA SEDE 356 CR10 CHIQUINQUIRA PLAZA SOGAMOSO,Are0012,Area Nordeste,Are0130,SubArea Boyaca-Casanare,Solar,No Despachado Centralmente,GNCC,2026-08-03,2026-08-03,SIMEM 0bfc9d + 841808 + 10F2C9
5G3Q,AGPE ARA SEDE 406 AV LAS AMERICAS DUITAMA,Are0012,Area Nordeste,Are0130,SubArea Boyaca-Casanare,Solar,No Despachado Centralmente,GNCC,2026-08-03,2026-08-03,SIMEM 0bfc9d + 841808 + 10F2C9
5PNT,AGPE ARROCERA LA ESMERALDA,Are0012,Area Nordeste,Are0130,SubArea Boyaca-Casanare,Solar,No Despachado Centralmente,EPSC,2026-08-03,2026-08-03,SIMEM 0bfc9d + 841808 + 10F2C9
3CDX,AGPE AVICOLA EL MANATIAL,Are0012,Area Nordeste,Are0130,SubArea Boyaca-Casanare,Solar,No Despachado Centralmente,QIEC,2026-08-03,2026-08-03,SIMEM 0bfc9d + 841808 + 10F2C9
3JNG,AGPE BANCO DE BOGOTA AGUAZUL,Are0012,Area Nordeste,Are0130,SubArea Boyaca-Casanare,Solar,No Despachado Centralmente,GNCC,2026-08-03,2026-08-03,SIMEM 0bfc9d + 841808 + 10F2C9
3JJQ,AGPE BANCO DE BOGOTA YOPAL,Are0012,Area Nordeste,Are0130,SubArea Boyaca-Casanare,Solar,No Despachado Centralmente,GNCC,2026-08-03,2026-08-03,SIMEM 0bfc9d + 841808 + 10F2C9
5TRJ,AGPE CAMARA DE COMERCIO DE CASANARE,Are0012,Area Nordeste,Are0130,SubArea Boyaca-Casanare,Solar,No Despachado Centralmente,RTQC,2026-08-03,2026-08-03,SIMEM 0bfc9d + 841808 + 10F2C9
5H1I,AGPE CENTRO FRUVER DEL LLANO,Are0012,Area Nordeste,Are0130,SubArea Boyaca-Casanare,Solar,No Despachado Centralmente,GNCC,2026-08-03,2026-08-03,SIMEM 0bfc9d + 841808 + 10F2C9
5ASV,AGPE CENTRO FRUVER DEL LLANO 3,Are0012,Area Nordeste,Are0130,SubArea Boyaca-Casanare,Solar,No Despachado Centralmente,GNCC,2026-08-03,2026-08-03,SIMEM 0bfc9d + 841808 + 10F2C9
5VXA,AGPE CINELANDIA MULTIPLEX SAS,Are0012,Area Nordeste,Are0130,SubArea Boyaca-Casanare,Solar,No Despachado Centralmente,QIEC,2026-08-03,2026-08-03,SIMEM 0bfc9d + 841808 + 10F2C9
4XP5,AGPE COMPANIA INTEGRAL DE ALIMENTOS SAS CIAL,Are0012,Area Nordeste,Are0130,SubArea Boyaca-Casanare,Solar,No Despachado Centralmente,BIAC,2026-08-03,2026-08-03,SIMEM 0bfc9d + 841808 + 10F2C9
3FD8,AGPE COOMPRORIENTE,Are0012,Area Nordeste,Are0130,SubArea Boyaca-Casanare,Solar,No Despachado Centralmente,QIEC,2026-08-03,2026-08-03,SIMEM 0bfc9d + 841808 + 10F2C9
3NAG,AGPE ESTACION Y LUBRICANTES SAN ANTONIO GNV S,Are0012,Area Nordeste,Are0130,SubArea Boyaca-Casanare,Solar,No Despachado Centralmente,GNCC,2026-08-03,2026-08-03,SIMEM 0bfc9d + 841808 + 10F2C9
3JPG,AGPE FEDEARROZ PORE,Are0012,Area Nordeste,Are0130,SubArea Boyaca-Casanare,Solar,No Despachado Centralmente,CASC,2026-08-03,2026-08-03,SIMEM 0bfc9d + 841808 + 10F2C9
4WVO,AGPE FUERZA AÉREA COLOMBIA GACAS,Are0012,Area Nordeste,Are0130,SubArea Boyaca-Casanare,Solar,No Despachado Centralmente,EPMC,2026-08-03,2026-08-03,SIMEM 0bfc9d + 841808 + 10F2C9
3JDE,AGPE GD CONECT,Are0012,Area Nordeste,Are0130,SubArea Boyaca-Casanare,Solar,No Despachado Centralmente,GNCC,2026-08-03,2026-08-03,SIMEM 0bfc9d + 841808 + 10F2C9
5TNE,AGPE GRAPAS Y PUNTILLAS EL CABALLO,Are0012,Area Nordeste,Are0130,SubArea Boyaca-Casanare,Solar,No Despachado Centralmente,BIAC,2026-08-03,2026-08-03,SIMEM 0bfc9d + 841808 + 10F2C9
5TGX,AGPE HILARIO PULIDO VARGAS,Are0012,Area Nordeste,Are0130,SubArea Boyaca-Casanare,Solar,No Despachado Centralmente,GNCC,2026-08-03,2026-08-03,SIMEM 0bfc9d + 841808 + 10F2C9
2ZJT,AGPE HOTEL HACIENDA CASONA DEL SALITRE,Are0012,Area Nordeste,Are0130,SubArea Boyaca-Casanare,Solar,No Despachado Centralmente,GNCC,2026-08-03,2026-08-03,SIMEM 0bfc9d + 841808 + 10F2C9
5QUC,AGPE METROGAS SA ESP,Are0012,Area Nordeste,Are0130,SubArea Boyaca-Casanare,Solar,No Despachado Centralmente,BIAC,2026-08-03,2026-08-03,SIMEM 0bfc9d + 841808 + 10F2C9
3KPG,AGPE MOLINOS EL YOPAL,Are0012,Area Nordeste,Are0130,SubArea Boyaca-Casanare,Solar,No Despachado Centralmente,GNCC,2026-08-03,2026-08-03,SIMEM 0bfc9d + 841808 + 10F2C9
5PTN,AGPE MORICHAL PLAZA CENTRO COMERCIAL,Are0012,Area Nordeste,Are0130,SubArea Boyaca-Casanare,Solar,No Despachado Centralmente,QIEC,2026-08-03,2026-08-03,SIMEM 0bfc9d + 841808 + 10F2C9
4YCJ,AGPE PLANTA AGUAZUL,Are0012,Area Nordeste,Are0130,SubArea Boyaca-Casanare,Solar,No Despachado Centralmente,GNCC,2026-08-03,2026-08-03,SIMEM 0bfc9d + 841808 + 10F2C9
5LRH,AGPE SOCIAL SOLAR SAS,Are0012,Area Nordeste,Are0130,SubArea Boyaca-Casanare,Solar,No Despachado Centralmente,GNCC,2026-08-03,2026-08-03,SIMEM 0bfc9d + 841808 + 10F2C9
3GWG,AGPE SUAZAPAWA,Are0012,Area Nordeste,Are0130,SubArea Boyaca-Casanare,Solar,No Despachado Centralmente,QIEC,2026-08-03,2026-08-03,SIMEM 0bfc9d + 841808 + 10F2C9
3NUE,AGPE SUPERMIO CALLE 60,Are0012,Area Nordeste,Are0130,SubArea Boyaca-Casanare,Solar,No Despachado Centralmente,GNCC,2026-08-03,2026-08-03,SIMEM 0bfc9d + 841808 + 10F2C9
4SWC,AGPE TIENDA ARA 1030,Are0012,Area Nordeste,Are0130,SubArea Boyaca-Casanare,Solar,No Despachado Centralmente,NEUC,2026-08-03,2026-08-03,SIMEM 0bfc9d + 841808 + 10F2C9
4THI,AGPE TIENDA ARA 1072,Are0012,Area Nordeste,Are0130,SubArea Boyaca-Casanare,Solar,No Despachado Centralmente,NEUC,2026-08-03,2026-08-03,SIMEM 0bfc9d + 841808 + 10F2C9
5PTS,AGPE TIENDA ARA SOGAMOSO,Are0012,Area Nordeste,Are0130,SubArea Boyaca-Casanare,Solar,No Despachado Centralmente,GNCC,2026-08-03,2026-08-03,SIMEM 0bfc9d + 841808 + 10F2C9
2V25,AUTOG ARGOS SOGAMOSO 1,Are0012,Area Nordeste,Are0130,SubArea Boyaca-Casanare,Termica,No Despachado Centralmente,SOCG,2026-08-03,2026-08-03,SIMEM 0bfc9d + 841808 + 10F2C9
3Q99,AUTOG BIODIANA 1,Are0012,Area Nordeste,Are0130,SubArea Boyaca-Casanare,Termica,No Despachado Centralmente,NTCG,2026-08-03,2026-08-03,SIMEM 0bfc9d + 841808 + 10F2C9
3RH2,AUTOG HIDROSOLAR I,Are0012,Area Nordeste,Are0130,SubArea Boyaca-Casanare,Solar,No Despachado Centralmente,ERRG,2026-08-03,2026-08-03,SIMEM 0bfc9d + 841808 + 10F2C9
CHVR,CHIVOR,Are0012,Area Nordeste,Are0130,SubArea Boyaca-Casanare,Hidraulica,Despachado Centralmente,CHVG,2026-08-03,2026-08-03,SIMEM 0bfc9d + 841808 + 10F2C9
5NPT,GD SUAMOX,Are0012,Area Nordeste,Are0130,SubArea Boyaca-Casanare,Solar,No Despachado Centralmente,EBSG,2026-08-03,2026-08-03,SIMEM 0bfc9d + 841808 + 10F2C9
3HDG,OIBITA,Are0012,Area Nordeste,Are0130,SubArea Boyaca-Casanare,Hidraulica,No Despachado Centralmente,PSBG,2026-08-03,2026-08-03,SIMEM 0bfc9d + 841808 + 10F2C9
PPA1,PAIPA 1,Are0012,Area Nordeste,Are0130,SubArea Boyaca-Casanare,Termica,Despachado Centralmente,HIMG,2026-08-03,2026-08-03,SIMEM 0bfc9d + 841808 + 10F2C9
PPA2,PAIPA 2,Are0012,Area Nordeste,Are0130,SubArea Boyaca-Casanare,Termica,Despachado Centralmente,HIMG,2026-08-03,2026-08-03,SIMEM 0bfc9d + 841808 + 10F2C9
PPA3,PAIPA 3,Are0012,Area Nordeste,Are0130,SubArea Boyaca-Casanare,Termica,Despachado Centralmente,HIMG,2026-08-03,2026-08-03,SIMEM 0bfc9d + 841808 + 10F2C9
PPA4,PAIPA 4,Are0012,Area Nordeste,Are0130,SubArea Boyaca-Casanare,Termica,Despachado Centralmente,SOCG,2026-08-03,2026-08-03,SIMEM 0bfc9d + 841808 + 10F2C9
2YIR,PCH LA LIBERTAD,Are0012,Area Nordeste,Are0130,SubArea Boyaca-Casanare,Hidraulica,No Despachado Centralmente,EGEG,2026-08-03,2026-08-03,SIMEM 0bfc9d + 841808 + 10F2C9
PTG1,PUENTE GUILLERMO,Are0012,Area Nordeste,Are0130,SubArea Boyaca-Casanare,Hidraulica,No Despachado Centralmente,NRCG,2026-08-03,2026-08-03,SIMEM 0bfc9d + 841808 + 10F2C9
3HDE,SAN BARTOLOME,Are0012,Area Nordeste,Are0130,SubArea Boyaca-Casanare,Hidraulica,No Despachado Centralmente,PSBG,2026-08-03,2026-08-03,SIMEM 0bfc9d + 841808 + 10F2C9
TMB1,TERMOBOLIVAR 1,Are0012,Area Nordeste,Are0130,SubArea Boyaca-Casanare,Termica,No Despachado Centralmente,GSAG,2026-08-03,2026-08-03,SIMEM 0bfc9d + 841808 + 10F2C9
2U93,TERMOMECHERO 4,Are0012,Area Nordeste,Are0130,SubArea Boyaca-Casanare,Termica,No Despachado Centralmente,TMMG,2026-08-03,2026-08-03,SIMEM 0bfc9d + 841808 + 10F2C9
2U8Y,TERMOMECHERO 5,Are0012,Area Nordeste,Are0130,SubArea Boyaca-Casanare,Termica,No Despachado Centralmente,TMMG,2026-08-03,2026-08-03,SIMEM 0bfc9d + 841808 + 10F2C9
2U91,TERMOMECHERO 6,Are0012,Area Nordeste,Are0130,SubArea Boyaca-Casanare,Termica,No Despachado Centralmente,TMMG,2026-08-03,2026-08-03,SIMEM 0bfc9d + 841808 + 10F2C9
TYP1,TERMOYOPAL 1,Are0012,Area Nordeste,Are0130,SubArea Boyaca-Casanare,Termica,Despachado Centralmente,TYPG,2026-08-03,2026-08-03,SIMEM 0bfc9d + 841808 + 10F2C9
TYP2,TERMOYOPAL 2,Are0012,Area Nordeste,Are0130,SubArea Boyaca-Casanare,Termica,Despachado Centralmente,TYPG,2026-08-03,2026-08-03,SIMEM 0bfc9d + 841808 + 10F2C9
TYP3,TERMOYOPAL G3,Are0012,Area Nordeste,Are0130,SubArea Boyaca-Casanare,Termica,Despachado Centralmente,TYPG,2026-08-03,2026-08-03,SIMEM 0bfc9d + 841808 + 10F2C9
TYP4,TERMOYOPAL G4,Are0012,Area Nordeste,Are0130,SubArea Boyaca-Casanare,Termica,Despachado Centralmente,TYPG,2026-08-03,2026-08-03,SIMEM 0bfc9d + 841808 + 10F2C9
TYP5,TERMOYOPAL G5,Are0012,Area Nordeste,Are0130,SubArea Boyaca-Casanare,Termica,Despachado Centralmente,TYPG,2026-08-03,2026-08-03,SIMEM 0bfc9d + 841808 + 10F2C9
4YCN,VILLANUEVA 1,Are0012,Area Nordeste,Are0130,SubArea Boyaca-Casanare,Termica,Despachado Centralmente,RFVG,2026-08-03,2026-08-03,SIMEM 0bfc9d + 841808 + 10F2C9
5AST,AGPE  SUPERMERCADO TODO EN UNO PLAYA HERMOSA,Are0012,Area Nordeste,Are0029,SubArea Norte de Santander,Solar,No Despachado Centralmente,GNCC,2026-08-03,2026-08-03,SIMEM 0bfc9d + 841808 + 10F2C9
5P4E,AGPE AEROPUERTO CUCUTA,Are0012,Area Nordeste,Are0029,SubArea Norte de Santander,Solar,No Despachado Centralmente,EPMC,2026-08-03,2026-08-03,SIMEM 0bfc9d + 841808 + 10F2C9
5LSR,AGPE AMANDA LUCIA ACEVEDO ROJAS,Are0012,Area Nordeste,Are0029,SubArea Norte de Santander,Solar,No Despachado Centralmente,SCEC,2026-08-03,2026-08-03,SIMEM 0bfc9d + 841808 + 10F2C9
5QT2,AGPE ANTONIO MARIA ESCALANTE PINEDA,Are0012,Area Nordeste,Are0029,SubArea Norte de Santander,Solar,No Despachado Centralmente,SCEC,2026-08-03,2026-08-03,SIMEM 0bfc9d + 841808 + 10F2C9
4RMT,AGPE ARA LA CORDIALIDAD,Are0012,Area Nordeste,Are0029,SubArea Norte de Santander,Solar,No Despachado Centralmente,GNCC,2026-08-03,2026-08-03,SIMEM 0bfc9d + 841808 + 10F2C9
3J3B,AGPE BELLAVISTA COAL,Are0012,Area Nordeste,Are0029,SubArea Norte de Santander,Solar,No Despachado Centralmente,GNCC,2026-08-03,2026-08-03,SIMEM 0bfc9d + 841808 + 10F2C9
3RGL,AGPE CC UNICENTRO CUCUTA,Are0012,Area Nordeste,Are0029,SubArea Norte de Santander,Solar,No Despachado Centralmente,EPMC,2026-08-03,2026-08-03,SIMEM 0bfc9d + 841808 + 10F2C9
3RGP,AGPE CC VENTURA PLAZA,Are0012,Area Nordeste,Are0029,SubArea Norte de Santander,Solar,No Despachado Centralmente,EPMC,2026-08-03,2026-08-03,SIMEM 0bfc9d + 841808 + 10F2C9
5SHL,AGPE CLUB CAZADORES SA,Are0012,Area Nordeste,Are0029,SubArea Norte de Santander,Solar,No Despachado Centralmente,EPMC,2026-08-03,2026-08-03,SIMEM 0bfc9d + 841808 + 10F2C9
3R4U,AGPE COLEGIO EL CARMEN TERESIANO,Are0012,Area Nordeste,Are0029,SubArea Norte de Santander,Solar,No Despachado Centralmente,GNCC,2026-08-03,2026-08-03,SIMEM 0bfc9d + 841808 + 10F2C9
5H1S,AGPE COMERCIALIZADORA LOS MONTES DE COLOMBIA SAS SEDE TRAPICHES,Are0012,Area Nordeste,Are0029,SubArea Norte de Santander,Solar,No Despachado Centralmente,GNCC,2026-08-03,2026-08-03,SIMEM 0bfc9d + 841808 + 10F2C9
5WSM,AGPE DISTRIBUIDORA BETMAN SAS,Are0012,Area Nordeste,Are0029,SubArea Norte de Santander,Solar,No Despachado Centralmente,GNCC,2026-08-03,2026-08-03,SIMEM 0bfc9d + 841808 + 10F2C9
3I3O,AGPE EDIFICIO DUBO,Are0012,Area Nordeste,Are0029,SubArea Norte de Santander,Solar,No Despachado Centralmente,GNCC,2026-08-03,2026-08-03,SIMEM 0bfc9d + 841808 + 10F2C9
5AYB,AGPE FARMATODO AVENIDA CERO,Are0012,Area Nordeste,Are0029,SubArea Norte de Santander,Solar,No Despachado Centralmente,RTQC,2026-08-03,2026-08-03,SIMEM 0bfc9d + 841808 + 10F2C9
5PSP,AGPE FARMATODO CEIBA II,Are0012,Area Nordeste,Are0029,SubArea Norte de Santander,Solar,No Despachado Centralmente,RTQC,2026-08-03,2026-08-03,SIMEM 0bfc9d + 841808 + 10F2C9
5LNW,AGPE FARMATODO LIBERTADORES,Are0012,Area Nordeste,Are0029,SubArea Norte de Santander,Solar,No Despachado Centralmente,RTQC,2026-08-03,2026-08-03,SIMEM 0bfc9d + 841808 + 10F2C9
3EO1,AGPE FRIOGAN 1,Are0012,Area Nordeste,Are0029,SubArea Norte de Santander,Solar,No Despachado Centralmente,DLRC,2026-08-03,2026-08-03,SIMEM 0bfc9d + 841808 + 10F2C9
3EO3,AGPE FRIOGAN 2,Are0012,Area Nordeste,Are0029,SubArea Norte de Santander,Solar,No Despachado Centralmente,DLRC,2026-08-03,2026-08-03,SIMEM 0bfc9d + 841808 + 10F2C9
5UV1,AGPE GEXA MANGUERAS FLEXIBLES SAS,Are0012,Area Nordeste,Are0029,SubArea Norte de Santander,Solar,No Despachado Centralmente,GNCC,2026-08-03,2026-08-03,SIMEM 0bfc9d + 841808 + 10F2C9
3QPG,AGPE GIM DOMINGO SAVIO,Are0012,Area Nordeste,Are0029,SubArea Norte de Santander,Solar,No Despachado Centralmente,EPMC,2026-08-03,2026-08-03,SIMEM 0bfc9d + 841808 + 10F2C9
3HD8,AGPE INDUBOLSAS CONTRERASJT,Are0012,Area Nordeste,Are0029,SubArea Norte de Santander,Solar,No Despachado Centralmente,GNCC,2026-08-03,2026-08-03,SIMEM 0bfc9d + 841808 + 10F2C9
4Z6L,AGPE INDUSTRIAS SAGA DE COLOMBIA SAS PROYECT 1,Are0012,Area Nordeste,Are0029,SubArea Norte de Santander,Solar,No Despachado Centralmente,GNCC,2026-08-03,2026-08-03,SIMEM 0bfc9d + 841808 + 10F2C9
4Z97,AGPE INDUSTRIAS SAGA DE COLOMBIA SAS PROYECTO,Are0012,Area Nordeste,Are0029,SubArea Norte de Santander,Solar,No Despachado Centralmente,GNCC,2026-08-03,2026-08-03,SIMEM 0bfc9d + 841808 + 10F2C9
5JGD,AGPE INVERSIONES NASCAR Y ASOCIADOS SAS,Are0012,Area Nordeste,Are0029,SubArea Norte de Santander,Solar,No Despachado Centralmente,SCEC,2026-08-03,2026-08-03,SIMEM 0bfc9d + 841808 + 10F2C9
5AD8,AGPE JERONIMO MARTINS CÚCUTA,Are0012,Area Nordeste,Are0029,SubArea Norte de Santander,Solar,No Despachado Centralmente,EEPC,2026-08-03,2026-08-03,SIMEM 0bfc9d + 841808 + 10F2C9
3EM6,AGPE LAVANDERIA BURBUJAS,Are0012,Area Nordeste,Are0029,SubArea Norte de Santander,Solar,No Despachado Centralmente,GNCC,2026-08-03,2026-08-03,SIMEM 0bfc9d + 841808 + 10F2C9
4WOK,AGPE MIGUEL ANTONIO DUQUE GIRALDO  CONFECCION,Are0012,Area Nordeste,Are0029,SubArea Norte de Santander,Solar,No Despachado Centralmente,GNCC,2026-08-03,2026-08-03,SIMEM 0bfc9d + 841808 + 10F2C9
3EM8,AGPE MOLDES Y MECANIZADOS,Are0012,Area Nordeste,Are0029,SubArea Norte de Santander,Solar,No Despachado Centralmente,GNCC,2026-08-03,2026-08-03,SIMEM 0bfc9d + 841808 + 10F2C9
5NPW,AGPE NELLY BAYONA,Are0012,Area Nordeste,Are0029,SubArea Norte de Santander,Solar,No Despachado Centralmente,GNCC,2026-08-03,2026-08-03,SIMEM 0bfc9d + 841808 + 10F2C9
4VCQ,AGPE PISOS Y GRES SAS,Are0012,Area Nordeste,Are0029,SubArea Norte de Santander,Solar,No Despachado Centralmente,GNCC,2026-08-03,2026-08-03,SIMEM 0bfc9d + 841808 + 10F2C9
5IM6,AGPE SUPERMERCADO BETEL BOCONO,Are0012,Area Nordeste,Are0029,SubArea Norte de Santander,Solar,No Despachado Centralmente,GNCC,2026-08-03,2026-08-03,SIMEM 0bfc9d + 841808 + 10F2C9
5IM5,AGPE SUPERMERCADO BETEL CHAPINERO,Are0012,Area Nordeste,Are0029,SubArea Norte de Santander,Solar,No Despachado Centralmente,GNCC,2026-08-03,2026-08-03,SIMEM 0bfc9d + 841808 + 10F2C9
5FPR,AGPE SUPERMERCADO BETEL CHINACOTA,Are0012,Area Nordeste,Are0029,SubArea Norte de Santander,Solar,No Despachado Centralmente,GNCC,2026-08-03,2026-08-03,SIMEM 0bfc9d + 841808 + 10F2C9
5IM9,AGPE SUPERMERCADO BETEL LA FLORESTA,Are0012,Area Nordeste,Are0029,SubArea Norte de Santander,Solar,No Despachado Centralmente,GNCC,2026-08-03,2026-08-03,SIMEM 0bfc9d + 841808 + 10F2C9
5WT3,AGPE SUPERMERCADO JM PLUS SAS,Are0012,Area Nordeste,Are0029,SubArea Norte de Santander,Solar,No Despachado Centralmente,GNCC,2026-08-03,2026-08-03,SIMEM 0bfc9d + 841808 + 10F2C9
5AU6,AGPE SUPERMERCADO LOS MONTES CEIBA II,Are0012,Area Nordeste,Are0029,SubArea Norte de Santander,Solar,No Despachado Centralmente,GNCC,2026-08-03,2026-08-03,SIMEM 0bfc9d + 841808 + 10F2C9
5ASR,AGPE SUPERMERCADO TODO EN UNO PARQUE REAL,Are0012,Area Nordeste,Are0029,SubArea Norte de Santander,Solar,No Despachado Centralmente,GNCC,2026-08-03,2026-08-03,SIMEM 0bfc9d + 841808 + 10F2C9
4YBU,AGPE TENNIS GOLF CLUB,Are0012,Area Nordeste,Are0029,SubArea Norte de Santander,Solar,No Despachado Centralmente,EPMC,2026-08-03,2026-08-03,SIMEM 0bfc9d + 841808 + 10F2C9
3LC7,AGPE UNIPLAST SAS,Are0012,Area Nordeste,Are0029,SubArea Norte de Santander,Solar,No Despachado Centralmente,GNCC,2026-08-03,2026-08-03,SIMEM 0bfc9d + 841808 + 10F2C9
5LSQ,AGPE WIEDII SAS,Are0012,Area Nordeste,Are0029,SubArea Norte de Santander,Solar,No Despachado Centralmente,GNCC,2026-08-03,2026-08-03,SIMEM 0bfc9d + 841808 + 10F2C9
5BPX,GD AGUSTIN I,Are0012,Area Nordeste,Are0029,SubArea Norte de Santander,Solar,No Despachado Centralmente,UNGG,2026-08-03,2026-08-03,SIMEM 0bfc9d + 841808 + 10F2C9
5QFM,GD AGUSTIN II,Are0012,Area Nordeste,Are0029,SubArea Norte de Santander,Solar,No Despachado Centralmente,UNGG,2026-08-03,2026-08-03,SIMEM 0bfc9d + 841808 + 10F2C9
5QTA,GD AGUSTIN III,Are0012,Area Nordeste,Are0029,SubArea Norte de Santander,Solar,No Despachado Centralmente,UNGG,2026-08-03,2026-08-03,SIMEM 0bfc9d + 841808 + 10F2C9
5FPM,GD ASTROLUMEN LA GARITA,Are0012,Area Nordeste,Are0029,SubArea Norte de Santander,Solar,No Despachado Centralmente,UNGG,2026-08-03,2026-08-03,SIMEM 0bfc9d + 841808 + 10F2C9
5FPK,GD BIOSOLAR,Are0012,Area Nordeste,Are0029,SubArea Norte de Santander,Solar,No Despachado Centralmente,UNGG,2026-08-03,2026-08-03,SIMEM 0bfc9d + 841808 + 10F2C9
5LTB,GD ERCO ISIDORI,Are0012,Area Nordeste,Are0029,SubArea Norte de Santander,Solar,No Despachado Centralmente,ERRG,2026-08-03,2026-08-03,SIMEM 0bfc9d + 841808 + 10F2C9
5QTJ,GD GRANJA SOLAR SAN AGUSTIN,Are0012,Area Nordeste,Are0029,SubArea Norte de Santander,Solar,No Despachado Centralmente,UNGG,2026-08-03,2026-08-03,SIMEM 0bfc9d + 841808 + 10F2C9
5FPL,GRANJA SOLAR LA GARITA,Are0012,Area Nordeste,Are0029,SubArea Norte de Santander,Solar,No Despachado Centralmente,UNGG,2026-08-03,2026-08-03,SIMEM 0bfc9d + 841808 + 10F2C9
MATA,LA MATA,Are0012,Area Nordeste,Are0029,SubArea Norte de Santander,Solar,Despachado Centralmente,SLMG,2026-08-03,2026-08-03,SIMEM 0bfc9d + 841808 + 10F2C9
4YL8,PETALO DEL NORTE DE SANTANDER I,Are0012,Area Nordeste,Are0029,SubArea Norte de Santander,Solar,No Despachado Centralmente,ERRG,2026-08-03,2026-08-03,SIMEM 0bfc9d + 841808 + 10F2C9
3IQA,SUNNORTE,Are0012,Area Nordeste,Are0029,SubArea Norte de Santander,Solar,Despachado Centralmente,GNSG,2026-08-03,2026-08-03,SIMEM 0bfc9d + 841808 + 10F2C9
TSJ1,TASAJERO 1,Are0012,Area Nordeste,Are0029,SubArea Norte de Santander,Termica,Despachado Centralmente,TRMG,2026-08-03,2026-08-03,SIMEM 0bfc9d + 841808 + 10F2C9
TSJ2,TASAJERO 2,Are0012,Area Nordeste,Are0029,SubArea Norte de Santander,Termica,Despachado Centralmente,TERG,2026-08-03,2026-08-03,SIMEM 0bfc9d + 841808 + 10F2C9
4UKS,AGPE  METALTECO PLANTA 2,Are0012,Area Nordeste,Are0131,SubArea Santander,Solar,No Despachado Centralmente,GNCC,2026-08-03,2026-08-03,SIMEM 0bfc9d + 841808 + 10F2C9
5JGA,AGPE ANTENA RCN RADIO SAN JOSE,Are0012,Area Nordeste,Are0131,SubArea Santander,Solar,No Despachado Centralmente,GNCC,2026-08-03,2026-08-03,SIMEM 0bfc9d + 841808 + 10F2C9
3IQE,AGPE ASADERO MAC POLLO,Are0012,Area Nordeste,Are0131,SubArea Santander,Solar,No Despachado Centralmente,GNCC,2026-08-03,2026-08-03,SIMEM 0bfc9d + 841808 + 10F2C9
3I7Z,AGPE AUTOSERVICIO LA QUINTA,Are0012,Area Nordeste,Are0131,SubArea Santander,Solar,No Despachado Centralmente,GNCC,2026-08-03,2026-08-03,SIMEM 0bfc9d + 841808 + 10F2C9
5NKM,AGPE AVICOLA EL MADRONO FINCA TORCOROMA,Are0012,Area Nordeste,Are0131,SubArea Santander,Solar,No Despachado Centralmente,GNCC,2026-08-03,2026-08-03,SIMEM 0bfc9d + 841808 + 10F2C9
5MAI,AGPE CAJASAN LAGOS,Are0012,Area Nordeste,Are0131,SubArea Santander,Solar,No Despachado Centralmente,RTQC,2026-08-03,2026-08-03,SIMEM 0bfc9d + 841808 + 10F2C9
4VZ3,AGPE CAMPEROS DE SANTANDER SA CAMPESA 1,Are0012,Area Nordeste,Are0131,SubArea Santander,Solar,No Despachado Centralmente,GNCC,2026-08-03,2026-08-03,SIMEM 0bfc9d + 841808 + 10F2C9
4VZ5,AGPE CAMPESA ANILLO VIAL,Are0012,Area Nordeste,Are0131,SubArea Santander,Solar,No Despachado Centralmente,GNCC,2026-08-03,2026-08-03,SIMEM 0bfc9d + 841808 + 10F2C9
3EPL,AGPE CAMPOALEGRE,Are0012,Area Nordeste,Are0131,SubArea Santander,Solar,No Despachado Centralmente,RTQC,2026-08-03,2026-08-03,SIMEM 0bfc9d + 841808 + 10F2C9
5NKZ,AGPE CC CANAVERAL,Are0012,Area Nordeste,Are0131,SubArea Santander,Solar,No Despachado Centralmente,RTQC,2026-08-03,2026-08-03,SIMEM 0bfc9d + 841808 + 10F2C9
5GEV,AGPE CC EL PUENTE,Are0012,Area Nordeste,Are0131,SubArea Santander,Solar,No Despachado Centralmente,RTQC,2026-08-03,2026-08-03,SIMEM 0bfc9d + 841808 + 10F2C9
3KA6,AGPE CC LA FLORIDA I,Are0012,Area Nordeste,Are0131,SubArea Santander,Solar,No Despachado Centralmente,RTQC,2026-08-03,2026-08-03,SIMEM 0bfc9d + 841808 + 10F2C9
3KR4,AGPE CC LA FLORIDA II,Are0012,Area Nordeste,Are0131,SubArea Santander,Solar,No Despachado Centralmente,RTQC,2026-08-03,2026-08-03,SIMEM 0bfc9d + 841808 + 10F2C9
4SU1,AGPE CC SAN SILVESTRE,Are0012,Area Nordeste,Are0131,SubArea Santander,Solar,No Despachado Centralmente,RTQC,2026-08-03,2026-08-03,SIMEM 0bfc9d + 841808 + 10F2C9
3HGI,AGPE CENTRO ADMINISTRATIVO FASE I,Are0012,Area Nordeste,Are0131,SubArea Santander,Solar,No Despachado Centralmente,RTQC,2026-08-03,2026-08-03,SIMEM 0bfc9d + 841808 + 10F2C9
3HGK,AGPE CENTRO ADMINISTRATIVO FASE II,Are0012,Area Nordeste,Are0131,SubArea Santander,Solar,No Despachado Centralmente,RTQC,2026-08-03,2026-08-03,SIMEM 0bfc9d + 841808 + 10F2C9
4TK3,AGPE CENTRO COMERCIAL LA QUINTA,Are0012,Area Nordeste,Are0131,SubArea Santander,Solar,No Despachado Centralmente,RTQC,2026-08-03,2026-08-03,SIMEM 0bfc9d + 841808 + 10F2C9
3JNN,AGPE CENTROABASTOS SA,Are0012,Area Nordeste,Are0131,SubArea Santander,Solar,No Despachado Centralmente,RTQC,2026-08-03,2026-08-03,SIMEM 0bfc9d + 841808 + 10F2C9
5LSS,AGPE COLEGIO DIVINO NINO JESUS,Are0012,Area Nordeste,Are0131,SubArea Santander,Solar,No Despachado Centralmente,GNCC,2026-08-03,2026-08-03,SIMEM 0bfc9d + 841808 + 10F2C9
5WT7,AGPE COLEGIO LA MERCED,Are0012,Area Nordeste,Are0131,SubArea Santander,Solar,No Despachado Centralmente,GNCC,2026-08-03,2026-08-03,SIMEM 0bfc9d + 841808 + 10F2C9
5K7L,AGPE COLEGIO PANAMERICANO,Are0012,Area Nordeste,Are0131,SubArea Santander,Solar,No Despachado Centralmente,RTQC,2026-08-03,2026-08-03,SIMEM 0bfc9d + 841808 + 10F2C9
3Q8Y,AGPE CONCENTRADOS ESPARTACO,Are0012,Area Nordeste,Are0131,SubArea Santander,Solar,No Despachado Centralmente,GNCC,2026-08-03,2026-08-03,SIMEM 0bfc9d + 841808 + 10F2C9
3I71,AGPE COOTRASUR FLORIDABLANCA,Are0012,Area Nordeste,Are0131,SubArea Santander,Solar,No Despachado Centralmente,GNCC,2026-08-03,2026-08-03,SIMEM 0bfc9d + 841808 + 10F2C9
3E2I,AGPE EL HUECO BELLEZA,Are0012,Area Nordeste,Are0131,SubArea Santander,Solar,No Despachado Centralmente,GNCC,2026-08-03,2026-08-03,SIMEM 0bfc9d + 841808 + 10F2C9
3EGU,AGPE EL HUECO PAPELERIA,Are0012,Area Nordeste,Are0131,SubArea Santander,Solar,No Despachado Centralmente,GNCC,2026-08-03,2026-08-03,SIMEM 0bfc9d + 841808 + 10F2C9
4TKF,AGPE ESTACION DE SERVICIO MOYA,Are0012,Area Nordeste,Are0131,SubArea Santander,Solar,No Despachado Centralmente,GNCC,2026-08-03,2026-08-03,SIMEM 0bfc9d + 841808 + 10F2C9
3GFQ,AGPE FERCH2,Are0012,Area Nordeste,Are0131,SubArea Santander,Solar,No Despachado Centralmente,RTQG,2026-08-03,2026-08-03,SIMEM 0bfc9d + 841808 + 10F2C9
4YGL,AGPE FRIGOMETRO GIRON,Are0012,Area Nordeste,Are0131,SubArea Santander,Solar,No Despachado Centralmente,ISGC,2026-08-03,2026-08-03,SIMEM 0bfc9d + 841808 + 10F2C9
5H1H,AGPE FRIGORIFICO RIOFRIO,Are0012,Area Nordeste,Are0131,SubArea Santander,Solar,No Despachado Centralmente,EPMC,2026-08-03,2026-08-03,SIMEM 0bfc9d + 841808 + 10F2C9
4VZD,AGPE G KOI,Are0012,Area Nordeste,Are0131,SubArea Santander,Solar,No Despachado Centralmente,EXEC,2026-08-03,2026-08-03,SIMEM 0bfc9d + 841808 + 10F2C9
5NPU,AGPE GERMANIA ZONAS COMUNES,Are0012,Area Nordeste,Are0131,SubArea Santander,Solar,No Despachado Centralmente,RTQC,2026-08-03,2026-08-03,SIMEM 0bfc9d + 841808 + 10F2C9
3I82,AGPE GIGANTE DE LA MODA,Are0012,Area Nordeste,Are0131,SubArea Santander,Solar,No Despachado Centralmente,GNCC,2026-08-03,2026-08-03,SIMEM 0bfc9d + 841808 + 10F2C9
3E8W,AGPE GRANJA SANTA ROSA,Are0012,Area Nordeste,Are0131,SubArea Santander,Solar,No Despachado Centralmente,GNCC,2026-08-03,2026-08-03,SIMEM 0bfc9d + 841808 + 10F2C9
3GUT,AGPE GRUPO ALIMENTICIO ALBA DEL FONCE,Are0012,Area Nordeste,Are0131,SubArea Santander,Solar,No Despachado Centralmente,RTQC,2026-08-03,2026-08-03,SIMEM 0bfc9d + 841808 + 10F2C9
4UKK,AGPE HOTEL BACHUE,Are0012,Area Nordeste,Are0131,SubArea Santander,Solar,No Despachado Centralmente,GNCC,2026-08-03,2026-08-03,SIMEM 0bfc9d + 841808 + 10F2C9
4RKN,AGPE HOTEL CABECERA COUNTRY,Are0012,Area Nordeste,Are0131,SubArea Santander,Solar,No Despachado Centralmente,RTQC,2026-08-03,2026-08-03,SIMEM 0bfc9d + 841808 + 10F2C9
3F3C,AGPE INDUNILO,Are0012,Area Nordeste,Are0131,SubArea Santander,Solar,No Despachado Centralmente,RTQC,2026-08-03,2026-08-03,SIMEM 0bfc9d + 841808 + 10F2C9
5LNV,AGPE INVERSIONES ZULUAGA RUEDA,Are0012,Area Nordeste,Are0131,SubArea Santander,Solar,No Despachado Centralmente,RTQC,2026-08-03,2026-08-03,SIMEM 0bfc9d + 841808 + 10F2C9
4VY5,AGPE ISMOCOL S A,Are0012,Area Nordeste,Are0131,SubArea Santander,Solar,No Despachado Centralmente,GNCC,2026-08-03,2026-08-03,SIMEM 0bfc9d + 841808 + 10F2C9
4Z95,AGPE LEOTECNICAS LTDA,Are0012,Area Nordeste,Are0131,SubArea Santander,Solar,No Despachado Centralmente,GNCC,2026-08-03,2026-08-03,SIMEM 0bfc9d + 841808 + 10F2C9
3A7F,AGPE LICEO NUEVA GENERACIÓN,Are0012,Area Nordeste,Are0131,SubArea Santander,Solar,No Despachado Centralmente,GNCC,2026-08-03,2026-08-03,SIMEM 0bfc9d + 841808 + 10F2C9
3AB6,AGPE MADOCO SIGLO XXI,Are0012,Area Nordeste,Are0131,SubArea Santander,Solar,No Despachado Centralmente,GNCC,2026-08-03,2026-08-03,SIMEM 0bfc9d + 841808 + 10F2C9
3CGB,AGPE MADOCO SIGLO XXI SEDE II,Are0012,Area Nordeste,Are0131,SubArea Santander,Solar,No Despachado Centralmente,GNCC,2026-08-03,2026-08-03,SIMEM 0bfc9d + 841808 + 10F2C9
4RN3,AGPE METALTECO PLANTA I,Are0012,Area Nordeste,Are0131,SubArea Santander,Solar,No Despachado Centralmente,GNCC,2026-08-03,2026-08-03,SIMEM 0bfc9d + 841808 + 10F2C9
3F2P,AGPE PETROCASINOS,Are0012,Area Nordeste,Are0131,SubArea Santander,Solar,No Despachado Centralmente,RTQC,2026-08-03,2026-08-03,SIMEM 0bfc9d + 841808 + 10F2C9
4Z6P,AGPE PRIMAX BUCARAMANGA,Are0012,Area Nordeste,Are0131,SubArea Santander,Solar,No Despachado Centralmente,NEUC,2026-08-03,2026-08-03,SIMEM 0bfc9d + 841808 + 10F2C9
5TFI,AGPE REDCOL HOLDING NEWPORT SCHOOL,Are0012,Area Nordeste,Are0131,SubArea Santander,Solar,No Despachado Centralmente,GNCC,2026-08-03,2026-08-03,SIMEM 0bfc9d + 841808 + 10F2C9
3IKJ,AGPE RESTAURANTE LA CAZUELA,Are0012,Area Nordeste,Are0131,SubArea Santander,Solar,No Despachado Centralmente,GNCC,2026-08-03,2026-08-03,SIMEM 0bfc9d + 841808 + 10F2C9
3EHZ,AGPE RESTAURANTE ORO NEGRO,Are0012,Area Nordeste,Are0131,SubArea Santander,Solar,No Despachado Centralmente,GNCC,2026-08-03,2026-08-03,SIMEM 0bfc9d + 841808 + 10F2C9
5CF4,AGPE SFV PRIMAX LA RIVIERA,Are0012,Area Nordeste,Are0131,SubArea Santander,Solar,No Despachado Centralmente,RTQC,2026-08-03,2026-08-03,SIMEM 0bfc9d + 841808 + 10F2C9
5NKN,AGPE SSCR 1469 ESPUMAS DE SANTANDER PLANTA,Are0012,Area Nordeste,Are0131,SubArea Santander,Solar,No Despachado Centralmente,GNCC,2026-08-03,2026-08-03,SIMEM 0bfc9d + 841808 + 10F2C9
4WWS,AGPE SSFV CENTRO COMERCIAL ACROPOLIS,Are0012,Area Nordeste,Are0131,SubArea Santander,Solar,No Despachado Centralmente,RTQC,2026-08-03,2026-08-03,SIMEM 0bfc9d + 841808 + 10F2C9
4XQ8,AGPE SUPERMERCADOS MAS POR MENOS SAS,Are0012,Area Nordeste,Are0131,SubArea Santander,Solar,No Despachado Centralmente,GNCC,2026-08-03,2026-08-03,SIMEM 0bfc9d + 841808 + 10F2C9
5ASH,AGPE SUPERMERCADOS MAS POR MENOS SAS CR 27,Are0012,Area Nordeste,Are0131,SubArea Santander,Solar,No Despachado Centralmente,GNCC,2026-08-03,2026-08-03,SIMEM 0bfc9d + 841808 + 10F2C9
5CAI,AGPE SUPERMERCADOS MAS POR MENOS SAS FLORIDA,Are0012,Area Nordeste,Are0131,SubArea Santander,Solar,No Despachado Centralmente,GNCC,2026-08-03,2026-08-03,SIMEM 0bfc9d + 841808 + 10F2C9
4Z9G,AGPE SUPERMERCADOS MAS POR MENOS SAS GUARIN,Are0012,Area Nordeste,Are0131,SubArea Santander,Solar,No Despachado Centralmente,GNCC,2026-08-03,2026-08-03,SIMEM 0bfc9d + 841808 + 10F2C9
4UKO,AGPE SUPERMERCADOS MAS POR MENOS SAS SEDE NOV,Are0012,Area Nordeste,Are0131,SubArea Santander,Solar,No Despachado Centralmente,GNCC,2026-08-03,2026-08-03,SIMEM 0bfc9d + 841808 + 10F2C9
3IJ7,AGPE TERMINAL DE TRANSPORTES DE BUCARAMANGA,Are0012,Area Nordeste,Are0131,SubArea Santander,Solar,No Despachado Centralmente,RTQC,2026-08-03,2026-08-03,SIMEM 0bfc9d + 841808 + 10F2C9
5LOP,AGPE TERPEL PIEDECUESTA,Are0012,Area Nordeste,Are0131,SubArea Santander,Solar,No Despachado Centralmente,BIAC,2026-08-03,2026-08-03,SIMEM 0bfc9d + 841808 + 10F2C9
3AB8,AGPE VENTANAR I,Are0012,Area Nordeste,Are0131,SubArea Santander,Solar,No Despachado Centralmente,RTQC,2026-08-03,2026-08-03,SIMEM 0bfc9d + 841808 + 10F2C9
5K7E,AGPE VITELSA118,Are0012,Area Nordeste,Are0131,SubArea Santander,Solar,No Despachado Centralmente,EPMC,2026-08-03,2026-08-03,SIMEM 0bfc9d + 841808 + 10F2C9
5UV3,AGPE ZONA COMUN EDIFICIO CENTRO MEDICO CLINICA,Are0012,Area Nordeste,Are0131,SubArea Santander,Solar,No Despachado Centralmente,GNCC,2026-08-03,2026-08-03,SIMEM 0bfc9d + 841808 + 10F2C9
CSC1,CASCADA,Are0012,Area Nordeste,Are0131,SubArea Santander,Hidraulica,No Despachado Centralmente,EPMG,2026-08-03,2026-08-03,SIMEM 0bfc9d + 841808 + 10F2C9
4YLA,GD ALEJANDRIA I,Are0012,Area Nordeste,Are0131,SubArea Santander,Solar,No Despachado Centralmente,PRIG,2026-08-03,2026-08-03,SIMEM 0bfc9d + 841808 + 10F2C9
4YLE,GD ALEJANDRIA II,Are0012,Area Nordeste,Are0131,SubArea Santander,Solar,No Despachado Centralmente,PRIG,2026-08-03,2026-08-03,SIMEM 0bfc9d + 841808 + 10F2C9
4YLC,GD ALEJANDRIA III,Are0012,Area Nordeste,Are0131,SubArea Santander,Solar,No Despachado Centralmente,PRIG,2026-08-03,2026-08-03,SIMEM 0bfc9d + 841808 + 10F2C9
5B15,GD MGS 0013 LA MESA,Are0012,Area Nordeste,Are0131,SubArea Santander,Solar,No Despachado Centralmente,UNGG,2026-08-03,2026-08-03,SIMEM 0bfc9d + 841808 + 10F2C9
5AUE,GD PXV I,Are0012,Area Nordeste,Are0131,SubArea Santander,Solar,No Despachado Centralmente,ESNG,2026-08-03,2026-08-03,SIMEM 0bfc9d + 841808 + 10F2C9
5AUG,GD PXV IV,Are0012,Area Nordeste,Are0131,SubArea Santander,Solar,No Despachado Centralmente,ESNG,2026-08-03,2026-08-03,SIMEM 0bfc9d + 841808 + 10F2C9
MRL1,MERILECTRICA 1,Are0012,Area Nordeste,Are0131,SubArea Santander,Termica,Despachado Centralmente,EPSG,2026-08-03,2026-08-03,SIMEM 0bfc9d + 841808 + 10F2C9
4ULS,MINIGRANJA EL OLIMPO,Are0012,Area Nordeste,Are0131,SubArea Santander,Solar,No Despachado Centralmente,UNGG,2026-08-03,2026-08-03,SIMEM 0bfc9d + 841808 + 10F2C9
4ULO,MINIGRANJA LA RESERVA,Are0012,Area Nordeste,Are0131,SubArea Santander,Solar,No Despachado Centralmente,UNGG,2026-08-03,2026-08-03,SIMEM 0bfc9d + 841808 + 10F2C9
PLM1,PALMAS SAN GIL,Are0012,Area Nordeste,Are0131,SubArea Santander,Hidraulica,No Despachado Centralmente,EPMG,2026-08-03,2026-08-03,SIMEM 0bfc9d + 841808 + 10F2C9
SOG1,SOGAMOSO,Are0012,Area Nordeste,Are0131,SubArea Santander,Hidraulica,Despachado Centralmente,ISGG,2026-08-03,2026-08-03,SIMEM 0bfc9d + 841808 + 10F2C9
TRM1,TERMOCENTRO CC,Are0012,Area Nordeste,Are0131,SubArea Santander,Termica,Despachado Centralmente,TCNG,2026-08-03,2026-08-03,SIMEM 0bfc9d + 841808 + 10F2C9
5TI1,AGPE  TIENDA ARA LA MESA,Are0056,Area Oriental,Are0017,SubArea Bogota,Solar,No Despachado Centralmente,GNCC,2026-08-03,2026-08-03,SIMEM 0bfc9d + 841808 + 10F2C9
5GF7,AGPE 108KW CC GRAN PLAZA BOSA,Are0056,Area Oriental,Are0017,SubArea Bogota,Solar,No Despachado Centralmente,EPSC,2026-08-03,2026-08-03,SIMEM 0bfc9d + 841808 + 10F2C9
4UKQ,AGPE 267 CIUDAD LATINA,Are0056,Area Oriental,Are0017,SubArea Bogota,Solar,No Despachado Centralmente,GNCC,2026-08-03,2026-08-03,SIMEM 0bfc9d + 841808 + 10F2C9
5AUA,AGPE 276 MINUTO DE DIOS,Are0056,Area Oriental,Are0017,SubArea Bogota,Solar,No Despachado Centralmente,GNCC,2026-08-03,2026-08-03,SIMEM 0bfc9d + 841808 + 10F2C9
4VYD,AGPE 277 PARQUE ENGATIVA,Are0056,Area Oriental,Are0017,SubArea Bogota,Solar,No Despachado Centralmente,GNCC,2026-08-03,2026-08-03,SIMEM 0bfc9d + 841808 + 10F2C9
4UKC,AGPE 303 ANAPOIMA,Are0056,Area Oriental,Are0017,SubArea Bogota,Solar,No Despachado Centralmente,GNCC,2026-08-03,2026-08-03,SIMEM 0bfc9d + 841808 + 10F2C9
4WX5,AGPE 319 SUBA LAS FLORES,Are0056,Area Oriental,Are0017,SubArea Bogota,Solar,No Despachado Centralmente,GNCC,2026-08-03,2026-08-03,SIMEM 0bfc9d + 841808 + 10F2C9
4UKU,AGPE 343 CENTRO MOSQUERA,Are0056,Area Oriental,Are0017,SubArea Bogota,Solar,No Despachado Centralmente,GNCC,2026-08-03,2026-08-03,SIMEM 0bfc9d + 841808 + 10F2C9
5JDK,AGPE ABRLIN1,Are0056,Area Oriental,Are0017,SubArea Bogota,Solar,No Despachado Centralmente,ETTC,2026-08-03,2026-08-03,SIMEM 0bfc9d + 841808 + 10F2C9
3Q9E,AGPE AGROMONTE,Are0056,Area Oriental,Are0017,SubArea Bogota,Solar,No Despachado Centralmente,ETTC,2026-08-03,2026-08-03,SIMEM 0bfc9d + 841808 + 10F2C9
3C4T,AGPE AGROMONTE CASA DE PEDRO,Are0056,Area Oriental,Are0017,SubArea Bogota,Solar,No Despachado Centralmente,ETTC,2026-08-03,2026-08-03,SIMEM 0bfc9d + 841808 + 10F2C9
3K7T,AGPE ANDALUCIA PORTERIA,Are0056,Area Oriental,Are0017,SubArea Bogota,Solar,No Despachado Centralmente,GNCC,2026-08-03,2026-08-03,SIMEM 0bfc9d + 841808 + 10F2C9
3K7R,AGPE ANDALUCIA POSCOSECHA,Are0056,Area Oriental,Are0017,SubArea Bogota,Solar,No Despachado Centralmente,GNCC,2026-08-03,2026-08-03,SIMEM 0bfc9d + 841808 + 10F2C9
3K7P,AGPE ANDALUCIA TALLER,Are0056,Area Oriental,Are0017,SubArea Bogota,Solar,No Despachado Centralmente,GNCC,2026-08-03,2026-08-03,SIMEM 0bfc9d + 841808 + 10F2C9
5AU2,AGPE ARA 178 COTA CENTRO,Are0056,Area Oriental,Are0017,SubArea Bogota,Solar,No Despachado Centralmente,GNCC,2026-08-03,2026-08-03,SIMEM 0bfc9d + 841808 + 10F2C9
5AU8,AGPE ARA 307 BARRANCA DOS,Are0056,Area Oriental,Are0017,SubArea Bogota,Solar,No Despachado Centralmente,GNCC,2026-08-03,2026-08-03,SIMEM 0bfc9d + 841808 + 10F2C9
5E72,AGPE AUTOGAS AVENIDA 68,Are0056,Area Oriental,Are0017,SubArea Bogota,Solar,No Despachado Centralmente,NEUC,2026-08-03,2026-08-03,SIMEM 0bfc9d + 841808 + 10F2C9
5E6W,AGPE AUTOGAS CALLE 49,Are0056,Area Oriental,Are0017,SubArea Bogota,Solar,No Despachado Centralmente,NEUC,2026-08-03,2026-08-03,SIMEM 0bfc9d + 841808 + 10F2C9
5E6V,AGPE AUTOGAS ERMITA,Are0056,Area Oriental,Are0017,SubArea Bogota,Solar,No Despachado Centralmente,NEUC,2026-08-03,2026-08-03,SIMEM 0bfc9d + 841808 + 10F2C9
5EEO,AGPE AUTOGAS INDUSTRIAL GNC,Are0056,Area Oriental,Are0017,SubArea Bogota,Solar,No Despachado Centralmente,NEUC,2026-08-03,2026-08-03,SIMEM 0bfc9d + 841808 + 10F2C9
5FOU,AGPE AUTOGAS MUZU GAS,Are0056,Area Oriental,Are0017,SubArea Bogota,Solar,No Despachado Centralmente,NEUC,2026-08-03,2026-08-03,SIMEM 0bfc9d + 841808 + 10F2C9
5E74,AGPE AUTOGAS SANTANDER GNC,Are0056,Area Oriental,Are0017,SubArea Bogota,Solar,No Despachado Centralmente,NEUC,2026-08-03,2026-08-03,SIMEM 0bfc9d + 841808 + 10F2C9
5E6P,AGPE AUTOGAS TEXACO 28,Are0056,Area Oriental,Are0017,SubArea Bogota,Solar,No Despachado Centralmente,NEUC,2026-08-03,2026-08-03,SIMEM 0bfc9d + 841808 + 10F2C9
5FPO,AGPE AVCH1,Are0056,Area Oriental,Are0017,SubArea Bogota,Solar,No Despachado Centralmente,ETTC,2026-08-03,2026-08-03,SIMEM 0bfc9d + 841808 + 10F2C9
5FPP,AGPE AVCH2,Are0056,Area Oriental,Are0017,SubArea Bogota,Solar,No Despachado Centralmente,ETTC,2026-08-03,2026-08-03,SIMEM 0bfc9d + 841808 + 10F2C9
5FPQ,AGPE AVCH3,Are0056,Area Oriental,Are0017,SubArea Bogota,Solar,No Despachado Centralmente,ETTC,2026-08-03,2026-08-03,SIMEM 0bfc9d + 841808 + 10F2C9
5JR7,AGPE AVICOLA DEL MAGDALENA SA,Are0056,Area Oriental,Are0017,SubArea Bogota,Solar,No Despachado Centralmente,EXEC,2026-08-03,2026-08-03,SIMEM 0bfc9d + 841808 + 10F2C9
3D8D,AGPE BIOEMPACK,Are0056,Area Oriental,Are0017,SubArea Bogota,Solar,No Despachado Centralmente,ETTC,2026-08-03,2026-08-03,SIMEM 0bfc9d + 841808 + 10F2C9
4WOE,AGPE BLU LOGISTICS,Are0056,Area Oriental,Are0017,SubArea Bogota,Solar,No Despachado Centralmente,GNCC,2026-08-03,2026-08-03,SIMEM 0bfc9d + 841808 + 10F2C9
5O1S,AGPE BLUEBERRIES,Are0056,Area Oriental,Are0017,SubArea Bogota,Solar,No Despachado Centralmente,GNCC,2026-08-03,2026-08-03,SIMEM 0bfc9d + 841808 + 10F2C9
3IMN,AGPE BODYTECH CHAPINERO,Are0056,Area Oriental,Are0017,SubArea Bogota,Solar,No Despachado Centralmente,EXEC,2026-08-03,2026-08-03,SIMEM 0bfc9d + 841808 + 10F2C9
3J2O,AGPE BODYTECH CHICO,Are0056,Area Oriental,Are0017,SubArea Bogota,Solar,No Despachado Centralmente,BIAC,2026-08-03,2026-08-03,SIMEM 0bfc9d + 841808 + 10F2C9
3IML,AGPE BODYTECH COLINA,Are0056,Area Oriental,Are0017,SubArea Bogota,Solar,No Despachado Centralmente,EXEC,2026-08-03,2026-08-03,SIMEM 0bfc9d + 841808 + 10F2C9
3IKH,AGPE BODYTECH KENNEDY,Are0056,Area Oriental,Are0017,SubArea Bogota,Solar,No Despachado Centralmente,EXEC,2026-08-03,2026-08-03,SIMEM 0bfc9d + 841808 + 10F2C9
3IKP,AGPE BODYTECH NORMANDIA,Are0056,Area Oriental,Are0017,SubArea Bogota,Solar,No Despachado Centralmente,EXEC,2026-08-03,2026-08-03,SIMEM 0bfc9d + 841808 + 10F2C9
5TQS,AGPE CALIDRA COLOMBIA SAS,Are0056,Area Oriental,Are0017,SubArea Bogota,Solar,No Despachado Centralmente,EPMC,2026-08-03,2026-08-03,SIMEM 0bfc9d + 841808 + 10F2C9
3NUI,AGPE CALZADO JOVICAL,Are0056,Area Oriental,Are0017,SubArea Bogota,Solar,No Despachado Centralmente,GNCC,2026-08-03,2026-08-03,SIMEM 0bfc9d + 841808 + 10F2C9
5TQU,AGPE CAPRI 2,Are0056,Area Oriental,Are0017,SubArea Bogota,Solar,No Despachado Centralmente,EPMC,2026-08-03,2026-08-03,SIMEM 0bfc9d + 841808 + 10F2C9
5QQX,AGPE CARIBE BROCHAS Y HERRAMIENTAS SAS,Are0056,Area Oriental,Are0017,SubArea Bogota,Solar,No Despachado Centralmente,BIAC,2026-08-03,2026-08-03,SIMEM 0bfc9d + 841808 + 10F2C9
4Z9K,AGPE CARLOS BUITRAGO BUITRAGO,Are0056,Area Oriental,Are0017,SubArea Bogota,Solar,No Despachado Centralmente,GNCC,2026-08-03,2026-08-03,SIMEM 0bfc9d + 841808 + 10F2C9
5MA9,AGPE CARTONAL,Are0056,Area Oriental,Are0017,SubArea Bogota,Solar,No Despachado Centralmente,EPSC,2026-08-03,2026-08-03,SIMEM 0bfc9d + 841808 + 10F2C9
5DW7,AGPE CC SANTAFE,Are0056,Area Oriental,Are0017,SubArea Bogota,Solar,No Despachado Centralmente,EXEC,2026-08-03,2026-08-03,SIMEM 0bfc9d + 841808 + 10F2C9
5LT7,AGPE CCPA ETAPA 3,Are0056,Area Oriental,Are0017,SubArea Bogota,Solar,No Despachado Centralmente,EXEC,2026-08-03,2026-08-03,SIMEM 0bfc9d + 841808 + 10F2C9
5LT8,AGPE CCPA ETAPA 8,Are0056,Area Oriental,Are0017,SubArea Bogota,Solar,No Despachado Centralmente,EXEC,2026-08-03,2026-08-03,SIMEM 0bfc9d + 841808 + 10F2C9
5LTC,AGPE CCPA ETAPA 9,Are0056,Area Oriental,Are0017,SubArea Bogota,Solar,No Despachado Centralmente,EXEC,2026-08-03,2026-08-03,SIMEM 0bfc9d + 841808 + 10F2C9
5MAL,AGPE CECH1,Are0056,Area Oriental,Are0017,SubArea Bogota,Solar,No Despachado Centralmente,ETTC,2026-08-03,2026-08-03,SIMEM 0bfc9d + 841808 + 10F2C9
3QKA,AGPE CEDITITAN,Are0056,Area Oriental,Are0017,SubArea Bogota,Solar,No Despachado Centralmente,ETTC,2026-08-03,2026-08-03,SIMEM 0bfc9d + 841808 + 10F2C9
3Q81,AGPE CFLOWERS,Are0056,Area Oriental,Are0017,SubArea Bogota,Solar,No Despachado Centralmente,ETTC,2026-08-03,2026-08-03,SIMEM 0bfc9d + 841808 + 10F2C9
5U9Y,AGPE COBRL1,Are0056,Area Oriental,Are0017,SubArea Bogota,Solar,No Despachado Centralmente,ETTC,2026-08-03,2026-08-03,SIMEM 0bfc9d + 841808 + 10F2C9
5QSV,AGPE COFLO 1,Are0056,Area Oriental,Are0017,SubArea Bogota,Solar,No Despachado Centralmente,ETTC,2026-08-03,2026-08-03,SIMEM 0bfc9d + 841808 + 10F2C9
4Y4W,AGPE COFRA1,Are0056,Area Oriental,Are0017,SubArea Bogota,Solar,No Despachado Centralmente,ETTC,2026-08-03,2026-08-03,SIMEM 0bfc9d + 841808 + 10F2C9
3NAI,AGPE COLEGIO CLARETIANO,Are0056,Area Oriental,Are0017,SubArea Bogota,Solar,No Despachado Centralmente,GNCC,2026-08-03,2026-08-03,SIMEM 0bfc9d + 841808 + 10F2C9
5ILK,AGPE COLEGIO HACIENDA LOS ALCAPARROS,Are0056,Area Oriental,Are0017,SubArea Bogota,Solar,No Despachado Centralmente,NEUC,2026-08-03,2026-08-03,SIMEM 0bfc9d + 841808 + 10F2C9
3ENC,AGPE COLORPLASTIC,Are0056,Area Oriental,Are0017,SubArea Bogota,Solar,No Despachado Centralmente,BIAC,2026-08-03,2026-08-03,SIMEM 0bfc9d + 841808 + 10F2C9
5MAC,AGPE COMPLASESA SAS,Are0056,Area Oriental,Are0017,SubArea Bogota,Solar,No Despachado Centralmente,FERC,2026-08-03,2026-08-03,SIMEM 0bfc9d + 841808 + 10F2C9
5J8D,AGPE CORPLASTICOS,Are0056,Area Oriental,Are0017,SubArea Bogota,Solar,No Despachado Centralmente,GNCC,2026-08-03,2026-08-03,SIMEM 0bfc9d + 841808 + 10F2C9
3I3I,AGPE CORPORACION EMPRESARIAL CARRERA,Are0056,Area Oriental,Are0017,SubArea Bogota,Solar,No Despachado Centralmente,EXEC,2026-08-03,2026-08-03,SIMEM 0bfc9d + 841808 + 10F2C9
5E78,AGPE D1 SAS LA VEGA PLAZA,Are0056,Area Oriental,Are0017,SubArea Bogota,Solar,No Despachado Centralmente,GNCC,2026-08-03,2026-08-03,SIMEM 0bfc9d + 841808 + 10F2C9
3I3K,AGPE DELIPAVO TENJO,Are0056,Area Oriental,Are0017,SubArea Bogota,Solar,No Despachado Centralmente,GNCC,2026-08-03,2026-08-03,SIMEM 0bfc9d + 841808 + 10F2C9
5MA8,AGPE DEPOSITOS URBANOS SAS,Are0056,Area Oriental,Are0017,SubArea Bogota,Solar,No Despachado Centralmente,BIAC,2026-08-03,2026-08-03,SIMEM 0bfc9d + 841808 + 10F2C9
5MA6,AGPE DEPOSITOS URBANOS SAS CLL 144,Are0056,Area Oriental,Are0017,SubArea Bogota,Solar,No Despachado Centralmente,BIAC,2026-08-03,2026-08-03,SIMEM 0bfc9d + 841808 + 10F2C9
5TRL,AGPE DIEGO FERNANDO ZUTTA ORTEGA,Are0056,Area Oriental,Are0017,SubArea Bogota,Solar,No Despachado Centralmente,ENBC,2026-08-03,2026-08-03,SIMEM 0bfc9d + 841808 + 10F2C9
5QR4,AGPE DISPOR1,Are0056,Area Oriental,Are0017,SubArea Bogota,Solar,No Despachado Centralmente,ETTC,2026-08-03,2026-08-03,SIMEM 0bfc9d + 841808 + 10F2C9
5SER,AGPE DONEUS1,Are0056,Area Oriental,Are0017,SubArea Bogota,Solar,No Despachado Centralmente,ETTC,2026-08-03,2026-08-03,SIMEM 0bfc9d + 841808 + 10F2C9
3RGR,AGPE DORIA MOSQUERA,Are0056,Area Oriental,Are0017,SubArea Bogota,Solar,No Despachado Centralmente,EPMC,2026-08-03,2026-08-03,SIMEM 0bfc9d + 841808 + 10F2C9
3PZZ,AGPE ECO FLORAL,Are0056,Area Oriental,Are0017,SubArea Bogota,Solar,No Despachado Centralmente,ETTC,2026-08-03,2026-08-03,SIMEM 0bfc9d + 841808 + 10F2C9
4QZY,AGPE ECOGYP,Are0056,Area Oriental,Are0017,SubArea Bogota,Solar,No Despachado Centralmente,ETTC,2026-08-03,2026-08-03,SIMEM 0bfc9d + 841808 + 10F2C9
3HJE,AGPE EDFICIO CARRERA SEPTIMA,Are0056,Area Oriental,Are0017,SubArea Bogota,Solar,No Despachado Centralmente,EXEC,2026-08-03,2026-08-03,SIMEM 0bfc9d + 841808 + 10F2C9
5JG8,AGPE EDGAR RICARDO ROJAS ECHEVERRY,Are0056,Area Oriental,Are0017,SubArea Bogota,Solar,No Despachado Centralmente,ENBC,2026-08-03,2026-08-03,SIMEM 0bfc9d + 841808 + 10F2C9
3A47,AGPE EDIFICIO CHICO 103-PH,Are0056,Area Oriental,Are0017,SubArea Bogota,Solar,No Despachado Centralmente,ETTC,2026-08-03,2026-08-03,SIMEM 0bfc9d + 841808 + 10F2C9
3HRU,AGPE EDIFICIO CITY,Are0056,Area Oriental,Are0017,SubArea Bogota,Solar,No Despachado Centralmente,ETTC,2026-08-03,2026-08-03,SIMEM 0bfc9d + 841808 + 10F2C9
4YBE,AGPE EIS1,Are0056,Area Oriental,Are0017,SubArea Bogota,Solar,No Despachado Centralmente,ETTC,2026-08-03,2026-08-03,SIMEM 0bfc9d + 841808 + 10F2C9
3I6V,AGPE EL CARRIEL FUNZA 2,Are0056,Area Oriental,Are0017,SubArea Bogota,Solar,No Despachado Centralmente,NEUC,2026-08-03,2026-08-03,SIMEM 0bfc9d + 841808 + 10F2C9
5ACZ,AGPE EXXON MOBIL,Are0056,Area Oriental,Are0017,SubArea Bogota,Solar,No Despachado Centralmente,EMIC,2026-08-03,2026-08-03,SIMEM 0bfc9d + 841808 + 10F2C9
4RP6,AGPE FAMJ1,Are0056,Area Oriental,Are0017,SubArea Bogota,Solar,No Despachado Centralmente,ETTC,2026-08-03,2026-08-03,SIMEM 0bfc9d + 841808 + 10F2C9
3QPI,AGPE FARMATODO 127,Are0056,Area Oriental,Are0017,SubArea Bogota,Solar,No Despachado Centralmente,BIAC,2026-08-03,2026-08-03,SIMEM 0bfc9d + 841808 + 10F2C9
5F72,AGPE FARMATODO BOG CL 140,Are0056,Area Oriental,Are0017,SubArea Bogota,Solar,No Despachado Centralmente,BIAC,2026-08-03,2026-08-03,SIMEM 0bfc9d + 841808 + 10F2C9
3QPU,AGPE FARMATODO CASABLANCA,Are0056,Area Oriental,Are0017,SubArea Bogota,Solar,No Despachado Centralmente,BIAC,2026-08-03,2026-08-03,SIMEM 0bfc9d + 841808 + 10F2C9
3QPW,AGPE FARMATODO COLINA,Are0056,Area Oriental,Are0017,SubArea Bogota,Solar,No Despachado Centralmente,BIAC,2026-08-03,2026-08-03,SIMEM 0bfc9d + 841808 + 10F2C9
5F73,AGPE FARMATODO COLOMBIA SA,Are0056,Area Oriental,Are0017,SubArea Bogota,Solar,No Despachado Centralmente,BIAC,2026-08-03,2026-08-03,SIMEM 0bfc9d + 841808 + 10F2C9
5JS6,AGPE FARMATODO HAYUELOS,Are0056,Area Oriental,Are0017,SubArea Bogota,Solar,No Despachado Centralmente,BIAC,2026-08-03,2026-08-03,SIMEM 0bfc9d + 841808 + 10F2C9
3QPY,AGPE FARMATODO SANTA BIBIANA,Are0056,Area Oriental,Are0017,SubArea Bogota,Solar,No Despachado Centralmente,BIAC,2026-08-03,2026-08-03,SIMEM 0bfc9d + 841808 + 10F2C9
3Q12,AGPE FLORES ALIANZA,Are0056,Area Oriental,Are0017,SubArea Bogota,Solar,No Despachado Centralmente,ETTC,2026-08-03,2026-08-03,SIMEM 0bfc9d + 841808 + 10F2C9
3IP1,AGPE FLORES DEL ZORRO,Are0056,Area Oriental,Are0017,SubArea Bogota,Solar,No Despachado Centralmente,ETTC,2026-08-03,2026-08-03,SIMEM 0bfc9d + 841808 + 10F2C9
3IQ6,AGPE FLORES EL ZORRO I,Are0056,Area Oriental,Are0017,SubArea Bogota,Solar,No Despachado Centralmente,ETTC,2026-08-03,2026-08-03,SIMEM 0bfc9d + 841808 + 10F2C9
3IQ8,AGPE FLORES EL ZORRO II,Are0056,Area Oriental,Are0017,SubArea Bogota,Solar,No Despachado Centralmente,ETTC,2026-08-03,2026-08-03,SIMEM 0bfc9d + 841808 + 10F2C9
3IQC,AGPE FLORES EL ZORRO III,Are0056,Area Oriental,Are0017,SubArea Bogota,Solar,No Despachado Centralmente,ETTC,2026-08-03,2026-08-03,SIMEM 0bfc9d + 841808 + 10F2C9
5EEJ,AGPE FLORHDA1,Are0056,Area Oriental,Are0017,SubArea Bogota,Solar,No Despachado Centralmente,ETTC,2026-08-03,2026-08-03,SIMEM 0bfc9d + 841808 + 10F2C9
5EEG,AGPE FLORHDA2,Are0056,Area Oriental,Are0017,SubArea Bogota,Solar,No Despachado Centralmente,ETTC,2026-08-03,2026-08-03,SIMEM 0bfc9d + 841808 + 10F2C9
5EEF,AGPE FLORHDA3,Are0056,Area Oriental,Are0017,SubArea Bogota,Solar,No Despachado Centralmente,ETTC,2026-08-03,2026-08-03,SIMEM 0bfc9d + 841808 + 10F2C9
3Q8L,AGPE FRIGOMETRO FUNZA,Are0056,Area Oriental,Are0017,SubArea Bogota,Solar,No Despachado Centralmente,ISGC,2026-08-03,2026-08-03,SIMEM 0bfc9d + 841808 + 10F2C9
4UKA,AGPE FRT01138,Are0056,Area Oriental,Are0017,SubArea Bogota,Solar,No Despachado Centralmente,EPSC,2026-08-03,2026-08-03,SIMEM 0bfc9d + 841808 + 10F2C9
4RGC,AGPE FUERZA AEREA CAMAN,Are0056,Area Oriental,Are0017,SubArea Bogota,Solar,No Despachado Centralmente,EPMC,2026-08-03,2026-08-03,SIMEM 0bfc9d + 841808 + 10F2C9
5TJ4,AGPE FUERZA AEREA COLOMBIA CATAM,Are0056,Area Oriental,Are0017,SubArea Bogota,Solar,No Despachado Centralmente,EPMC,2026-08-03,2026-08-03,SIMEM 0bfc9d + 841808 + 10F2C9
3R3L,AGPE GASTRONOMIA ITALIANA,Are0056,Area Oriental,Are0017,SubArea Bogota,Solar,No Despachado Centralmente,BIAC,2026-08-03,2026-08-03,SIMEM 0bfc9d + 841808 + 10F2C9
3HBR,AGPE GATO DUMAS BOGOTA,Are0056,Area Oriental,Are0017,SubArea Bogota,Solar,No Despachado Centralmente,BIAC,2026-08-03,2026-08-03,SIMEM 0bfc9d + 841808 + 10F2C9
3EGM,AGPE GRAN AMERICAS FONTIBON 1,Are0056,Area Oriental,Are0017,SubArea Bogota,Solar,No Despachado Centralmente,EPSC,2026-08-03,2026-08-03,SIMEM 0bfc9d + 841808 + 10F2C9
5TI3,AGPE GRECO 959761827,Are0056,Area Oriental,Are0017,SubArea Bogota,Solar,No Despachado Centralmente,GNCC,2026-08-03,2026-08-03,SIMEM 0bfc9d + 841808 + 10F2C9
3F8W,AGPE GUIRNALDAS INNOVAFLORA,Are0056,Area Oriental,Are0017,SubArea Bogota,Solar,No Despachado Centralmente,EPSC,2026-08-03,2026-08-03,SIMEM 0bfc9d + 841808 + 10F2C9
3GFI,AGPE HERMECO,Are0056,Area Oriental,Are0017,SubArea Bogota,Solar,No Despachado Centralmente,ETTC,2026-08-03,2026-08-03,SIMEM 0bfc9d + 841808 + 10F2C9
5GF2,AGPE HERNANDO PAEZ REY,Are0056,Area Oriental,Are0017,SubArea Bogota,Solar,No Despachado Centralmente,ENBC,2026-08-03,2026-08-03,SIMEM 0bfc9d + 841808 + 10F2C9
3NIW,AGPE HORNE JEDIDIAH HUNTINGTON,Are0056,Area Oriental,Are0017,SubArea Bogota,Solar,No Despachado Centralmente,BIAC,2026-08-03,2026-08-03,SIMEM 0bfc9d + 841808 + 10F2C9
5TNQ,AGPE ICOFORMAS SAS BODEGA 2,Are0056,Area Oriental,Are0017,SubArea Bogota,Solar,No Despachado Centralmente,BIAC,2026-08-03,2026-08-03,SIMEM 0bfc9d + 841808 + 10F2C9
3I4C,AGPE ICOLTRANS,Are0056,Area Oriental,Are0017,SubArea Bogota,Solar,No Despachado Centralmente,ETTC,2026-08-03,2026-08-03,SIMEM 0bfc9d + 841808 + 10F2C9
5JR6,AGPE IDM SOLAR BOGOTA,Are0056,Area Oriental,Are0017,SubArea Bogota,Solar,No Despachado Centralmente,ENDC,2026-08-03,2026-08-03,SIMEM 0bfc9d + 841808 + 10F2C9
5JR8,AGPE INDUCON,Are0056,Area Oriental,Are0017,SubArea Bogota,Solar,No Despachado Centralmente,EXEC,2026-08-03,2026-08-03,SIMEM 0bfc9d + 841808 + 10F2C9
3MAT,AGPE INEMA,Are0056,Area Oriental,Are0017,SubArea Bogota,Solar,No Despachado Centralmente,GNCC,2026-08-03,2026-08-03,SIMEM 0bfc9d + 841808 + 10F2C9
5PTB,AGPE INVERSIONES LA GRAN FAMILIA,Are0056,Area Oriental,Are0017,SubArea Bogota,Solar,No Despachado Centralmente,QIEC,2026-08-03,2026-08-03,SIMEM 0bfc9d + 841808 + 10F2C9
4T5X,AGPE INVO2SAS,Are0056,Area Oriental,Are0017,SubArea Bogota,Solar,No Despachado Centralmente,ETTC,2026-08-03,2026-08-03,SIMEM 0bfc9d + 841808 + 10F2C9
5JS1,AGPE JERONIMO MARTINS COL SAS TIENDA 279 LUCERO BAJO BOG,Are0056,Area Oriental,Are0017,SubArea Bogota,Solar,No Despachado Centralmente,GNCC,2026-08-03,2026-08-03,SIMEM 0bfc9d + 841808 + 10F2C9
5G41,AGPE JERONIMO MARTINS COL SAS TIENDA 777 DINDALITO BOG,Are0056,Area Oriental,Are0017,SubArea Bogota,Solar,No Despachado Centralmente,GNCC,2026-08-03,2026-08-03,SIMEM 0bfc9d + 841808 + 10F2C9
4XOY,AGPE JERONIMO MARTINS COLOMBIA SAS TIENDA 111,Are0056,Area Oriental,Are0017,SubArea Bogota,Solar,No Despachado Centralmente,GNCC,2026-08-03,2026-08-03,SIMEM 0bfc9d + 841808 + 10F2C9
4XQ6,AGPE JERONIMO MARTINS COLOMBIA SAS TIENDA 131,Are0056,Area Oriental,Are0017,SubArea Bogota,Solar,No Despachado Centralmente,GNCC,2026-08-03,2026-08-03,SIMEM 0bfc9d + 841808 + 10F2C9
4Y9D,AGPE JERONIMO MARTINS COLOMBIA SAS TIENDA 135,Are0056,Area Oriental,Are0017,SubArea Bogota,Solar,No Despachado Centralmente,GNCC,2026-08-03,2026-08-03,SIMEM 0bfc9d + 841808 + 10F2C9
5VXC,AGPE JERONIMO MARTINS COLOMBIA SAS TIENDA 170 PARQUE OSPINA CHIA,Are0056,Area Oriental,Are0017,SubArea Bogota,Solar,No Despachado Centralmente,GNCC,2026-08-03,2026-08-03,SIMEM 0bfc9d + 841808 + 10F2C9
5UCT,AGPE JERONIMO MARTINS COLOMBIA SAS TIENDA 179 VILLA DEL RIO BOGOTA,Are0056,Area Oriental,Are0017,SubArea Bogota,Solar,No Despachado Centralmente,GNCC,2026-08-03,2026-08-03,SIMEM 0bfc9d + 841808 + 10F2C9
5VWW,AGPE JERONIMO MARTINS COLOMBIA SAS TIENDA 191 SOACHA LA DESPENSA,Are0056,Area Oriental,Are0017,SubArea Bogota,Solar,No Despachado Centralmente,GNCC,2026-08-03,2026-08-03,SIMEM 0bfc9d + 841808 + 10F2C9
5THU,AGPE JERONIMO MARTINS COLOMBIA SAS TIENDA 211 SALITRE SUBA,Are0056,Area Oriental,Are0017,SubArea Bogota,Solar,No Despachado Centralmente,GNCC,2026-08-03,2026-08-03,SIMEM 0bfc9d + 841808 + 10F2C9
5THW,AGPE JERONIMO MARTINS COLOMBIA SAS TIENDA 250 BELMIRA BOGOTA,Are0056,Area Oriental,Are0017,SubArea Bogota,Solar,No Despachado Centralmente,GNCC,2026-08-03,2026-08-03,SIMEM 0bfc9d + 841808 + 10F2C9
5VXE,AGPE JERONIMO MARTINS COLOMBIA SAS TIENDA 277 LAS NIEVES BOGOTA,Are0056,Area Oriental,Are0017,SubArea Bogota,Solar,No Despachado Centralmente,GNCC,2026-08-03,2026-08-03,SIMEM 0bfc9d + 841808 + 10F2C9
4UKM,AGPE JERONIMO MARTINS COLOMBIA SAS TIENDA 288,Are0056,Area Oriental,Are0017,SubArea Bogota,Solar,No Despachado Centralmente,GNCC,2026-08-03,2026-08-03,SIMEM 0bfc9d + 841808 + 10F2C9
4SWG,AGPE JERONIMO MARTINS COLOMBIA SAS TIENDA 323,Are0056,Area Oriental,Are0017,SubArea Bogota,Solar,No Despachado Centralmente,GNCC,2026-08-03,2026-08-03,SIMEM 0bfc9d + 841808 + 10F2C9
5JRW,AGPE JERONIMO MARTINS COLOMBIA SAS TIENDA 357 CHIA VARIANTE,Are0056,Area Oriental,Are0017,SubArea Bogota,Solar,No Despachado Centralmente,GNCC,2026-08-03,2026-08-03,SIMEM 0bfc9d + 841808 + 10F2C9
5ILX,AGPE JERONIMO MARTINS COLOMBIA SAS TIENDA 636 LA CHUCUA BOGOTA,Are0056,Area Oriental,Are0017,SubArea Bogota,Solar,No Despachado Centralmente,GNCC,2026-08-03,2026-08-03,SIMEM 0bfc9d + 841808 + 10F2C9
5SD2,AGPE KFC BODEGA A 115,Are0056,Area Oriental,Are0017,SubArea Bogota,Solar,No Despachado Centralmente,EXEC,2026-08-03,2026-08-03,SIMEM 0bfc9d + 841808 + 10F2C9
5SCZ,AGPE KFC CELTA 47 2,Are0056,Area Oriental,Are0017,SubArea Bogota,Solar,No Despachado Centralmente,EXEC,2026-08-03,2026-08-03,SIMEM 0bfc9d + 841808 + 10F2C9
5K7M,AGPE KFC GIRARDOT EL LEON,Are0056,Area Oriental,Are0017,SubArea Bogota,Solar,No Despachado Centralmente,EXEC,2026-08-03,2026-08-03,SIMEM 0bfc9d + 841808 + 10F2C9
3PZN,AGPE LA BUGUENA,Are0056,Area Oriental,Are0017,SubArea Bogota,Solar,No Despachado Centralmente,BIAC,2026-08-03,2026-08-03,SIMEM 0bfc9d + 841808 + 10F2C9
4UZY,AGPE LA BUGUENA SA PLANTA II,Are0056,Area Oriental,Are0017,SubArea Bogota,Solar,No Despachado Centralmente,BIAC,2026-08-03,2026-08-03,SIMEM 0bfc9d + 841808 + 10F2C9
3J2Q,AGPE LA CORSARIA,Are0056,Area Oriental,Are0017,SubArea Bogota,Solar,No Despachado Centralmente,GNCC,2026-08-03,2026-08-03,SIMEM 0bfc9d + 841808 + 10F2C9
3KOZ,AGPE LA GRAN RESERVA,Are0056,Area Oriental,Are0017,SubArea Bogota,Solar,No Despachado Centralmente,GNCC,2026-08-03,2026-08-03,SIMEM 0bfc9d + 841808 + 10F2C9
5FPT,AGPE LA GRANJA TENJO SAS,Are0056,Area Oriental,Are0017,SubArea Bogota,Solar,No Despachado Centralmente,BIAC,2026-08-03,2026-08-03,SIMEM 0bfc9d + 841808 + 10F2C9
5UW7,AGPE LABVET1,Are0056,Area Oriental,Are0017,SubArea Bogota,Solar,No Despachado Centralmente,ETTC,2026-08-03,2026-08-03,SIMEM 0bfc9d + 841808 + 10F2C9
5IVV,AGPE LADRILLERA LA TOSCANA,Are0056,Area Oriental,Are0017,SubArea Bogota,Solar,No Despachado Centralmente,BIAC,2026-08-03,2026-08-03,SIMEM 0bfc9d + 841808 + 10F2C9
3IUZ,AGPE LADRILLERA SANTANDER,Are0056,Area Oriental,Are0017,SubArea Bogota,Solar,No Despachado Centralmente,FERC,2026-08-03,2026-08-03,SIMEM 0bfc9d + 841808 + 10F2C9
4YL6,AGPE LATIN1,Are0056,Area Oriental,Are0017,SubArea Bogota,Solar,No Despachado Centralmente,ETTC,2026-08-03,2026-08-03,SIMEM 0bfc9d + 841808 + 10F2C9
3HS7,AGPE LAVANDERIA SUPER,Are0056,Area Oriental,Are0017,SubArea Bogota,Solar,No Despachado Centralmente,QIEC,2026-08-03,2026-08-03,SIMEM 0bfc9d + 841808 + 10F2C9
3D6C,AGPE LICORES DE CUNDINAMARCA,Are0056,Area Oriental,Are0017,SubArea Bogota,Solar,No Despachado Centralmente,GNCC,2026-08-03,2026-08-03,SIMEM 0bfc9d + 841808 + 10F2C9
3NIY,AGPE LOS HORNITOS CR 44,Are0056,Area Oriental,Are0017,SubArea Bogota,Solar,No Despachado Centralmente,BIAC,2026-08-03,2026-08-03,SIMEM 0bfc9d + 841808 + 10F2C9
3N9Z,AGPE LOS HORNITOS SAS,Are0056,Area Oriental,Are0017,SubArea Bogota,Solar,No Despachado Centralmente,BIAC,2026-08-03,2026-08-03,SIMEM 0bfc9d + 841808 + 10F2C9
4QZQ,AGPE MANUFACTURAS,Are0056,Area Oriental,Are0017,SubArea Bogota,Solar,No Despachado Centralmente,EPMC,2026-08-03,2026-08-03,SIMEM 0bfc9d + 841808 + 10F2C9
5PTJ,AGPE MANUFACTURAS REYMON SA,Are0056,Area Oriental,Are0017,SubArea Bogota,Solar,No Despachado Centralmente,QIEC,2026-08-03,2026-08-03,SIMEM 0bfc9d + 841808 + 10F2C9
5MA5,AGPE MARMISOL SAS,Are0056,Area Oriental,Are0017,SubArea Bogota,Solar,No Despachado Centralmente,BIAC,2026-08-03,2026-08-03,SIMEM 0bfc9d + 841808 + 10F2C9
3EG2,AGPE MARTINPLAST,Are0056,Area Oriental,Are0017,SubArea Bogota,Solar,No Despachado Centralmente,ETTC,2026-08-03,2026-08-03,SIMEM 0bfc9d + 841808 + 10F2C9
5TI5,AGPE MILONGA FLOWERS CUENTA 3,Are0056,Area Oriental,Are0017,SubArea Bogota,Solar,No Despachado Centralmente,GNCC,2026-08-03,2026-08-03,SIMEM 0bfc9d + 841808 + 10F2C9
4Z6J,AGPE MINERCONDOR SAS,Are0056,Area Oriental,Are0017,SubArea Bogota,Solar,No Despachado Centralmente,GNCC,2026-08-03,2026-08-03,SIMEM 0bfc9d + 841808 + 10F2C9
3JQZ,AGPE MODULTEC I,Are0056,Area Oriental,Are0017,SubArea Bogota,Solar,No Despachado Centralmente,GNCC,2026-08-03,2026-08-03,SIMEM 0bfc9d + 841808 + 10F2C9
3JQX,AGPE MODULTEC II,Are0056,Area Oriental,Are0017,SubArea Bogota,Solar,No Despachado Centralmente,GNCC,2026-08-03,2026-08-03,SIMEM 0bfc9d + 841808 + 10F2C9
3JR2,AGPE MODULTEC III,Are0056,Area Oriental,Are0017,SubArea Bogota,Solar,No Despachado Centralmente,GNCC,2026-08-03,2026-08-03,SIMEM 0bfc9d + 841808 + 10F2C9
3NAB,AGPE MULTIA 104093,Are0056,Area Oriental,Are0017,SubArea Bogota,Solar,No Despachado Centralmente,ETTC,2026-08-03,2026-08-03,SIMEM 0bfc9d + 841808 + 10F2C9
3NAD,AGPE MULTIA 104095,Are0056,Area Oriental,Are0017,SubArea Bogota,Solar,No Despachado Centralmente,ETTC,2026-08-03,2026-08-03,SIMEM 0bfc9d + 841808 + 10F2C9
3R39,AGPE MULTIA 104102,Are0056,Area Oriental,Are0017,SubArea Bogota,Solar,No Despachado Centralmente,ETTC,2026-08-03,2026-08-03,SIMEM 0bfc9d + 841808 + 10F2C9
5P47,AGPE NAVITRANS AMERICAS 2,Are0056,Area Oriental,Are0017,SubArea Bogota,Solar,No Despachado Centralmente,NEUC,2026-08-03,2026-08-03,SIMEM 0bfc9d + 841808 + 10F2C9
3HG5,AGPE OIKOS,Are0056,Area Oriental,Are0017,SubArea Bogota,Solar,No Despachado Centralmente,ETTC,2026-08-03,2026-08-03,SIMEM 0bfc9d + 841808 + 10F2C9
3R3H,AGPE PACTIA 100026,Are0056,Area Oriental,Are0017,SubArea Bogota,Solar,No Despachado Centralmente,ETTC,2026-08-03,2026-08-03,SIMEM 0bfc9d + 841808 + 10F2C9
3R35,AGPE PACTIA 100027,Are0056,Area Oriental,Are0017,SubArea Bogota,Solar,No Despachado Centralmente,ETTC,2026-08-03,2026-08-03,SIMEM 0bfc9d + 841808 + 10F2C9
3R37,AGPE PACTIA 100028,Are0056,Area Oriental,Are0017,SubArea Bogota,Solar,No Despachado Centralmente,ETTC,2026-08-03,2026-08-03,SIMEM 0bfc9d + 841808 + 10F2C9
4VAD,AGPE PASEO VILLA DEL RIO,Are0056,Area Oriental,Are0017,SubArea Bogota,Solar,No Despachado Centralmente,BIAC,2026-08-03,2026-08-03,SIMEM 0bfc9d + 841808 + 10F2C9
5UHF,AGPE PENAL1,Are0056,Area Oriental,Are0017,SubArea Bogota,Solar,No Despachado Centralmente,ETTC,2026-08-03,2026-08-03,SIMEM 0bfc9d + 841808 + 10F2C9
5QSR,AGPE PENAL2,Are0056,Area Oriental,Are0017,SubArea Bogota,Solar,No Despachado Centralmente,ETTC,2026-08-03,2026-08-03,SIMEM 0bfc9d + 841808 + 10F2C9
5O18,AGPE PERFIACEROS BODEGA 4,Are0056,Area Oriental,Are0017,SubArea Bogota,Solar,No Despachado Centralmente,GNCC,2026-08-03,2026-08-03,SIMEM 0bfc9d + 841808 + 10F2C9
5O19,AGPE PERFIACEROS BODEGA 5,Are0056,Area Oriental,Are0017,SubArea Bogota,Solar,No Despachado Centralmente,GNCC,2026-08-03,2026-08-03,SIMEM 0bfc9d + 841808 + 10F2C9
3NOE,AGPE PERIAUTOS SAS,Are0056,Area Oriental,Are0017,SubArea Bogota,Solar,No Despachado Centralmente,QIEC,2026-08-03,2026-08-03,SIMEM 0bfc9d + 841808 + 10F2C9
5FOP,AGPE PINTUFLEX,Are0056,Area Oriental,Are0017,SubArea Bogota,Solar,No Despachado Centralmente,NEUC,2026-08-03,2026-08-03,SIMEM 0bfc9d + 841808 + 10F2C9
3LCB,AGPE PRIMAX COLOMBIA FACATATIVA,Are0056,Area Oriental,Are0017,SubArea Bogota,Solar,No Despachado Centralmente,BIAC,2026-08-03,2026-08-03,SIMEM 0bfc9d + 841808 + 10F2C9
3NAS,AGPE PROAGR19,Are0056,Area Oriental,Are0017,SubArea Bogota,Solar,No Despachado Centralmente,ETTC,2026-08-03,2026-08-03,SIMEM 0bfc9d + 841808 + 10F2C9
5P1J,AGPE PRODE1,Are0056,Area Oriental,Are0017,SubArea Bogota,Solar,No Despachado Centralmente,ETTC,2026-08-03,2026-08-03,SIMEM 0bfc9d + 841808 + 10F2C9
5GEW,AGPE PROGEN,Are0056,Area Oriental,Are0017,SubArea Bogota,Solar,No Despachado Centralmente,RTQC,2026-08-03,2026-08-03,SIMEM 0bfc9d + 841808 + 10F2C9
5JS2,AGPE PROTECCION CATODICA DE COLOMBIA SAS 1,Are0056,Area Oriental,Are0017,SubArea Bogota,Solar,No Despachado Centralmente,ENBC,2026-08-03,2026-08-03,SIMEM 0bfc9d + 841808 + 10F2C9
5E76,AGPE PROTECCION CATODICA DE COLOMBIA SAS 3,Are0056,Area Oriental,Are0017,SubArea Bogota,Solar,No Despachado Centralmente,ENBC,2026-08-03,2026-08-03,SIMEM 0bfc9d + 841808 + 10F2C9
5W4E,AGPE PRROC1,Are0056,Area Oriental,Are0017,SubArea Bogota,Solar,No Despachado Centralmente,ETTC,2026-08-03,2026-08-03,SIMEM 0bfc9d + 841808 + 10F2C9
5L9R,AGPE PRT100,Are0056,Area Oriental,Are0017,SubArea Bogota,Solar,No Despachado Centralmente,ETTC,2026-08-03,2026-08-03,SIMEM 0bfc9d + 841808 + 10F2C9
4T68,AGPE PURIFICADORES Y FILTROS INTERNACIONAL,Are0056,Area Oriental,Are0017,SubArea Bogota,Solar,No Despachado Centralmente,QIEC,2026-08-03,2026-08-03,SIMEM 0bfc9d + 841808 + 10F2C9
4RMV,AGPE RETECTIRE SAS,Are0056,Area Oriental,Are0017,SubArea Bogota,Solar,No Despachado Centralmente,NEUC,2026-08-03,2026-08-03,SIMEM 0bfc9d + 841808 + 10F2C9
5ILY,AGPE SAN CARLOS 2 ETAPA 4,Are0056,Area Oriental,Are0017,SubArea Bogota,Solar,No Despachado Centralmente,GNCC,2026-08-03,2026-08-03,SIMEM 0bfc9d + 841808 + 10F2C9
5FPS,AGPE SAN CARLOS 2 ETAPA 6,Are0056,Area Oriental,Are0017,SubArea Bogota,Solar,No Despachado Centralmente,GNCC,2026-08-03,2026-08-03,SIMEM 0bfc9d + 841808 + 10F2C9
3NLB,AGPE SAN CARLOS II,Are0056,Area Oriental,Are0017,SubArea Bogota,Solar,No Despachado Centralmente,ENDC,2026-08-03,2026-08-03,SIMEM 0bfc9d + 841808 + 10F2C9
5K7K,AGPE SCALPI,Are0056,Area Oriental,Are0017,SubArea Bogota,Solar,No Despachado Centralmente,EPMC,2026-08-03,2026-08-03,SIMEM 0bfc9d + 841808 + 10F2C9
3HIA,AGPE SFV FLORES DE BRITANIA,Are0056,Area Oriental,Are0017,SubArea Bogota,Solar,No Despachado Centralmente,GNCC,2026-08-03,2026-08-03,SIMEM 0bfc9d + 841808 + 10F2C9
4V38,AGPE STO 397 BOSA NOVA,Are0056,Area Oriental,Are0017,SubArea Bogota,Solar,No Despachado Centralmente,GNCC,2026-08-03,2026-08-03,SIMEM 0bfc9d + 841808 + 10F2C9
4V32,AGPE STO 410 CALLE 63,Are0056,Area Oriental,Are0017,SubArea Bogota,Solar,No Despachado Centralmente,GNCC,2026-08-03,2026-08-03,SIMEM 0bfc9d + 841808 + 10F2C9
5K7G,AGPE STO 689 PEPE SIERRA,Are0056,Area Oriental,Are0017,SubArea Bogota,Solar,No Despachado Centralmente,NEUC,2026-08-03,2026-08-03,SIMEM 0bfc9d + 841808 + 10F2C9
3J65,AGPE SUPERMASTICK,Are0056,Area Oriental,Are0017,SubArea Bogota,Solar,No Despachado Centralmente,GNCC,2026-08-03,2026-08-03,SIMEM 0bfc9d + 841808 + 10F2C9
5G3X,AGPE TAAU1,Are0056,Area Oriental,Are0017,SubArea Bogota,Solar,No Despachado Centralmente,ETTC,2026-08-03,2026-08-03,SIMEM 0bfc9d + 841808 + 10F2C9
4R1F,AGPE TECNOACEROS SAS,Are0056,Area Oriental,Are0017,SubArea Bogota,Solar,No Despachado Centralmente,NEUC,2026-08-03,2026-08-03,SIMEM 0bfc9d + 841808 + 10F2C9
3JQT,AGPE TELESENTINEL,Are0056,Area Oriental,Are0017,SubArea Bogota,Solar,No Despachado Centralmente,ETTC,2026-08-03,2026-08-03,SIMEM 0bfc9d + 841808 + 10F2C9
3PXA,AGPE TEUCALI FLOWERS SA,Are0056,Area Oriental,Are0017,SubArea Bogota,Solar,No Despachado Centralmente,QIEC,2026-08-03,2026-08-03,SIMEM 0bfc9d + 841808 + 10F2C9
4VW7,AGPE TIENDA ARA 1006,Are0056,Area Oriental,Are0017,SubArea Bogota,Solar,No Despachado Centralmente,NEUC,2026-08-03,2026-08-03,SIMEM 0bfc9d + 841808 + 10F2C9
5JSF,AGPE TIENDA ARA CHOCONTA,Are0056,Area Oriental,Are0017,SubArea Bogota,Solar,No Despachado Centralmente,GNCC,2026-08-03,2026-08-03,SIMEM 0bfc9d + 841808 + 10F2C9
5IM4,AGPE TIENDA ARA FUNZA,Are0056,Area Oriental,Are0017,SubArea Bogota,Solar,No Despachado Centralmente,GNCC,2026-08-03,2026-08-03,SIMEM 0bfc9d + 841808 + 10F2C9
5NKR,AGPE TIENDA ARA FUSAGASUGA,Are0056,Area Oriental,Are0017,SubArea Bogota,Solar,No Despachado Centralmente,GNCC,2026-08-03,2026-08-03,SIMEM 0bfc9d + 841808 + 10F2C9
5ILZ,AGPE TIENDA ARA MADRID,Are0056,Area Oriental,Are0017,SubArea Bogota,Solar,No Despachado Centralmente,GNCC,2026-08-03,2026-08-03,SIMEM 0bfc9d + 841808 + 10F2C9
5THY,AGPE TIENDA ARA MADRID SIBATE,Are0056,Area Oriental,Are0017,SubArea Bogota,Solar,No Despachado Centralmente,GNCC,2026-08-03,2026-08-03,SIMEM 0bfc9d + 841808 + 10F2C9
5JRX,AGPE TIENDA ARA MOSQUERA,Are0056,Area Oriental,Are0017,SubArea Bogota,Solar,No Despachado Centralmente,GNCC,2026-08-03,2026-08-03,SIMEM 0bfc9d + 841808 + 10F2C9
5THQ,AGPE TIENDA ARA SAN BERNARDO,Are0056,Area Oriental,Are0017,SubArea Bogota,Solar,No Despachado Centralmente,GNCC,2026-08-03,2026-08-03,SIMEM 0bfc9d + 841808 + 10F2C9
5IM3,AGPE TIENDA ARA SOACHA,Are0056,Area Oriental,Are0017,SubArea Bogota,Solar,No Despachado Centralmente,GNCC,2026-08-03,2026-08-03,SIMEM 0bfc9d + 841808 + 10F2C9
5IM2,AGPE TIENDA ARA TOCANCIPA,Are0056,Area Oriental,Are0017,SubArea Bogota,Solar,No Despachado Centralmente,GNCC,2026-08-03,2026-08-03,SIMEM 0bfc9d + 841808 + 10F2C9
5SH5,AGPE TIENDA ARA VILLETA,Are0056,Area Oriental,Are0017,SubArea Bogota,Solar,No Despachado Centralmente,GNCC,2026-08-03,2026-08-03,SIMEM 0bfc9d + 841808 + 10F2C9
5LRF,AGPE TIENDA ARA ZIPAQUIRA,Are0056,Area Oriental,Are0017,SubArea Bogota,Solar,No Despachado Centralmente,GNCC,2026-08-03,2026-08-03,SIMEM 0bfc9d + 841808 + 10F2C9
3HDC,AGPE TIMANA2,Are0056,Area Oriental,Are0017,SubArea Bogota,Solar,No Despachado Centralmente,ETTC,2026-08-03,2026-08-03,SIMEM 0bfc9d + 841808 + 10F2C9
3R3B,AGPE UN DOS TRES POR MI,Are0056,Area Oriental,Are0017,SubArea Bogota,Solar,No Despachado Centralmente,BIAC,2026-08-03,2026-08-03,SIMEM 0bfc9d + 841808 + 10F2C9
4T5Z,AGPE UNICOC 99576,Are0056,Area Oriental,Are0017,SubArea Bogota,Solar,No Despachado Centralmente,ETTC,2026-08-03,2026-08-03,SIMEM 0bfc9d + 841808 + 10F2C9
5JRA,AGPE VANTI PROSPERIDAD,Are0056,Area Oriental,Are0017,SubArea Bogota,Termica,No Despachado Centralmente,ENDC,2026-08-03,2026-08-03,SIMEM 0bfc9d + 841808 + 10F2C9
5JR9,AGPE VANTI SAN ANDRES,Are0056,Area Oriental,Are0017,SubArea Bogota,Termica,No Despachado Centralmente,ENDC,2026-08-03,2026-08-03,SIMEM 0bfc9d + 841808 + 10F2C9
5JRB,AGPE VANTI SAN BERNARDINO,Are0056,Area Oriental,Are0017,SubArea Bogota,Termica,No Despachado Centralmente,ENDC,2026-08-03,2026-08-03,SIMEM 0bfc9d + 841808 + 10F2C9
5JJB,AGPE VICAFRM1,Are0056,Area Oriental,Are0017,SubArea Bogota,Solar,No Despachado Centralmente,ETTC,2026-08-03,2026-08-03,SIMEM 0bfc9d + 841808 + 10F2C9
5QSP,AGPE VICAR 1,Are0056,Area Oriental,Are0017,SubArea Bogota,Solar,No Despachado Centralmente,ETTC,2026-08-03,2026-08-03,SIMEM 0bfc9d + 841808 + 10F2C9
3KKD,AGPE VITE,Are0056,Area Oriental,Are0017,SubArea Bogota,Solar,No Despachado Centralmente,ETTC,2026-08-03,2026-08-03,SIMEM 0bfc9d + 841808 + 10F2C9
3KK3,AGPE VITELSA,Are0056,Area Oriental,Are0017,SubArea Bogota,Solar,No Despachado Centralmente,ETTC,2026-08-03,2026-08-03,SIMEM 0bfc9d + 841808 + 10F2C9
5IM1,AGPE WOODPECKER,Are0056,Area Oriental,Are0017,SubArea Bogota,Solar,No Despachado Centralmente,NEUC,2026-08-03,2026-08-03,SIMEM 0bfc9d + 841808 + 10F2C9
3NJM,AGPE ZO103795,Are0056,Area Oriental,Are0017,SubArea Bogota,Solar,No Despachado Centralmente,ETTC,2026-08-03,2026-08-03,SIMEM 0bfc9d + 841808 + 10F2C9
3NJO,AGPE ZO103796,Are0056,Area Oriental,Are0017,SubArea Bogota,Solar,No Despachado Centralmente,ETTC,2026-08-03,2026-08-03,SIMEM 0bfc9d + 841808 + 10F2C9
3NJK,AGPE ZO103797,Are0056,Area Oriental,Are0017,SubArea Bogota,Solar,No Despachado Centralmente,ETTC,2026-08-03,2026-08-03,SIMEM 0bfc9d + 841808 + 10F2C9
3NJQ,AGPE ZO103798,Are0056,Area Oriental,Are0017,SubArea Bogota,Solar,No Despachado Centralmente,ETTC,2026-08-03,2026-08-03,SIMEM 0bfc9d + 841808 + 10F2C9
2V27,AUTOG COCA-COLA FEMSA 1,Are0056,Area Oriental,Are0017,SubArea Bogota,Termica,No Despachado Centralmente,DEPG,2026-08-03,2026-08-03,SIMEM 0bfc9d + 841808 + 10F2C9
CQT1,CHARQUITO,Are0056,Area Oriental,Are0017,SubArea Bogota,Hidraulica,No Despachado Centralmente,ENDG,2026-08-03,2026-08-03,SIMEM 0bfc9d + 841808 + 10F2C9
DVS1,DARIO VALENCIA SAMPER,Are0056,Area Oriental,Are0017,SubArea Bogota,Hidraulica,Despachado Centralmente,ENDG,2026-08-03,2026-08-03,SIMEM 0bfc9d + 841808 + 10F2C9
2S8S,DOÑA JUANA 1,Are0056,Area Oriental,Are0017,SubArea Bogota,Termica,No Despachado Centralmente,BDJG,2026-08-03,2026-08-03,SIMEM 0bfc9d + 841808 + 10F2C9
LMR1,EL LIMONAR,Are0056,Area Oriental,Are0017,SubArea Bogota,Hidraulica,No Despachado Centralmente,ENDG,2026-08-03,2026-08-03,SIMEM 0bfc9d + 841808 + 10F2C9
GVIO,GUAVIO,Are0056,Area Oriental,Are0017,SubArea Bogota,Hidraulica,Despachado Centralmente,ENDG,2026-08-03,2026-08-03,SIMEM 0bfc9d + 841808 + 10F2C9
2S8N,GUAVIO MENOR,Are0056,Area Oriental,Are0017,SubArea Bogota,Hidraulica,No Despachado Centralmente,ENDG,2026-08-03,2026-08-03,SIMEM 0bfc9d + 841808 + 10F2C9
NAV1,LA NAVETA,Are0056,Area Oriental,Are0017,SubArea Bogota,Hidraulica,No Despachado Centralmente,IACG,2026-08-03,2026-08-03,SIMEM 0bfc9d + 841808 + 10F2C9
2R22,LAGUNETA,Are0056,Area Oriental,Are0017,SubArea Bogota,Hidraulica,No Despachado Centralmente,ENDG,2026-08-03,2026-08-03,SIMEM 0bfc9d + 841808 + 10F2C9
PGUG,PAGUA,Are0056,Area Oriental,Are0017,SubArea Bogota,Hidraulica,Despachado Centralmente,ENDG,2026-08-03,2026-08-03,SIMEM 0bfc9d + 841808 + 10F2C9
2QEK,SALTO II,Are0056,Area Oriental,Are0017,SubArea Bogota,Hidraulica,Despachado Centralmente,ENDG,2026-08-03,2026-08-03,SIMEM 0bfc9d + 841808 + 10F2C9
SNT1,SANTA ANA,Are0056,Area Oriental,Are0017,SubArea Bogota,Hidraulica,No Despachado Centralmente,ENDG,2026-08-03,2026-08-03,SIMEM 0bfc9d + 841808 + 10F2C9
SBA1,SUBA,Are0056,Area Oriental,Are0017,SubArea Bogota,Hidraulica,No Despachado Centralmente,ENDG,2026-08-03,2026-08-03,SIMEM 0bfc9d + 841808 + 10F2C9
SUV1,SUEVA 2,Are0056,Area Oriental,Are0017,SubArea Bogota,Hidraulica,No Despachado Centralmente,CMXG,2026-08-03,2026-08-03,SIMEM 0bfc9d + 841808 + 10F2C9
2UPJ,TEQUENDAMA 1,Are0056,Area Oriental,Are0017,SubArea Bogota,Hidraulica,No Despachado Centralmente,ENDG,2026-08-03,2026-08-03,SIMEM 0bfc9d + 841808 + 10F2C9
2UPD,TEQUENDAMA 2,Are0056,Area Oriental,Are0017,SubArea Bogota,Hidraulica,No Despachado Centralmente,ENDG,2026-08-03,2026-08-03,SIMEM 0bfc9d + 841808 + 10F2C9
2UPF,TEQUENDAMA 3,Are0056,Area Oriental,Are0017,SubArea Bogota,Hidraulica,No Despachado Centralmente,ENDG,2026-08-03,2026-08-03,SIMEM 0bfc9d + 841808 + 10F2C9
2UPH,TEQUENDAMA 4,Are0056,Area Oriental,Are0017,SubArea Bogota,Hidraulica,No Despachado Centralmente,ENDG,2026-08-03,2026-08-03,SIMEM 0bfc9d + 841808 + 10F2C9
TUJ1,TUNJITA,Are0056,Area Oriental,Are0017,SubArea Bogota,Hidraulica,Despachado Centralmente,CHVG,2026-08-03,2026-08-03,SIMEM 0bfc9d + 841808 + 10F2C9
USQ1,USAQUEN,Are0056,Area Oriental,Are0017,SubArea Bogota,Hidraulica,No Despachado Centralmente,ENDG,2026-08-03,2026-08-03,SIMEM 0bfc9d + 841808 + 10F2C9
ZPA2,ZIPAEMG 2,Are0056,Area Oriental,Are0017,SubArea Bogota,Termica,Despachado Centralmente,ENDG,2026-08-03,2026-08-03,SIMEM 0bfc9d + 841808 + 10F2C9
ZPA3,ZIPAEMG 3,Are0056,Area Oriental,Are0017,SubArea Bogota,Termica,Despachado Centralmente,ENDG,2026-08-03,2026-08-03,SIMEM 0bfc9d + 841808 + 10F2C9
ZPA4,ZIPAEMG 4,Are0056,Area Oriental,Are0017,SubArea Bogota,Termica,Despachado Centralmente,ENDG,2026-08-03,2026-08-03,SIMEM 0bfc9d + 841808 + 10F2C9
ZPA5,ZIPAEMG 5,Are0056,Area Oriental,Are0017,SubArea Bogota,Termica,Despachado Centralmente,ENDG,2026-08-03,2026-08-03,SIMEM 0bfc9d + 841808 + 10F2C9
4XUR,AGPE ARA ANILLO VIAL,Are0056,Area Oriental,Are0027,SubArea Meta,Solar,No Despachado Centralmente,GNCC,2026-08-03,2026-08-03,SIMEM 0bfc9d + 841808 + 10F2C9
3NLI,AGPE BANCO BOGOTA OFICINA PUERTO GAITAN,Are0056,Area Oriental,Are0027,SubArea Meta,Solar,No Despachado Centralmente,GNCC,2026-08-03,2026-08-03,SIMEM 0bfc9d + 841808 + 10F2C9
5GF1,AGPE GRUPO AGROBOX SAS ZOMAC,Are0056,Area Oriental,Are0027,SubArea Meta,Solar,No Despachado Centralmente,QIEC,2026-08-03,2026-08-03,SIMEM 0bfc9d + 841808 + 10F2C9
5PTH,AGPE PRODUNOVA,Are0056,Area Oriental,Are0027,SubArea Meta,Solar,No Despachado Centralmente,QIEC,2026-08-03,2026-08-03,SIMEM 0bfc9d + 841808 + 10F2C9
2S6Q,AUTOG YAGUARITO 1,Are0056,Area Oriental,Are0027,SubArea Meta,Termica,No Despachado Centralmente,EMSG,2026-08-03,2026-08-03,SIMEM 0bfc9d + 841808 + 10F2C9
2SXQ,BIOENERGY,Are0056,Area Oriental,Are0027,SubArea Meta,Termica,No Despachado Centralmente,CHVG,2026-08-03,2026-08-03,SIMEM 0bfc9d + 841808 + 10F2C9
3EFY,BOSQUES SOLARES DE LOS LLANOS 4,Are0056,Area Oriental,Are0027,SubArea Meta,Solar,No Despachado Centralmente,ISGG,2026-08-03,2026-08-03,SIMEM 0bfc9d + 841808 + 10F2C9
3EDL,BOSQUES SOLARES DE LOS LLANOS 5,Are0056,Area Oriental,Are0027,SubArea Meta,Solar,No Despachado Centralmente,ISGG,2026-08-03,2026-08-03,SIMEM 0bfc9d + 841808 + 10F2C9
5AXI,GD PARQUE SOLAR GRANADA I,Are0056,Area Oriental,Are0027,SubArea Meta,Solar,No Despachado Centralmente,EMSG,2026-08-03,2026-08-03,SIMEM 0bfc9d + 841808 + 10F2C9
5ISS,GD PARQUE SOLAR GRANADA II,Are0056,Area Oriental,Are0027,SubArea Meta,Solar,No Despachado Centralmente,EMSG,2026-08-03,2026-08-03,SIMEM 0bfc9d + 841808 + 10F2C9
5K7I,GD PARQUE SOLAR LA ESPERANZA,Are0056,Area Oriental,Are0027,SubArea Meta,Solar,No Despachado Centralmente,EMSG,2026-08-03,2026-08-03,SIMEM 0bfc9d + 841808 + 10F2C9
5L9T,GD PARQUE SOLAR TRONCAL,Are0056,Area Oriental,Are0027,SubArea Meta,Solar,No Despachado Centralmente,EMSG,2026-08-03,2026-08-03,SIMEM 0bfc9d + 841808 + 10F2C9
4WWY,GD SAN MARTIN,Are0056,Area Oriental,Are0027,SubArea Meta,Solar,No Despachado Centralmente,EMSG,2026-08-03,2026-08-03,SIMEM 0bfc9d + 841808 + 10F2C9
4XQA,GD SAN MARTIN II,Are0056,Area Oriental,Are0027,SubArea Meta,Solar,No Despachado Centralmente,EMSG,2026-08-03,2026-08-03,SIMEM 0bfc9d + 841808 + 10F2C9
4Y5T,GD SAN MARTIN III,Are0056,Area Oriental,Are0027,SubArea Meta,Solar,No Despachado Centralmente,EMSG,2026-08-03,2026-08-03,SIMEM 0bfc9d + 841808 + 10F2C9
5H1O,GD YUAN SOLAR,Are0056,Area Oriental,Are0027,SubArea Meta,Solar,No Despachado Centralmente,UNGG,2026-08-03,2026-08-03,SIMEM 0bfc9d + 841808 + 10F2C9
5LT1,AGPE AGRINSA,Are0128,Area Suroccidental,Are0022,SubArea CQR,Solar,No Despachado Centralmente,EPMC,2026-08-03,2026-08-03,SIMEM 0bfc9d + 841808 + 10F2C9
3DBI,AGPE ALVARO HOYOS,Are0128,Area Suroccidental,Are0022,SubArea CQR,Solar,No Despachado Centralmente,NEUC,2026-08-03,2026-08-03,SIMEM 0bfc9d + 841808 + 10F2C9
3LQ3,AGPE AMERICANA DE CURTIDOS,Are0128,Area Suroccidental,Are0022,SubArea CQR,Solar,No Despachado Centralmente,EPMC,2026-08-03,2026-08-03,SIMEM 0bfc9d + 841808 + 10F2C9
4T6W,AGPE ARA ALTAVISTA,Are0128,Area Suroccidental,Are0022,SubArea CQR,Solar,No Despachado Centralmente,GNCC,2026-08-03,2026-08-03,SIMEM 0bfc9d + 841808 + 10F2C9
5C9N,AGPE ARA RIO SUCIO,Are0128,Area Suroccidental,Are0022,SubArea CQR,Solar,No Despachado Centralmente,GNCC,2026-08-03,2026-08-03,SIMEM 0bfc9d + 841808 + 10F2C9
3I4A,AGPE ARMENIA HOTEL SA,Are0128,Area Suroccidental,Are0022,SubArea CQR,Solar,No Despachado Centralmente,EPMC,2026-08-03,2026-08-03,SIMEM 0bfc9d + 841808 + 10F2C9
3EFT,AGPE AUTOSERVICIO MANA,Are0128,Area Suroccidental,Are0022,SubArea CQR,Solar,No Despachado Centralmente,GNCC,2026-08-03,2026-08-03,SIMEM 0bfc9d + 841808 + 10F2C9
5JSA,AGPE AVICOLA COMERCIAL L SAS MANIZALES,Are0128,Area Suroccidental,Are0022,SubArea CQR,Solar,No Despachado Centralmente,GNCC,2026-08-03,2026-08-03,SIMEM 0bfc9d + 841808 + 10F2C9
5IMC,AGPE AVICOLA COMERCIAL L SAS RIOSUCIO,Are0128,Area Suroccidental,Are0022,SubArea CQR,Solar,No Despachado Centralmente,GNCC,2026-08-03,2026-08-03,SIMEM 0bfc9d + 841808 + 10F2C9
3DQA,AGPE AVOFRUIT,Are0128,Area Suroccidental,Are0022,SubArea CQR,Solar,No Despachado Centralmente,EEPC,2026-08-03,2026-08-03,SIMEM 0bfc9d + 841808 + 10F2C9
5SG8,AGPE BASCULAS PROMETALICOS SA,Are0128,Area Suroccidental,Are0022,SubArea CQR,Solar,No Despachado Centralmente,GNCC,2026-08-03,2026-08-03,SIMEM 0bfc9d + 841808 + 10F2C9
3MAJ,AGPE BERHLAN TEBAIDA,Are0128,Area Suroccidental,Are0022,SubArea CQR,Solar,No Despachado Centralmente,GNCC,2026-08-03,2026-08-03,SIMEM 0bfc9d + 841808 + 10F2C9
5UVD,AGPE BIOMAX PEREIRA,Are0128,Area Suroccidental,Are0022,SubArea CQR,Solar,No Despachado Centralmente,GNCC,2026-08-03,2026-08-03,SIMEM 0bfc9d + 841808 + 10F2C9
4YBS,AGPE CC UNICENTRO ARMENIA,Are0128,Area Suroccidental,Are0022,SubArea CQR,Solar,No Despachado Centralmente,EPMC,2026-08-03,2026-08-03,SIMEM 0bfc9d + 841808 + 10F2C9
3DQC,AGPE CLUB CAMPESTRE,Are0128,Area Suroccidental,Are0022,SubArea CQR,Solar,No Despachado Centralmente,EEPC,2026-08-03,2026-08-03,SIMEM 0bfc9d + 841808 + 10F2C9
5QQL,AGPE COMERCIALIZADORA FRESMAR SAS,Are0128,Area Suroccidental,Are0022,SubArea CQR,Solar,No Despachado Centralmente,EEPC,2026-08-03,2026-08-03,SIMEM 0bfc9d + 841808 + 10F2C9
3IZW,AGPE COMFENALCO QUINDIO,Are0128,Area Suroccidental,Are0022,SubArea CQR,Solar,No Despachado Centralmente,EPMC,2026-08-03,2026-08-03,SIMEM 0bfc9d + 841808 + 10F2C9
5J8F,AGPE EDIFICIO MIRADOR DE SANTA MARIA SAS HOTEL QUO,Are0128,Area Suroccidental,Are0022,SubArea CQR,Solar,No Despachado Centralmente,GNCC,2026-08-03,2026-08-03,SIMEM 0bfc9d + 841808 + 10F2C9
4XUL,AGPE EXCO COLOMBIANA,Are0128,Area Suroccidental,Are0022,SubArea CQR,Solar,No Despachado Centralmente,EEPC,2026-08-03,2026-08-03,SIMEM 0bfc9d + 841808 + 10F2C9
3ESO,AGPE EXPOFUTURO,Are0128,Area Suroccidental,Are0022,SubArea CQR,Solar,No Despachado Centralmente,EEPC,2026-08-03,2026-08-03,SIMEM 0bfc9d + 841808 + 10F2C9
3HCS,AGPE FRIGOCAFE 1,Are0128,Area Suroccidental,Are0022,SubArea CQR,Solar,No Despachado Centralmente,GNCC,2026-08-03,2026-08-03,SIMEM 0bfc9d + 841808 + 10F2C9
5CA4,AGPE FRIGOCAFE SAS,Are0128,Area Suroccidental,Are0022,SubArea CQR,Solar,No Despachado Centralmente,GNCC,2026-08-03,2026-08-03,SIMEM 0bfc9d + 841808 + 10F2C9
3MFN,AGPE FRISBY SA,Are0128,Area Suroccidental,Are0022,SubArea CQR,Solar,No Despachado Centralmente,EEPC,2026-08-03,2026-08-03,SIMEM 0bfc9d + 841808 + 10F2C9
5ID7,AGPE GEN PQA 1,Are0128,Area Suroccidental,Are0022,SubArea CQR,Solar,No Despachado Centralmente,ISGC,2026-08-03,2026-08-03,SIMEM 0bfc9d + 841808 + 10F2C9
5MAB,AGPE GRANJA AVICOLA EL CALAMAR,Are0128,Area Suroccidental,Are0022,SubArea CQR,Solar,No Despachado Centralmente,RTQC,2026-08-03,2026-08-03,SIMEM 0bfc9d + 841808 + 10F2C9
5TO8,AGPE HITACHI ENERGY COLOMBIA SAS,Are0128,Area Suroccidental,Are0022,SubArea CQR,Solar,No Despachado Centralmente,EEPC,2026-08-03,2026-08-03,SIMEM 0bfc9d + 841808 + 10F2C9
3F9U,AGPE HOSPICLEAN,Are0128,Area Suroccidental,Are0022,SubArea CQR,Solar,No Despachado Centralmente,EEPC,2026-08-03,2026-08-03,SIMEM 0bfc9d + 841808 + 10F2C9
5F75,AGPE HOSPITAL SANTA MONICA,Are0128,Area Suroccidental,Are0022,SubArea CQR,Solar,No Despachado Centralmente,EEPC,2026-08-03,2026-08-03,SIMEM 0bfc9d + 841808 + 10F2C9
3J4P,AGPE HOTEL SONESTA,Are0128,Area Suroccidental,Are0022,SubArea CQR,Solar,No Despachado Centralmente,EEPC,2026-08-03,2026-08-03,SIMEM 0bfc9d + 841808 + 10F2C9
3NFU,AGPE HOTEL VISUS,Are0128,Area Suroccidental,Are0022,SubArea CQR,Solar,No Despachado Centralmente,GNCC,2026-08-03,2026-08-03,SIMEM 0bfc9d + 841808 + 10F2C9
5P4C,AGPE HOUSEGRES,Are0128,Area Suroccidental,Are0022,SubArea CQR,Solar,No Despachado Centralmente,EPMC,2026-08-03,2026-08-03,SIMEM 0bfc9d + 841808 + 10F2C9
3PMQ,AGPE IBC,Are0128,Area Suroccidental,Are0022,SubArea CQR,Solar,No Despachado Centralmente,EPMC,2026-08-03,2026-08-03,SIMEM 0bfc9d + 841808 + 10F2C9
3JDZ,AGPE IML EMPAQUES,Are0128,Area Suroccidental,Are0022,SubArea CQR,Solar,No Despachado Centralmente,EEPC,2026-08-03,2026-08-03,SIMEM 0bfc9d + 841808 + 10F2C9
3IZS,AGPE IML ETIQUETAS,Are0128,Area Suroccidental,Are0022,SubArea CQR,Solar,No Despachado Centralmente,EEPC,2026-08-03,2026-08-03,SIMEM 0bfc9d + 841808 + 10F2C9
4WVK,AGPE INDUSTRIAS DOFI,Are0128,Area Suroccidental,Are0022,SubArea CQR,Solar,No Despachado Centralmente,EPMC,2026-08-03,2026-08-03,SIMEM 0bfc9d + 841808 + 10F2C9
3NFS,AGPE INTEGRATIVA  AGROPECUARIA,Are0128,Area Suroccidental,Are0022,SubArea CQR,Solar,No Despachado Centralmente,GNCC,2026-08-03,2026-08-03,SIMEM 0bfc9d + 841808 + 10F2C9
3PMM,AGPE JERONIMO MARTINS COLOMBIA SAS,Are0128,Area Suroccidental,Are0022,SubArea CQR,Solar,No Despachado Centralmente,EEPC,2026-08-03,2026-08-03,SIMEM 0bfc9d + 841808 + 10F2C9
3MW3,AGPE JUAN DIEGO LOPEZ HOYOS,Are0128,Area Suroccidental,Are0022,SubArea CQR,Solar,No Despachado Centralmente,ENBC,2026-08-03,2026-08-03,SIMEM 0bfc9d + 841808 + 10F2C9
3HKK,AGPE LA FABRICA DE LA FELICIDAD,Are0128,Area Suroccidental,Are0022,SubArea CQR,Solar,No Despachado Centralmente,EEPC,2026-08-03,2026-08-03,SIMEM 0bfc9d + 841808 + 10F2C9
3IJ3,AGPE LA MELISSA,Are0128,Area Suroccidental,Are0022,SubArea CQR,Solar,No Despachado Centralmente,EPMC,2026-08-03,2026-08-03,SIMEM 0bfc9d + 841808 + 10F2C9
3LQ1,AGPE LA SELVA,Are0128,Area Suroccidental,Are0022,SubArea CQR,Solar,No Despachado Centralmente,EPMC,2026-08-03,2026-08-03,SIMEM 0bfc9d + 841808 + 10F2C9
4TK1,AGPE LADRILLERA ALTAVISTA,Are0128,Area Suroccidental,Are0022,SubArea CQR,Solar,No Despachado Centralmente,EPMC,2026-08-03,2026-08-03,SIMEM 0bfc9d + 841808 + 10F2C9
5QR2,AGPE MERCALDAS LA ENEA,Are0128,Area Suroccidental,Are0022,SubArea CQR,Solar,No Despachado Centralmente,EEPC,2026-08-03,2026-08-03,SIMEM 0bfc9d + 841808 + 10F2C9
5QQT,AGPE MERCALDAS LA FUENTE,Are0128,Area Suroccidental,Are0022,SubArea CQR,Solar,No Despachado Centralmente,EEPC,2026-08-03,2026-08-03,SIMEM 0bfc9d + 841808 + 10F2C9
3JE2,AGPE MERCALDAS PALERMO,Are0128,Area Suroccidental,Are0022,SubArea CQR,Solar,No Despachado Centralmente,EEPC,2026-08-03,2026-08-03,SIMEM 0bfc9d + 841808 + 10F2C9
3JE4,AGPE MERCALDAS PROVICENTRO,Are0128,Area Suroccidental,Are0022,SubArea CQR,Solar,No Despachado Centralmente,EEPC,2026-08-03,2026-08-03,SIMEM 0bfc9d + 841808 + 10F2C9
3IOY,AGPE NORMANDY,Are0128,Area Suroccidental,Are0022,SubArea CQR,Solar,No Despachado Centralmente,EPMC,2026-08-03,2026-08-03,SIMEM 0bfc9d + 841808 + 10F2C9
3DST,AGPE PCP,Are0128,Area Suroccidental,Are0022,SubArea CQR,Solar,No Despachado Centralmente,EEPC,2026-08-03,2026-08-03,SIMEM 0bfc9d + 841808 + 10F2C9
3CUW,AGPE PEDRO LEMUS,Are0128,Area Suroccidental,Are0022,SubArea CQR,Solar,No Despachado Centralmente,NEUC,2026-08-03,2026-08-03,SIMEM 0bfc9d + 841808 + 10F2C9
5PTL,AGPE PLASTICOS FENIX SAS,Are0128,Area Suroccidental,Are0022,SubArea CQR,Solar,No Despachado Centralmente,GNCC,2026-08-03,2026-08-03,SIMEM 0bfc9d + 841808 + 10F2C9
4YCB,AGPE PORCÍCOLA LA SIRIA 1,Are0128,Area Suroccidental,Are0022,SubArea CQR,Solar,No Despachado Centralmente,NEUC,2026-08-03,2026-08-03,SIMEM 0bfc9d + 841808 + 10F2C9
4Z4G,AGPE PRIMAX DORADA,Are0128,Area Suroccidental,Are0022,SubArea CQR,Solar,No Despachado Centralmente,NEUC,2026-08-03,2026-08-03,SIMEM 0bfc9d + 841808 + 10F2C9
4Y9J,AGPE PRO ORIENTE SAS,Are0128,Area Suroccidental,Are0022,SubArea CQR,Solar,No Despachado Centralmente,BIAC,2026-08-03,2026-08-03,SIMEM 0bfc9d + 841808 + 10F2C9
4T6K,AGPE PROYECTO SOLAR EL ARRIERO,Are0128,Area Suroccidental,Are0022,SubArea CQR,Solar,No Despachado Centralmente,GNCC,2026-08-03,2026-08-03,SIMEM 0bfc9d + 841808 + 10F2C9
3NQR,AGPE SANTAGUEDA CONFA,Are0128,Area Suroccidental,Are0022,SubArea CQR,Solar,No Despachado Centralmente,EPMC,2026-08-03,2026-08-03,SIMEM 0bfc9d + 841808 + 10F2C9
4YBG,AGPE SENA DOSQUEBRADAS,Are0128,Area Suroccidental,Are0022,SubArea CQR,Solar,No Despachado Centralmente,EEPC,2026-08-03,2026-08-03,SIMEM 0bfc9d + 841808 + 10F2C9
5LT4,AGPE SOLOCAUCHO2,Are0128,Area Suroccidental,Are0022,SubArea CQR,Solar,No Despachado Centralmente,EPMC,2026-08-03,2026-08-03,SIMEM 0bfc9d + 841808 + 10F2C9
5ATZ,AGPE STO 352 DOS QUEBRADAS,Are0128,Area Suroccidental,Are0022,SubArea CQR,Solar,No Despachado Centralmente,GNCC,2026-08-03,2026-08-03,SIMEM 0bfc9d + 841808 + 10F2C9
4V2Z,AGPE STO 357 CUBA,Are0128,Area Suroccidental,Are0022,SubArea CQR,Solar,No Despachado Centralmente,GNCC,2026-08-03,2026-08-03,SIMEM 0bfc9d + 841808 + 10F2C9
4V3A,AGPE STO 364 AVENIDA SANTANDER,Are0128,Area Suroccidental,Are0022,SubArea CQR,Solar,No Despachado Centralmente,GNCC,2026-08-03,2026-08-03,SIMEM 0bfc9d + 841808 + 10F2C9
5LRJ,AGPE SUIMTEC SAS,Are0128,Area Suroccidental,Are0022,SubArea CQR,Solar,No Despachado Centralmente,GNCC,2026-08-03,2026-08-03,SIMEM 0bfc9d + 841808 + 10F2C9
4Z8J,AGPE SUZUKI MOTOR DE COLOMBIA SA,Are0128,Area Suroccidental,Are0022,SubArea CQR,Solar,No Despachado Centralmente,EEPC,2026-08-03,2026-08-03,SIMEM 0bfc9d + 841808 + 10F2C9
5P4D,AGPE TEJARES TERRACOTA,Are0128,Area Suroccidental,Are0022,SubArea CQR,Solar,No Despachado Centralmente,EPMC,2026-08-03,2026-08-03,SIMEM 0bfc9d + 841808 + 10F2C9
4XQC,AUTOG GOLOSINAS TRULULU,Are0128,Area Suroccidental,Are0022,SubArea CQR,Hidraulica,No Despachado Centralmente,EXIG,2026-08-03,2026-08-03,SIMEM 0bfc9d + 841808 + 10F2C9
2YWY,AUTOG TURGAS,Are0128,Area Suroccidental,Are0022,SubArea CQR,Termica,No Despachado Centralmente,TRPG,2026-08-03,2026-08-03,SIMEM 0bfc9d + 841808 + 10F2C9
BYN1,BAYONA,Are0128,Area Suroccidental,Are0022,SubArea CQR,Hidraulica,No Despachado Centralmente,CALG,2026-08-03,2026-08-03,SIMEM 0bfc9d + 841808 + 10F2C9
BLM1,BELMONTE,Are0128,Area Suroccidental,Are0022,SubArea CQR,Hidraulica,No Despachado Centralmente,EEPG,2026-08-03,2026-08-03,SIMEM 0bfc9d + 841808 + 10F2C9
CPT1,CAMPESTRE (CALARCA),Are0128,Area Suroccidental,Are0022,SubArea CQR,Hidraulica,No Despachado Centralmente,CALG,2026-08-03,2026-08-03,SIMEM 0bfc9d + 841808 + 10F2C9
3AQP,CAUYA,Are0128,Area Suroccidental,Are0022,SubArea CQR,Hidraulica,No Despachado Centralmente,SFEG,2026-08-03,2026-08-03,SIMEM 0bfc9d + 841808 + 10F2C9
BSQ1,EL BOSQUE,Are0128,Area Suroccidental,Are0022,SubArea CQR,Hidraulica,No Despachado Centralmente,ERCG,2026-08-03,2026-08-03,SIMEM 0bfc9d + 841808 + 10F2C9
2SW1,EL EDEN,Are0128,Area Suroccidental,Are0022,SubArea CQR,Hidraulica,No Despachado Centralmente,PRIG,2026-08-03,2026-08-03,SIMEM 0bfc9d + 841808 + 10F2C9
ESMR,ESMERALDA,Are0128,Area Suroccidental,Are0022,SubArea CQR,Hidraulica,Despachado Centralmente,EPMG,2026-08-03,2026-08-03,SIMEM 0bfc9d + 841808 + 10F2C9
5JRO,GD EDEQ SOLAR LA TEBAIDA,Are0128,Area Suroccidental,Are0022,SubArea CQR,Solar,No Despachado Centralmente,EDQG,2026-08-03,2026-08-03,SIMEM 0bfc9d + 841808 + 10F2C9
5JRP,GD EDEQ SOLAR MONTENEGRO,Are0128,Area Suroccidental,Are0022,SubArea CQR,Solar,No Despachado Centralmente,EDQG,2026-08-03,2026-08-03,SIMEM 0bfc9d + 841808 + 10F2C9
3JQA,GD EL BANCO,Are0128,Area Suroccidental,Are0022,SubArea CQR,Solar,No Despachado Centralmente,EPSG,2026-08-03,2026-08-03,SIMEM 0bfc9d + 841808 + 10F2C9
5ISR,GD LA MACANA,Are0128,Area Suroccidental,Are0022,SubArea CQR,Solar,No Despachado Centralmente,SUNG,2026-08-03,2026-08-03,SIMEM 0bfc9d + 841808 + 10F2C9
GCC1,GUACAICA,Are0128,Area Suroccidental,Are0022,SubArea CQR,Hidraulica,No Despachado Centralmente,EPMG,2026-08-03,2026-08-03,SIMEM 0bfc9d + 841808 + 10F2C9
IRG1,INGENIO RISARALDA 1,Are0128,Area Suroccidental,Are0022,SubArea CQR,Termica,No Despachado Centralmente,ERRG,2026-08-03,2026-08-03,SIMEM 0bfc9d + 841808 + 10F2C9
INS1,INSULA,Are0128,Area Suroccidental,Are0022,SubArea CQR,Hidraulica,No Despachado Centralmente,EPMG,2026-08-03,2026-08-03,SIMEM 0bfc9d + 841808 + 10F2C9
INT1,INTERMEDIA,Are0128,Area Suroccidental,Are0022,SubArea CQR,Hidraulica,No Despachado Centralmente,EPMG,2026-08-03,2026-08-03,SIMEM 0bfc9d + 841808 + 10F2C9
2S78,LA FRISOLERA,Are0128,Area Suroccidental,Are0022,SubArea CQR,Hidraulica,No Despachado Centralmente,SGMG,2026-08-03,2026-08-03,SIMEM 0bfc9d + 841808 + 10F2C9
HMLG,MIEL I,Are0128,Area Suroccidental,Are0022,SubArea CQR,Hidraulica,Despachado Centralmente,ISGG,2026-08-03,2026-08-03,SIMEM 0bfc9d + 841808 + 10F2C9
2SI1,MORRO AZUL,Are0128,Area Suroccidental,Are0022,SubArea CQR,Hidraulica,No Despachado Centralmente,RENG,2026-08-03,2026-08-03,SIMEM 0bfc9d + 841808 + 10F2C9
MNC1,MUNICIPAL,Are0128,Area Suroccidental,Are0022,SubArea CQR,Hidraulica,No Despachado Centralmente,EPMG,2026-08-03,2026-08-03,SIMEM 0bfc9d + 841808 + 10F2C9
LBR1,NUEVO LIBARE,Are0128,Area Suroccidental,Are0022,SubArea CQR,Hidraulica,No Despachado Centralmente,EEPG,2026-08-03,2026-08-03,SIMEM 0bfc9d + 841808 + 10F2C9
PPN1,PAPELES NACIONALES,Are0128,Area Suroccidental,Are0022,SubArea CQR,Termica,No Despachado Centralmente,NRCG,2026-08-03,2026-08-03,SIMEM 0bfc9d + 841808 + 10F2C9
PORO,PARQUE SOLAR PUERTA DE ORO,Are0128,Area Suroccidental,Are0022,SubArea CQR,Solar,Despachado Centralmente,OROG,2026-08-03,2026-08-03,SIMEM 0bfc9d + 841808 + 10F2C9
TPUY,PARQUE SOLAR TEPUY,Are0128,Area Suroccidental,Are0022,SubArea CQR,Solar,Despachado Centralmente,EPMG,2026-08-03,2026-08-03,SIMEM 0bfc9d + 841808 + 10F2C9
5LT6,PLANTA FV DONA JUANA,Are0128,Area Suroccidental,Are0022,SubArea CQR,Solar,No Despachado Centralmente,EPMG,2026-08-03,2026-08-03,SIMEM 0bfc9d + 841808 + 10F2C9
5ISX,PLANTA SOLAR SAN FRANCISCO,Are0128,Area Suroccidental,Are0022,SubArea CQR,Solar,No Despachado Centralmente,EPMG,2026-08-03,2026-08-03,SIMEM 0bfc9d + 841808 + 10F2C9
RNG1,RIONEGRO,Are0128,Area Suroccidental,Are0022,SubArea CQR,Hidraulica,No Despachado Centralmente,SPRG,2026-08-03,2026-08-03,SIMEM 0bfc9d + 841808 + 10F2C9
SNC1,SAN CANCIO,Are0128,Area Suroccidental,Are0022,SubArea CQR,Hidraulica,No Despachado Centralmente,EPMG,2026-08-03,2026-08-03,SIMEM 0bfc9d + 841808 + 10F2C9
SNFR,SAN FRANCISCO,Are0128,Area Suroccidental,Are0022,SubArea CQR,Hidraulica,Despachado Centralmente,EPMG,2026-08-03,2026-08-03,SIMEM 0bfc9d + 841808 + 10F2C9
SJOG,SAN JOSE,Are0128,Area Suroccidental,Are0022,SubArea CQR,Hidraulica,No Despachado Centralmente,FERG,2026-08-03,2026-08-03,SIMEM 0bfc9d + 841808 + 10F2C9
TDR1,TERMODORADA 1,Are0128,Area Suroccidental,Are0022,SubArea CQR,Termica,Despachado Centralmente,EPMG,2026-08-03,2026-08-03,SIMEM 0bfc9d + 841808 + 10F2C9
UNN1,UNION,Are0128,Area Suroccidental,Are0022,SubArea CQR,Hidraulica,No Despachado Centralmente,CALG,2026-08-03,2026-08-03,SIMEM 0bfc9d + 841808 + 10F2C9
5J8N,AGPE CACOM NO6 FAC,Are0128,Area Suroccidental,Are0026,SubArea Caqueta,Solar,No Despachado Centralmente,EPMC,2026-08-03,2026-08-03,SIMEM 0bfc9d + 841808 + 10F2C9
3N7Q,AGPE  ALIMENTOS NARINO MC SAS,Are0128,Area Suroccidental,Are0019,SubArea Cauca-Narino,Solar,No Despachado Centralmente,GNCC,2026-08-03,2026-08-03,SIMEM 0bfc9d + 841808 + 10F2C9
5BQ2,AGPE AGRICOLA COLOMBIANA GRANJA EL LIMON,Are0128,Area Suroccidental,Are0019,SubArea Cauca-Narino,Solar,No Despachado Centralmente,EPSC,2026-08-03,2026-08-03,SIMEM 0bfc9d + 841808 + 10F2C9
5QST,AGPE ALIGRAF1,Are0128,Area Suroccidental,Are0019,SubArea Cauca-Narino,Solar,No Despachado Centralmente,ETTC,2026-08-03,2026-08-03,SIMEM 0bfc9d + 841808 + 10F2C9
5DVV,AGPE ARA 972 EL PLACER,Are0128,Area Suroccidental,Are0019,SubArea Cauca-Narino,Solar,No Despachado Centralmente,GNCC,2026-08-03,2026-08-03,SIMEM 0bfc9d + 841808 + 10F2C9
4T62,AGPE BELLAVISTA,Are0128,Area Suroccidental,Are0019,SubArea Cauca-Narino,Solar,No Despachado Centralmente,ETTC,2026-08-03,2026-08-03,SIMEM 0bfc9d + 841808 + 10F2C9
3NZJ,AGPE BPUBENZA,Are0128,Area Suroccidental,Are0019,SubArea Cauca-Narino,Solar,No Despachado Centralmente,ETTC,2026-08-03,2026-08-03,SIMEM 0bfc9d + 841808 + 10F2C9
4RKX,AGPE BRAVO MENESES,Are0128,Area Suroccidental,Are0019,SubArea Cauca-Narino,Solar,No Despachado Centralmente,BIAC,2026-08-03,2026-08-03,SIMEM 0bfc9d + 841808 + 10F2C9
3HEA,AGPE CAMPOS DE ARAGON,Are0128,Area Suroccidental,Are0019,SubArea Cauca-Narino,Solar,No Despachado Centralmente,ETTC,2026-08-03,2026-08-03,SIMEM 0bfc9d + 841808 + 10F2C9
3KOP,AGPE CASITA DEL CUY,Are0128,Area Suroccidental,Are0019,SubArea Cauca-Narino,Solar,No Despachado Centralmente,NEUC,2026-08-03,2026-08-03,SIMEM 0bfc9d + 841808 + 10F2C9
4WUO,AGPE CENTRO COMERCIAL UNICENTRO ZONAS COMUNES,Are0128,Area Suroccidental,Are0019,SubArea Cauca-Narino,Solar,No Despachado Centralmente,ASCC,2026-08-03,2026-08-03,SIMEM 0bfc9d + 841808 + 10F2C9
3F7M,AGPE CHAMORRO PORTILLA MISTER POLLO IPIALES,Are0128,Area Suroccidental,Are0019,SubArea Cauca-Narino,Solar,No Despachado Centralmente,ASCC,2026-08-03,2026-08-03,SIMEM 0bfc9d + 841808 + 10F2C9
3Q8V,AGPE CLINICA BELLATRIZ SAS,Are0128,Area Suroccidental,Are0019,SubArea Cauca-Narino,Solar,No Despachado Centralmente,GNCC,2026-08-03,2026-08-03,SIMEM 0bfc9d + 841808 + 10F2C9
4Y4I,AGPE CLINICA MORASURCO 1 236 KWP,Are0128,Area Suroccidental,Are0019,SubArea Cauca-Narino,Solar,No Despachado Centralmente,ASCC,2026-08-03,2026-08-03,SIMEM 0bfc9d + 841808 + 10F2C9
4Y4G,AGPE CLINICA MORASURCO 2  236 KWP,Are0128,Area Suroccidental,Are0019,SubArea Cauca-Narino,Solar,No Despachado Centralmente,ASCC,2026-08-03,2026-08-03,SIMEM 0bfc9d + 841808 + 10F2C9
3K5E,AGPE CONGNAR,Are0128,Area Suroccidental,Are0019,SubArea Cauca-Narino,Solar,No Despachado Centralmente,ETTC,2026-08-03,2026-08-03,SIMEM 0bfc9d + 841808 + 10F2C9
5H1V,AGPE CONVAA1,Are0128,Area Suroccidental,Are0019,SubArea Cauca-Narino,Solar,No Despachado Centralmente,ETTC,2026-08-03,2026-08-03,SIMEM 0bfc9d + 841808 + 10F2C9
3JQL,AGPE CORPORACION CLUB COLOMBIA,Are0128,Area Suroccidental,Are0019,SubArea Cauca-Narino,Solar,No Despachado Centralmente,ASCC,2026-08-03,2026-08-03,SIMEM 0bfc9d + 841808 + 10F2C9
3K5G,AGPE EDGAVDA,Are0128,Area Suroccidental,Are0019,SubArea Cauca-Narino,Solar,No Despachado Centralmente,ETTC,2026-08-03,2026-08-03,SIMEM 0bfc9d + 841808 + 10F2C9
3KR2,AGPE FUNDACION  OFTALMOLOGICA,Are0128,Area Suroccidental,Are0019,SubArea Cauca-Narino,Solar,No Despachado Centralmente,BIAC,2026-08-03,2026-08-03,SIMEM 0bfc9d + 841808 + 10F2C9
5BPN,AGPE HOSPITAL SAN RAFAEL PASTO,Are0128,Area Suroccidental,Are0019,SubArea Cauca-Narino,Solar,No Despachado Centralmente,ASCC,2026-08-03,2026-08-03,SIMEM 0bfc9d + 841808 + 10F2C9
3HZA,AGPE HOTEL CUELLAR,Are0128,Area Suroccidental,Are0019,SubArea Cauca-Narino,Solar,No Despachado Centralmente,GNCC,2026-08-03,2026-08-03,SIMEM 0bfc9d + 841808 + 10F2C9
3LM9,AGPE HOTEL V1501,Are0128,Area Suroccidental,Are0019,SubArea Cauca-Narino,Solar,No Despachado Centralmente,ASCC,2026-08-03,2026-08-03,SIMEM 0bfc9d + 841808 + 10F2C9
3R57,AGPE HV VILLARICA,Are0128,Area Suroccidental,Are0019,SubArea Cauca-Narino,Solar,No Despachado Centralmente,ISGC,2026-08-03,2026-08-03,SIMEM 0bfc9d + 841808 + 10F2C9
4T64,AGPE INCUBADORA DEL SUR,Are0128,Area Suroccidental,Are0019,SubArea Cauca-Narino,Solar,No Despachado Centralmente,ASCC,2026-08-03,2026-08-03,SIMEM 0bfc9d + 841808 + 10F2C9
3AXV,AGPE INGENIO DE OCCIDENTE,Are0128,Area Suroccidental,Are0019,SubArea Cauca-Narino,Termica,No Despachado Centralmente,EMEG,2026-08-03,2026-08-03,SIMEM 0bfc9d + 841808 + 10F2C9
3Q7B,AGPE JOSE JAIME ROSALES LA MERCED,Are0128,Area Suroccidental,Are0019,SubArea Cauca-Narino,Solar,No Despachado Centralmente,ASCC,2026-08-03,2026-08-03,SIMEM 0bfc9d + 841808 + 10F2C9
4SSD,AGPE KRK CAFFETO SAS 94 4 KWP.,Are0128,Area Suroccidental,Are0019,SubArea Cauca-Narino,Solar,No Despachado Centralmente,GNCC,2026-08-03,2026-08-03,SIMEM 0bfc9d + 841808 + 10F2C9
3IQ2,AGPE LA CALI PRINCIPAL,Are0128,Area Suroccidental,Are0019,SubArea Cauca-Narino,Solar,No Despachado Centralmente,GNCC,2026-08-03,2026-08-03,SIMEM 0bfc9d + 841808 + 10F2C9
3Q7F,AGPE LA MERCED BOTANA,Are0128,Area Suroccidental,Are0019,SubArea Cauca-Narino,Solar,No Despachado Centralmente,ASCC,2026-08-03,2026-08-03,SIMEM 0bfc9d + 841808 + 10F2C9
3PZX,AGPE LACTEOS ANDINOS,Are0128,Area Suroccidental,Are0019,SubArea Cauca-Narino,Solar,No Despachado Centralmente,ASCC,2026-08-03,2026-08-03,SIMEM 0bfc9d + 841808 + 10F2C9
5G27,AGPE LACTEOS DOS PALMAS,Are0128,Area Suroccidental,Are0019,SubArea Cauca-Narino,Solar,No Despachado Centralmente,ASCC,2026-08-03,2026-08-03,SIMEM 0bfc9d + 841808 + 10F2C9
5IT5,AGPE LADRILLERA SANTALUCIA,Are0128,Area Suroccidental,Are0019,SubArea Cauca-Narino,Solar,No Despachado Centralmente,GNCC,2026-08-03,2026-08-03,SIMEM 0bfc9d + 841808 + 10F2C9
3MAP,AGPE MEDINUCLEAR SAS,Are0128,Area Suroccidental,Are0019,SubArea Cauca-Narino,Solar,No Despachado Centralmente,ASCC,2026-08-03,2026-08-03,SIMEM 0bfc9d + 841808 + 10F2C9
3NZL,AGPE MEJICO LTDA PUERTO TEJADA,Are0128,Area Suroccidental,Are0019,SubArea Cauca-Narino,Solar,No Despachado Centralmente,BIAC,2026-08-03,2026-08-03,SIMEM 0bfc9d + 841808 + 10F2C9
3ITO,AGPE NUTRILACTEOS DEL SUR,Are0128,Area Suroccidental,Are0019,SubArea Cauca-Narino,Solar,No Despachado Centralmente,GNCC,2026-08-03,2026-08-03,SIMEM 0bfc9d + 841808 + 10F2C9
3GX5,AGPE ORGANIZACION LA MERCED,Are0128,Area Suroccidental,Are0019,SubArea Cauca-Narino,Solar,No Despachado Centralmente,ASCC,2026-08-03,2026-08-03,SIMEM 0bfc9d + 841808 + 10F2C9
4VY7,AGPE OVOPRODUCTOS DEL PACIFICO SAS,Are0128,Area Suroccidental,Are0019,SubArea Cauca-Narino,Solar,No Despachado Centralmente,EPSC,2026-08-03,2026-08-03,SIMEM 0bfc9d + 841808 + 10F2C9
5E77,AGPE PALERMO IMAGEN SAS,Are0128,Area Suroccidental,Are0019,SubArea Cauca-Narino,Solar,No Despachado Centralmente,GNCC,2026-08-03,2026-08-03,SIMEM 0bfc9d + 841808 + 10F2C9
5IJ8,AGPE PECU1,Are0128,Area Suroccidental,Are0019,SubArea Cauca-Narino,Solar,No Despachado Centralmente,ETTC,2026-08-03,2026-08-03,SIMEM 0bfc9d + 841808 + 10F2C9
3JHZ,AGPE PLATINUM INVESTMENTS,Are0128,Area Suroccidental,Are0019,SubArea Cauca-Narino,Solar,No Despachado Centralmente,ASCC,2026-08-03,2026-08-03,SIMEM 0bfc9d + 841808 + 10F2C9
4WOI,AGPE PROACOR SAS GRANJA LA CHAMBA,Are0128,Area Suroccidental,Are0019,SubArea Cauca-Narino,Solar,No Despachado Centralmente,GNCC,2026-08-03,2026-08-03,SIMEM 0bfc9d + 841808 + 10F2C9
5TQW,AGPE PRODISPEL,Are0128,Area Suroccidental,Are0019,SubArea Cauca-Narino,Solar,No Despachado Centralmente,EMIC,2026-08-03,2026-08-03,SIMEM 0bfc9d + 841808 + 10F2C9
4VZ1,AGPE PRODUCTORA DE ALIMENTOS NATURALES PANA,Are0128,Area Suroccidental,Are0019,SubArea Cauca-Narino,Solar,No Despachado Centralmente,GNCC,2026-08-03,2026-08-03,SIMEM 0bfc9d + 841808 + 10F2C9
3HJ2,AGPE PUYO,Are0128,Area Suroccidental,Are0019,SubArea Cauca-Narino,Solar,No Despachado Centralmente,ETTC,2026-08-03,2026-08-03,SIMEM 0bfc9d + 841808 + 10F2C9
5H1L,AGPE RCN RADIO ANTENA CAJUCAL,Are0128,Area Suroccidental,Are0019,SubArea Cauca-Narino,Solar,No Despachado Centralmente,GNCC,2026-08-03,2026-08-03,SIMEM 0bfc9d + 841808 + 10F2C9
4Y5P,AGPE SSFV METALSUR 1,Are0128,Area Suroccidental,Are0019,SubArea Cauca-Narino,Solar,No Despachado Centralmente,ENDC,2026-08-03,2026-08-03,SIMEM 0bfc9d + 841808 + 10F2C9
4Y5R,AGPE SSFV METALSUR 2,Are0128,Area Suroccidental,Are0019,SubArea Cauca-Narino,Solar,No Despachado Centralmente,ENDC,2026-08-03,2026-08-03,SIMEM 0bfc9d + 841808 + 10F2C9
5C9P,AGPE STO 547 PUERTO TEJADA,Are0128,Area Suroccidental,Are0019,SubArea Cauca-Narino,Solar,No Despachado Centralmente,GNCC,2026-08-03,2026-08-03,SIMEM 0bfc9d + 841808 + 10F2C9
5C9V,AGPE SYGLA COLOMBIA LTDA,Are0128,Area Suroccidental,Are0019,SubArea Cauca-Narino,Solar,No Despachado Centralmente,BIAC,2026-08-03,2026-08-03,SIMEM 0bfc9d + 841808 + 10F2C9
4VCO,AGPE VARCAR1,Are0128,Area Suroccidental,Are0019,SubArea Cauca-Narino,Solar,No Despachado Centralmente,ETTC,2026-08-03,2026-08-03,SIMEM 0bfc9d + 841808 + 10F2C9
3MS2,CELSIA SOLAR PUERTO TEJADA,Are0128,Area Suroccidental,Are0019,SubArea Cauca-Narino,Solar,No Despachado Centralmente,EPSG,2026-08-03,2026-08-03,SIMEM 0bfc9d + 841808 + 10F2C9
CCN1,COCONUCO,Are0128,Area Suroccidental,Are0019,SubArea Cauca-Narino,Hidraulica,No Despachado Centralmente,EMEG,2026-08-03,2026-08-03,SIMEM 0bfc9d + 841808 + 10F2C9
PNC1,COGENERADOR PROENCA,Are0128,Area Suroccidental,Are0019,SubArea Cauca-Narino,Termica,No Despachado Centralmente,PECG,2026-08-03,2026-08-03,SIMEM 0bfc9d + 841808 + 10F2C9
4YLK,DELTA I,Are0128,Area Suroccidental,Are0019,SubArea Cauca-Narino,Solar,No Despachado Centralmente,UNGG,2026-08-03,2026-08-03,SIMEM 0bfc9d + 841808 + 10F2C9
QUI1,EL QUIMBO,Are0128,Area Suroccidental,Are0019,SubArea Cauca-Narino,Hidraulica,Despachado Centralmente,ENDG,2026-08-03,2026-08-03,SIMEM 0bfc9d + 841808 + 10F2C9
FLRD,FLORIDA,Are0128,Area Suroccidental,Are0019,SubArea Cauca-Narino,Hidraulica,No Despachado Centralmente,CDIG,2026-08-03,2026-08-03,SIMEM 0bfc9d + 841808 + 10F2C9
3QPE,GD BOCAS DEL PALO,Are0128,Area Suroccidental,Are0019,SubArea Cauca-Narino,Solar,No Despachado Centralmente,EPSC,2026-08-03,2026-08-03,SIMEM 0bfc9d + 841808 + 10F2C9
5BPT,GD DELTA II,Are0128,Area Suroccidental,Are0019,SubArea Cauca-Narino,Solar,No Despachado Centralmente,BIAG,2026-08-03,2026-08-03,SIMEM 0bfc9d + 841808 + 10F2C9
5IKR,GD LYRA,Are0128,Area Suroccidental,Are0019,SubArea Cauca-Narino,Solar,No Despachado Centralmente,BIAG,2026-08-03,2026-08-03,SIMEM 0bfc9d + 841808 + 10F2C9
3NLE,GD NAOS I,Are0128,Area Suroccidental,Are0019,SubArea Cauca-Narino,Solar,No Despachado Centralmente,UNGG,2026-08-03,2026-08-03,SIMEM 0bfc9d + 841808 + 10F2C9
4T9M,GD NAOS II,Are0128,Area Suroccidental,Are0019,SubArea Cauca-Narino,Solar,No Despachado Centralmente,BIAG,2026-08-03,2026-08-03,SIMEM 0bfc9d + 841808 + 10F2C9
4WP2,GD NAOS III,Are0128,Area Suroccidental,Are0019,SubArea Cauca-Narino,Solar,No Despachado Centralmente,BIAG,2026-08-03,2026-08-03,SIMEM 0bfc9d + 841808 + 10F2C9
5IM7,GD ORBIS,Are0128,Area Suroccidental,Are0019,SubArea Cauca-Narino,Solar,No Despachado Centralmente,BIAG,2026-08-03,2026-08-03,SIMEM 0bfc9d + 841808 + 10F2C9
5BQA,GD POLARIS II,Are0128,Area Suroccidental,Are0019,SubArea Cauca-Narino,Solar,No Despachado Centralmente,UNGG,2026-08-03,2026-08-03,SIMEM 0bfc9d + 841808 + 10F2C9
5JQL,GD POLARIS III,Are0128,Area Suroccidental,Are0019,SubArea Cauca-Narino,Solar,No Despachado Centralmente,BIAG,2026-08-03,2026-08-03,SIMEM 0bfc9d + 841808 + 10F2C9
5SCX,GD VEGA I,Are0128,Area Suroccidental,Are0019,SubArea Cauca-Narino,Solar,No Despachado Centralmente,BIAG,2026-08-03,2026-08-03,SIMEM 0bfc9d + 841808 + 10F2C9
5SCK,GD VEGA II,Are0128,Area Suroccidental,Are0019,SubArea Cauca-Narino,Solar,No Despachado Centralmente,BIAG,2026-08-03,2026-08-03,SIMEM 0bfc9d + 841808 + 10F2C9
INC1,INCAUCA 1,Are0128,Area Suroccidental,Are0019,SubArea Cauca-Narino,Termica,No Despachado Centralmente,NTCG,2026-08-03,2026-08-03,SIMEM 0bfc9d + 841808 + 10F2C9
MND1,MONDOMO,Are0128,Area Suroccidental,Are0019,SubArea Cauca-Narino,Hidraulica,No Despachado Centralmente,CDIG,2026-08-03,2026-08-03,SIMEM 0bfc9d + 841808 + 10F2C9
PTC1,PATICO - LA CABRERA,Are0128,Area Suroccidental,Are0019,SubArea Cauca-Narino,Hidraulica,No Despachado Centralmente,FERG,2026-08-03,2026-08-03,SIMEM 0bfc9d + 841808 + 10F2C9
4YLM,POLARIS I,Are0128,Area Suroccidental,Are0019,SubArea Cauca-Narino,Solar,No Despachado Centralmente,UNGG,2026-08-03,2026-08-03,SIMEM 0bfc9d + 841808 + 10F2C9
2U5P,PROENCA II 1,Are0128,Area Suroccidental,Are0019,SubArea Cauca-Narino,Termica,No Despachado Centralmente,PECG,2026-08-03,2026-08-03,SIMEM 0bfc9d + 841808 + 10F2C9
RBB1,RIO BOBO,Are0128,Area Suroccidental,Are0019,SubArea Cauca-Narino,Hidraulica,No Despachado Centralmente,CDNG,2026-08-03,2026-08-03,SIMEM 0bfc9d + 841808 + 10F2C9
RMYO,RIO MAYO,Are0128,Area Suroccidental,Are0019,SubArea Cauca-Narino,Hidraulica,No Despachado Centralmente,CDNG,2026-08-03,2026-08-03,SIMEM 0bfc9d + 841808 + 10F2C9
LPLO,RIO PALO,Are0128,Area Suroccidental,Are0019,SubArea Cauca-Narino,Hidraulica,No Despachado Centralmente,CDIG,2026-08-03,2026-08-03,SIMEM 0bfc9d + 841808 + 10F2C9
SPY1,RIO SAPUYES,Are0128,Area Suroccidental,Are0019,SubArea Cauca-Narino,Hidraulica,No Despachado Centralmente,CDNG,2026-08-03,2026-08-03,SIMEM 0bfc9d + 841808 + 10F2C9
SJN1,SAJANDI,Are0128,Area Suroccidental,Are0019,SubArea Cauca-Narino,Hidraulica,No Despachado Centralmente,CDIG,2026-08-03,2026-08-03,SIMEM 0bfc9d + 841808 + 10F2C9
SLVJ,SALVAJINA,Are0128,Area Suroccidental,Are0019,SubArea Cauca-Narino,Hidraulica,Despachado Centralmente,EPSG,2026-08-03,2026-08-03,SIMEM 0bfc9d + 841808 + 10F2C9
SFC1,SAN FRANCISCO (PUTUMAYO),Are0128,Area Suroccidental,Are0019,SubArea Cauca-Narino,Hidraulica,No Despachado Centralmente,SGMG,2026-08-03,2026-08-03,SIMEM 0bfc9d + 841808 + 10F2C9
SLV1,SILVIA,Are0128,Area Suroccidental,Are0019,SubArea Cauca-Narino,Hidraulica,No Despachado Centralmente,CDIG,2026-08-03,2026-08-03,SIMEM 0bfc9d + 841808 + 10F2C9
4Z9Q,SOLAR ARDOBELA I,Are0128,Area Suroccidental,Are0019,SubArea Cauca-Narino,Solar,No Despachado Centralmente,ECBG,2026-08-03,2026-08-03,SIMEM 0bfc9d + 841808 + 10F2C9
4Z9S,SOLAR ARDOBELA II,Are0128,Area Suroccidental,Are0019,SubArea Cauca-Narino,Solar,No Despachado Centralmente,ECBG,2026-08-03,2026-08-03,SIMEM 0bfc9d + 841808 + 10F2C9
5C9H,AGPE 331 PARQUE CENTRAL,Are0128,Area Suroccidental,Are0031,SubArea Huila-Tolima,Solar,No Despachado Centralmente,GNCC,2026-08-03,2026-08-03,SIMEM 0bfc9d + 841808 + 10F2C9
3J1S,AGPE AGROINDUSTRIAL MOLINO SONORA AP SAS,Are0128,Area Suroccidental,Are0031,SubArea Huila-Tolima,Solar,No Despachado Centralmente,GAPC,2026-08-03,2026-08-03,SIMEM 0bfc9d + 841808 + 10F2C9
3LPY,AGPE AGROZ,Are0128,Area Suroccidental,Are0031,SubArea Huila-Tolima,Solar,No Despachado Centralmente,EPMC,2026-08-03,2026-08-03,SIMEM 0bfc9d + 841808 + 10F2C9
5G3W,AGPE ALCANOS FLANDES,Are0128,Area Suroccidental,Are0031,SubArea Huila-Tolima,Solar,No Despachado Centralmente,HLAC,2026-08-03,2026-08-03,SIMEM 0bfc9d + 841808 + 10F2C9
4UKE,AGPE ALTURO CALDERON GUILLERMO,Are0128,Area Suroccidental,Are0031,SubArea Huila-Tolima,Solar,No Despachado Centralmente,GNCC,2026-08-03,2026-08-03,SIMEM 0bfc9d + 841808 + 10F2C9
3QR2,AGPE ARA 298 BARRIO RICAURTE,Are0128,Area Suroccidental,Are0031,SubArea Huila-Tolima,Solar,No Despachado Centralmente,GNCC,2026-08-03,2026-08-03,SIMEM 0bfc9d + 841808 + 10F2C9
3QR8,AGPE ARA 354 PURIFICACION ZS,Are0128,Area Suroccidental,Are0031,SubArea Huila-Tolima,Solar,No Despachado Centralmente,GNCC,2026-08-03,2026-08-03,SIMEM 0bfc9d + 841808 + 10F2C9
3QR6,AGPE ARA 375 RINCON DE LA PIEDRA,Are0128,Area Suroccidental,Are0031,SubArea Huila-Tolima,Solar,No Despachado Centralmente,GNCC,2026-08-03,2026-08-03,SIMEM 0bfc9d + 841808 + 10F2C9
3QR4,AGPE ARA 399 CHAPARRAL CENTRO,Are0128,Area Suroccidental,Are0031,SubArea Huila-Tolima,Solar,No Despachado Centralmente,GNCC,2026-08-03,2026-08-03,SIMEM 0bfc9d + 841808 + 10F2C9
3QRA,AGPE ARA 410 SALDANA ZN,Are0128,Area Suroccidental,Are0031,SubArea Huila-Tolima,Solar,No Despachado Centralmente,GNCC,2026-08-03,2026-08-03,SIMEM 0bfc9d + 841808 + 10F2C9
4SSN,AGPE ARA RESERVA DEL ORIENTE,Are0128,Area Suroccidental,Are0031,SubArea Huila-Tolima,Solar,No Despachado Centralmente,GNCC,2026-08-03,2026-08-03,SIMEM 0bfc9d + 841808 + 10F2C9
4ZCO,AGPE AVICOLA LAS PALMAS,Are0128,Area Suroccidental,Are0031,SubArea Huila-Tolima,Solar,No Despachado Centralmente,EPSC,2026-08-03,2026-08-03,SIMEM 0bfc9d + 841808 + 10F2C9
3I7R,AGPE AYE ASOCIADOS EDS,Are0128,Area Suroccidental,Are0031,SubArea Huila-Tolima,Solar,No Despachado Centralmente,BIAC,2026-08-03,2026-08-03,SIMEM 0bfc9d + 841808 + 10F2C9
3EGK,AGPE CLINICA CLINALTEC,Are0128,Area Suroccidental,Are0031,SubArea Huila-Tolima,Solar,No Despachado Centralmente,EPSC,2026-08-03,2026-08-03,SIMEM 0bfc9d + 841808 + 10F2C9
3FDH,AGPE DEPOSITO YONATAN GONZALES,Are0128,Area Suroccidental,Are0031,SubArea Huila-Tolima,Solar,No Despachado Centralmente,BIAC,2026-08-03,2026-08-03,SIMEM 0bfc9d + 841808 + 10F2C9
5SEV,AGPE ENERAM1,Are0128,Area Suroccidental,Are0031,SubArea Huila-Tolima,Solar,No Despachado Centralmente,ETTC,2026-08-03,2026-08-03,SIMEM 0bfc9d + 841808 + 10F2C9
5NKQ,AGPE EVELIO COY CARO,Are0128,Area Suroccidental,Are0031,SubArea Huila-Tolima,Solar,No Despachado Centralmente,GNCC,2026-08-03,2026-08-03,SIMEM 0bfc9d + 841808 + 10F2C9
4WVQ,AGPE FAC CACOM4,Are0128,Area Suroccidental,Are0031,SubArea Huila-Tolima,Solar,No Despachado Centralmente,EPMC,2026-08-03,2026-08-03,SIMEM 0bfc9d + 841808 + 10F2C9
3NLK,AGPE GRANJA SAN PEDRO MALAMI,Are0128,Area Suroccidental,Are0031,SubArea Huila-Tolima,Solar,No Despachado Centralmente,GNCC,2026-08-03,2026-08-03,SIMEM 0bfc9d + 841808 + 10F2C9
3HZ8,AGPE HACIENDA TEUCALI,Are0128,Area Suroccidental,Are0031,SubArea Huila-Tolima,Solar,No Despachado Centralmente,GNCC,2026-08-03,2026-08-03,SIMEM 0bfc9d + 841808 + 10F2C9
3JI4,AGPE INVERSIONES COSIE,Are0128,Area Suroccidental,Are0031,SubArea Huila-Tolima,Solar,No Despachado Centralmente,ETTC,2026-08-03,2026-08-03,SIMEM 0bfc9d + 841808 + 10F2C9
3HE4,AGPE INVERSIONES LJC SAS,Are0128,Area Suroccidental,Are0031,SubArea Huila-Tolima,Solar,No Despachado Centralmente,GNCC,2026-08-03,2026-08-03,SIMEM 0bfc9d + 841808 + 10F2C9
5TNT,AGPE JABIR1,Are0128,Area Suroccidental,Are0031,SubArea Huila-Tolima,Solar,No Despachado Centralmente,ETTC,2026-08-03,2026-08-03,SIMEM 0bfc9d + 841808 + 10F2C9
5IJ9,AGPE JAMOGA1,Are0128,Area Suroccidental,Are0031,SubArea Huila-Tolima,Solar,No Despachado Centralmente,ETTC,2026-08-03,2026-08-03,SIMEM 0bfc9d + 841808 + 10F2C9
4THG,AGPE JERONIMO MARTINS TIENDA 301,Are0128,Area Suroccidental,Are0031,SubArea Huila-Tolima,Solar,No Despachado Centralmente,GNCC,2026-08-03,2026-08-03,SIMEM 0bfc9d + 841808 + 10F2C9
4SSL,AGPE JOSE REINEL GASCA ALVAREZ,Are0128,Area Suroccidental,Are0031,SubArea Huila-Tolima,Solar,No Despachado Centralmente,GNCC,2026-08-03,2026-08-03,SIMEM 0bfc9d + 841808 + 10F2C9
4RKZ,AGPE LEANDRO EFRAIN ARISTIZABAL VARGAS,Are0128,Area Suroccidental,Are0031,SubArea Huila-Tolima,Solar,No Despachado Centralmente,ETTC,2026-08-03,2026-08-03,SIMEM 0bfc9d + 841808 + 10F2C9
5TNA,AGPE MARIA CAROLINA Y HNOS SAS,Are0128,Area Suroccidental,Are0031,SubArea Huila-Tolima,Solar,No Despachado Centralmente,GNCC,2026-08-03,2026-08-03,SIMEM 0bfc9d + 841808 + 10F2C9
3HDA,AGPE MAXIPELLETS 2,Are0128,Area Suroccidental,Are0031,SubArea Huila-Tolima,Solar,No Despachado Centralmente,EPSC,2026-08-03,2026-08-03,SIMEM 0bfc9d + 841808 + 10F2C9
4S4R,AGPE NICOLAS EFRAIN ARISTIZABAL,Are0128,Area Suroccidental,Are0031,SubArea Huila-Tolima,Solar,No Despachado Centralmente,ETTC,2026-08-03,2026-08-03,SIMEM 0bfc9d + 841808 + 10F2C9
4YBI,AGPE NUTRIAVICOLA SA LA CATALINA,Are0128,Area Suroccidental,Are0031,SubArea Huila-Tolima,Solar,No Despachado Centralmente,EPSC,2026-08-03,2026-08-03,SIMEM 0bfc9d + 841808 + 10F2C9
3ISD,AGPE ORF SA,Are0128,Area Suroccidental,Are0031,SubArea Huila-Tolima,Solar,No Despachado Centralmente,ISGC,2026-08-03,2026-08-03,SIMEM 0bfc9d + 841808 + 10F2C9
3JBD,AGPE PISCICOLA BARACALDO,Are0128,Area Suroccidental,Are0031,SubArea Huila-Tolima,Solar,No Despachado Centralmente,GNCC,2026-08-03,2026-08-03,SIMEM 0bfc9d + 841808 + 10F2C9
5TNO,AGPE PREMIUM DISTRIBUCIONES SAS,Are0128,Area Suroccidental,Are0031,SubArea Huila-Tolima,Solar,No Despachado Centralmente,BIAC,2026-08-03,2026-08-03,SIMEM 0bfc9d + 841808 + 10F2C9
4YHK,AGPE PRIMAX GUALANDAY,Are0128,Area Suroccidental,Are0031,SubArea Huila-Tolima,Solar,No Despachado Centralmente,NEUC,2026-08-03,2026-08-03,SIMEM 0bfc9d + 841808 + 10F2C9
5F3V,AGPE PROCEAL1,Are0128,Area Suroccidental,Are0031,SubArea Huila-Tolima,Solar,No Despachado Centralmente,ETTC,2026-08-03,2026-08-03,SIMEM 0bfc9d + 841808 + 10F2C9
5G3Y,AGPE SERVIT1,Are0128,Area Suroccidental,Are0031,SubArea Huila-Tolima,Solar,No Despachado Centralmente,ETTC,2026-08-03,2026-08-03,SIMEM 0bfc9d + 841808 + 10F2C9
3EGS,AGPE SURTIPLAZA,Are0128,Area Suroccidental,Are0031,SubArea Huila-Tolima,Solar,No Despachado Centralmente,EPSC,2026-08-03,2026-08-03,SIMEM 0bfc9d + 841808 + 10F2C9
3IQG,AGPE TERMINAL DE TRANSPORTE DE NEIVA,Are0128,Area Suroccidental,Are0031,SubArea Huila-Tolima,Solar,No Despachado Centralmente,BIAC,2026-08-03,2026-08-03,SIMEM 0bfc9d + 841808 + 10F2C9
MOY1,AMOYA LA ESPERANZA,Are0128,Area Suroccidental,Are0031,SubArea Huila-Tolima,Hidraulica,Despachado Centralmente,ISGG,2026-08-03,2026-08-03,SIMEM 0bfc9d + 841808 + 10F2C9
CHBG,BETANIA,Are0128,Area Suroccidental,Are0031,SubArea Huila-Tolima,Hidraulica,Despachado Centralmente,ENDG,2026-08-03,2026-08-03,SIMEM 0bfc9d + 841808 + 10F2C9
COE1,COELLO,Are0128,Area Suroccidental,Are0031,SubArea Huila-Tolima,Hidraulica,No Despachado Centralmente,ENGG,2026-08-03,2026-08-03,SIMEM 0bfc9d + 841808 + 10F2C9
CUC1,CUCUANA,Are0128,Area Suroccidental,Are0031,SubArea Huila-Tolima,Hidraulica,Despachado Centralmente,EPSG,2026-08-03,2026-08-03,SIMEM 0bfc9d + 841808 + 10F2C9
CUR1,CURRUCUCUES,Are0128,Area Suroccidental,Are0031,SubArea Huila-Tolima,Hidraulica,No Despachado Centralmente,NRCG,2026-08-03,2026-08-03,SIMEM 0bfc9d + 841808 + 10F2C9
3JPC,GD CHICORAL,Are0128,Area Suroccidental,Are0031,SubArea Huila-Tolima,Solar,No Despachado Centralmente,EPSG,2026-08-03,2026-08-03,SIMEM 0bfc9d + 841808 + 10F2C9
3NGJ,GD CHIMBI,Are0128,Area Suroccidental,Are0031,SubArea Huila-Tolima,Solar,No Despachado Centralmente,EPSG,2026-08-03,2026-08-03,SIMEM 0bfc9d + 841808 + 10F2C9
4VYB,GD ERCO GUAMO I,Are0128,Area Suroccidental,Are0031,SubArea Huila-Tolima,Solar,No Despachado Centralmente,ERRG,2026-08-03,2026-08-03,SIMEM 0bfc9d + 841808 + 10F2C9
4UZU,GD ERCO GUAMO II,Are0128,Area Suroccidental,Are0031,SubArea Huila-Tolima,Solar,No Despachado Centralmente,ERRG,2026-08-03,2026-08-03,SIMEM 0bfc9d + 841808 + 10F2C9
4ULY,GD ERCO GUAMO III,Are0128,Area Suroccidental,Are0031,SubArea Huila-Tolima,Solar,No Despachado Centralmente,ERRG,2026-08-03,2026-08-03,SIMEM 0bfc9d + 841808 + 10F2C9
4UM1,GD ERCO GUAMO IV,Are0128,Area Suroccidental,Are0031,SubArea Huila-Tolima,Solar,No Despachado Centralmente,ERRG,2026-08-03,2026-08-03,SIMEM 0bfc9d + 841808 + 10F2C9
3Q87,GD ERCO SALDANA I,Are0128,Area Suroccidental,Are0031,SubArea Huila-Tolima,Solar,No Despachado Centralmente,ERRG,2026-08-03,2026-08-03,SIMEM 0bfc9d + 841808 + 10F2C9
3Q89,GD ERCO SALDANA II,Are0128,Area Suroccidental,Are0031,SubArea Huila-Tolima,Solar,No Despachado Centralmente,ERRG,2026-08-03,2026-08-03,SIMEM 0bfc9d + 841808 + 10F2C9
3NDE,GD ERCO TOLDADO,Are0128,Area Suroccidental,Are0031,SubArea Huila-Tolima,Solar,No Despachado Centralmente,ERRG,2026-08-03,2026-08-03,SIMEM 0bfc9d + 841808 + 10F2C9
5F6W,GD ESPERANZA I,Are0128,Area Suroccidental,Are0031,SubArea Huila-Tolima,Solar,No Despachado Centralmente,NEXG,2026-08-03,2026-08-03,SIMEM 0bfc9d + 841808 + 10F2C9
5F6V,GD ESPERANZA II,Are0128,Area Suroccidental,Are0031,SubArea Huila-Tolima,Solar,No Despachado Centralmente,NEXG,2026-08-03,2026-08-03,SIMEM 0bfc9d + 841808 + 10F2C9
3JPE,GD LOS CHORROS,Are0128,Area Suroccidental,Are0031,SubArea Huila-Tolima,Solar,No Despachado Centralmente,EPSG,2026-08-03,2026-08-03,SIMEM 0bfc9d + 841808 + 10F2C9
3KOL,GD PALERMO,Are0128,Area Suroccidental,Are0031,SubArea Huila-Tolima,Solar,No Despachado Centralmente,EPSG,2026-08-03,2026-08-03,SIMEM 0bfc9d + 841808 + 10F2C9
5MAK,GD SINAI,Are0128,Area Suroccidental,Are0031,SubArea Huila-Tolima,Solar,No Despachado Centralmente,NEXG,2026-08-03,2026-08-03,SIMEM 0bfc9d + 841808 + 10F2C9
3J83,GUAMO,Are0128,Area Suroccidental,Are0031,SubArea Huila-Tolima,Solar,No Despachado Centralmente,ERRG,2026-08-03,2026-08-03,SIMEM 0bfc9d + 841808 + 10F2C9
INZ1,INZA,Are0128,Area Suroccidental,Are0031,SubArea Huila-Tolima,Hidraulica,No Despachado Centralmente,CDIG,2026-08-03,2026-08-03,SIMEM 0bfc9d + 841808 + 10F2C9
IQU1,IQUIRA I,Are0128,Area Suroccidental,Are0031,SubArea Huila-Tolima,Hidraulica,No Despachado Centralmente,HLAG,2026-08-03,2026-08-03,SIMEM 0bfc9d + 841808 + 10F2C9
IQU2,IQUIRA II,Are0128,Area Suroccidental,Are0031,SubArea Huila-Tolima,Hidraulica,No Despachado Centralmente,HLAG,2026-08-03,2026-08-03,SIMEM 0bfc9d + 841808 + 10F2C9
PTA1,LA PITA,Are0128,Area Suroccidental,Are0031,SubArea Huila-Tolima,Hidraulica,No Despachado Centralmente,HLAG,2026-08-03,2026-08-03,SIMEM 0bfc9d + 841808 + 10F2C9
MIR1,MIROLINDO,Are0128,Area Suroccidental,Are0031,SubArea Huila-Tolima,Hidraulica,No Despachado Centralmente,HDTG,2026-08-03,2026-08-03,SIMEM 0bfc9d + 841808 + 10F2C9
PST1,PASTALES,Are0128,Area Suroccidental,Are0031,SubArea Huila-Tolima,Hidraulica,No Despachado Centralmente,HDTG,2026-08-03,2026-08-03,SIMEM 0bfc9d + 841808 + 10F2C9
PRDO,PRADO,Are0128,Area Suroccidental,Are0031,SubArea Huila-Tolima,Hidraulica,Despachado Centralmente,EPSG,2026-08-03,2026-08-03,SIMEM 0bfc9d + 841808 + 10F2C9
PRD4,PRADO IV,Are0128,Area Suroccidental,Are0031,SubArea Huila-Tolima,Hidraulica,No Despachado Centralmente,EPSG,2026-08-03,2026-08-03,SIMEM 0bfc9d + 841808 + 10F2C9
RCIO,RIO RECIO,Are0128,Area Suroccidental,Are0031,SubArea Huila-Tolima,Hidraulica,No Despachado Centralmente,HDTG,2026-08-03,2026-08-03,SIMEM 0bfc9d + 841808 + 10F2C9
4SO4,ROKRA,Are0128,Area Suroccidental,Are0031,SubArea Huila-Tolima,Solar,No Despachado Centralmente,ERRG,2026-08-03,2026-08-03,SIMEM 0bfc9d + 841808 + 10F2C9
4YCF,SHANGRI LA,Are0128,Area Suroccidental,Are0031,SubArea Huila-Tolima,Solar,Despachado Centralmente,ISGG,2026-08-03,2026-08-03,SIMEM 0bfc9d + 841808 + 10F2C9
TPD1,TERMOPIEDRAS 1,Are0128,Area Suroccidental,Are0031,SubArea Huila-Tolima,Termica,No Despachado Centralmente,TRPG,2026-08-03,2026-08-03,SIMEM 0bfc9d + 841808 + 10F2C9
VNTA,VENTANA A,Are0128,Area Suroccidental,Are0031,SubArea Huila-Tolima,Hidraulica,No Despachado Centralmente,HDTG,2026-08-03,2026-08-03,SIMEM 0bfc9d + 841808 + 10F2C9
VNTB,VENTANA B,Are0128,Area Suroccidental,Are0031,SubArea Huila-Tolima,Hidraulica,No Despachado Centralmente,HDTG,2026-08-03,2026-08-03,SIMEM 0bfc9d + 841808 + 10F2C9
4VY3,AGPE  SUPERMERCADO MERCAMAS JT,Are0128,Area Suroccidental,Are0132,SubArea Putumayo,Solar,No Despachado Centralmente,GNCC,2026-08-03,2026-08-03,SIMEM 0bfc9d + 841808 + 10F2C9
2XXR,AGPE - ECOPETROL LA HORMIGA,Are0128,Area Suroccidental,Are0132,SubArea Putumayo,Termica,No Despachado Centralmente,GECG,2026-08-03,2026-08-03,SIMEM 0bfc9d + 841808 + 10F2C9
3A45,AGPE  BOSQUES RIVERA II,Are0128,Area Suroccidental,Are0032,SubArea Valle,Solar,No Despachado Centralmente,GNCC,2026-08-03,2026-08-03,SIMEM 0bfc9d + 841808 + 10F2C9
3CL1,AGPE 125 GT CARRERA,Are0128,Area Suroccidental,Are0032,SubArea Valle,Solar,No Despachado Centralmente,EXEC,2026-08-03,2026-08-03,SIMEM 0bfc9d + 841808 + 10F2C9
5P45,AGPE ABASTECIMIENTOS INDUSTRIALES SAS,Are0128,Area Suroccidental,Are0032,SubArea Valle,Solar,No Despachado Centralmente,EPSC,2026-08-03,2026-08-03,SIMEM 0bfc9d + 841808 + 10F2C9
3PKJ,AGPE ACRILAN,Are0128,Area Suroccidental,Are0032,SubArea Valle,Solar,No Despachado Centralmente,CETC,2026-08-03,2026-08-03,SIMEM 0bfc9d + 841808 + 10F2C9
3EGI,AGPE ADIELA PALMA DE CADAVID,Are0128,Area Suroccidental,Are0032,SubArea Valle,Solar,No Despachado Centralmente,EPSC,2026-08-03,2026-08-03,SIMEM 0bfc9d + 841808 + 10F2C9
4RK3,AGPE AGENCIA DE SERVICIOS LOGISTICOS,Are0128,Area Suroccidental,Are0032,SubArea Valle,Solar,No Despachado Centralmente,GNCC,2026-08-03,2026-08-03,SIMEM 0bfc9d + 841808 + 10F2C9
3EAO,AGPE AGROINSUMOS,Are0128,Area Suroccidental,Are0032,SubArea Valle,Solar,No Despachado Centralmente,EEPC,2026-08-03,2026-08-03,SIMEM 0bfc9d + 841808 + 10F2C9
4Y42,AGPE AGROW1,Are0128,Area Suroccidental,Are0032,SubArea Valle,Solar,No Despachado Centralmente,ETTC,2026-08-03,2026-08-03,SIMEM 0bfc9d + 841808 + 10F2C9
3HCV,AGPE ALCON DE COLOMBIA PABM SAS,Are0128,Area Suroccidental,Are0032,SubArea Valle,Solar,No Despachado Centralmente,EPSC,2026-08-03,2026-08-03,SIMEM 0bfc9d + 841808 + 10F2C9
3KLC,AGPE ALFONSO PAYAN,Are0128,Area Suroccidental,Are0032,SubArea Valle,Solar,No Despachado Centralmente,ENBC,2026-08-03,2026-08-03,SIMEM 0bfc9d + 841808 + 10F2C9
3EGG,AGPE ALFREDO MARTINEZ,Are0128,Area Suroccidental,Are0032,SubArea Valle,Solar,No Despachado Centralmente,EPSC,2026-08-03,2026-08-03,SIMEM 0bfc9d + 841808 + 10F2C9
3KLE,AGPE ALFREDO PACHECO,Are0128,Area Suroccidental,Are0032,SubArea Valle,Solar,No Despachado Centralmente,ENBC,2026-08-03,2026-08-03,SIMEM 0bfc9d + 841808 + 10F2C9
3JDX,AGPE ALL TRUCKS SAS,Are0128,Area Suroccidental,Are0032,SubArea Valle,Solar,No Despachado Centralmente,EPSC,2026-08-03,2026-08-03,SIMEM 0bfc9d + 841808 + 10F2C9
4ZEN,AGPE ALMATEC,Are0128,Area Suroccidental,Are0032,SubArea Valle,Solar,No Despachado Centralmente,GNCC,2026-08-03,2026-08-03,SIMEM 0bfc9d + 841808 + 10F2C9
3MAH,AGPE AMERIPLAST Y CIA,Are0128,Area Suroccidental,Are0032,SubArea Valle,Solar,No Despachado Centralmente,EMIC,2026-08-03,2026-08-03,SIMEM 0bfc9d + 841808 + 10F2C9
3K56,AGPE AMISALUD SAS,Are0128,Area Suroccidental,Are0032,SubArea Valle,Solar,No Despachado Centralmente,ENBC,2026-08-03,2026-08-03,SIMEM 0bfc9d + 841808 + 10F2C9
3FDA,AGPE ANDINA DE SEGURIDAD DEL VALLE LTDA,Are0128,Area Suroccidental,Are0032,SubArea Valle,Solar,No Despachado Centralmente,GNCC,2026-08-03,2026-08-03,SIMEM 0bfc9d + 841808 + 10F2C9
5CAM,AGPE ANDRES FELIPE GONZALEZ OSORIO CASA NUEVA,Are0128,Area Suroccidental,Are0032,SubArea Valle,Solar,No Despachado Centralmente,ENBC,2026-08-03,2026-08-03,SIMEM 0bfc9d + 841808 + 10F2C9
5CF6,AGPE ANDRES FELIPE GONZALEZ OSORIO CASA TRASERA,Are0128,Area Suroccidental,Are0032,SubArea Valle,Solar,No Despachado Centralmente,ENBC,2026-08-03,2026-08-03,SIMEM 0bfc9d + 841808 + 10F2C9
5PNU,AGPE ANDRES HERALDO PATINO CASTRO,Are0128,Area Suroccidental,Are0032,SubArea Valle,Solar,No Despachado Centralmente,ENBC,2026-08-03,2026-08-03,SIMEM 0bfc9d + 841808 + 10F2C9
5P46,AGPE ANDRES HOLGUIN RAMOS,Are0128,Area Suroccidental,Are0032,SubArea Valle,Solar,No Despachado Centralmente,DLRC,2026-08-03,2026-08-03,SIMEM 0bfc9d + 841808 + 10F2C9
4ULW,AGPE ANDRES MANUEL ARBOLEDA BERNAL,Are0128,Area Suroccidental,Are0032,SubArea Valle,Solar,No Despachado Centralmente,ENBC,2026-08-03,2026-08-03,SIMEM 0bfc9d + 841808 + 10F2C9
4ZII,AGPE APC FRIGORIFICOS BODEGA 105,Are0128,Area Suroccidental,Are0032,SubArea Valle,Solar,No Despachado Centralmente,GNCC,2026-08-03,2026-08-03,SIMEM 0bfc9d + 841808 + 10F2C9
5QUQ,AGPE AQUAOCCIDENTE,Are0128,Area Suroccidental,Are0032,SubArea Valle,Solar,No Despachado Centralmente,EPSC,2026-08-03,2026-08-03,SIMEM 0bfc9d + 841808 + 10F2C9
5SHZ,AGPE AQUAOCCIDENTE1,Are0128,Area Suroccidental,Are0032,SubArea Valle,Solar,No Despachado Centralmente,EPSC,2026-08-03,2026-08-03,SIMEM 0bfc9d + 841808 + 10F2C9
4XQ4,AGPE ARA ALAMOS,Are0128,Area Suroccidental,Are0032,SubArea Valle,Solar,No Despachado Centralmente,GNCC,2026-08-03,2026-08-03,SIMEM 0bfc9d + 841808 + 10F2C9
5CAK,AGPE ARA CHAPINERO,Are0128,Area Suroccidental,Are0032,SubArea Valle,Solar,No Despachado Centralmente,GNCC,2026-08-03,2026-08-03,SIMEM 0bfc9d + 841808 + 10F2C9
4UKW,AGPE ARA PORVENIR,Are0128,Area Suroccidental,Are0032,SubArea Valle,Solar,No Despachado Centralmente,GNCC,2026-08-03,2026-08-03,SIMEM 0bfc9d + 841808 + 10F2C9
5C9L,AGPE ARA SAN JOSE DE PRADERA,Are0128,Area Suroccidental,Are0032,SubArea Valle,Solar,No Despachado Centralmente,GNCC,2026-08-03,2026-08-03,SIMEM 0bfc9d + 841808 + 10F2C9
3JQV,AGPE ARA SAN VICENTE,Are0128,Area Suroccidental,Are0032,SubArea Valle,Solar,No Despachado Centralmente,GNCC,2026-08-03,2026-08-03,SIMEM 0bfc9d + 841808 + 10F2C9
3K5I,AGPE ARIS TEXTIL SAS,Are0128,Area Suroccidental,Are0032,SubArea Valle,Solar,No Despachado Centralmente,GNCC,2026-08-03,2026-08-03,SIMEM 0bfc9d + 841808 + 10F2C9
3E9G,AGPE ARISOL,Are0128,Area Suroccidental,Are0032,SubArea Valle,Solar,No Despachado Centralmente,EPSC,2026-08-03,2026-08-03,SIMEM 0bfc9d + 841808 + 10F2C9
3EO7,AGPE AVICOLA LA ESPERANZA,Are0128,Area Suroccidental,Are0032,SubArea Valle,Solar,No Despachado Centralmente,GNCC,2026-08-03,2026-08-03,SIMEM 0bfc9d + 841808 + 10F2C9
4VZH,AGPE AVICOLA LA IBAGUERENA Y CIA,Are0128,Area Suroccidental,Are0032,SubArea Valle,Solar,No Despachado Centralmente,GNCC,2026-08-03,2026-08-03,SIMEM 0bfc9d + 841808 + 10F2C9
5AX8,AGPE AVICOLA LA LIBERTAD SAS,Are0128,Area Suroccidental,Are0032,SubArea Valle,Solar,No Despachado Centralmente,GNCC,2026-08-03,2026-08-03,SIMEM 0bfc9d + 841808 + 10F2C9
5NPS,AGPE AVICOLA PILENA,Are0128,Area Suroccidental,Are0032,SubArea Valle,Solar,No Despachado Centralmente,EPSC,2026-08-03,2026-08-03,SIMEM 0bfc9d + 841808 + 10F2C9
4YKD,AGPE AVMONTEOSCURO,Are0128,Area Suroccidental,Are0032,SubArea Valle,Solar,No Despachado Centralmente,GNCC,2026-08-03,2026-08-03,SIMEM 0bfc9d + 841808 + 10F2C9
3MXM,AGPE BANCO BOGOTA SAN NICOLAS,Are0128,Area Suroccidental,Are0032,SubArea Valle,Solar,No Despachado Centralmente,GNCC,2026-08-03,2026-08-03,SIMEM 0bfc9d + 841808 + 10F2C9
4UKG,AGPE BANCO DE BOGOTA CERRITO,Are0128,Area Suroccidental,Are0032,SubArea Valle,Solar,No Despachado Centralmente,GNCC,2026-08-03,2026-08-03,SIMEM 0bfc9d + 841808 + 10F2C9
3K6V,AGPE BANCO DE BOGOTA JAMUNDI,Are0128,Area Suroccidental,Are0032,SubArea Valle,Solar,No Despachado Centralmente,GNCC,2026-08-03,2026-08-03,SIMEM 0bfc9d + 841808 + 10F2C9
4SSB,AGPE BANCO DE BOGOTA SEVILLA,Are0128,Area Suroccidental,Are0032,SubArea Valle,Solar,No Despachado Centralmente,GNCC,2026-08-03,2026-08-03,SIMEM 0bfc9d + 841808 + 10F2C9
3KLM,AGPE BERNARDO LENIS,Are0128,Area Suroccidental,Are0032,SubArea Valle,Solar,No Despachado Centralmente,ENBC,2026-08-03,2026-08-03,SIMEM 0bfc9d + 841808 + 10F2C9
5NPV,AGPE BODEGA 5C APC,Are0128,Area Suroccidental,Are0032,SubArea Valle,Solar,No Despachado Centralmente,GNCC,2026-08-03,2026-08-03,SIMEM 0bfc9d + 841808 + 10F2C9
3R9E,AGPE BURRERA,Are0128,Area Suroccidental,Are0032,SubArea Valle,Solar,No Despachado Centralmente,GNCC,2026-08-03,2026-08-03,SIMEM 0bfc9d + 841808 + 10F2C9
3MAF,AGPE CABAL VASQUEZ Y CIA S EN C,Are0128,Area Suroccidental,Are0032,SubArea Valle,Solar,No Despachado Centralmente,ENBC,2026-08-03,2026-08-03,SIMEM 0bfc9d + 841808 + 10F2C9
3HOC,AGPE CAFENORTE,Are0128,Area Suroccidental,Are0032,SubArea Valle,Solar,No Despachado Centralmente,EEPC,2026-08-03,2026-08-03,SIMEM 0bfc9d + 841808 + 10F2C9
3A4R,AGPE CALZATODO ACOPI YUMBO,Are0128,Area Suroccidental,Are0032,SubArea Valle,Solar,No Despachado Centralmente,EPSC,2026-08-03,2026-08-03,SIMEM 0bfc9d + 841808 + 10F2C9
4UK8,AGPE CAMFRES,Are0128,Area Suroccidental,Are0032,SubArea Valle,Solar,No Despachado Centralmente,ETTC,2026-08-03,2026-08-03,SIMEM 0bfc9d + 841808 + 10F2C9
4VYK,AGPE CARARANG,Are0128,Area Suroccidental,Are0032,SubArea Valle,Solar,No Despachado Centralmente,ETTC,2026-08-03,2026-08-03,SIMEM 0bfc9d + 841808 + 10F2C9
5QF4,AGPE CARLOS ALBERTO MEDRANO ARAUJO,Are0128,Area Suroccidental,Are0032,SubArea Valle,Solar,No Despachado Centralmente,ENBC,2026-08-03,2026-08-03,SIMEM 0bfc9d + 841808 + 10F2C9
5QUU,AGPE CARNES Y DERIVADOS,Are0128,Area Suroccidental,Are0032,SubArea Valle,Solar,No Despachado Centralmente,EPSC,2026-08-03,2026-08-03,SIMEM 0bfc9d + 841808 + 10F2C9
4ZIE,AGPE CAROLINA CIFUENTES ZULUAGA,Are0128,Area Suroccidental,Are0032,SubArea Valle,Solar,No Despachado Centralmente,ENBC,2026-08-03,2026-08-03,SIMEM 0bfc9d + 841808 + 10F2C9
3FEI,AGPE CASA 43 ALFEREZ REAL III,Are0128,Area Suroccidental,Are0032,SubArea Valle,Solar,No Despachado Centralmente,QIEC,2026-08-03,2026-08-03,SIMEM 0bfc9d + 841808 + 10F2C9
5ILE,AGPE CENTRO COMERCIAL BUGA PLAZA,Are0128,Area Suroccidental,Are0032,SubArea Valle,Solar,No Despachado Centralmente,BIAC,2026-08-03,2026-08-03,SIMEM 0bfc9d + 841808 + 10F2C9
3JJM,AGPE CENTRO EMPRESARIAL CHIPICHAPE,Are0128,Area Suroccidental,Are0032,SubArea Valle,Solar,No Despachado Centralmente,GNCC,2026-08-03,2026-08-03,SIMEM 0bfc9d + 841808 + 10F2C9
5LSW,AGPE CLARA INES OCHOA,Are0128,Area Suroccidental,Are0032,SubArea Valle,Solar,No Despachado Centralmente,ENBC,2026-08-03,2026-08-03,SIMEM 0bfc9d + 841808 + 10F2C9
4QPH,AGPE CLINICA DE OFTALMOLOGIA DE CALI,Are0128,Area Suroccidental,Are0032,SubArea Valle,Solar,No Despachado Centralmente,EPSC,2026-08-03,2026-08-03,SIMEM 0bfc9d + 841808 + 10F2C9
5PU3,AGPE CLUB CAMPESTRE PALMIRA,Are0128,Area Suroccidental,Are0032,SubArea Valle,Solar,No Despachado Centralmente,CETC,2026-08-03,2026-08-03,SIMEM 0bfc9d + 841808 + 10F2C9
5UHN,AGPE COEXITO ARROYOHONDO,Are0128,Area Suroccidental,Are0032,SubArea Valle,Solar,No Despachado Centralmente,EPSC,2026-08-03,2026-08-03,SIMEM 0bfc9d + 841808 + 10F2C9
5DWB,AGPE COLCADENAS LTDA,Are0128,Area Suroccidental,Are0032,SubArea Valle,Solar,No Despachado Centralmente,GNCC,2026-08-03,2026-08-03,SIMEM 0bfc9d + 841808 + 10F2C9
3IIV,AGPE COLEGIO BERCHMANS,Are0128,Area Suroccidental,Are0032,SubArea Valle,Solar,No Despachado Centralmente,EPSC,2026-08-03,2026-08-03,SIMEM 0bfc9d + 841808 + 10F2C9
3HBJ,AGPE COLEGIO BOLIVAR,Are0128,Area Suroccidental,Are0032,SubArea Valle,Solar,No Despachado Centralmente,EPSC,2026-08-03,2026-08-03,SIMEM 0bfc9d + 841808 + 10F2C9
4ZEJ,AGPE COLEGIO COLOMBO BRITÁNICO,Are0128,Area Suroccidental,Are0032,SubArea Valle,Solar,No Despachado Centralmente,GNCC,2026-08-03,2026-08-03,SIMEM 0bfc9d + 841808 + 10F2C9
3MVU,AGPE COLEGIO JEFFERSON,Are0128,Area Suroccidental,Are0032,SubArea Valle,Solar,No Despachado Centralmente,EPSC,2026-08-03,2026-08-03,SIMEM 0bfc9d + 841808 + 10F2C9
3L9D,AGPE COLGATE PALMOLIVE PALMIRA,Are0128,Area Suroccidental,Are0032,SubArea Valle,Solar,No Despachado Centralmente,EMIC,2026-08-03,2026-08-03,SIMEM 0bfc9d + 841808 + 10F2C9
3JFR,AGPE COLOMBO AMERICANO SEDE NORTE,Are0128,Area Suroccidental,Are0032,SubArea Valle,Solar,No Despachado Centralmente,GNCC,2026-08-03,2026-08-03,SIMEM 0bfc9d + 841808 + 10F2C9
4UZQ,AGPE COMFANDI CENTRO CULTURAL,Are0128,Area Suroccidental,Are0032,SubArea Valle,Solar,No Despachado Centralmente,EPSC,2026-08-03,2026-08-03,SIMEM 0bfc9d + 841808 + 10F2C9
5O1R,AGPE COMFANDI GUADALUPE,Are0128,Area Suroccidental,Are0032,SubArea Valle,Solar,No Despachado Centralmente,EPSC,2026-08-03,2026-08-03,SIMEM 0bfc9d + 841808 + 10F2C9
5BPV,AGPE COMFANDI MORICHAL,Are0128,Area Suroccidental,Are0032,SubArea Valle,Solar,No Despachado Centralmente,EPSC,2026-08-03,2026-08-03,SIMEM 0bfc9d + 841808 + 10F2C9
3QPS,AGPE COODETRANS PALMIRA,Are0128,Area Suroccidental,Are0032,SubArea Valle,Solar,No Despachado Centralmente,BIAC,2026-08-03,2026-08-03,SIMEM 0bfc9d + 841808 + 10F2C9
5AXO,AGPE COOPERATIVA MULTIACTIVA LOS FUNDADORES,Are0128,Area Suroccidental,Are0032,SubArea Valle,Solar,No Despachado Centralmente,ENBC,2026-08-03,2026-08-03,SIMEM 0bfc9d + 841808 + 10F2C9
5AXM,AGPE COOPERATIVA MULTIACTIVA LOS FUNDADORES OFICINA,Are0128,Area Suroccidental,Are0032,SubArea Valle,Solar,No Despachado Centralmente,ENBC,2026-08-03,2026-08-03,SIMEM 0bfc9d + 841808 + 10F2C9
5L9S,AGPE COSIM1,Are0128,Area Suroccidental,Are0032,SubArea Valle,Solar,No Despachado Centralmente,ETTC,2026-08-03,2026-08-03,SIMEM 0bfc9d + 841808 + 10F2C9
5P4F,AGPE CR QUINTAS DEL LILI,Are0128,Area Suroccidental,Are0032,SubArea Valle,Solar,No Despachado Centralmente,ENBC,2026-08-03,2026-08-03,SIMEM 0bfc9d + 841808 + 10F2C9
3QCR,AGPE DFL SAS,Are0128,Area Suroccidental,Are0032,SubArea Valle,Solar,No Despachado Centralmente,GNCC,2026-08-03,2026-08-03,SIMEM 0bfc9d + 841808 + 10F2C9
5LOT,AGPE DIANA AMPARO BRITTO,Are0128,Area Suroccidental,Are0032,SubArea Valle,Solar,No Despachado Centralmente,ENBC,2026-08-03,2026-08-03,SIMEM 0bfc9d + 841808 + 10F2C9
2ZM3,AGPE DIEGO MONTESDEOCA ASSEFF,Are0128,Area Suroccidental,Are0032,SubArea Valle,Solar,No Despachado Centralmente,ETTC,2026-08-03,2026-08-03,SIMEM 0bfc9d + 841808 + 10F2C9
3EPJ,AGPE DINISSAN,Are0128,Area Suroccidental,Are0032,SubArea Valle,Solar,No Despachado Centralmente,GNCC,2026-08-03,2026-08-03,SIMEM 0bfc9d + 841808 + 10F2C9
3KK5,AGPE DINISSAN CALI,Are0128,Area Suroccidental,Are0032,SubArea Valle,Solar,No Despachado Centralmente,ETTC,2026-08-03,2026-08-03,SIMEM 0bfc9d + 841808 + 10F2C9
4VCM,AGPE EDIFICIO COMERCIAL CENTRO ELITE,Are0128,Area Suroccidental,Are0032,SubArea Valle,Solar,No Despachado Centralmente,EPSC,2026-08-03,2026-08-03,SIMEM 0bfc9d + 841808 + 10F2C9
3J35,AGPE EDIFICIO V1501,Are0128,Area Suroccidental,Are0032,SubArea Valle,Solar,No Despachado Centralmente,ASCC,2026-08-03,2026-08-03,SIMEM 0bfc9d + 841808 + 10F2C9
3JPI,AGPE EDS SAN ANTONIO,Are0128,Area Suroccidental,Are0032,SubArea Valle,Solar,No Despachado Centralmente,TPLC,2026-08-03,2026-08-03,SIMEM 0bfc9d + 841808 + 10F2C9
5UU4,AGPE EDS SERVI MENGA,Are0128,Area Suroccidental,Are0032,SubArea Valle,Solar,No Despachado Centralmente,GNCC,2026-08-03,2026-08-03,SIMEM 0bfc9d + 841808 + 10F2C9
5FOV,AGPE EKA CORPORACION,Are0128,Area Suroccidental,Are0032,SubArea Valle,Solar,No Despachado Centralmente,NEUC,2026-08-03,2026-08-03,SIMEM 0bfc9d + 841808 + 10F2C9
3EGW,AGPE EL REFLEJO,Are0128,Area Suroccidental,Are0032,SubArea Valle,Solar,No Despachado Centralmente,EPSC,2026-08-03,2026-08-03,SIMEM 0bfc9d + 841808 + 10F2C9
3DM3,AGPE ELIANA GARZON,Are0128,Area Suroccidental,Are0032,SubArea Valle,Solar,No Despachado Centralmente,ETTC,2026-08-03,2026-08-03,SIMEM 0bfc9d + 841808 + 10F2C9
3LM7,AGPE EMIRO VELASQUEZ,Are0128,Area Suroccidental,Are0032,SubArea Valle,Solar,No Despachado Centralmente,ENBC,2026-08-03,2026-08-03,SIMEM 0bfc9d + 841808 + 10F2C9
3K88,AGPE FABRICA CALZADO ROMULO,Are0128,Area Suroccidental,Are0032,SubArea Valle,Solar,No Despachado Centralmente,FERC,2026-08-03,2026-08-03,SIMEM 0bfc9d + 841808 + 10F2C9
5K7D,AGPE FARMATODO 1018544,Are0128,Area Suroccidental,Are0032,SubArea Valle,Solar,No Despachado Centralmente,NEUC,2026-08-03,2026-08-03,SIMEM 0bfc9d + 841808 + 10F2C9
5QQP,AGPE FARMATODO AVENIDA DEL RIO,Are0128,Area Suroccidental,Are0032,SubArea Valle,Solar,No Despachado Centralmente,BIAC,2026-08-03,2026-08-03,SIMEM 0bfc9d + 841808 + 10F2C9
4YH8,AGPE FARMATODO CALI CIUDAD JARDIN,Are0128,Area Suroccidental,Are0032,SubArea Valle,Solar,No Despachado Centralmente,GNCC,2026-08-03,2026-08-03,SIMEM 0bfc9d + 841808 + 10F2C9
4YGR,AGPE FARMATODO CALI LA FLORA,Are0128,Area Suroccidental,Are0032,SubArea Valle,Solar,No Despachado Centralmente,GNCC,2026-08-03,2026-08-03,SIMEM 0bfc9d + 841808 + 10F2C9
5QQZ,AGPE FARMATODO GRANADA,Are0128,Area Suroccidental,Are0032,SubArea Valle,Solar,No Despachado Centralmente,BIAC,2026-08-03,2026-08-03,SIMEM 0bfc9d + 841808 + 10F2C9
3MXI,AGPE FARMATODO LIMONAR,Are0128,Area Suroccidental,Are0032,SubArea Valle,Solar,No Despachado Centralmente,GNCC,2026-08-03,2026-08-03,SIMEM 0bfc9d + 841808 + 10F2C9
5E3I,AGPE FERROCONSTRUCTORES ALVER,Are0128,Area Suroccidental,Are0032,SubArea Valle,Solar,No Despachado Centralmente,ENBC,2026-08-03,2026-08-03,SIMEM 0bfc9d + 841808 + 10F2C9
3RGN,AGPE FUERZA AEREA EMAVI,Are0128,Area Suroccidental,Are0032,SubArea Valle,Solar,No Despachado Centralmente,EPMC,2026-08-03,2026-08-03,SIMEM 0bfc9d + 841808 + 10F2C9
5UDP,AGPE FUNDACION CENTRO CULTURAL COLOMBO AMERIC,Are0128,Area Suroccidental,Are0032,SubArea Valle,Solar,No Despachado Centralmente,GNCC,2026-08-03,2026-08-03,SIMEM 0bfc9d + 841808 + 10F2C9
5E3E,AGPE FUNDACION CORAZON DE BELEN,Are0128,Area Suroccidental,Are0032,SubArea Valle,Solar,No Despachado Centralmente,ENBC,2026-08-03,2026-08-03,SIMEM 0bfc9d + 841808 + 10F2C9
3IYJ,AGPE GAMA LE COSTURE,Are0128,Area Suroccidental,Are0032,SubArea Valle,Solar,No Despachado Centralmente,BIAC,2026-08-03,2026-08-03,SIMEM 0bfc9d + 841808 + 10F2C9
3PWA,AGPE GASES DE OCCIDENTE 12 DE OCTUBRE,Are0128,Area Suroccidental,Are0032,SubArea Valle,Solar,No Despachado Centralmente,GNCC,2026-08-03,2026-08-03,SIMEM 0bfc9d + 841808 + 10F2C9
3MHD,AGPE GERARDO ORTIZ HUERGO,Are0128,Area Suroccidental,Are0032,SubArea Valle,Solar,No Despachado Centralmente,ENBC,2026-08-03,2026-08-03,SIMEM 0bfc9d + 841808 + 10F2C9
3F4M,AGPE GIMNASIO LA COLINA,Are0128,Area Suroccidental,Are0032,SubArea Valle,Solar,No Despachado Centralmente,ETTC,2026-08-03,2026-08-03,SIMEM 0bfc9d + 841808 + 10F2C9
3JJO,AGPE GRAFICAS MODERNAS,Are0128,Area Suroccidental,Are0032,SubArea Valle,Solar,No Despachado Centralmente,GNCC,2026-08-03,2026-08-03,SIMEM 0bfc9d + 841808 + 10F2C9
3GZU,AGPE GRANJA EL RHIN,Are0128,Area Suroccidental,Are0032,SubArea Valle,Solar,No Despachado Centralmente,GNCC,2026-08-03,2026-08-03,SIMEM 0bfc9d + 841808 + 10F2C9
3FC7,AGPE GRANJA SARATANO,Are0128,Area Suroccidental,Are0032,SubArea Valle,Solar,No Despachado Centralmente,GNCC,2026-08-03,2026-08-03,SIMEM 0bfc9d + 841808 + 10F2C9
3K5C,AGPE GRASAS Y LACTEOS DE OCCIDENTE,Are0128,Area Suroccidental,Are0032,SubArea Valle,Solar,No Despachado Centralmente,ENBC,2026-08-03,2026-08-03,SIMEM 0bfc9d + 841808 + 10F2C9
3H2A,AGPE GRUPO DECOR,Are0128,Area Suroccidental,Are0032,SubArea Valle,Solar,No Despachado Centralmente,NEUC,2026-08-03,2026-08-03,SIMEM 0bfc9d + 841808 + 10F2C9
4WOA,AGPE GRUPO EMPRESARIAL FRIDECO BDG 2,Are0128,Area Suroccidental,Are0032,SubArea Valle,Solar,No Despachado Centralmente,ENBC,2026-08-03,2026-08-03,SIMEM 0bfc9d + 841808 + 10F2C9
4WO8,AGPE GRUPO EMPRESARIAL FRIDECO CR 31,Are0128,Area Suroccidental,Are0032,SubArea Valle,Solar,No Despachado Centralmente,ENBC,2026-08-03,2026-08-03,SIMEM 0bfc9d + 841808 + 10F2C9
3DP6,AGPE GT RED SONORA LOS ANDE,Are0128,Area Suroccidental,Are0032,SubArea Valle,Solar,No Despachado Centralmente,ENBC,2026-08-03,2026-08-03,SIMEM 0bfc9d + 841808 + 10F2C9
4Y4A,AGPE HACIENDA ANTOJO,Are0128,Area Suroccidental,Are0032,SubArea Valle,Solar,No Despachado Centralmente,GNCC,2026-08-03,2026-08-03,SIMEM 0bfc9d + 841808 + 10F2C9
5ISQ,AGPE HACIENDA EL TREBOL,Are0128,Area Suroccidental,Are0032,SubArea Valle,Solar,No Despachado Centralmente,GNCC,2026-08-03,2026-08-03,SIMEM 0bfc9d + 841808 + 10F2C9
3MU8,AGPE HACIENDA GARZONERO SAS,Are0128,Area Suroccidental,Are0032,SubArea Valle,Solar,No Despachado Centralmente,BIAC,2026-08-03,2026-08-03,SIMEM 0bfc9d + 841808 + 10F2C9
4YGZ,AGPE HACIENDA LA ESPERANZA 2,Are0128,Area Suroccidental,Are0032,SubArea Valle,Solar,No Despachado Centralmente,GNCC,2026-08-03,2026-08-03,SIMEM 0bfc9d + 841808 + 10F2C9
3J63,AGPE HACIENDA LA ESTANCIA,Are0128,Area Suroccidental,Are0032,SubArea Valle,Solar,No Despachado Centralmente,GNCC,2026-08-03,2026-08-03,SIMEM 0bfc9d + 841808 + 10F2C9
4YJY,AGPE HACIENDA PICHINDE,Are0128,Area Suroccidental,Are0032,SubArea Valle,Solar,No Despachado Centralmente,GNCC,2026-08-03,2026-08-03,SIMEM 0bfc9d + 841808 + 10F2C9
3ITM,AGPE HACIENDA SAN FELIPE,Are0128,Area Suroccidental,Are0032,SubArea Valle,Solar,No Despachado Centralmente,GNCC,2026-08-03,2026-08-03,SIMEM 0bfc9d + 841808 + 10F2C9
3HIZ,AGPE HACIENDA VENECIA,Are0128,Area Suroccidental,Are0032,SubArea Valle,Solar,No Despachado Centralmente,GNCC,2026-08-03,2026-08-03,SIMEM 0bfc9d + 841808 + 10F2C9
3NZP,AGPE HELKA TRAXLER DE MEDINA,Are0128,Area Suroccidental,Are0032,SubArea Valle,Solar,No Despachado Centralmente,ENBC,2026-08-03,2026-08-03,SIMEM 0bfc9d + 841808 + 10F2C9
4UJZ,AGPE HERMANOS NOGUERA ASOCIADOS SAS BODEGA 1,Are0128,Area Suroccidental,Are0032,SubArea Valle,Solar,No Despachado Centralmente,ENBC,2026-08-03,2026-08-03,SIMEM 0bfc9d + 841808 + 10F2C9
4UK4,AGPE HERMANOS NOGUERA ASOCIADOS SAS BODEGA 2,Are0128,Area Suroccidental,Are0032,SubArea Valle,Solar,No Despachado Centralmente,ENBC,2026-08-03,2026-08-03,SIMEM 0bfc9d + 841808 + 10F2C9
4TK9,AGPE HERRAGRICOLA,Are0128,Area Suroccidental,Are0032,SubArea Valle,Solar,No Despachado Centralmente,GNCC,2026-08-03,2026-08-03,SIMEM 0bfc9d + 841808 + 10F2C9
3EL9,AGPE HOYOSTOOLS,Are0128,Area Suroccidental,Are0032,SubArea Valle,Solar,No Despachado Centralmente,QIEC,2026-08-03,2026-08-03,SIMEM 0bfc9d + 841808 + 10F2C9
5C9X,AGPE HUGO FERNANDO ARBOLEDA JIMENEZ,Are0128,Area Suroccidental,Are0032,SubArea Valle,Solar,No Despachado Centralmente,ENBC,2026-08-03,2026-08-03,SIMEM 0bfc9d + 841808 + 10F2C9
3EL5,AGPE HUGO RESTREPO,Are0128,Area Suroccidental,Are0032,SubArea Valle,Solar,No Despachado Centralmente,GNCC,2026-08-03,2026-08-03,SIMEM 0bfc9d + 841808 + 10F2C9
4WUS,AGPE IEB COFFEE SAS,Are0128,Area Suroccidental,Are0032,SubArea Valle,Solar,No Despachado Centralmente,EEPC,2026-08-03,2026-08-03,SIMEM 0bfc9d + 841808 + 10F2C9
3GTQ,AGPE IMPOCALI BODEGAS,Are0128,Area Suroccidental,Are0032,SubArea Valle,Solar,No Despachado Centralmente,DLRC,2026-08-03,2026-08-03,SIMEM 0bfc9d + 841808 + 10F2C9
3GVG,AGPE IMPOCALI OFICINAS,Are0128,Area Suroccidental,Are0032,SubArea Valle,Solar,No Despachado Centralmente,DLRC,2026-08-03,2026-08-03,SIMEM 0bfc9d + 841808 + 10F2C9
3EM4,AGPE IMPORINOX,Are0128,Area Suroccidental,Are0032,SubArea Valle,Solar,No Despachado Centralmente,EPSC,2026-08-03,2026-08-03,SIMEM 0bfc9d + 841808 + 10F2C9
5DW4,AGPE INCOLPA,Are0128,Area Suroccidental,Are0032,SubArea Valle,Solar,No Despachado Centralmente,GNCC,2026-08-03,2026-08-03,SIMEM 0bfc9d + 841808 + 10F2C9
3ITK,AGPE INDUSTRIAS MACAR PALMIRA,Are0128,Area Suroccidental,Are0032,SubArea Valle,Solar,No Despachado Centralmente,BIAC,2026-08-03,2026-08-03,SIMEM 0bfc9d + 841808 + 10F2C9
5MA2,AGPE INES ELVIRA HOLGUIN RAMOS,Are0128,Area Suroccidental,Are0032,SubArea Valle,Solar,No Despachado Centralmente,DLRC,2026-08-03,2026-08-03,SIMEM 0bfc9d + 841808 + 10F2C9
4RK1,AGPE INMAGRAF INGENIERIA,Are0128,Area Suroccidental,Are0032,SubArea Valle,Solar,No Despachado Centralmente,GNCC,2026-08-03,2026-08-03,SIMEM 0bfc9d + 841808 + 10F2C9
3HE6,AGPE INTACA,Are0128,Area Suroccidental,Are0032,SubArea Valle,Solar,No Despachado Centralmente,GNCC,2026-08-03,2026-08-03,SIMEM 0bfc9d + 841808 + 10F2C9
3D8B,AGPE INVERSIONES GLP,Are0128,Area Suroccidental,Are0032,SubArea Valle,Solar,No Despachado Centralmente,ETTC,2026-08-03,2026-08-03,SIMEM 0bfc9d + 841808 + 10F2C9
3J37,AGPE INVERSIONES PASTO,Are0128,Area Suroccidental,Are0032,SubArea Valle,Solar,No Despachado Centralmente,ASCC,2026-08-03,2026-08-03,SIMEM 0bfc9d + 841808 + 10F2C9
3QPK,AGPE INVERSIONES Y CONSTRUCCIONES EL CARMEN,Are0128,Area Suroccidental,Are0032,SubArea Valle,Solar,No Despachado Centralmente,EEPC,2026-08-03,2026-08-03,SIMEM 0bfc9d + 841808 + 10F2C9
5AX6,AGPE INVERSIONES YENC SAS,Are0128,Area Suroccidental,Are0032,SubArea Valle,Solar,No Despachado Centralmente,GNCC,2026-08-03,2026-08-03,SIMEM 0bfc9d + 841808 + 10F2C9
3KLA,AGPE JAIME HUMBERTO VELEZ,Are0128,Area Suroccidental,Are0032,SubArea Valle,Solar,No Despachado Centralmente,ENBC,2026-08-03,2026-08-03,SIMEM 0bfc9d + 841808 + 10F2C9
3NZ7,AGPE JOHN ANDERSON ERAZO AUX,Are0128,Area Suroccidental,Are0032,SubArea Valle,Solar,No Despachado Centralmente,ENBC,2026-08-03,2026-08-03,SIMEM 0bfc9d + 841808 + 10F2C9
5OWQ,AGPE JOHN JAIRO CIFUENTES SARRIA,Are0128,Area Suroccidental,Are0032,SubArea Valle,Solar,No Despachado Centralmente,ENBC,2026-08-03,2026-08-03,SIMEM 0bfc9d + 841808 + 10F2C9
4S5T,AGPE JORGE ALBERTO BERNAL RAMIREZ,Are0128,Area Suroccidental,Are0032,SubArea Valle,Solar,No Despachado Centralmente,ENBC,2026-08-03,2026-08-03,SIMEM 0bfc9d + 841808 + 10F2C9
3NAW,AGPE JORGE ARMANDO SANCHEZ MEJIA,Are0128,Area Suroccidental,Are0032,SubArea Valle,Solar,No Despachado Centralmente,QIEC,2026-08-03,2026-08-03,SIMEM 0bfc9d + 841808 + 10F2C9
2ZXL,AGPE JUAN CARLOS CALDERON GARCIA,Are0128,Area Suroccidental,Are0032,SubArea Valle,Solar,No Despachado Centralmente,ETTC,2026-08-03,2026-08-03,SIMEM 0bfc9d + 841808 + 10F2C9
5COS,AGPE JUAN CARLOS MUNOZ FERNANDEZ,Are0128,Area Suroccidental,Are0032,SubArea Valle,Solar,No Despachado Centralmente,ENBC,2026-08-03,2026-08-03,SIMEM 0bfc9d + 841808 + 10F2C9
3KLI,AGPE JUAN ERAZO,Are0128,Area Suroccidental,Are0032,SubArea Valle,Solar,No Despachado Centralmente,ENBC,2026-08-03,2026-08-03,SIMEM 0bfc9d + 841808 + 10F2C9
4S5V,AGPE JUAN FERNANDO ZULUAGA JARAMILLO,Are0128,Area Suroccidental,Are0032,SubArea Valle,Solar,No Despachado Centralmente,ENBC,2026-08-03,2026-08-03,SIMEM 0bfc9d + 841808 + 10F2C9
5GF9,AGPE KAMATI LTDA BIC,Are0128,Area Suroccidental,Are0032,SubArea Valle,Solar,No Despachado Centralmente,BIAC,2026-08-03,2026-08-03,SIMEM 0bfc9d + 841808 + 10F2C9
5W4I,AGPE LA CARAMELA,Are0128,Area Suroccidental,Are0032,SubArea Valle,Solar,No Despachado Centralmente,EPMC,2026-08-03,2026-08-03,SIMEM 0bfc9d + 841808 + 10F2C9
5P43,AGPE LA CONCEPCION,Are0128,Area Suroccidental,Are0032,SubArea Valle,Solar,No Despachado Centralmente,EPSC,2026-08-03,2026-08-03,SIMEM 0bfc9d + 841808 + 10F2C9
4V56,AGPE LA TOUR SAS,Are0128,Area Suroccidental,Are0032,SubArea Valle,Solar,No Despachado Centralmente,EPSC,2026-08-03,2026-08-03,SIMEM 0bfc9d + 841808 + 10F2C9
3EL3,AGPE LABORATORIOS EDO,Are0128,Area Suroccidental,Are0032,SubArea Valle,Solar,No Despachado Centralmente,GNCC,2026-08-03,2026-08-03,SIMEM 0bfc9d + 841808 + 10F2C9
5LOL,AGPE LADRILLERA LOS IKA,Are0128,Area Suroccidental,Are0032,SubArea Valle,Solar,No Despachado Centralmente,EPSC,2026-08-03,2026-08-03,SIMEM 0bfc9d + 841808 + 10F2C9
4XPZ,AGPE LADRILLERA Y ARCILLAS SAN JOSE SAS,Are0128,Area Suroccidental,Are0032,SubArea Valle,Solar,No Despachado Centralmente,EEPC,2026-08-03,2026-08-03,SIMEM 0bfc9d + 841808 + 10F2C9
5IT4,AGPE LASMA1,Are0128,Area Suroccidental,Are0032,SubArea Valle,Solar,No Despachado Centralmente,ETTC,2026-08-03,2026-08-03,SIMEM 0bfc9d + 841808 + 10F2C9
3MAV,AGPE LASTRA,Are0128,Area Suroccidental,Are0032,SubArea Valle,Solar,No Despachado Centralmente,ETTC,2026-08-03,2026-08-03,SIMEM 0bfc9d + 841808 + 10F2C9
4RL2,AGPE LE GRAND FRANCES,Are0128,Area Suroccidental,Are0032,SubArea Valle,Solar,No Despachado Centralmente,BIAC,2026-08-03,2026-08-03,SIMEM 0bfc9d + 841808 + 10F2C9
5PNS,AGPE LICEO BENALCAZAR,Are0128,Area Suroccidental,Are0032,SubArea Valle,Solar,No Despachado Centralmente,ENBC,2026-08-03,2026-08-03,SIMEM 0bfc9d + 841808 + 10F2C9
4SST,AGPE LIDERPAN,Are0128,Area Suroccidental,Are0032,SubArea Valle,Solar,No Despachado Centralmente,GNCC,2026-08-03,2026-08-03,SIMEM 0bfc9d + 841808 + 10F2C9
4WOQ,AGPE LUBRICANTES PETROIL SAS,Are0128,Area Suroccidental,Are0032,SubArea Valle,Solar,No Despachado Centralmente,GNCC,2026-08-03,2026-08-03,SIMEM 0bfc9d + 841808 + 10F2C9
4VXW,AGPE LUIS ENRIQUE SANCHEZ,Are0128,Area Suroccidental,Are0032,SubArea Valle,Solar,No Despachado Centralmente,ENBC,2026-08-03,2026-08-03,SIMEM 0bfc9d + 841808 + 10F2C9
3KOJ,AGPE MADEPAL,Are0128,Area Suroccidental,Are0032,SubArea Valle,Solar,No Despachado Centralmente,CETC,2026-08-03,2026-08-03,SIMEM 0bfc9d + 841808 + 10F2C9
3R5A,AGPE MANUFACTURAS AF SAS,Are0128,Area Suroccidental,Are0032,SubArea Valle,Solar,No Despachado Centralmente,EPSC,2026-08-03,2026-08-03,SIMEM 0bfc9d + 841808 + 10F2C9
4UK2,AGPE MARTHA CECILIA PEREZ CASTANO,Are0128,Area Suroccidental,Are0032,SubArea Valle,Solar,No Despachado Centralmente,ENBC,2026-08-03,2026-08-03,SIMEM 0bfc9d + 841808 + 10F2C9
3NZR,AGPE MARTHA TRAXLER MEDINA,Are0128,Area Suroccidental,Are0032,SubArea Valle,Solar,No Despachado Centralmente,ENBC,2026-08-03,2026-08-03,SIMEM 0bfc9d + 841808 + 10F2C9
5SFY,AGPE MAYAGUEZ S A,Are0128,Area Suroccidental,Are0032,SubArea Valle,Solar,No Despachado Centralmente,BIAC,2026-08-03,2026-08-03,SIMEM 0bfc9d + 841808 + 10F2C9
5UAN,AGPE MAZKO NORTE,Are0128,Area Suroccidental,Are0032,SubArea Valle,Solar,No Despachado Centralmente,GNCC,2026-08-03,2026-08-03,SIMEM 0bfc9d + 841808 + 10F2C9
3KK1,AGPE MEAT MARKET,Are0128,Area Suroccidental,Are0032,SubArea Valle,Solar,No Despachado Centralmente,ENBC,2026-08-03,2026-08-03,SIMEM 0bfc9d + 841808 + 10F2C9
4XUV,AGPE MEGALI1,Are0128,Area Suroccidental,Are0032,SubArea Valle,Solar,No Despachado Centralmente,ETTC,2026-08-03,2026-08-03,SIMEM 0bfc9d + 841808 + 10F2C9
3JG3,AGPE MULTIIDEAS SAS,Are0128,Area Suroccidental,Are0032,SubArea Valle,Solar,No Despachado Centralmente,GNCC,2026-08-03,2026-08-03,SIMEM 0bfc9d + 841808 + 10F2C9
3EGQ,AGPE NACIONAL AVICOLA,Are0128,Area Suroccidental,Are0032,SubArea Valle,Solar,No Despachado Centralmente,EPSC,2026-08-03,2026-08-03,SIMEM 0bfc9d + 841808 + 10F2C9
5QQF,AGPE NORGAS YUMBO,Are0128,Area Suroccidental,Are0032,SubArea Valle,Solar,No Despachado Centralmente,NEUC,2026-08-03,2026-08-03,SIMEM 0bfc9d + 841808 + 10F2C9
4R13,AGPE NOVACASA CALI,Are0128,Area Suroccidental,Are0032,SubArea Valle,Solar,No Despachado Centralmente,NEUC,2026-08-03,2026-08-03,SIMEM 0bfc9d + 841808 + 10F2C9
3IKL,AGPE NUTRIALIMENTOS,Are0128,Area Suroccidental,Are0032,SubArea Valle,Solar,No Despachado Centralmente,ETTC,2026-08-03,2026-08-03,SIMEM 0bfc9d + 841808 + 10F2C9
3HH7,AGPE NUTRIAVICOLA,Are0128,Area Suroccidental,Are0032,SubArea Valle,Solar,No Despachado Centralmente,CETC,2026-08-03,2026-08-03,SIMEM 0bfc9d + 841808 + 10F2C9
3Q9G,AGPE OCCICA I,Are0128,Area Suroccidental,Are0032,SubArea Valle,Solar,No Despachado Centralmente,ETTC,2026-08-03,2026-08-03,SIMEM 0bfc9d + 841808 + 10F2C9
3LC5,AGPE OCCICAUCHO,Are0128,Area Suroccidental,Are0032,SubArea Valle,Solar,No Despachado Centralmente,ETTC,2026-08-03,2026-08-03,SIMEM 0bfc9d + 841808 + 10F2C9
5J85,AGPE OPAV LA SEMILLA,Are0128,Area Suroccidental,Are0032,SubArea Valle,Solar,No Despachado Centralmente,EPMC,2026-08-03,2026-08-03,SIMEM 0bfc9d + 841808 + 10F2C9
3R51,AGPE PALO ALTO,Are0128,Area Suroccidental,Are0032,SubArea Valle,Solar,No Despachado Centralmente,GNCC,2026-08-03,2026-08-03,SIMEM 0bfc9d + 841808 + 10F2C9
3IKF,AGPE PANADERIA MONTECARLO PASOANCHO,Are0128,Area Suroccidental,Are0032,SubArea Valle,Solar,No Despachado Centralmente,GNCC,2026-08-03,2026-08-03,SIMEM 0bfc9d + 841808 + 10F2C9
5GEY,AGPE PARQUES Y DEPORTES SAS,Are0128,Area Suroccidental,Are0032,SubArea Valle,Solar,No Despachado Centralmente,ENBC,2026-08-03,2026-08-03,SIMEM 0bfc9d + 841808 + 10F2C9
3NZ5,AGPE PENATEX CALI,Are0128,Area Suroccidental,Are0032,SubArea Valle,Solar,No Despachado Centralmente,GNCC,2026-08-03,2026-08-03,SIMEM 0bfc9d + 841808 + 10F2C9
3NLU,AGPE PET Y MECANIZADOS DEL VALLE SAS,Are0128,Area Suroccidental,Are0032,SubArea Valle,Solar,No Despachado Centralmente,EPSC,2026-08-03,2026-08-03,SIMEM 0bfc9d + 841808 + 10F2C9
3EFW,AGPE PLANTA BUGA,Are0128,Area Suroccidental,Are0032,SubArea Valle,Solar,No Despachado Centralmente,TPLC,2026-08-03,2026-08-03,SIMEM 0bfc9d + 841808 + 10F2C9
3FCB,AGPE PLASTICOS CALIBRADOS,Are0128,Area Suroccidental,Are0032,SubArea Valle,Solar,No Despachado Centralmente,GNCC,2026-08-03,2026-08-03,SIMEM 0bfc9d + 841808 + 10F2C9
4Z9O,AGPE PLASTICOS DEL GREMIO CAFETERO S A,Are0128,Area Suroccidental,Are0032,SubArea Valle,Solar,No Despachado Centralmente,EEPC,2026-08-03,2026-08-03,SIMEM 0bfc9d + 841808 + 10F2C9
4VZF,AGPE PLUS SA ESP VIJES DICEL,Are0128,Area Suroccidental,Are0032,SubArea Valle,Solar,No Despachado Centralmente,BIAC,2026-08-03,2026-08-03,SIMEM 0bfc9d + 841808 + 10F2C9
4V8B,AGPE PRADOS DE SAN AGUSTIN,Are0128,Area Suroccidental,Are0032,SubArea Valle,Solar,No Despachado Centralmente,ENBC,2026-08-03,2026-08-03,SIMEM 0bfc9d + 841808 + 10F2C9
4VXU,AGPE PRADOS DEL CEREZO,Are0128,Area Suroccidental,Are0032,SubArea Valle,Solar,No Despachado Centralmente,ENBC,2026-08-03,2026-08-03,SIMEM 0bfc9d + 841808 + 10F2C9
5WT1,AGPE PRODUCTOS ALIMENTICIOS LA LOCURA PLANTA SA,Are0128,Area Suroccidental,Are0032,SubArea Valle,Solar,No Despachado Centralmente,GNCC,2026-08-03,2026-08-03,SIMEM 0bfc9d + 841808 + 10F2C9
5O12,AGPE PRODUCTOS FORESTALES,Are0128,Area Suroccidental,Are0032,SubArea Valle,Solar,No Despachado Centralmente,EPSC,2026-08-03,2026-08-03,SIMEM 0bfc9d + 841808 + 10F2C9
3HCX,AGPE PROPILFLEX DISGOMEZ,Are0128,Area Suroccidental,Are0032,SubArea Valle,Solar,No Despachado Centralmente,EPSC,2026-08-03,2026-08-03,SIMEM 0bfc9d + 841808 + 10F2C9
5JS9,AGPE PUERTO 125 ZC,Are0128,Area Suroccidental,Are0032,SubArea Valle,Solar,No Despachado Centralmente,ENBC,2026-08-03,2026-08-03,SIMEM 0bfc9d + 841808 + 10F2C9
3IZU,AGPE RAMIREZ ZULUAGA E HIJOS,Are0128,Area Suroccidental,Are0032,SubArea Valle,Solar,No Despachado Centralmente,QIEC,2026-08-03,2026-08-03,SIMEM 0bfc9d + 841808 + 10F2C9
3QRC,AGPE RAMSER GP SAS,Are0128,Area Suroccidental,Are0032,SubArea Valle,Solar,No Despachado Centralmente,GNCC,2026-08-03,2026-08-03,SIMEM 0bfc9d + 841808 + 10F2C9
3GFD,AGPE RAPIASEO,Are0128,Area Suroccidental,Are0032,SubArea Valle,Solar,No Despachado Centralmente,ENBC,2026-08-03,2026-08-03,SIMEM 0bfc9d + 841808 + 10F2C9
3NZT,AGPE RAUL HUMBERTO ZEA MEDINA,Are0128,Area Suroccidental,Are0032,SubArea Valle,Solar,No Despachado Centralmente,ENBC,2026-08-03,2026-08-03,SIMEM 0bfc9d + 841808 + 10F2C9
3EL7,AGPE RED WM IMPRESORES,Are0128,Area Suroccidental,Are0032,SubArea Valle,Solar,No Despachado Centralmente,BIAC,2026-08-03,2026-08-03,SIMEM 0bfc9d + 841808 + 10F2C9
4S76,AGPE REDCOLSA SA,Are0128,Area Suroccidental,Are0032,SubArea Valle,Solar,No Despachado Centralmente,EPSC,2026-08-03,2026-08-03,SIMEM 0bfc9d + 841808 + 10F2C9
3R9C,AGPE RIO GUACHAL,Are0128,Area Suroccidental,Are0032,SubArea Valle,Solar,No Despachado Centralmente,GNCC,2026-08-03,2026-08-03,SIMEM 0bfc9d + 841808 + 10F2C9
5BQ4,AGPE ROMARCO,Are0128,Area Suroccidental,Are0032,SubArea Valle,Solar,No Despachado Centralmente,EPSC,2026-08-03,2026-08-03,SIMEM 0bfc9d + 841808 + 10F2C9
5BPZ,AGPE ROYAL FILMS SAS BUGA,Are0128,Area Suroccidental,Are0032,SubArea Valle,Solar,No Despachado Centralmente,QIEC,2026-08-03,2026-08-03,SIMEM 0bfc9d + 841808 + 10F2C9
5BQ8,AGPE ROYAL FILMS SAS LA 14,Are0128,Area Suroccidental,Are0032,SubArea Valle,Solar,No Despachado Centralmente,QIEC,2026-08-03,2026-08-03,SIMEM 0bfc9d + 841808 + 10F2C9
4WX7,AGPE RTS LA FLORA,Are0128,Area Suroccidental,Are0032,SubArea Valle,Solar,No Despachado Centralmente,GNCC,2026-08-03,2026-08-03,SIMEM 0bfc9d + 841808 + 10F2C9
3K7L,AGPE RTS TULUA,Are0128,Area Suroccidental,Are0032,SubArea Valle,Solar,No Despachado Centralmente,GNCC,2026-08-03,2026-08-03,SIMEM 0bfc9d + 841808 + 10F2C9
5E3H,AGPE SALAMANCA OLEAGINOSAS,Are0128,Area Suroccidental,Are0032,SubArea Valle,Solar,No Despachado Centralmente,ENBC,2026-08-03,2026-08-03,SIMEM 0bfc9d + 841808 + 10F2C9
4YH4,AGPE SANTIAGO SCRAP SAS,Are0128,Area Suroccidental,Are0032,SubArea Valle,Solar,No Despachado Centralmente,EPSC,2026-08-03,2026-08-03,SIMEM 0bfc9d + 841808 + 10F2C9
3GI8,AGPE SECAR INGENIEROS SA,Are0128,Area Suroccidental,Are0032,SubArea Valle,Solar,No Despachado Centralmente,ENBC,2026-08-03,2026-08-03,SIMEM 0bfc9d + 841808 + 10F2C9
3KLK,AGPE SEMINARIO DIOCESANO CRISTO SACERDOTE,Are0128,Area Suroccidental,Are0032,SubArea Valle,Solar,No Despachado Centralmente,CETC,2026-08-03,2026-08-03,SIMEM 0bfc9d + 841808 + 10F2C9
3HCZ,AGPE SERO COLOMBIA,Are0128,Area Suroccidental,Are0032,SubArea Valle,Solar,No Despachado Centralmente,EPSC,2026-08-03,2026-08-03,SIMEM 0bfc9d + 841808 + 10F2C9
3GVE,AGPE SERVIGRAFIC,Are0128,Area Suroccidental,Are0032,SubArea Valle,Solar,No Despachado Centralmente,GNCC,2026-08-03,2026-08-03,SIMEM 0bfc9d + 841808 + 10F2C9
3K52,AGPE SINCRON OFICINAS,Are0128,Area Suroccidental,Are0032,SubArea Valle,Solar,No Despachado Centralmente,ENBC,2026-08-03,2026-08-03,SIMEM 0bfc9d + 841808 + 10F2C9
3K54,AGPE SINCRON PANCE,Are0128,Area Suroccidental,Are0032,SubArea Valle,Solar,No Despachado Centralmente,ENBC,2026-08-03,2026-08-03,SIMEM 0bfc9d + 841808 + 10F2C9
5ASL,AGPE SISTEMA SOLAR FRISBY TULUA,Are0128,Area Suroccidental,Are0032,SubArea Valle,Solar,No Despachado Centralmente,GNCC,2026-08-03,2026-08-03,SIMEM 0bfc9d + 841808 + 10F2C9
5TNC,AGPE SOCIEDAD ALIANZA DE TRANSPORTE SAS,Are0128,Area Suroccidental,Are0032,SubArea Valle,Solar,No Despachado Centralmente,GNCC,2026-08-03,2026-08-03,SIMEM 0bfc9d + 841808 + 10F2C9
3NQZ,AGPE SONALPLAS,Are0128,Area Suroccidental,Are0032,SubArea Valle,Solar,No Despachado Centralmente,GNCC,2026-08-03,2026-08-03,SIMEM 0bfc9d + 841808 + 10F2C9
3ND4,AGPE SPATARO NAPOLI,Are0128,Area Suroccidental,Are0032,SubArea Valle,Solar,No Despachado Centralmente,GNCC,2026-08-03,2026-08-03,SIMEM 0bfc9d + 841808 + 10F2C9
5LSX,AGPE SSFV MADECENTRO CLL 19,Are0128,Area Suroccidental,Are0032,SubArea Valle,Solar,No Despachado Centralmente,GNCC,2026-08-03,2026-08-03,SIMEM 0bfc9d + 841808 + 10F2C9
5LSV,AGPE SSFV OZONO STORE 5,Are0128,Area Suroccidental,Are0032,SubArea Valle,Solar,No Despachado Centralmente,GNCC,2026-08-03,2026-08-03,SIMEM 0bfc9d + 841808 + 10F2C9
4Y4E,AGPE STO 374 CARTAGO,Are0128,Area Suroccidental,Are0032,SubArea Valle,Solar,No Despachado Centralmente,GNCC,2026-08-03,2026-08-03,SIMEM 0bfc9d + 841808 + 10F2C9
4V5A,AGPE STO 560 ZARZAL,Are0128,Area Suroccidental,Are0032,SubArea Valle,Solar,No Despachado Centralmente,GNCC,2026-08-03,2026-08-03,SIMEM 0bfc9d + 841808 + 10F2C9
5AX2,AGPE STO 587 TULUA CANASTA,Are0128,Area Suroccidental,Are0032,SubArea Valle,Solar,No Despachado Centralmente,GNCC,2026-08-03,2026-08-03,SIMEM 0bfc9d + 841808 + 10F2C9
5IMG,AGPE STO 678 AMERICAS,Are0128,Area Suroccidental,Are0032,SubArea Valle,Solar,No Despachado Centralmente,GNCC,2026-08-03,2026-08-03,SIMEM 0bfc9d + 841808 + 10F2C9
5E6X,AGPE STO 693 BUENAVENTURA PACIFIC MALL,Are0128,Area Suroccidental,Are0032,SubArea Valle,Solar,No Despachado Centralmente,NEUC,2026-08-03,2026-08-03,SIMEM 0bfc9d + 841808 + 10F2C9
4UZW,AGPE SUCROAGRO SAS CANDELARIA,Are0128,Area Suroccidental,Are0032,SubArea Valle,Solar,No Despachado Centralmente,BIAC,2026-08-03,2026-08-03,SIMEM 0bfc9d + 841808 + 10F2C9
4Y9B,AGPE SUERIMAS,Are0128,Area Suroccidental,Are0032,SubArea Valle,Solar,No Despachado Centralmente,GNCC,2026-08-03,2026-08-03,SIMEM 0bfc9d + 841808 + 10F2C9
4WO6,AGPE SULOGISTICA SA,Are0128,Area Suroccidental,Are0032,SubArea Valle,Solar,No Despachado Centralmente,ENBC,2026-08-03,2026-08-03,SIMEM 0bfc9d + 841808 + 10F2C9
3KK9,AGPE SUPERCANAVERAL,Are0128,Area Suroccidental,Are0032,SubArea Valle,Solar,No Despachado Centralmente,ETTC,2026-08-03,2026-08-03,SIMEM 0bfc9d + 841808 + 10F2C9
3I3Q,AGPE SURTITODO PALMIRA,Are0128,Area Suroccidental,Are0032,SubArea Valle,Solar,No Despachado Centralmente,GNCC,2026-08-03,2026-08-03,SIMEM 0bfc9d + 841808 + 10F2C9
2YQM,AGPE TECNOEMPAQUES DE OCCIDENTE,Are0128,Area Suroccidental,Are0032,SubArea Valle,Solar,No Despachado Centralmente,BIAC,2026-08-03,2026-08-03,SIMEM 0bfc9d + 841808 + 10F2C9
5LOR,AGPE TERPEL EL RECREO,Are0128,Area Suroccidental,Are0032,SubArea Valle,Solar,No Despachado Centralmente,BIAC,2026-08-03,2026-08-03,SIMEM 0bfc9d + 841808 + 10F2C9
3J8B,AGPE TIENDA Y EXPEDIDO DE CARNES JC,Are0128,Area Suroccidental,Are0032,SubArea Valle,Solar,No Despachado Centralmente,GNCC,2026-08-03,2026-08-03,SIMEM 0bfc9d + 841808 + 10F2C9
5CAE,AGPE TIENDAS ARA PALMIRA VERSALLES,Are0128,Area Suroccidental,Are0032,SubArea Valle,Solar,No Despachado Centralmente,GNCC,2026-08-03,2026-08-03,SIMEM 0bfc9d + 841808 + 10F2C9
4ZCQ,AGPE TORRES DE COMFANDI,Are0128,Area Suroccidental,Are0032,SubArea Valle,Solar,No Despachado Centralmente,EPSC,2026-08-03,2026-08-03,SIMEM 0bfc9d + 841808 + 10F2C9
5NPY,AGPE TRANSPORTES EXPRESO PALMIRA,Are0128,Area Suroccidental,Are0032,SubArea Valle,Solar,No Despachado Centralmente,BIAC,2026-08-03,2026-08-03,SIMEM 0bfc9d + 841808 + 10F2C9
5F6K,AGPE TRIPLE ALIANZA,Are0128,Area Suroccidental,Are0032,SubArea Valle,Solar,No Despachado Centralmente,BEIC,2026-08-03,2026-08-03,SIMEM 0bfc9d + 841808 + 10F2C9
3HH9,AGPE TVAPAN 500 SA,Are0128,Area Suroccidental,Are0032,SubArea Valle,Solar,No Despachado Centralmente,CETC,2026-08-03,2026-08-03,SIMEM 0bfc9d + 841808 + 10F2C9
5NPR,AGPE UNICENTRO PALMIRA,Are0128,Area Suroccidental,Are0032,SubArea Valle,Solar,No Despachado Centralmente,EPSC,2026-08-03,2026-08-03,SIMEM 0bfc9d + 841808 + 10F2C9
3GPX,AGPE VAQUITA MELOSA,Are0128,Area Suroccidental,Are0032,SubArea Valle,Solar,No Despachado Centralmente,NEUC,2026-08-03,2026-08-03,SIMEM 0bfc9d + 841808 + 10F2C9
3NB1,AGPE VICTOR HUGO CORAL HOME LC 101,Are0128,Area Suroccidental,Are0032,SubArea Valle,Solar,No Despachado Centralmente,ENBC,2026-08-03,2026-08-03,SIMEM 0bfc9d + 841808 + 10F2C9
3NU8,AGPE ZAHIR SAS,Are0128,Area Suroccidental,Are0032,SubArea Valle,Solar,No Despachado Centralmente,GNCC,2026-08-03,2026-08-03,SIMEM 0bfc9d + 841808 + 10F2C9
ALBG,ALBAN,Are0128,Area Suroccidental,Are0032,SubArea Valle,Hidraulica,Despachado Centralmente,EPSG,2026-08-03,2026-08-03,SIMEM 0bfc9d + 841808 + 10F2C9
ALTG,ALTO TULUA,Are0128,Area Suroccidental,Are0032,SubArea Valle,Hidraulica,No Despachado Centralmente,EPSG,2026-08-03,2026-08-03,SIMEM 0bfc9d + 841808 + 10F2C9
AMA1,AMAIME,Are0128,Area Suroccidental,Are0032,SubArea Valle,Hidraulica,No Despachado Centralmente,EPSG,2026-08-03,2026-08-03,SIMEM 0bfc9d + 841808 + 10F2C9
ASN1,ASNAZU,Are0128,Area Suroccidental,Are0032,SubArea Valle,Hidraulica,No Despachado Centralmente,CDIG,2026-08-03,2026-08-03,SIMEM 0bfc9d + 841808 + 10F2C9
2S6S,AUTOG ARGOS YUMBO 1,Are0128,Area Suroccidental,Are0032,SubArea Valle,Termica,No Despachado Centralmente,DEPG,2026-08-03,2026-08-03,SIMEM 0bfc9d + 841808 + 10F2C9
4WUK,AUTOG COMOLSA,Are0128,Area Suroccidental,Are0032,SubArea Valle,Solar,No Despachado Centralmente,EPSG,2026-08-03,2026-08-03,SIMEM 0bfc9d + 841808 + 10F2C9
3GJU,AUTOG INGENIO CARMELITA,Are0128,Area Suroccidental,Are0032,SubArea Valle,Termica,No Despachado Centralmente,DEPG,2026-08-03,2026-08-03,SIMEM 0bfc9d + 841808 + 10F2C9
3C3X,AUTOG INGENIO MARIA LUISA 1,Are0128,Area Suroccidental,Are0032,SubArea Valle,Termica,No Despachado Centralmente,DEPG,2026-08-03,2026-08-03,SIMEM 0bfc9d + 841808 + 10F2C9
4VYM,AUTOG MOLINOS SANTA MARTA,Are0128,Area Suroccidental,Are0032,SubArea Valle,Solar,No Despachado Centralmente,EPSG,2026-08-03,2026-08-03,SIMEM 0bfc9d + 841808 + 10F2C9
4WUM,AUTOG QBCO,Are0128,Area Suroccidental,Are0032,SubArea Valle,Solar,No Despachado Centralmente,EPSG,2026-08-03,2026-08-03,SIMEM 0bfc9d + 841808 + 10F2C9
3PWF,AUTOG SOLAR PALMIRA II BERRY,Are0128,Area Suroccidental,Are0032,SubArea Valle,Solar,No Despachado Centralmente,EPSG,2026-08-03,2026-08-03,SIMEM 0bfc9d + 841808 + 10F2C9
2QV2,BAJO TULUA,Are0128,Area Suroccidental,Are0032,SubArea Valle,Hidraulica,No Despachado Centralmente,EPSG,2026-08-03,2026-08-03,SIMEM 0bfc9d + 841808 + 10F2C9
CLMG,CALIMA,Are0128,Area Suroccidental,Are0032,SubArea Valle,Hidraulica,Despachado Centralmente,EPSG,2026-08-03,2026-08-03,SIMEM 0bfc9d + 841808 + 10F2C9
CAS1,CENTRAL CASTILLA 1,Are0128,Area Suroccidental,Are0032,SubArea Valle,Termica,No Despachado Centralmente,RPEG,2026-08-03,2026-08-03,SIMEM 0bfc9d + 841808 + 10F2C9
2UP2,COGENERADOR MANUELITA 2,Are0128,Area Suroccidental,Are0032,SubArea Valle,Termica,No Despachado Centralmente,EEPG,2026-08-03,2026-08-03,SIMEM 0bfc9d + 841808 + 10F2C9
2S9L,EL COCUYO,Are0128,Area Suroccidental,Are0032,SubArea Valle,Hidraulica,No Despachado Centralmente,PCYG,2026-08-03,2026-08-03,SIMEM 0bfc9d + 841808 + 10F2C9
3JPA,GD ALFEREZ,Are0128,Area Suroccidental,Are0032,SubArea Valle,Solar,No Despachado Centralmente,EPSG,2026-08-03,2026-08-03,SIMEM 0bfc9d + 841808 + 10F2C9
3JP6,GD BASILICA,Are0128,Area Suroccidental,Are0032,SubArea Valle,Solar,No Despachado Centralmente,EPSG,2026-08-03,2026-08-03,SIMEM 0bfc9d + 841808 + 10F2C9
3K6X,GD LA HONDA,Are0128,Area Suroccidental,Are0032,SubArea Valle,Solar,No Despachado Centralmente,EPSG,2026-08-03,2026-08-03,SIMEM 0bfc9d + 841808 + 10F2C9
3JP8,GD LA URIBE,Are0128,Area Suroccidental,Are0032,SubArea Valle,Solar,No Despachado Centralmente,EPSG,2026-08-03,2026-08-03,SIMEM 0bfc9d + 841808 + 10F2C9
3GI6,GRANJA SOLAR EL SALADO,Are0128,Area Suroccidental,Are0032,SubArea Valle,Solar,No Despachado Centralmente,FERG,2026-08-03,2026-08-03,SIMEM 0bfc9d + 841808 + 10F2C9
PIC1,INGENIO PICHICHI 1,Are0128,Area Suroccidental,Are0032,SubArea Valle,Termica,No Despachado Centralmente,EEPG,2026-08-03,2026-08-03,SIMEM 0bfc9d + 841808 + 10F2C9
CIP1,INGENIO PROVIDENCIA 2,Are0128,Area Suroccidental,Are0032,SubArea Valle,Termica,No Despachado Centralmente,NTCG,2026-08-03,2026-08-03,SIMEM 0bfc9d + 841808 + 10F2C9
RPL1,INGENIO RIOPAILA 1,Are0128,Area Suroccidental,Are0032,SubArea Valle,Termica,No Despachado Centralmente,RPEG,2026-08-03,2026-08-03,SIMEM 0bfc9d + 841808 + 10F2C9
CIS1,INGENIO SAN CARLOS 1,Are0128,Area Suroccidental,Are0032,SubArea Valle,Termica,No Despachado Centralmente,ECNG,2026-08-03,2026-08-03,SIMEM 0bfc9d + 841808 + 10F2C9
CGM1,MAYAGUEZ 1,Are0128,Area Suroccidental,Are0032,SubArea Valle,Termica,No Despachado Centralmente,ECNG,2026-08-03,2026-08-03,SIMEM 0bfc9d + 841808 + 10F2C9
NIM1,NIMA,Are0128,Area Suroccidental,Are0032,SubArea Valle,Hidraulica,No Despachado Centralmente,SOCG,2026-08-03,2026-08-03,SIMEM 0bfc9d + 841808 + 10F2C9
OVJ1,OVEJAS,Are0128,Area Suroccidental,Are0032,SubArea Valle,Hidraulica,No Despachado Centralmente,CDIG,2026-08-03,2026-08-03,SIMEM 0bfc9d + 841808 + 10F2C9
RCL1,RIO CALI,Are0128,Area Suroccidental,Are0032,SubArea Valle,Hidraulica,No Despachado Centralmente,SOCG,2026-08-03,2026-08-03,SIMEM 0bfc9d + 841808 + 10F2C9
RFR1,RIO FRIO I,Are0128,Area Suroccidental,Are0032,SubArea Valle,Hidraulica,No Despachado Centralmente,SOCG,2026-08-03,2026-08-03,SIMEM 0bfc9d + 841808 + 10F2C9
RFR2,RIO FRIO II,Are0128,Area Suroccidental,Are0032,SubArea Valle,Hidraulica,No Despachado Centralmente,CETG,2026-08-03,2026-08-03,SIMEM 0bfc9d + 841808 + 10F2C9
RMR1,RUMOR,Are0128,Area Suroccidental,Are0032,SubArea Valle,Hidraulica,No Despachado Centralmente,SOCG,2026-08-03,2026-08-03,SIMEM 0bfc9d + 841808 + 10F2C9
TEC1,TERMOEMCALI CC,Are0128,Area Suroccidental,Are0032,SubArea Valle,Termica,Despachado Centralmente,TEMG,2026-08-03,2026-08-03,SIMEM 0bfc9d + 841808 + 10F2C9
TVL1,TERMOVALLE CC,Are0128,Area Suroccidental,Are0032,SubArea Valle,Termica,Despachado Centralmente,TMVG,2026-08-03,2026-08-03,SIMEM 0bfc9d + 841808 + 10F2C9
