Codigo_Planta,Nombre_Planta_SIMEM,CodigoAreaOperativa,Area_Operativa,CodigoSubAreaOperativa,Subarea_Operativa,TipoGeneracion,TipoDespachoRecurso,CodigoSICAgente,Fecha,FechaPublicacion,Fuente,Nombre_Recurso_UPME,Departamento,Codigo_Municipio,Municipio,Region_Geografica,Longitud,Latitud,Capacidad_Efectiva_MW,Tipo_Generacion_UPME,Combustible_UPME,Tipo_Despacho_UPME,Clasificacion_UPME,Estado_Recurso_UPME,Agente_Representante_UPME,Fecha_Operacion_UPME,Anio_FPO_UPME,Fecha_Actualizacion_UPME,Factor_Conversion,Es_Menor,Id_UPME,En_SIMEM,En_UPME,Fuente_Cobertura
2QBW,EL POPAL,Are0002,Area Antioquia,Are0015,SubArea Antioquia,Hidraulica,No Despachado Centralmente,ISGG,2026-08-03,2026-08-03,SIMEM 0bfc9d + 841808 + 10F2C9,EL POPAL,ANTIOQUIA,5197.0,COCORNÁ,Antioquia,-75.16031703775977,6.005611510393588,19.9,HIDRAULICA,AGUA,ND,NORMAL,OPERACIÓN,ISAGEN S.A. E.S.P.,2014-03-30,2014.0,2026-08-03,1.442,SI,21.0,True,True,SIMEM + UPME
2QEK,SALTO II,Are0056,Area Oriental,Are0017,SubArea Bogota,Hidraulica,Despachado Centralmente,ENDG,2026-08-03,2026-08-03,SIMEM 0bfc9d + 841808 + 10F2C9,SALTO II,CUNDINAMARCA,25245.0,EL COLEGIO,Centro,-74.42658588583394,4.556946538829463,35.0,HIDRAULICA,AGUA,DC,FILO DE AGUA,OPERACIÓN,ENEL COLOMBIA SA ESP,2014-06-24,2014.0,2026-08-03,3.3736,NO,355.0,True,True,SIMEM + UPME
2QRL,LA REBUSCA,Are0002,Area Antioquia,Are0015,SubArea Antioquia,Hidraulica,No Despachado Centralmente,HZEG,2026-08-03,2026-08-03,SIMEM 0bfc9d + 841808 + 10F2C9,LA REBUSCA,ANTIOQUIA,5670.0,SAN ROQUE,Antioquia,-74.94524773669791,6.466121322594473,0.7,HIDRAULICA,AGUA,ND,GEN. DISTRIBUIDA,OPERACIÓN,HZ ENERGY S.A.S. E.S.P.,2014-07-23,2014.0,2026-08-03,1.09,SI,69.0,True,True,SIMEM + UPME
2QV2,BAJO TULUA,Are0128,Area Suroccidental,Are0032,SubArea Valle,Hidraulica,No Despachado Centralmente,EPSG,2026-08-03,2026-08-03,SIMEM 0bfc9d + 841808 + 10F2C9,BAJO TULUA,VALLE DEL CAUCA,76834.0,TULUÁ,Pacífico,-76.0325294150837,4.028420260976358,19.9,HIDRAULICA,AGUA,ND,NORMAL,OPERACIÓN,CELSIA COLOMBIA S.A. E.S.P.,2015-01-29,2015.0,2026-08-03,1.65,SI,630.0,True,True,SIMEM + UPME
2R22,LAGUNETA,Are0056,Area Oriental,Are0017,SubArea Bogota,Hidraulica,No Despachado Centralmente,ENDG,2026-08-03,2026-08-03,SIMEM 0bfc9d + 841808 + 10F2C9,LAGUNETA,CUNDINAMARCA,25645.0,SAN ANTONIO DEL TEQUENDAMA,Centro,-74.34490348911615,4.599741063787057,18.0,HIDRAULICA,AGUA,ND,NORMAL,OPERACIÓN,ENEL COLOMBIA SA ESP,2014-12-16,2014.0,2026-08-03,2.509,SI,363.0,True,True,SIMEM + UPME
2S6Q,AUTOG YAGUARITO 1,Are0056,Area Oriental,Are0027,SubArea Meta,Termica,No Despachado Centralmente,EMSG,2026-08-03,2026-08-03,SIMEM 0bfc9d + 841808 + 10F2C9,AUTOG YAGUARITO 1,META,50680.0,SAN CARLOS DE GUAROA,Oriente,-73.27583347472584,3.847615258225508,1.6,TERMICA,BIOGAS,ND,AUTOGENERADOR,OPERACIÓN,ELECTRIFICADORA DEL META S.A. E.S.P.,2016-03-21,2016.0,2026-08-03,0.0,NO,431.0,True,True,SIMEM + UPME
2S6S,AUTOG ARGOS YUMBO 1,Are0128,Area Suroccidental,Are0032,SubArea Valle,Termica,No Despachado Centralmente,DEPG,2026-08-03,2026-08-03,SIMEM 0bfc9d + 841808 + 10F2C9,AUTOG ARGOS YUMBO 1,VALLE DEL CAUCA,76892.0,YUMBO,Pacífico,-76.51099150889527,3.595908339346365,9.9,TERMICA,CARBON,ND,AUTOGENERADOR,OPERACIÓN,DEPI ENERGY S.A.S. E.S.P.,2016-03-19,2016.0,2026-08-03,0.0,SI,637.0,True,True,SIMEM + UPME
2S6U,AUTOG ARGOS EL CAIRO,Are0002,Area Antioquia,Are0015,SubArea Antioquia,Hidraulica,No Despachado Centralmente,SOCG,2026-08-03,2026-08-03,SIMEM 0bfc9d + 841808 + 10F2C9,AUTOG ARGOS EL CAIRO,ANTIOQUIA,5679.0,SANTA BÁRBARA,Antioquia,-75.58330113705043,5.878979695747031,6.5,HIDRAULICA,AGUA,ND,AUTOGENERADOR,OPERACIÓN,COMPAÑÍA ELÉCTRICA DE SOCHAGOTA  S.A.S. E.S.P.,2017-09-28,2017.0,2026-08-03,0.0,NO,76.0,True,True,SIMEM + UPME
2S78,LA FRISOLERA,Are0128,Area Suroccidental,Are0022,SubArea CQR,Hidraulica,No Despachado Centralmente,SGMG,2026-08-03,2026-08-03,SIMEM 0bfc9d + 841808 + 10F2C9,LA FRISOLERA,CALDAS,17653.0,SALAMINA,Eje Cafetero,-75.40962186881548,5.370331381475147,0.47,HIDRAULICA,AGUA,ND,GEN. DISTRIBUIDA,OPERACIÓN,SIGMA2 COMERCIALIZADORA  DE ENERGIA ELECTRICA SAS ESP,2016-04-28,2016.0,2026-08-03,0.5625,SI,203.0,True,True,SIMEM + UPME
2S8I,AUTOG REFICAR 1,Are0127,Area Caribe,Are0018,SubArea Bolivar,Termica,No Despachado Centralmente,GECG,2026-08-03,2026-08-03,SIMEM 0bfc9d + 841808 + 10F2C9,AUTOG REFICAR 1,BOLÍVAR,13001.0,CARTAGENA DE INDIAS,Caribe,-75.45921916563543,10.46297167339698,19.9,TERMICA,GAS,ND,AUTOGENERADOR,OPERACIÓN,GENERADORA Y COMERCIALIZADORA DE ENERGIA DEL CARIBE S.A. E.S.P.,2016-04-25,2016.0,2026-08-03,0.0,NO,163.0,True,True,SIMEM + UPME
2S8N,GUAVIO MENOR,Are0056,Area Oriental,Are0017,SubArea Bogota,Hidraulica,No Despachado Centralmente,ENDG,2026-08-03,2026-08-03,SIMEM 0bfc9d + 841808 + 10F2C9,GUAVIO MENOR,CUNDINAMARCA,25839.0,UBALÁ,Centro,-73.47654901977104,4.803804072868425,9.9,HIDRAULICA,AGUA,ND,NORMAL,OPERACIÓN,ENEL COLOMBIA SA ESP,2016-04-26,2016.0,2026-08-03,0.0,SI,373.0,True,True,SIMEM + UPME
2S8S,DOÑA JUANA 1,Are0056,Area Oriental,Are0017,SubArea Bogota,Termica,No Despachado Centralmente,BDJG,2026-08-03,2026-08-03,SIMEM 0bfc9d + 841808 + 10F2C9,DOÑA JUANA 1,BOGOTÁ. D.C.,11001.0,BOGOTÁ. D.C.,Centro,-74.18113609108002,4.315974976392684,1.7,TERMICA,BIOGAS,ND,NORMAL,OPERACIÓN,BIOGAS COLOMBIA S.A.S. E.S.P ,2016-04-28,2016.0,2026-08-03,0.0,SI,151.0,True,True,SIMEM + UPME
2S8U,PORCE III MENOR,Are0002,Area Antioquia,Are0015,SubArea Antioquia,Hidraulica,No Despachado Centralmente,EPMG,2026-08-03,2026-08-03,SIMEM 0bfc9d + 841808 + 10F2C9,PORCE III MENOR,ANTIOQUIA,5040.0,ANORÍ,Antioquia,-75.10852543154942,7.193075754100771,1.8,HIDRAULICA,AGUA,ND,NORMAL,OPERACIÓN,EMPRESAS PUBLICAS DE MEDELLIN E.S.P.,2016-04-24,2016.0,2026-08-03,0.892,SI,8.0,True,True,SIMEM + UPME
2S9L,EL COCUYO,Are0128,Area Suroccidental,Are0032,SubArea Valle,Hidraulica,No Despachado Centralmente,PCYG,2026-08-03,2026-08-03,SIMEM 0bfc9d + 841808 + 10F2C9,EL COCUYO,VALLE DEL CAUCA,76863.0,VERSALLES,Pacífico,-76.25924917020893,4.644525432287519,0.7,HIDRAULICA,AGUA,ND,GEN. DISTRIBUIDA,OPERACIÓN,P.CH EL COCUYO SAS ESP,2016-05-19,2016.0,2026-08-03,0.1,SI,636.0,True,True,SIMEM + UPME
2S9Q,TEQUENDAMA BIOGAS 1,Are0127,Area Caribe,Are0025,SubArea GCM,Termica,No Despachado Centralmente,VESG,2026-08-03,2026-08-03,SIMEM 0bfc9d + 841808 + 10F2C9,TEQUENDAMA BIOGAS 1,MAGDALENA,47288.0,FUNDACIÓN,Caribe,-73.88413799783896,10.459407293689956,2.25,TERMICA,BIOGAS,ND,NORMAL,OPERACIÓN,VOLTAJE EMPRESARIAL S.A.S. E.S.P.,2016-06-24,2016.0,2026-08-03,0.0,SI,412.0,True,True,SIMEM + UPME
2SDR,ALEJANDRIA,Are0002,Area Antioquia,Are0015,SubArea Antioquia,Hidraulica,No Despachado Centralmente,GALG,2026-08-03,2026-08-03,SIMEM 0bfc9d + 841808 + 10F2C9,ALEJANDRIA,ANTIOQUIA,5021.0,ALEJANDRIA,Antioquia,-75.09060211472173,6.365533635684276,17.0,HIDRAULICA,AGUA,ND,NORMAL,OPERACIÓN,GENERADORA ALEJANDRIA S.A.S. E.S.P.,2017-03-01,2017.0,2026-08-03,1.063,SI,13.0,True,True,SIMEM + UPME
2SI1,MORRO AZUL,Are0128,Area Suroccidental,Are0022,SubArea CQR,Hidraulica,No Despachado Centralmente,RENG,2026-08-03,2026-08-03,SIMEM 0bfc9d + 841808 + 10F2C9,MORRO AZUL,RISARALDA,66088.0,BELÉN DE UMBRÍA,Eje Cafetero,-75.86794034758158,5.200397198145893,19.9,HIDRAULICA,AGUA,ND,NORMAL,OPERACIÓN,RISARALDA ENERGIA S.A.S. E.S.P.,2016-09-09,2016.0,2026-08-03,1.1306,SI,472.0,True,True,SIMEM + UPME
2SS2,MAGALLO,Are0002,Area Antioquia,Are0015,SubArea Antioquia,Hidraulica,No Despachado Centralmente,HCCG,2026-08-03,2026-08-03,SIMEM 0bfc9d + 841808 + 10F2C9,MAGALLO,ANTIOQUIA,5209.0,CONCORDIA,Antioquia,-75.90014759411937,6.057464554238723,5.7,HIDRAULICA,AGUA,ND,NORMAL,OPERACIÓN,CENTRAL HIDROELÉCTRICA CONCORDIA S.A.S. E.S.P.,2016-12-21,2016.0,2026-08-03,0.0,SI,22.0,True,True,SIMEM + UPME
2SW1,EL EDEN,Are0128,Area Suroccidental,Are0022,SubArea CQR,Hidraulica,No Despachado Centralmente,PRIG,2026-08-03,2026-08-03,SIMEM 0bfc9d + 841808 + 10F2C9,EL EDEN,CALDAS,17541.0,PENSILVANIA,Eje Cafetero,-75.16700059658166,5.407100374806905,19.9,HIDRAULICA,AGUA,ND,NORMAL,OPERACIÓN,PROELECTRICA S.A.S E.S.P.,2017-03-01,2017.0,2026-08-03,3.7092,SI,202.0,True,True,SIMEM + UPME
2SXQ,BIOENERGY,Are0056,Area Oriental,Are0027,SubArea Meta,Termica,No Despachado Centralmente,CHVG,2026-08-03,2026-08-03,SIMEM 0bfc9d + 841808 + 10F2C9,BIOENERGY,META,50573.0,PUERTO LÓPEZ,Oriente,-72.64573025408605,4.014315937731884,19.9,COGENERADOR,BAGAZO,ND,COGENERADOR,OPERACIÓN,AES COLOMBIA & CIA. S.C.A. E.S.P.,2017-04-21,2017.0,2026-08-03,0.0,NO,424.0,True,True,SIMEM + UPME
2SXS,,,,,,,,,,,,COGENERADOR PROENCA II,CAUCA,19142.0,CALOTO,Pacífico,-76.32118995845043,3.0629100947885206,17.0,COGENERADOR,BAGAZO,ND,COGENERADOR,INACTIVO,PROYECTOS ENERGETICOS DEL CAUCA S.A. E.S.P.,2017-03-24,2017.0,2026-08-03,0.1,NO,240.0,False,True,Solo UPME
2T1L,EL MOLINO,Are0002,Area Antioquia,Are0015,SubArea Antioquia,Hidraulica,No Despachado Centralmente,ISGG,2026-08-03,2026-08-03,SIMEM 0bfc9d + 841808 + 10F2C9,EL MOLINO,ANTIOQUIA,5197.0,COCORNÁ,Antioquia,-75.16031703775977,6.005611510393588,19.9,HIDRAULICA,AGUA,ND,NORMAL,OPERACIÓN,ISAGEN S.A. E.S.P.,2017-04-18,2017.0,2026-08-03,1.0236,SI,19.0,True,True,SIMEM + UPME
2T4P,SAN MATIAS,Are0002,Area Antioquia,Are0015,SubArea Antioquia,Hidraulica,No Despachado Centralmente,ISGG,2026-08-03,2026-08-03,SIMEM 0bfc9d + 841808 + 10F2C9,SAN MATIAS,ANTIOQUIA,5197.0,COCORNÁ,Antioquia,-75.16031703775977,6.005611510393588,19.9,HIDRAULICA,AGUA,ND,NORMAL,OPERACIÓN,ISAGEN S.A. E.S.P.,2017-04-24,2017.0,2026-08-03,1.0237,SI,20.0,True,True,SIMEM + UPME
2T7D,AUTOG CANTAYUS,Are0002,Area Antioquia,Are0015,SubArea Antioquia,Hidraulica,No Despachado Centralmente,GECG,2026-08-03,2026-08-03,SIMEM 0bfc9d + 841808 + 10F2C9,AUTOG CANTAYUS,ANTIOQUIA,5190.0,CISNEROS,Antioquia,-75.08253157918377,6.550081157742059,4.32,HIDRAULICA,AGUA,ND,AUTOGENERADOR,OPERACIÓN,GENERADORA Y COMERCIALIZADORA DE ENERGIA DEL CARIBE S.A. E.S.P.,2017-05-19,2017.0,2026-08-03,1.433,NO,17.0,True,True,SIMEM + UPME
2TUT,LUZMA I,Are0002,Area Antioquia,Are0015,SubArea Antioquia,Hidraulica,No Despachado Centralmente,ISGG,2026-08-03,2026-08-03,SIMEM 0bfc9d + 841808 + 10F2C9,LUZMA I,ANTIOQUIA,5031.0,AMALFI,Antioquia,-74.98129809431317,6.977657056943432,19.6,HIDRAULICA,AGUA,ND,NORMAL,OPERACIÓN,ISAGEN S.A. E.S.P.,2017-10-06,2017.0,2026-08-03,3.6594,SI,2.0,True,True,SIMEM + UPME
2TUV,LUZMA II,Are0002,Area Antioquia,Are0015,SubArea Antioquia,Hidraulica,No Despachado Centralmente,ISGG,2026-08-03,2026-08-03,SIMEM 0bfc9d + 841808 + 10F2C9,LUZMA II,ANTIOQUIA,5031.0,AMALFI,Antioquia,-74.98129809431317,6.977657056943432,19.6,HIDRAULICA,AGUA,ND,NORMAL,OPERACIÓN,ISAGEN S.A. E.S.P.,2017-10-06,2017.0,2026-08-03,3.6351,SI,3.0,True,True,SIMEM + UPME
2TYI,,,,,,,,,,,,AUTOG CELSIA SOLAR YUMBO,VALLE DEL CAUCA,76892.0,YUMBO,Pacífico,-76.51099150889527,3.595908339346365,9.0,SOLAR,RAD SOLAR,ND,AUTOGENERADOR,PRUEBAS,CELSIA COLOMBIA S.A. E.S.P.,2019-11-02,2019.0,2026-08-03,0.0,NO,639.0,False,True,Solo UPME
2U1G,LAS PALMAS,Are0002,Area Antioquia,Are0015,SubArea Antioquia,Hidraulica,No Despachado Centralmente,GNCG,2026-08-03,2026-08-03,SIMEM 0bfc9d + 841808 + 10F2C9,LAS PALMAS,ANTIOQUIA,5686.0,SANTA ROSA DE OSOS,Antioquia,-75.43813780544396,6.675835083196788,2.8,HIDRAULICA,AGUA,ND,NORMAL,OPERACIÓN,VATIA S.A. E.S.P.,2017-08-29,2017.0,2026-08-03,0.15,SI,72.0,True,True,SIMEM + UPME
2U5P,PROENCA II 1,Are0128,Area Suroccidental,Are0019,SubArea Cauca-Narino,Termica,No Despachado Centralmente,PECG,2026-08-03,2026-08-03,SIMEM 0bfc9d + 841808 + 10F2C9,PROENCA II 1,CAUCA,19300.0,GUACHENÉ,Pacífico,-76.39174144366041,3.144672538074626,17.0,TERMICA,CARBON,ND,NORMAL,OPERACIÓN,PROYECTOS ENERGETICOS DEL CAUCA S.A. E.S.P.,2017-10-09,2017.0,2026-08-03,0.0,SI,244.0,True,True,SIMEM + UPME
2U8Y,TERMOMECHERO 5,Are0012,Area Nordeste,Are0130,SubArea Boyaca-Casanare,Termica,No Despachado Centralmente,TMMG,2026-08-03,2026-08-03,SIMEM 0bfc9d + 841808 + 10F2C9,TERMOMECHERO 5,CASANARE,85001.0,YOPAL,Oriente,-72.25798324179046,5.242711687577748,19.3,TERMICA,GAS,ND,NORMAL,OPERACIÓN,TERMO MECHERO MORRO S.A.S E.S.P ,2017-12-15,2017.0,2026-08-03,0.0,SI,218.0,True,True,SIMEM + UPME
2U91,TERMOMECHERO 6,Are0012,Area Nordeste,Are0130,SubArea Boyaca-Casanare,Termica,No Despachado Centralmente,TMMG,2026-08-03,2026-08-03,SIMEM 0bfc9d + 841808 + 10F2C9,TERMOMECHERO 6,CASANARE,85001.0,YOPAL,Oriente,-72.25798324179046,5.242711687577748,19.3,TERMICA,GAS,ND,NORMAL,OPERACIÓN,TERMO MECHERO MORRO S.A.S E.S.P ,2018-02-01,2018.0,2026-08-03,0.0,SI,219.0,True,True,SIMEM + UPME
2U93,TERMOMECHERO 4,Are0012,Area Nordeste,Are0130,SubArea Boyaca-Casanare,Termica,No Despachado Centralmente,TMMG,2026-08-03,2026-08-03,SIMEM 0bfc9d + 841808 + 10F2C9,TERMOMECHERO 4,CASANARE,85001.0,YOPAL,Oriente,-72.25798324179046,5.242711687577748,19.3,TERMICA,GAS,ND,NORMAL,OPERACIÓN,TERMO MECHERO MORRO S.A.S E.S.P ,2018-02-01,2018.0,2026-08-03,0.0,SI,217.0,True,True,SIMEM + UPME
2UP2,COGENERADOR MANUELITA 2,Are0128,Area Suroccidental,Are0032,SubArea Valle,Termica,No Despachado Centralmente,EEPG,2026-08-03,2026-08-03,SIMEM 0bfc9d + 841808 + 10F2C9,COGENERADOR MANUELITA 2,VALLE DEL CAUCA,76520.0,PALMIRA,Pacífico,-76.22786086762281,3.558395439731676,12.0,COGENERADOR,BAGAZO,ND,COGENERADOR,OPERACIÓN,EMPRESA DE ENERGIA DE PEREIRA S.A. E.S.P.,2024-12-05,2024.0,2026-08-03,0.0,NO,623.0,True,True,SIMEM + UPME
2UPD,TEQUENDAMA 2,Are0056,Area Oriental,Are0017,SubArea Bogota,Hidraulica,No Despachado Centralmente,ENDG,2026-08-03,2026-08-03,SIMEM 0bfc9d + 841808 + 10F2C9,TEQUENDAMA 2,CUNDINAMARCA,25645.0,SAN ANTONIO DEL TEQUENDAMA,Centro,-74.34490348911615,4.599741063787057,14.2,HIDRAULICA,AGUA,ND,NORMAL,OPERACIÓN,ENEL COLOMBIA SA ESP,2018-04-02,2018.0,2026-08-03,1.0,SI,360.0,True,True,SIMEM + UPME
2UPF,TEQUENDAMA 3,Are0056,Area Oriental,Are0017,SubArea Bogota,Hidraulica,No Despachado Centralmente,ENDG,2026-08-03,2026-08-03,SIMEM 0bfc9d + 841808 + 10F2C9,TEQUENDAMA 3,CUNDINAMARCA,25645.0,SAN ANTONIO DEL TEQUENDAMA,Centro,-74.34490348911615,4.599741063787057,14.2,HIDRAULICA,AGUA,ND,NORMAL,OPERACIÓN,ENEL COLOMBIA SA ESP,2018-04-02,2018.0,2026-08-03,1.0,SI,361.0,True,True,SIMEM + UPME
2UPH,TEQUENDAMA 4,Are0056,Area Oriental,Are0017,SubArea Bogota,Hidraulica,No Despachado Centralmente,ENDG,2026-08-03,2026-08-03,SIMEM 0bfc9d + 841808 + 10F2C9,TEQUENDAMA 4,CUNDINAMARCA,25645.0,SAN ANTONIO DEL TEQUENDAMA,Centro,-74.34490348911615,4.599741063787057,14.2,HIDRAULICA,AGUA,ND,NORMAL,OPERACIÓN,ENEL COLOMBIA SA ESP,2018-04-02,2018.0,2026-08-03,1.0,SI,362.0,True,True,SIMEM + UPME
2UPJ,TEQUENDAMA 1,Are0056,Area Oriental,Are0017,SubArea Bogota,Hidraulica,No Despachado Centralmente,ENDG,2026-08-03,2026-08-03,SIMEM 0bfc9d + 841808 + 10F2C9,TEQUENDAMA 1,CUNDINAMARCA,25645.0,SAN ANTONIO DEL TEQUENDAMA,Centro,-74.34490348911615,4.599741063787057,14.2,HIDRAULICA,AGUA,ND,NORMAL,OPERACIÓN,ENEL COLOMBIA SA ESP,2018-04-02,2018.0,2026-08-03,1.0,SI,359.0,True,True,SIMEM + UPME
2UR5,SAN JOSE DE LA MONTAÑA II,Are0002,Area Antioquia,Are0015,SubArea Antioquia,Hidraulica,No Despachado Centralmente,GPEG,2026-08-03,2026-08-03,SIMEM 0bfc9d + 841808 + 10F2C9,SAN JOSE DE LA MONTAÑA II,ANTIOQUIA,5658.0,SAN JOSÉ DE LA MONTAÑA,Antioquia,-75.67770924573276,6.823257599171344,1.1,HIDRAULICA,AGUA,ND,NORMAL,OPERACIÓN,EMPRESA DE GENERACION Y PROMOCION DE ENERGIA DE ANTIOQUIA S.A. E.S.P.,2018-10-05,2018.0,2026-08-03,0.301,SI,59.0,True,True,SIMEM + UPME
2UX3,AURES BAJO,Are0002,Area Antioquia,Are0015,SubArea Antioquia,Hidraulica,No Despachado Centralmente,ABAG,2026-08-03,2026-08-03,SIMEM 0bfc9d + 841808 + 10F2C9,AURES BAJO,ANTIOQUIA,5756.0,SONSÓN,Antioquia,-74.83647396542132,5.826399123939591,19.4,HIDRAULICA,AGUA,ND,NORMAL,OPERACIÓN,AURES BAJO S.A.S. E.S.P.,2018-12-11,2018.0,2026-08-03,0.98,SI,78.0,True,True,SIMEM + UPME
2V25,AUTOG ARGOS SOGAMOSO 1,Are0012,Area Nordeste,Are0130,SubArea Boyaca-Casanare,Termica,No Despachado Centralmente,SOCG,2026-08-03,2026-08-03,SIMEM 0bfc9d + 841808 + 10F2C9,AUTOG ARGOS SOGAMOSO 1,BOYACÁ,15759.0,SOGAMOSO,Centro,-72.87096517657592,5.646672737466358,15.0,TERMICA,CARBON,ND,AUTOGENERADOR,OPERACIÓN,COMPAÑÍA ELÉCTRICA DE SOCHAGOTA  S.A.S. E.S.P.,2018-10-01,2018.0,2026-08-03,0.0,NO,178.0,True,True,SIMEM + UPME
2V27,AUTOG COCA-COLA FEMSA 1,Are0056,Area Oriental,Are0017,SubArea Bogota,Termica,No Despachado Centralmente,DEPG,2026-08-03,2026-08-03,SIMEM 0bfc9d + 841808 + 10F2C9,AUTOG COCA-COLA FEMSA 1,CUNDINAMARCA,25817.0,TOCANCIPÁ,Centro,-73.92887057794381,4.968852560792271,2.44,TERMICA,GAS,ND,AUTOGENERADOR,OPERACIÓN,DEPI ENERGY S.A.S. E.S.P.,2018-07-24,2018.0,2026-08-03,0.0,SI,370.0,True,True,SIMEM + UPME
2V5G,JUAN GARCIA,Are0002,Area Antioquia,Are0015,SubArea Antioquia,Hidraulica,No Despachado Centralmente,GPEG,2026-08-03,2026-08-03,SIMEM 0bfc9d + 841808 + 10F2C9,JUAN GARCIA,ANTIOQUIA,5411.0,LIBORINA,Antioquia,-75.78300239576254,6.723989945096903,4.52,HIDRAULICA,AGUA,ND,NORMAL,OPERACIÓN,EMPRESA DE GENERACION Y PROMOCION DE ENERGIA DE ANTIOQUIA S.A. E.S.P.,2018-09-11,2018.0,2026-08-03,1.0,SI,41.0,True,True,SIMEM + UPME
2VJS,,,,,,,,,,,,CELSIA SOLAR BOLIVAR,BOLÍVAR,13683.0,SANTA ROSA DE LIMA,Caribe,-75.3611643147102,10.469205330748292,8.06,SOLAR,RAD SOLAR,ND,NORMAL,PRUEBAS,CELSIA COLOMBIA S.A. E.S.P.,2019-11-02,2019.0,2026-08-03,0.0,SI,174.0,False,True,Solo UPME
2W4Y,,,,,,,,,,,,AUTOG FAMILIA,ANTIOQUIA,5001.0,MEDELLÍN,Antioquia,-75.6110393232332,6.257590449778692,1.0,TERMICA,GAS,ND,AUTOGENERADOR,INACTIVO,DEPI ENERGY S.A.S. E.S.P.,2019-03-22,2019.0,2026-08-03,1.0,NO,43.0,False,True,Solo UPME
2WC5,MULATOS II,Are0002,Area Antioquia,Are0015,SubArea Antioquia,Hidraulica,No Despachado Centralmente,ESUG,2026-08-03,2026-08-03,SIMEM 0bfc9d + 841808 + 10F2C9,MULATOS II,ANTIOQUIA,5792.0,TARSO,Antioquia,-75.82871200919452,5.871064813694975,7.34,HIDRAULICA,AGUA,ND,NORMAL,OPERACIÓN,ENERGIA DEL SUROESTE S.A. E.S.P.,2019-08-25,2019.0,2026-08-03,1.41,SI,82.0,True,True,SIMEM + UPME
2WFN,TERMOCAPACHOS 1,Are0012,Area Nordeste,Are0129,SubArea Arauca,Termica,No Despachado Centralmente,GSAG,2026-08-03,2026-08-03,SIMEM 0bfc9d + 841808 + 10F2C9,TERMOCAPACHOS 1,ARAUCA,81794.0,TAME,Oriente,-71.79177012757432,6.390704511440092,9.9,TERMICA,GAS,ND,NORMAL,OPERACIÓN,GENERSA S.A.S. E.S.P.,2019-08-03,2019.0,2026-08-03,0.0,SI,90.0,True,True,SIMEM + UPME
2XXR,AGPE - ECOPETROL LA HORMIGA,Are0128,Area Suroccidental,Are0132,SubArea Putumayo,Termica,No Despachado Centralmente,GECG,2026-08-03,2026-08-03,SIMEM 0bfc9d + 841808 + 10F2C9,,,,,,,,,,,,,,,,,,,,,True,False,Solo SIMEM
2XXX,,,,,,,,,,,,AUTOG TERMOSURIA,META,50001.0,VILLAVICENCIO,Oriente,-73.49290681050789,4.09168284448416,19.9,TERMICA,GAS,ND,AUTOGENERADOR,INACTIVO,ELECTRIFICADORA DEL META S.A. E.S.P.,2019-10-30,2019.0,2026-08-03,0.0,NO,433.0,False,True,Solo UPME
2Y2T,,,,,,,,,,,,AUTOG CDS TM2500,META,50001.0,VILLAVICENCIO,Oriente,-73.49290681050789,4.09168284448416,19.9,TERMICA,GAS,ND,AUTOGENERADOR,INACTIVO,ELECTRIFICADORA DEL META S.A. E.S.P.,2019-10-30,2019.0,2026-08-03,0.0,NO,434.0,False,True,Solo UPME
2YB9,,,,,,,,,,,,AUTOG ECOPETROL ORITO,PUTUMAYO,86320.0,ORITO,Amazonía,-76.94318768689233,0.6737637204004985,4.0,TERMICA,GAS,ND,AUTOGENERADOR,PRUEBAS,GENERADORA Y COMERCIALIZADORA DE ENERGIA DEL CARIBE S.A. E.S.P.,2019-11-06,2019.0,2026-08-03,0.0,NO,464.0,False,True,Solo UPME
2YIR,PCH LA LIBERTAD,Are0012,Area Nordeste,Are0130,SubArea Boyaca-Casanare,Hidraulica,No Despachado Centralmente,EGEG,2026-08-03,2026-08-03,SIMEM 0bfc9d + 841808 + 10F2C9,PCH LA LIBERTAD,BOYACÁ,15814.0,TOCA,Centro,-73.16069689374582,5.580253994930485,1.2,HIDRAULICA,AGUA,ND,NORMAL,OPERACIÓN,EMPRESA GENERADORA Y COMERCIALIZADORA DE ENERGIA ELECTRICA DE COLOMBIA S.A. E.S.P.,2020-03-13,2020.0,2026-08-03,1.111,SI,177.0,True,True,SIMEM + UPME
2YNA,HIDROBARRANCAS,Are0002,Area Antioquia,Are0015,SubArea Antioquia,Hidraulica,No Despachado Centralmente,HBCG,2026-08-03,2026-08-03,SIMEM 0bfc9d + 841808 + 10F2C9,HIDROBARRANCAS,ANTIOQUIA,5234.0,DABEIBA,Antioquia,-76.31436020151801,6.9922206014584,4.7,HIDRAULICA,AGUA,ND,NORMAL,OPERACIÓN,HIDROELECTRICA BARRANCAS SAS ESP,2020-11-25,2020.0,2026-08-03,4.7,SI,27.0,True,True,SIMEM + UPME
2YQM,AGPE TECNOEMPAQUES DE OCCIDENTE,Are0128,Area Suroccidental,Are0032,SubArea Valle,Solar,No Despachado Centralmente,BIAC,2026-08-03,2026-08-03,SIMEM 0bfc9d + 841808 + 10F2C9,,,,,,,,,,,,,,,,,,,,,True,False,Solo SIMEM
2YQO,,,,,,,,,,,,AUTOG FERTICOL,SANTANDER,68081.0,BARRANCABERMEJA,Oriente,-73.78214388864318,7.054058477215098,17.0,TERMICA,GAS,ND,AUTOGENERADOR,INACTIVO,CEMEX ENERGY S.A.S E.S.P.,2020-02-27,2020.0,2026-08-03,1.0,NO,493.0,False,True,Solo UPME
2YWY,AUTOG TURGAS,Are0128,Area Suroccidental,Are0022,SubArea CQR,Termica,No Despachado Centralmente,TRPG,2026-08-03,2026-08-03,SIMEM 0bfc9d + 841808 + 10F2C9,AUTOG TURGAS,TOLIMA,73443.0,SAN SEBASTIÁN DE MARIQUITA,Centro,-74.90668376099688,5.235322286717191,3.5,TERMICA,GAS,ND,AUTOGENERADOR,OPERACIÓN,TERMOPIEDRAS S.A. E.S.P.,2020-02-07,2020.0,2026-08-03,1.0,NO,555.0,True,True,SIMEM + UPME
2Z66,AGPE SFV MCDONALDS SOLEDAD,Are0127,Area Caribe,Are0016,SubArea Atlantico,Solar,No Despachado Centralmente,GNCC,2026-08-03,2026-08-03,SIMEM 0bfc9d + 841808 + 10F2C9,,,,,,,,,,,,,,,,,,,,,True,False,Solo SIMEM
2ZCF,SAN ANDRES DE CUERQUIA,Are0002,Area Antioquia,Are0015,SubArea Antioquia,Hidraulica,No Despachado Centralmente,EPSG,2026-08-03,2026-08-03,SIMEM 0bfc9d + 841808 + 10F2C9,SAN ANDRES DE CUERQUIA,ANTIOQUIA,5647.0,SAN ANDRÉS DE CUERQUÍA,Antioquia,-75.66518532397836,6.914558196434982,19.9,HIDRAULICA,AGUA,ND,NORMAL,OPERACIÓN,CELSIA COLOMBIA S.A. E.S.P.,2020-06-10,2020.0,2026-08-03,4.58,SI,62.0,True,True,SIMEM + UPME
2ZHY,,,,,,,,,,,,AUTOG CELSIA SOLAR ESPINAL,TOLIMA,73268.0,ESPINAL,Centro,-74.89353010225126,4.166478063861027,9.0,SOLAR,RAD SOLAR,ND,AUTOGENERADOR,PRUEBAS,CELSIA COLOMBIA S.A. E.S.P.,2020-05-03,2020.0,2026-08-03,0.0,NO,560.0,False,True,Solo UPME
2ZJT,AGPE HOTEL HACIENDA CASONA DEL SALITRE,Are0012,Area Nordeste,Are0130,SubArea Boyaca-Casanare,Solar,No Despachado Centralmente,GNCC,2026-08-03,2026-08-03,SIMEM 0bfc9d + 841808 + 10F2C9,,,,,,,,,,,,,,,,,,,,,True,False,Solo SIMEM
2ZM3,AGPE DIEGO MONTESDEOCA ASSEFF,Are0128,Area Suroccidental,Are0032,SubArea Valle,Solar,No Despachado Centralmente,ETTC,2026-08-03,2026-08-03,SIMEM 0bfc9d + 841808 + 10F2C9,,,,,,,,,,,,,,,,,,,,,True,False,Solo SIMEM
2ZMH,AGPE DEVIMED MARINILLA,Are0002,Area Antioquia,Are0015,SubArea Antioquia,Solar,No Despachado Centralmente,ETTC,2026-08-03,2026-08-03,SIMEM 0bfc9d + 841808 + 10F2C9,,,,,,,,,,,,,,,,,,,,,True,False,Solo SIMEM
2ZMJ,AGPE DEVIMED ENVIGADO,Are0002,Area Antioquia,Are0015,SubArea Antioquia,Solar,No Despachado Centralmente,ETTC,2026-08-03,2026-08-03,SIMEM 0bfc9d + 841808 + 10F2C9,,,,,,,,,,,,,,,,,,,,,True,False,Solo SIMEM
2ZML,AGPE DEVIMED BELLO,Are0002,Area Antioquia,Are0015,SubArea Antioquia,Solar,No Despachado Centralmente,ETTC,2026-08-03,2026-08-03,SIMEM 0bfc9d + 841808 + 10F2C9,,,,,,,,,,,,,,,,,,,,,True,False,Solo SIMEM
2ZP9,,,,,,,,,,,,TRINA-VATIA BSLI,META,50568.0,PUERTO GAITÁN,Oriente,-71.63159652560698,4.004998742624762,19.9,SOLAR,RAD SOLAR,ND,NORMAL,PRUEBAS,ISAGEN S.A. E.S.P.,2020-08-11,2020.0,2026-08-03,0.0,SI,422.0,False,True,Solo UPME
2ZS3,AGPE HERNAN DARIO EUSSE,Are0002,Area Antioquia,Are0015,SubArea Antioquia,Solar,No Despachado Centralmente,ETTC,2026-08-03,2026-08-03,SIMEM 0bfc9d + 841808 + 10F2C9,,,,,,,,,,,,,,,,,,,,,True,False,Solo SIMEM
2ZXL,AGPE JUAN CARLOS CALDERON GARCIA,Are0128,Area Suroccidental,Are0032,SubArea Valle,Solar,No Despachado Centralmente,ETTC,2026-08-03,2026-08-03,SIMEM 0bfc9d + 841808 + 10F2C9,,,,,,,,,,,,,,,,,,,,,True,False,Solo SIMEM
2ZXN,AGPE DEVIMED COPACABANACASETA,Are0002,Area Antioquia,Are0015,SubArea Antioquia,Solar,No Despachado Centralmente,ETTC,2026-08-03,2026-08-03,SIMEM 0bfc9d + 841808 + 10F2C9,,,,,,,,,,,,,,,,,,,,,True,False,Solo SIMEM
3A44,,,,,,,,,,,,PLANTA SOLAR BAYUNCA I,BOLÍVAR,13001.0,CARTAGENA DE INDIAS,Caribe,-75.45921916563543,10.46297167339698,3.0,SOLAR,RAD SOLAR,ND,NORMAL,PRUEBAS,UNERGY ENERGY DIGITAL S.A.S E.S.P,2020-09-27,2020.0,2026-08-03,0.0,SI,159.0,False,True,Solo UPME
3A45,AGPE  BOSQUES RIVERA II,Are0128,Area Suroccidental,Are0032,SubArea Valle,Solar,No Despachado Centralmente,GNCC,2026-08-03,2026-08-03,SIMEM 0bfc9d + 841808 + 10F2C9,,,,,,,,,,,,,,,,,,,,,True,False,Solo SIMEM
3A47,AGPE EDIFICIO CHICO 103-PH,Are0056,Area Oriental,Are0017,SubArea Bogota,Solar,No Despachado Centralmente,ETTC,2026-08-03,2026-08-03,SIMEM 0bfc9d + 841808 + 10F2C9,,,,,,,,,,,,,,,,,,,,,True,False,Solo SIMEM
3A4R,AGPE CALZATODO ACOPI YUMBO,Are0128,Area Suroccidental,Are0032,SubArea Valle,Solar,No Despachado Centralmente,EPSC,2026-08-03,2026-08-03,SIMEM 0bfc9d + 841808 + 10F2C9,,,,,,,,,,,,,,,,,,,,,True,False,Solo SIMEM
3A7F,AGPE LICEO NUEVA GENERACIÓN,Are0012,Area Nordeste,Are0131,SubArea Santander,Solar,No Despachado Centralmente,GNCC,2026-08-03,2026-08-03,SIMEM 0bfc9d + 841808 + 10F2C9,,,,,,,,,,,,,,,,,,,,,True,False,Solo SIMEM
3AB6,AGPE MADOCO SIGLO XXI,Are0012,Area Nordeste,Are0131,SubArea Santander,Solar,No Despachado Centralmente,GNCC,2026-08-03,2026-08-03,SIMEM 0bfc9d + 841808 + 10F2C9,,,,,,,,,,,,,,,,,,,,,True,False,Solo SIMEM
3AB8,AGPE VENTANAR I,Are0012,Area Nordeste,Are0131,SubArea Santander,Solar,No Despachado Centralmente,RTQC,2026-08-03,2026-08-03,SIMEM 0bfc9d + 841808 + 10F2C9,,,,,,,,,,,,,,,,,,,,,True,False,Solo SIMEM
3ACC,,,,,,,,,,,,CELSIA SOLAR CARMELO,VALLE DEL CAUCA,76130.0,CANDELARIA,Pacífico,-76.3831796990501,3.382093001984256,9.0,SOLAR,RAD SOLAR,ND,AUTOGENERADOR,PRUEBAS,CELSIA COLOMBIA S.A. E.S.P.,2020-12-03,2020.0,2026-08-03,0.0,SI,608.0,False,True,Solo UPME
3ADA,AUTOG PTAR BELLO,Are0002,Area Antioquia,Are0015,SubArea Antioquia,Termica,No Despachado Centralmente,EPMG,2026-08-03,2026-08-03,SIMEM 0bfc9d + 841808 + 10F2C9,AUTOG PTAR BELLO,ANTIOQUIA,5088.0,BELLO,Antioquia,-75.58977499936405,6.358885308060002,5.0,TERMICA,BIOGAS,ND,AUTOGENERADOR,OPERACIÓN,EMPRESAS PUBLICAS DE MEDELLIN E.S.P.,2020-11-29,2020.0,2026-08-03,0.0,SI,10.0,True,True,SIMEM + UPME
3AFQ,POCUNE,Are0002,Area Antioquia,Are0015,SubArea Antioquia,Hidraulica,No Despachado Centralmente,RTAG,2026-08-03,2026-08-03,SIMEM 0bfc9d + 841808 + 10F2C9,POCUNE,ANTIOQUIA,5604.0,REMEDIOS,Antioquia,-74.55690753921293,6.998128639519031,1.0,HIDRAULICA,AGUA,ND,GEN. DISTRIBUIDA,OPERACIÓN,SPECTRUM RENOVAVEIS S.A.S. E.S.P.,2020-12-30,2020.0,2026-08-03,1.018,SI,54.0,True,True,SIMEM + UPME
3AL4,AGPE PLASTICOS MINIPET,Are0002,Area Antioquia,Are0015,SubArea Antioquia,Solar,No Despachado Centralmente,GNCC,2026-08-03,2026-08-03,SIMEM 0bfc9d + 841808 + 10F2C9,,,,,,,,,,,,,,,,,,,,,True,False,Solo SIMEM
3AL8,,,,,,,,,,,,INGENIO MARIA LUISA,VALLE DEL CAUCA,76275.0,FLORIDA,Pacífico,-76.16478583336004,3.304107625824285,1.8,COGENERADOR,BAGAZO,ND,COGENERADOR,INACTIVO,DEPI ENERGY S.A.S. E.S.P.,2021-01-30,2021.0,2026-08-03,0.0,NO,584.0,False,True,Solo UPME
3ANH,AGPE PAPEL CARD,Are0002,Area Antioquia,Are0015,SubArea Antioquia,Solar,No Despachado Centralmente,NEUC,2026-08-03,2026-08-03,SIMEM 0bfc9d + 841808 + 10F2C9,,,,,,,,,,,,,,,,,,,,,True,False,Solo SIMEM
3AOY,AGPE FODUN,Are0002,Area Antioquia,Are0015,SubArea Antioquia,Solar,No Despachado Centralmente,NEUC,2026-08-03,2026-08-03,SIMEM 0bfc9d + 841808 + 10F2C9,,,,,,,,,,,,,,,,,,,,,True,False,Solo SIMEM
3AQP,CAUYA,Are0128,Area Suroccidental,Are0022,SubArea CQR,Hidraulica,No Despachado Centralmente,SFEG,2026-08-03,2026-08-03,SIMEM 0bfc9d + 841808 + 10F2C9,CAUYA,CALDAS,17042.0,ANSERMA,Eje Cafetero,-75.75289136789597,5.200293549304637,1.51,HIDRAULICA,AGUA,ND,NORMAL,OPERACIÓN,SANTA FE ENERGY ZOMAC S.A.S. E.S.P.,2022-04-24,2022.0,2026-08-03,0.75,SI,199.0,True,True,SIMEM + UPME
3AR2,AGPE I.A. INGENIERIA EN ALIMENTOS,Are0002,Area Antioquia,Are0015,SubArea Antioquia,Solar,No Despachado Centralmente,NEUC,2026-08-03,2026-08-03,SIMEM 0bfc9d + 841808 + 10F2C9,,,,,,,,,,,,,,,,,,,,,True,False,Solo SIMEM
3AXV,AGPE INGENIO DE OCCIDENTE,Are0128,Area Suroccidental,Are0019,SubArea Cauca-Narino,Termica,No Despachado Centralmente,EMEG,2026-08-03,2026-08-03,SIMEM 0bfc9d + 841808 + 10F2C9,,,,,,,,,,,,,,,,,,,,,True,False,Solo SIMEM
3B4G,AGPE CLODEL,Are0002,Area Antioquia,Are0015,SubArea Antioquia,Solar,No Despachado Centralmente,NEUC,2026-08-03,2026-08-03,SIMEM 0bfc9d + 841808 + 10F2C9,,,,,,,,,,,,,,,,,,,,,True,False,Solo SIMEM
3B4L,,,,,,,,,,,,GRANJA SOLAR BELMONTE,RISARALDA,66001.0,PEREIRA,Eje Cafetero,-75.79580494960125,4.803591185489485,4.99,SOLAR,RAD SOLAR,ND,NORMAL,PRUEBAS,EMPRESA DE ENERGIA DE PEREIRA S.A. E.S.P.,2021-03-23,2021.0,2026-08-03,0.0,SI,475.0,False,True,Solo UPME
3BZB,,,,,,,,,,,,CELSIA SOLAR LA PAILA,VALLE DEL CAUCA,76895.0,ZARZAL,Pacífico,-76.050658129641,4.353596536214248,9.9,SOLAR,RAD SOLAR,ND,NORMAL,PRUEBAS,CELSIA COLOMBIA S.A. E.S.P.,2021-07-29,2021.0,2026-08-03,0.0,SI,634.0,False,True,Solo UPME
3C37,AGPE CASA TADEO ZIRENE,Are0127,Area Caribe,Are0016,SubArea Atlantico,Solar,No Despachado Centralmente,GNCC,2026-08-03,2026-08-03,SIMEM 0bfc9d + 841808 + 10F2C9,,,,,,,,,,,,,,,,,,,,,True,False,Solo SIMEM
3C39,AGPE JAIME AMIN,Are0127,Area Caribe,Are0016,SubArea Atlantico,Solar,No Despachado Centralmente,GNCC,2026-08-03,2026-08-03,SIMEM 0bfc9d + 841808 + 10F2C9,,,,,,,,,,,,,,,,,,,,,True,False,Solo SIMEM
3C3B,AGPE ANDRES GOMEZ,Are0002,Area Antioquia,Are0015,SubArea Antioquia,Solar,No Despachado Centralmente,NEUC,2026-08-03,2026-08-03,SIMEM 0bfc9d + 841808 + 10F2C9,,,,,,,,,,,,,,,,,,,,,True,False,Solo SIMEM
3C3D,AGPE CARLOS ENRIQUE VELEZ,Are0002,Area Antioquia,Are0015,SubArea Antioquia,Solar,No Despachado Centralmente,NEUC,2026-08-03,2026-08-03,SIMEM 0bfc9d + 841808 + 10F2C9,,,,,,,,,,,,,,,,,,,,,True,False,Solo SIMEM
3C3X,AUTOG INGENIO MARIA LUISA 1,Are0128,Area Suroccidental,Are0032,SubArea Valle,Termica,No Despachado Centralmente,DEPG,2026-08-03,2026-08-03,SIMEM 0bfc9d + 841808 + 10F2C9,AUTOG INGENIO MARIA LUISA 1,VALLE DEL CAUCA,76275.0,FLORIDA,Pacífico,-76.16478583336004,3.304107625824285,1.8,TERMICA,BAGAZO,ND,AUTOGENERADOR,OPERACIÓN,DEPI ENERGY S.A.S. E.S.P.,2021-08-13,2021.0,2026-08-03,0.0,SI,585.0,True,True,SIMEM + UPME
3C3Z,,,,,,,,,,,,LA SIERPE,SUCRE,70429.0,MAJAGUAL,Caribe,-74.71039689504163,8.546108872221613,19.9,SOLAR,RAD SOLAR,ND,NORMAL,PRUEBAS,ATLÁNTICA COLOMBIA S.A.S. E.S.P.,2021-09-15,2021.0,2026-08-03,0.0,SI,505.0,False,True,Solo UPME
3C4J,AGPE CC PREMIUM PLAZA PH 70973,Are0002,Area Antioquia,Are0015,SubArea Antioquia,Solar,No Despachado Centralmente,ETTC,2026-08-03,2026-08-03,SIMEM 0bfc9d + 841808 + 10F2C9,,,,,,,,,,,,,,,,,,,,,True,False,Solo SIMEM
3C4L,AGPE CC PREMIUM PLAZA PH 70970,Are0002,Area Antioquia,Are0015,SubArea Antioquia,Solar,No Despachado Centralmente,ETTC,2026-08-03,2026-08-03,SIMEM 0bfc9d + 841808 + 10F2C9,,,,,,,,,,,,,,,,,,,,,True,False,Solo SIMEM
3C4N,AGPE CC PREMIUM PLAZA PH 64929,Are0002,Area Antioquia,Are0015,SubArea Antioquia,Solar,No Despachado Centralmente,ETTC,2026-08-03,2026-08-03,SIMEM 0bfc9d + 841808 + 10F2C9,,,,,,,,,,,,,,,,,,,,,True,False,Solo SIMEM
3C4P,AGPE CC PREMIUM PLAZA PH 70972,Are0002,Area Antioquia,Are0015,SubArea Antioquia,Solar,No Despachado Centralmente,ETTC,2026-08-03,2026-08-03,SIMEM 0bfc9d + 841808 + 10F2C9,,,,,,,,,,,,,,,,,,,,,True,False,Solo SIMEM
3C4R,AGPE CC PREMIUM PLAZA PH 70971,Are0002,Area Antioquia,Are0015,SubArea Antioquia,Solar,No Despachado Centralmente,ETTC,2026-08-03,2026-08-03,SIMEM 0bfc9d + 841808 + 10F2C9,,,,,,,,,,,,,,,,,,,,,True,False,Solo SIMEM
3C4T,AGPE AGROMONTE CASA DE PEDRO,Are0056,Area Oriental,Are0017,SubArea Bogota,Solar,No Despachado Centralmente,ETTC,2026-08-03,2026-08-03,SIMEM 0bfc9d + 841808 + 10F2C9,,,,,,,,,,,,,,,,,,,,,True,False,Solo SIMEM
3C4V,AUTOG TERMOTAME,Are0012,Area Nordeste,Are0129,SubArea Arauca,Termica,No Despachado Centralmente,GSAG,2026-08-03,2026-08-03,SIMEM 0bfc9d + 841808 + 10F2C9,AUTOG TERMOTAME,ARAUCA,81794.0,TAME,Oriente,-71.79177012757432,6.390704511440092,5.0,TERMICA,GAS,ND,AUTOGENERADOR,OPERACIÓN,GENERSA S.A.S. E.S.P.,2021-09-01,2021.0,2026-08-03,0.0,SI,89.0,True,True,SIMEM + UPME
3CC3,AGPE CASA RICHARD - MALIBU,Are0127,Area Caribe,Are0021,SubArea Cordoba_Sucre,Solar,No Despachado Centralmente,ETTC,2026-08-03,2026-08-03,SIMEM 0bfc9d + 841808 + 10F2C9,,,,,,,,,,,,,,,,,,,,,True,False,Solo SIMEM
3CCW,AGPE FIRPLAK,Are0002,Area Antioquia,Are0015,SubArea Antioquia,Solar,No Despachado Centralmente,NEUC,2026-08-03,2026-08-03,SIMEM 0bfc9d + 841808 + 10F2C9,,,,,,,,,,,,,,,,,,,,,True,False,Solo SIMEM
3CDX,AGPE AVICOLA EL MANATIAL,Are0012,Area Nordeste,Are0130,SubArea Boyaca-Casanare,Solar,No Despachado Centralmente,QIEC,2026-08-03,2026-08-03,SIMEM 0bfc9d + 841808 + 10F2C9,,,,,,,,,,,,,,,,,,,,,True,False,Solo SIMEM
3CG9,LA CHORRERA,Are0002,Area Antioquia,Are0015,SubArea Antioquia,Hidraulica,No Despachado Centralmente,HEMG,2026-08-03,2026-08-03,SIMEM 0bfc9d + 841808 + 10F2C9,LA CHORRERA,ANTIOQUIA,5647.0,SAN ANDRÉS DE CUERQUÍA,Antioquia,-75.66518532397836,6.914558196434982,15.0,HIDRAULICA,AGUA,ND,NORMAL,OPERACIÓN,HIDROENERGIA DE LA MONTAÑA S.A.S E.S.P,2022-05-30,2022.0,2026-08-03,10.0,SI,61.0,True,True,SIMEM + UPME
3CGB,AGPE MADOCO SIGLO XXI SEDE II,Are0012,Area Nordeste,Are0131,SubArea Santander,Solar,No Despachado Centralmente,GNCC,2026-08-03,2026-08-03,SIMEM 0bfc9d + 841808 + 10F2C9,,,,,,,,,,,,,,,,,,,,,True,False,Solo SIMEM
3CKF,AGPE COLUMBUS SCHOOL,Are0002,Area Antioquia,Are0015,SubArea Antioquia,Solar,No Despachado Centralmente,EPSC,2026-08-03,2026-08-03,SIMEM 0bfc9d + 841808 + 10F2C9,,,,,,,,,,,,,,,,,,,,,True,False,Solo SIMEM
3CKQ,AGPE LA VALLENATA,Are0127,Area Caribe,Are0025,SubArea GCM,Solar,No Despachado Centralmente,TPLC,2026-08-03,2026-08-03,SIMEM 0bfc9d + 841808 + 10F2C9,,,,,,,,,,,,,,,,,,,,,True,False,Solo SIMEM
3CL1,AGPE 125 GT CARRERA,Are0128,Area Suroccidental,Are0032,SubArea Valle,Solar,No Despachado Centralmente,EXEC,2026-08-03,2026-08-03,SIMEM 0bfc9d + 841808 + 10F2C9,,,,,,,,,,,,,,,,,,,,,True,False,Solo SIMEM
3CN1,AGPE JUAN CARLOS DIAZ,Are0002,Area Antioquia,Are0015,SubArea Antioquia,Solar,No Despachado Centralmente,NEUC,2026-08-03,2026-08-03,SIMEM 0bfc9d + 841808 + 10F2C9,,,,,,,,,,,,,,,,,,,,,True,False,Solo SIMEM
3CPK,AGPE OLIMPICA PIVIJAY,Are0127,Area Caribe,Are0025,SubArea GCM,Solar,No Despachado Centralmente,GNCC,2026-08-03,2026-08-03,SIMEM 0bfc9d + 841808 + 10F2C9,,,,,,,,,,,,,,,,,,,,,True,False,Solo SIMEM
3CSF,AGPE SULFOQUIMICAS,Are0002,Area Antioquia,Are0015,SubArea Antioquia,Solar,No Despachado Centralmente,NEUC,2026-08-03,2026-08-03,SIMEM 0bfc9d + 841808 + 10F2C9,,,,,,,,,,,,,,,,,,,,,True,False,Solo SIMEM
3CSH,,,,,,,,,,,,GY SOLAR AURORA,CÓRDOBA,23555.0,PLANETA RICA,Caribe,-75.68911038737392,8.181193052658834,9.9,SOLAR,RAD SOLAR,ND,NORMAL,PRUEBAS,GREENYELLOW COMERCIALIZADORA S.A.S. E.S.P.,2022-07-24,2022.0,2026-08-03,0.0,SI,318.0,False,True,Solo UPME
3CUW,AGPE PEDRO LEMUS,Are0128,Area Suroccidental,Are0022,SubArea CQR,Solar,No Despachado Centralmente,NEUC,2026-08-03,2026-08-03,SIMEM 0bfc9d + 841808 + 10F2C9,,,,,,,,,,,,,,,,,,,,,True,False,Solo SIMEM
3D3O,AGPE CLINICA SANTA ANA,Are0002,Area Antioquia,Are0015,SubArea Antioquia,Solar,No Despachado Centralmente,NEUC,2026-08-03,2026-08-03,SIMEM 0bfc9d + 841808 + 10F2C9,,,,,,,,,,,,,,,,,,,,,True,False,Solo SIMEM
3D6C,AGPE LICORES DE CUNDINAMARCA,Are0056,Area Oriental,Are0017,SubArea Bogota,Solar,No Despachado Centralmente,GNCC,2026-08-03,2026-08-03,SIMEM 0bfc9d + 841808 + 10F2C9,,,,,,,,,,,,,,,,,,,,,True,False,Solo SIMEM
3D8B,AGPE INVERSIONES GLP,Are0128,Area Suroccidental,Are0032,SubArea Valle,Solar,No Despachado Centralmente,ETTC,2026-08-03,2026-08-03,SIMEM 0bfc9d + 841808 + 10F2C9,,,,,,,,,,,,,,,,,,,,,True,False,Solo SIMEM
3D8D,AGPE BIOEMPACK,Are0056,Area Oriental,Are0017,SubArea Bogota,Solar,No Despachado Centralmente,ETTC,2026-08-03,2026-08-03,SIMEM 0bfc9d + 841808 + 10F2C9,,,,,,,,,,,,,,,,,,,,,True,False,Solo SIMEM
3D8F,AGPE NOVATRONICA,Are0127,Area Caribe,Are0025,SubArea GCM,Solar,No Despachado Centralmente,ETTC,2026-08-03,2026-08-03,SIMEM 0bfc9d + 841808 + 10F2C9,,,,,,,,,,,,,,,,,,,,,True,False,Solo SIMEM
3DBG,AGPE MANUFACTURAS VICO,Are0002,Area Antioquia,Are0015,SubArea Antioquia,Solar,No Despachado Centralmente,ETTC,2026-08-03,2026-08-03,SIMEM 0bfc9d + 841808 + 10F2C9,,,,,,,,,,,,,,,,,,,,,True,False,Solo SIMEM
3DBI,AGPE ALVARO HOYOS,Are0128,Area Suroccidental,Are0022,SubArea CQR,Solar,No Despachado Centralmente,NEUC,2026-08-03,2026-08-03,SIMEM 0bfc9d + 841808 + 10F2C9,,,,,,,,,,,,,,,,,,,,,True,False,Solo SIMEM
3DDT,LATAM SOLAR LA LOMA,Are0127,Area Caribe,Are0025,SubArea GCM,Solar,Despachado Centralmente,ENDG,2026-08-03,2026-08-03,SIMEM 0bfc9d + 841808 + 10F2C9,LATAM SOLAR LA LOMA,CESAR,20250.0,EL PASO,Caribe,-73.7382619683179,9.683721170835586,150.0,SOLAR,RAD SOLAR,DC,NORMAL,OPERACIÓN,ENEL COLOMBIA SA ESP,2024-06-23,2024.0,2026-08-03,0.0,NO,277.0,True,True,SIMEM + UPME
3DGL,AGPE ERIKA MEJIA,Are0002,Area Antioquia,Are0015,SubArea Antioquia,Solar,No Despachado Centralmente,NEUC,2026-08-03,2026-08-03,SIMEM 0bfc9d + 841808 + 10F2C9,,,,,,,,,,,,,,,,,,,,,True,False,Solo SIMEM
3DIH,AGPE UNIDROGAS,Are0127,Area Caribe,Are0016,SubArea Atlantico,Solar,No Despachado Centralmente,GNCC,2026-08-03,2026-08-03,SIMEM 0bfc9d + 841808 + 10F2C9,,,,,,,,,,,,,,,,,,,,,True,False,Solo SIMEM
3DIJ,AGPE CASA VALENTINA,Are0127,Area Caribe,Are0016,SubArea Atlantico,Solar,No Despachado Centralmente,QIEC,2026-08-03,2026-08-03,SIMEM 0bfc9d + 841808 + 10F2C9,,,,,,,,,,,,,,,,,,,,,True,False,Solo SIMEM
3DKZ,AGPE CDL LEONISA,Are0002,Area Antioquia,Are0015,SubArea Antioquia,Solar,No Despachado Centralmente,NEUC,2026-08-03,2026-08-03,SIMEM 0bfc9d + 841808 + 10F2C9,,,,,,,,,,,,,,,,,,,,,True,False,Solo SIMEM
3DL2,AGPE SOL BEATRIZ ARANGO,Are0002,Area Antioquia,Are0015,SubArea Antioquia,Solar,No Despachado Centralmente,NEUC,2026-08-03,2026-08-03,SIMEM 0bfc9d + 841808 + 10F2C9,,,,,,,,,,,,,,,,,,,,,True,False,Solo SIMEM
3DM3,AGPE ELIANA GARZON,Are0128,Area Suroccidental,Are0032,SubArea Valle,Solar,No Despachado Centralmente,ETTC,2026-08-03,2026-08-03,SIMEM 0bfc9d + 841808 + 10F2C9,,,,,,,,,,,,,,,,,,,,,True,False,Solo SIMEM
3DP6,AGPE GT RED SONORA LOS ANDE,Are0128,Area Suroccidental,Are0032,SubArea Valle,Solar,No Despachado Centralmente,ENBC,2026-08-03,2026-08-03,SIMEM 0bfc9d + 841808 + 10F2C9,,,,,,,,,,,,,,,,,,,,,True,False,Solo SIMEM
3DP8,AGPE IE SALAZAR Y HERRERA,Are0002,Area Antioquia,Are0015,SubArea Antioquia,Solar,No Despachado Centralmente,ETTC,2026-08-03,2026-08-03,SIMEM 0bfc9d + 841808 + 10F2C9,,,,,,,,,,,,,,,,,,,,,True,False,Solo SIMEM
3DPN,AGPE DORICOLOR,Are0002,Area Antioquia,Are0015,SubArea Antioquia,Solar,No Despachado Centralmente,NEUC,2026-08-03,2026-08-03,SIMEM 0bfc9d + 841808 + 10F2C9,,,,,,,,,,,,,,,,,,,,,True,False,Solo SIMEM
3DQA,AGPE AVOFRUIT,Are0128,Area Suroccidental,Are0022,SubArea CQR,Solar,No Despachado Centralmente,EEPC,2026-08-03,2026-08-03,SIMEM 0bfc9d + 841808 + 10F2C9,,,,,,,,,,,,,,,,,,,,,True,False,Solo SIMEM
3DQC,AGPE CLUB CAMPESTRE,Are0128,Area Suroccidental,Are0022,SubArea CQR,Solar,No Despachado Centralmente,EEPC,2026-08-03,2026-08-03,SIMEM 0bfc9d + 841808 + 10F2C9,,,,,,,,,,,,,,,,,,,,,True,False,Solo SIMEM
3DSO,,,,,,,,,,,,HELIOS I,META,50001.0,VILLAVICENCIO,Oriente,-73.49290681050789,4.09168284448416,16.0,SOLAR,RAD SOLAR,ND,NORMAL,PRUEBAS,EMPRESA DE ENERGIA DE BOYACA S.A. E.S.P.,2022-02-25,2022.0,2026-08-03,0.0,SI,432.0,False,True,Solo UPME
3DST,AGPE PCP,Are0128,Area Suroccidental,Are0022,SubArea CQR,Solar,No Despachado Centralmente,EEPC,2026-08-03,2026-08-03,SIMEM 0bfc9d + 841808 + 10F2C9,,,,,,,,,,,,,,,,,,,,,True,False,Solo SIMEM
3DXJ,LAS VIOLETAS,Are0002,Area Antioquia,Are0015,SubArea Antioquia,Hidraulica,No Despachado Centralmente,PCYG,2026-08-03,2026-08-03,SIMEM 0bfc9d + 841808 + 10F2C9,LAS VIOLETAS,ANTIOQUIA,5670.0,SAN ROQUE,Antioquia,-74.94524773669791,6.466121322594473,0.945,HIDRAULICA,AGUA,ND,NORMAL,OPERACIÓN,P.CH EL COCUYO SAS ESP,2022-03-29,2022.0,2026-08-03,0.5559,SI,70.0,True,True,SIMEM + UPME
3E1W,AGPE RELIANZ GALAPA,Are0127,Area Caribe,Are0016,SubArea Atlantico,Solar,No Despachado Centralmente,ENDC,2026-08-03,2026-08-03,SIMEM 0bfc9d + 841808 + 10F2C9,,,,,,,,,,,,,,,,,,,,,True,False,Solo SIMEM
3E2I,AGPE EL HUECO BELLEZA,Are0012,Area Nordeste,Are0131,SubArea Santander,Solar,No Despachado Centralmente,GNCC,2026-08-03,2026-08-03,SIMEM 0bfc9d + 841808 + 10F2C9,,,,,,,,,,,,,,,,,,,,,True,False,Solo SIMEM
3E5O,AGPE EMPAQUETADURAS DARROW,Are0002,Area Antioquia,Are0015,SubArea Antioquia,Solar,No Despachado Centralmente,GNCC,2026-08-03,2026-08-03,SIMEM 0bfc9d + 841808 + 10F2C9,,,,,,,,,,,,,,,,,,,,,True,False,Solo SIMEM
3E6A,AGPE COLOMBIANA DE PET,Are0002,Area Antioquia,Are0015,SubArea Antioquia,Solar,No Despachado Centralmente,NEUC,2026-08-03,2026-08-03,SIMEM 0bfc9d + 841808 + 10F2C9,,,,,,,,,,,,,,,,,,,,,True,False,Solo SIMEM
3E6C,AGPE AURELIO LLANO,Are0002,Area Antioquia,Are0015,SubArea Antioquia,Solar,No Despachado Centralmente,NEUC,2026-08-03,2026-08-03,SIMEM 0bfc9d + 841808 + 10F2C9,,,,,,,,,,,,,,,,,,,,,True,False,Solo SIMEM
3E7C,,,,,,,,,,,,AUTOG CELSIA SOLAR LEVAPAN,VALLE DEL CAUCA,76834.0,TULUÁ,Pacífico,-76.0325294150837,4.028420260976358,4.99,SOLAR,RAD SOLAR,ND,AUTOGENERADOR,PRUEBAS,CELSIA COLOMBIA S.A. E.S.P.,2022-05-06,2022.0,2026-08-03,0.0,NO,628.0,False,True,Solo UPME
3E8U,AGPE CASA GERMAN ROMERO FRIERI,Are0127,Area Caribe,Are0016,SubArea Atlantico,Solar,No Despachado Centralmente,GNCC,2026-08-03,2026-08-03,SIMEM 0bfc9d + 841808 + 10F2C9,,,,,,,,,,,,,,,,,,,,,True,False,Solo SIMEM
3E8W,AGPE GRANJA SANTA ROSA,Are0012,Area Nordeste,Are0131,SubArea Santander,Solar,No Despachado Centralmente,GNCC,2026-08-03,2026-08-03,SIMEM 0bfc9d + 841808 + 10F2C9,,,,,,,,,,,,,,,,,,,,,True,False,Solo SIMEM
3E98,,,,,,,,,,,,AUTOG COLOMBINA DEL CAUCA,CAUCA,19698.0,SANTANDER DE QUILICHAO,Pacífico,-76.49874409423688,2.9844613545513328,0.3,SOLAR,RAD SOLAR,ND,AUTOGENERADOR,INACTIVO,COMPAÑIA ENERGETICA DE OCCIDENTE S.A.S. ESP,2022-05-29,2022.0,2026-08-03,0.0,NO,229.0,False,True,Solo UPME
3E9G,AGPE ARISOL,Are0128,Area Suroccidental,Are0032,SubArea Valle,Solar,No Despachado Centralmente,EPSC,2026-08-03,2026-08-03,SIMEM 0bfc9d + 841808 + 10F2C9,,,,,,,,,,,,,,,,,,,,,True,False,Solo SIMEM
3E9I,ZEUS,Are0002,Area Antioquia,Are0015,SubArea Antioquia,Hidraulica,No Despachado Centralmente,CHZG,2026-08-03,2026-08-03,SIMEM 0bfc9d + 841808 + 10F2C9,ZEUS,ANTIOQUIA,5237.0,DONMATÍAS,Antioquia,-75.42240661833321,6.492465891956638,9.9,HIDRAULICA,AGUA,ND,NORMAL,OPERACIÓN,CENTRAL HIDROELÉCTRICA ZEUS SAS ESP,2022-05-18,2022.0,2026-08-03,1.4143,SI,23.0,True,True,SIMEM + UPME
3EAO,AGPE AGROINSUMOS,Are0128,Area Suroccidental,Are0032,SubArea Valle,Solar,No Despachado Centralmente,EEPC,2026-08-03,2026-08-03,SIMEM 0bfc9d + 841808 + 10F2C9,,,,,,,,,,,,,,,,,,,,,True,False,Solo SIMEM
3EBN,,,,,,,,,,,,GR PARQUE SOLAR TUCANES,BOLÍVAR,13001.0,CARTAGENA DE INDIAS,Caribe,-75.45921916563543,10.46297167339698,9.9,SOLAR,RAD SOLAR,ND,NORMAL,PRUEBAS,CELSIA COLOMBIA S.A. E.S.P.,2022-05-25,2022.0,2026-08-03,0.0,SI,161.0,False,True,Solo UPME
3ECW,AGPE PANADERIA ZAPATOCA LA 43,Are0127,Area Caribe,Are0016,SubArea Atlantico,Solar,No Despachado Centralmente,GNCC,2026-08-03,2026-08-03,SIMEM 0bfc9d + 841808 + 10F2C9,,,,,,,,,,,,,,,,,,,,,True,False,Solo SIMEM
3ED1,AUTOG GRAN COLOMBIA GOLD,Are0002,Area Antioquia,Are0015,SubArea Antioquia,Hidraulica,No Despachado Centralmente,PRIG,2026-08-03,2026-08-03,SIMEM 0bfc9d + 841808 + 10F2C9,AUTOG GRAN COLOMBIA GOLD,ANTIOQUIA,5604.0,REMEDIOS,Antioquia,-74.55690753921293,6.998128639519031,1.0,HIDRAULICA,AGUA,ND,AUTOGENERADOR,OPERACIÓN,PROELECTRICA S.A.S E.S.P.,2022-05-30,2022.0,2026-08-03,1.9,NO,55.0,True,True,SIMEM + UPME
3EDL,BOSQUES SOLARES DE LOS LLANOS 5,Are0056,Area Oriental,Are0027,SubArea Meta,Solar,No Despachado Centralmente,ISGG,2026-08-03,2026-08-03,SIMEM 0bfc9d + 841808 + 10F2C9,BOSQUES SOLARES DE LOS LLANOS 5,META,50568.0,PUERTO GAITÁN,Oriente,-71.63159652560698,4.004998742624762,17.9,SOLAR,RAD SOLAR,ND,NORMAL,OPERACIÓN,ISAGEN S.A. E.S.P.,2022-09-11,2022.0,2026-08-03,0.001,SI,420.0,True,True,SIMEM + UPME
3EE4,,,,,,,,,,,,PARQUE EOLICO GUAJIRA I,LA GUAJIRA,44847.0,URIBIA,Caribe,-71.74907032235824,11.99977233545204,19.9,EOLICA,VIENTO,ND,NORMAL,PRUEBAS,ISAGEN S.A. E.S.P.,2022-07-04,2022.0,2026-08-03,0.001,SI,398.0,False,True,Solo UPME
3EEE,AGPE MEDICINA NUCLEAR,Are0127,Area Caribe,Are0025,SubArea GCM,Solar,No Despachado Centralmente,EXEC,2026-08-03,2026-08-03,SIMEM 0bfc9d + 841808 + 10F2C9,,,,,,,,,,,,,,,,,,,,,True,False,Solo SIMEM
3EEI,AGPE SIMON GARCIA ORREGO,Are0002,Area Antioquia,Are0015,SubArea Antioquia,Solar,No Despachado Centralmente,NEUC,2026-08-03,2026-08-03,SIMEM 0bfc9d + 841808 + 10F2C9,,,,,,,,,,,,,,,,,,,,,True,False,Solo SIMEM
3EFT,AGPE AUTOSERVICIO MANA,Are0128,Area Suroccidental,Are0022,SubArea CQR,Solar,No Despachado Centralmente,GNCC,2026-08-03,2026-08-03,SIMEM 0bfc9d + 841808 + 10F2C9,,,,,,,,,,,,,,,,,,,,,True,False,Solo SIMEM
3EFW,AGPE PLANTA BUGA,Are0128,Area Suroccidental,Are0032,SubArea Valle,Solar,No Despachado Centralmente,TPLC,2026-08-03,2026-08-03,SIMEM 0bfc9d + 841808 + 10F2C9,,,,,,,,,,,,,,,,,,,,,True,False,Solo SIMEM
3EFY,BOSQUES SOLARES DE LOS LLANOS 4,Are0056,Area Oriental,Are0027,SubArea Meta,Solar,No Despachado Centralmente,ISGG,2026-08-03,2026-08-03,SIMEM 0bfc9d + 841808 + 10F2C9,BOSQUES SOLARES DE LOS LLANOS 4,META,50568.0,PUERTO GAITÁN,Oriente,-71.63159652560698,4.004998742624762,19.9,SOLAR,RAD SOLAR,ND,NORMAL,OPERACIÓN,ISAGEN S.A. E.S.P.,2022-09-11,2022.0,2026-08-03,0.0,SI,419.0,True,True,SIMEM + UPME
3EG2,AGPE MARTINPLAST,Are0056,Area Oriental,Are0017,SubArea Bogota,Solar,No Despachado Centralmente,ETTC,2026-08-03,2026-08-03,SIMEM 0bfc9d + 841808 + 10F2C9,,,,,,,,,,,,,,,,,,,,,True,False,Solo SIMEM
3EGG,AGPE ALFREDO MARTINEZ,Are0128,Area Suroccidental,Are0032,SubArea Valle,Solar,No Despachado Centralmente,EPSC,2026-08-03,2026-08-03,SIMEM 0bfc9d + 841808 + 10F2C9,,,,,,,,,,,,,,,,,,,,,True,False,Solo SIMEM
3EGI,AGPE ADIELA PALMA DE CADAVID,Are0128,Area Suroccidental,Are0032,SubArea Valle,Solar,No Despachado Centralmente,EPSC,2026-08-03,2026-08-03,SIMEM 0bfc9d + 841808 + 10F2C9,,,,,,,,,,,,,,,,,,,,,True,False,Solo SIMEM
3EGK,AGPE CLINICA CLINALTEC,Are0128,Area Suroccidental,Are0031,SubArea Huila-Tolima,Solar,No Despachado Centralmente,EPSC,2026-08-03,2026-08-03,SIMEM 0bfc9d + 841808 + 10F2C9,,,,,,,,,,,,,,,,,,,,,True,False,Solo SIMEM
3EGM,AGPE GRAN AMERICAS FONTIBON 1,Are0056,Area Oriental,Are0017,SubArea Bogota,Solar,No Despachado Centralmente,EPSC,2026-08-03,2026-08-03,SIMEM 0bfc9d + 841808 + 10F2C9,,,,,,,,,,,,,,,,,,,,,True,False,Solo SIMEM
3EGO,AGPE INVESA,Are0002,Area Antioquia,Are0015,SubArea Antioquia,Solar,No Despachado Centralmente,EPSC,2026-08-03,2026-08-03,SIMEM 0bfc9d + 841808 + 10F2C9,,,,,,,,,,,,,,,,,,,,,True,False,Solo SIMEM
3EGQ,AGPE NACIONAL AVICOLA,Are0128,Area Suroccidental,Are0032,SubArea Valle,Solar,No Despachado Centralmente,EPSC,2026-08-03,2026-08-03,SIMEM 0bfc9d + 841808 + 10F2C9,,,,,,,,,,,,,,,,,,,,,True,False,Solo SIMEM
3EGS,AGPE SURTIPLAZA,Are0128,Area Suroccidental,Are0031,SubArea Huila-Tolima,Solar,No Despachado Centralmente,EPSC,2026-08-03,2026-08-03,SIMEM 0bfc9d + 841808 + 10F2C9,,,,,,,,,,,,,,,,,,,,,True,False,Solo SIMEM
3EGU,AGPE EL HUECO PAPELERIA,Are0012,Area Nordeste,Are0131,SubArea Santander,Solar,No Despachado Centralmente,GNCC,2026-08-03,2026-08-03,SIMEM 0bfc9d + 841808 + 10F2C9,,,,,,,,,,,,,,,,,,,,,True,False,Solo SIMEM
3EGW,AGPE EL REFLEJO,Are0128,Area Suroccidental,Are0032,SubArea Valle,Solar,No Despachado Centralmente,EPSC,2026-08-03,2026-08-03,SIMEM 0bfc9d + 841808 + 10F2C9,,,,,,,,,,,,,,,,,,,,,True,False,Solo SIMEM
3EHZ,AGPE RESTAURANTE ORO NEGRO,Are0012,Area Nordeste,Are0131,SubArea Santander,Solar,No Despachado Centralmente,GNCC,2026-08-03,2026-08-03,SIMEM 0bfc9d + 841808 + 10F2C9,,,,,,,,,,,,,,,,,,,,,True,False,Solo SIMEM
3EJI,AGPE CALARCA 2,Are0127,Area Caribe,Are0021,SubArea Cordoba_Sucre,Solar,No Despachado Centralmente,GNCC,2026-08-03,2026-08-03,SIMEM 0bfc9d + 841808 + 10F2C9,,,,,,,,,,,,,,,,,,,,,True,False,Solo SIMEM
3EJK,AGPE CALARCA 1,Are0127,Area Caribe,Are0021,SubArea Cordoba_Sucre,Solar,No Despachado Centralmente,GNCC,2026-08-03,2026-08-03,SIMEM 0bfc9d + 841808 + 10F2C9,,,,,,,,,,,,,,,,,,,,,True,False,Solo SIMEM
3EJM,AGPE RETYPACK SAS,Are0127,Area Caribe,Are0016,SubArea Atlantico,Solar,No Despachado Centralmente,GNCC,2026-08-03,2026-08-03,SIMEM 0bfc9d + 841808 + 10F2C9,,,,,,,,,,,,,,,,,,,,,True,False,Solo SIMEM
3EJO,AGPE SANTIAGO CASTAÑO,Are0002,Area Antioquia,Are0015,SubArea Antioquia,Solar,No Despachado Centralmente,NEUC,2026-08-03,2026-08-03,SIMEM 0bfc9d + 841808 + 10F2C9,,,,,,,,,,,,,,,,,,,,,True,False,Solo SIMEM
3EL3,AGPE LABORATORIOS EDO,Are0128,Area Suroccidental,Are0032,SubArea Valle,Solar,No Despachado Centralmente,GNCC,2026-08-03,2026-08-03,SIMEM 0bfc9d + 841808 + 10F2C9,,,,,,,,,,,,,,,,,,,,,True,False,Solo SIMEM
3EL5,AGPE HUGO RESTREPO,Are0128,Area Suroccidental,Are0032,SubArea Valle,Solar,No Despachado Centralmente,GNCC,2026-08-03,2026-08-03,SIMEM 0bfc9d + 841808 + 10F2C9,,,,,,,,,,,,,,,,,,,,,True,False,Solo SIMEM
3EL7,AGPE RED WM IMPRESORES,Are0128,Area Suroccidental,Are0032,SubArea Valle,Solar,No Despachado Centralmente,BIAC,2026-08-03,2026-08-03,SIMEM 0bfc9d + 841808 + 10F2C9,,,,,,,,,,,,,,,,,,,,,True,False,Solo SIMEM
3EL9,AGPE HOYOSTOOLS,Are0128,Area Suroccidental,Are0032,SubArea Valle,Solar,No Despachado Centralmente,QIEC,2026-08-03,2026-08-03,SIMEM 0bfc9d + 841808 + 10F2C9,,,,,,,,,,,,,,,,,,,,,True,False,Solo SIMEM
3EM4,AGPE IMPORINOX,Are0128,Area Suroccidental,Are0032,SubArea Valle,Solar,No Despachado Centralmente,EPSC,2026-08-03,2026-08-03,SIMEM 0bfc9d + 841808 + 10F2C9,,,,,,,,,,,,,,,,,,,,,True,False,Solo SIMEM
3EM6,AGPE LAVANDERIA BURBUJAS,Are0012,Area Nordeste,Are0029,SubArea Norte de Santander,Solar,No Despachado Centralmente,GNCC,2026-08-03,2026-08-03,SIMEM 0bfc9d + 841808 + 10F2C9,,,,,,,,,,,,,,,,,,,,,True,False,Solo SIMEM
3EM8,AGPE MOLDES Y MECANIZADOS,Are0012,Area Nordeste,Are0029,SubArea Norte de Santander,Solar,No Despachado Centralmente,GNCC,2026-08-03,2026-08-03,SIMEM 0bfc9d + 841808 + 10F2C9,,,,,,,,,,,,,,,,,,,,,True,False,Solo SIMEM
3ENA,TESORITO,Are0127,Area Caribe,Are0021,SubArea Cordoba_Sucre,Termica,Despachado Centralmente,EPSG,2026-08-03,2026-08-03,SIMEM 0bfc9d + 841808 + 10F2C9,TESORITO,CÓRDOBA,23660.0,SAHAGÚN,Caribe,-75.42925783426087,8.798980558495005,200.0,TERMICA,GAS,DC,NORMAL,OPERACIÓN,CELSIA COLOMBIA S.A. E.S.P.,2022-09-13,2022.0,2026-08-03,7.5166,NO,313.0,True,True,SIMEM + UPME
3ENC,AGPE COLORPLASTIC,Are0056,Area Oriental,Are0017,SubArea Bogota,Solar,No Despachado Centralmente,BIAC,2026-08-03,2026-08-03,SIMEM 0bfc9d + 841808 + 10F2C9,,,,,,,,,,,,,,,,,,,,,True,False,Solo SIMEM
3ENE,,,,,,,,,,,,SINCE,SUCRE,70001.0,SINCELEJO,Caribe,-75.43174526592671,9.316711621756449,18.5,SOLAR,RAD SOLAR,ND,NORMAL,PRUEBAS,CELSIA COLOMBIA S.A. E.S.P.,2022-07-29,2022.0,2026-08-03,0.0,SI,533.0,False,True,Solo UPME
3EO1,AGPE FRIOGAN 1,Are0012,Area Nordeste,Are0029,SubArea Norte de Santander,Solar,No Despachado Centralmente,DLRC,2026-08-03,2026-08-03,SIMEM 0bfc9d + 841808 + 10F2C9,,,,,,,,,,,,,,,,,,,,,True,False,Solo SIMEM
3EO3,AGPE FRIOGAN 2,Are0012,Area Nordeste,Are0029,SubArea Norte de Santander,Solar,No Despachado Centralmente,DLRC,2026-08-03,2026-08-03,SIMEM 0bfc9d + 841808 + 10F2C9,,,,,,,,,,,,,,,,,,,,,True,False,Solo SIMEM
3EO5,AGPE CASA GABRIEL ROSALES,Are0127,Area Caribe,Are0016,SubArea Atlantico,Solar,No Despachado Centralmente,GNCC,2026-08-03,2026-08-03,SIMEM 0bfc9d + 841808 + 10F2C9,,,,,,,,,,,,,,,,,,,,,True,False,Solo SIMEM
3EO7,AGPE AVICOLA LA ESPERANZA,Are0128,Area Suroccidental,Are0032,SubArea Valle,Solar,No Despachado Centralmente,GNCC,2026-08-03,2026-08-03,SIMEM 0bfc9d + 841808 + 10F2C9,,,,,,,,,,,,,,,,,,,,,True,False,Solo SIMEM
3EP6,,,,,,,,,,,,AUTOG CELSIA SOLAR HARINAS,VALLE DEL CAUCA,76834.0,TULUÁ,Pacífico,-76.0325294150837,4.028420260976358,2.45,SOLAR,RAD SOLAR,ND,AUTOGENERADOR,PRUEBAS,CELSIA COLOMBIA S.A. E.S.P.,2022-08-14,2022.0,2026-08-03,0.0,NO,627.0,False,True,Solo UPME
3EPJ,AGPE DINISSAN,Are0128,Area Suroccidental,Are0032,SubArea Valle,Solar,No Despachado Centralmente,GNCC,2026-08-03,2026-08-03,SIMEM 0bfc9d + 841808 + 10F2C9,,,,,,,,,,,,,,,,,,,,,True,False,Solo SIMEM
3EPL,AGPE CAMPOALEGRE,Are0012,Area Nordeste,Are0131,SubArea Santander,Solar,No Despachado Centralmente,RTQC,2026-08-03,2026-08-03,SIMEM 0bfc9d + 841808 + 10F2C9,,,,,,,,,,,,,,,,,,,,,True,False,Solo SIMEM
3EPN,AGPE JAIME QUINTERO,Are0127,Area Caribe,Are0021,SubArea Cordoba_Sucre,Solar,No Despachado Centralmente,ETTC,2026-08-03,2026-08-03,SIMEM 0bfc9d + 841808 + 10F2C9,,,,,,,,,,,,,,,,,,,,,True,False,Solo SIMEM
3ESO,AGPE EXPOFUTURO,Are0128,Area Suroccidental,Are0022,SubArea CQR,Solar,No Despachado Centralmente,EEPC,2026-08-03,2026-08-03,SIMEM 0bfc9d + 841808 + 10F2C9,,,,,,,,,,,,,,,,,,,,,True,False,Solo SIMEM
3EV1,,,,,,,,,,,,LOS CABALLEROS,TOLIMA,73055.0,ARMERO,Centro,-74.8475058492297,5.006757303411625,9.9,SOLAR,RAD SOLAR,ND,NORMAL,PRUEBAS,CELSIA COLOMBIA S.A. E.S.P.,2022-08-26,2022.0,2026-08-03,0.0,SI,550.0,False,True,Solo UPME
3EV3,,,,,,,,,,,,LA MEDINA,TOLIMA,73443.0,SAN SEBASTIÁN DE MARIQUITA,Centro,-74.90668376099688,5.235322286717191,9.9,SOLAR,RAD SOLAR,ND,NORMAL,PRUEBAS,CELSIA COLOMBIA S.A. E.S.P.,2022-08-26,2022.0,2026-08-03,0.0,SI,553.0,False,True,Solo UPME
3EX9,AGPE FRIGORINUS,Are0002,Area Antioquia,Are0015,SubArea Antioquia,Solar,No Despachado Centralmente,NEUC,2026-08-03,2026-08-03,SIMEM 0bfc9d + 841808 + 10F2C9,,,,,,,,,,,,,,,,,,,,,True,False,Solo SIMEM
3EXB,,,,,,,,,,,,CERRITOS,TOLIMA,73443.0,SAN SEBASTIÁN DE MARIQUITA,Centro,-74.90668376099688,5.235322286717191,9.9,SOLAR,RAD SOLAR,ND,NORMAL,PRUEBAS,CELSIA COLOMBIA S.A. E.S.P.,2022-09-02,2022.0,2026-08-03,0.0,SI,554.0,False,True,Solo UPME
3EXH,,,,,,,,,,,,PARQUE EOLICO WESP01,LA GUAJIRA,44847.0,URIBIA,Caribe,-71.74907032235824,11.99977233545204,12.0,EOLICA,VIENTO,ND,NORMAL,PRUEBAS,ISAGEN S.A. E.S.P.,2022-11-27,2022.0,2026-08-03,0.001,SI,399.0,False,True,Solo UPME
3F2P,AGPE PETROCASINOS,Are0012,Area Nordeste,Are0131,SubArea Santander,Solar,No Despachado Centralmente,RTQC,2026-08-03,2026-08-03,SIMEM 0bfc9d + 841808 + 10F2C9,,,,,,,,,,,,,,,,,,,,,True,False,Solo SIMEM
3F3A,AGPE VITALBAQ,Are0127,Area Caribe,Are0016,SubArea Atlantico,Solar,No Despachado Centralmente,GNCC,2026-08-03,2026-08-03,SIMEM 0bfc9d + 841808 + 10F2C9,,,,,,,,,,,,,,,,,,,,,True,False,Solo SIMEM
3F3C,AGPE INDUNILO,Are0012,Area Nordeste,Are0131,SubArea Santander,Solar,No Despachado Centralmente,RTQC,2026-08-03,2026-08-03,SIMEM 0bfc9d + 841808 + 10F2C9,,,,,,,,,,,,,,,,,,,,,True,False,Solo SIMEM
3F4K,AGPE SERVIPAN,Are0127,Area Caribe,Are0025,SubArea GCM,Solar,No Despachado Centralmente,NEUC,2026-08-03,2026-08-03,SIMEM 0bfc9d + 841808 + 10F2C9,,,,,,,,,,,,,,,,,,,,,True,False,Solo SIMEM
3F4M,AGPE GIMNASIO LA COLINA,Are0128,Area Suroccidental,Are0032,SubArea Valle,Solar,No Despachado Centralmente,ETTC,2026-08-03,2026-08-03,SIMEM 0bfc9d + 841808 + 10F2C9,,,,,,,,,,,,,,,,,,,,,True,False,Solo SIMEM
3F5L,,,,,,,,,,,,AUTOG CI JEANS,ANTIOQUIA,5380.0,LA ESTRELLA,Antioquia,-75.64886458793937,6.137607876575888,1.392,SOLAR,RAD SOLAR,ND,AUTOGENERADOR,PRUEBAS,ERCO GENERACION S.A.S. ESP,2023-08-23,2023.0,2026-08-03,0.0,NO,40.0,False,True,Solo UPME
3F5N,,,,,,,,,,,,AUTOG PINTUCO,ANTIOQUIA,5615.0,RIONEGRO,Antioquia,-75.41076171261174,6.150795092971707,1.406,SOLAR,RAD SOLAR,ND,AUTOGENERADOR,PRUEBAS,ERCO GENERACION S.A.S. ESP,2023-08-22,2023.0,2026-08-03,0.0,NO,57.0,False,True,Solo UPME
3F7M,AGPE CHAMORRO PORTILLA MISTER POLLO IPIALES,Are0128,Area Suroccidental,Are0019,SubArea Cauca-Narino,Solar,No Despachado Centralmente,ASCC,2026-08-03,2026-08-03,SIMEM 0bfc9d + 841808 + 10F2C9,,,,,,,,,,,,,,,,,,,,,True,False,Solo SIMEM
3F81,AGPE COLOMBO BRITANICO,Are0002,Area Antioquia,Are0015,SubArea Antioquia,Solar,No Despachado Centralmente,NEUC,2026-08-03,2026-08-03,SIMEM 0bfc9d + 841808 + 10F2C9,,,,,,,,,,,,,,,,,,,,,True,False,Solo SIMEM
3F83,AGPE SARY SAS JAIRO P,Are0002,Area Antioquia,Are0015,SubArea Antioquia,Solar,No Despachado Centralmente,EPMC,2026-08-03,2026-08-03,SIMEM 0bfc9d + 841808 + 10F2C9,,,,,,,,,,,,,,,,,,,,,True,False,Solo SIMEM
3F8W,AGPE GUIRNALDAS INNOVAFLORA,Are0056,Area Oriental,Are0017,SubArea Bogota,Solar,No Despachado Centralmente,EPSC,2026-08-03,2026-08-03,SIMEM 0bfc9d + 841808 + 10F2C9,,,,,,,,,,,,,,,,,,,,,True,False,Solo SIMEM
3F9S,AGPE ELECTROFACIL LORICA,Are0127,Area Caribe,Are0021,SubArea Cordoba_Sucre,Solar,No Despachado Centralmente,GNCC,2026-08-03,2026-08-03,SIMEM 0bfc9d + 841808 + 10F2C9,,,,,,,,,,,,,,,,,,,,,True,False,Solo SIMEM
3F9U,AGPE HOSPICLEAN,Are0128,Area Suroccidental,Are0022,SubArea CQR,Solar,No Despachado Centralmente,EEPC,2026-08-03,2026-08-03,SIMEM 0bfc9d + 841808 + 10F2C9,,,,,,,,,,,,,,,,,,,,,True,False,Solo SIMEM
3FC7,AGPE GRANJA SARATANO,Are0128,Area Suroccidental,Are0032,SubArea Valle,Solar,No Despachado Centralmente,GNCC,2026-08-03,2026-08-03,SIMEM 0bfc9d + 841808 + 10F2C9,,,,,,,,,,,,,,,,,,,,,True,False,Solo SIMEM
3FC9,AGPE SOL Y CIELO SAS,Are0127,Area Caribe,Are0021,SubArea Cordoba_Sucre,Solar,No Despachado Centralmente,SCEC,2026-08-03,2026-08-03,SIMEM 0bfc9d + 841808 + 10F2C9,,,,,,,,,,,,,,,,,,,,,True,False,Solo SIMEM
3FCB,AGPE PLASTICOS CALIBRADOS,Are0128,Area Suroccidental,Are0032,SubArea Valle,Solar,No Despachado Centralmente,GNCC,2026-08-03,2026-08-03,SIMEM 0bfc9d + 841808 + 10F2C9,,,,,,,,,,,,,,,,,,,,,True,False,Solo SIMEM
3FCD,,,,,,,,,,,,AUTOG CELSIA SOLAR PALMIRA 3,VALLE DEL CAUCA,76520.0,PALMIRA,Pacífico,-76.22786086762281,3.558395439731676,4.99,SOLAR,RAD SOLAR,ND,AUTOGENERADOR,PRUEBAS,CELSIA COLOMBIA S.A. E.S.P.,2022-12-01,2022.0,2026-08-03,0.0,NO,619.0,False,True,Solo UPME
3FCF,,,,,,,,,,,,GRANJA SOLAR LANCEROS,TOLIMA,73449.0,MELGAR,Centro,-74.60506028705396,4.193252100907122,9.1,SOLAR,RAD SOLAR,ND,NORMAL,PRUEBAS,CELSIA COLOMBIA S.A. E.S.P.,2022-12-27,2022.0,2026-08-03,0.0,SI,556.0,False,True,Solo UPME
3FD8,AGPE COOMPRORIENTE,Are0012,Area Nordeste,Are0130,SubArea Boyaca-Casanare,Solar,No Despachado Centralmente,QIEC,2026-08-03,2026-08-03,SIMEM 0bfc9d + 841808 + 10F2C9,,,,,,,,,,,,,,,,,,,,,True,False,Solo SIMEM
3FDA,AGPE ANDINA DE SEGURIDAD DEL VALLE LTDA,Are0128,Area Suroccidental,Are0032,SubArea Valle,Solar,No Despachado Centralmente,GNCC,2026-08-03,2026-08-03,SIMEM 0bfc9d + 841808 + 10F2C9,,,,,,,,,,,,,,,,,,,,,True,False,Solo SIMEM
3FDH,AGPE DEPOSITO YONATAN GONZALES,Are0128,Area Suroccidental,Are0031,SubArea Huila-Tolima,Solar,No Despachado Centralmente,BIAC,2026-08-03,2026-08-03,SIMEM 0bfc9d + 841808 + 10F2C9,,,,,,,,,,,,,,,,,,,,,True,False,Solo SIMEM
3FEI,AGPE CASA 43 ALFEREZ REAL III,Are0128,Area Suroccidental,Are0032,SubArea Valle,Solar,No Despachado Centralmente,QIEC,2026-08-03,2026-08-03,SIMEM 0bfc9d + 841808 + 10F2C9,,,,,,,,,,,,,,,,,,,,,True,False,Solo SIMEM
3FEK,AGPE PALERMO,Are0127,Area Caribe,Are0025,SubArea GCM,Solar,No Despachado Centralmente,TPLC,2026-08-03,2026-08-03,SIMEM 0bfc9d + 841808 + 10F2C9,,,,,,,,,,,,,,,,,,,,,True,False,Solo SIMEM
3GFD,AGPE RAPIASEO,Are0128,Area Suroccidental,Are0032,SubArea Valle,Solar,No Despachado Centralmente,ENBC,2026-08-03,2026-08-03,SIMEM 0bfc9d + 841808 + 10F2C9,,,,,,,,,,,,,,,,,,,,,True,False,Solo SIMEM
3GFI,AGPE HERMECO,Are0056,Area Oriental,Are0017,SubArea Bogota,Solar,No Despachado Centralmente,ETTC,2026-08-03,2026-08-03,SIMEM 0bfc9d + 841808 + 10F2C9,,,,,,,,,,,,,,,,,,,,,True,False,Solo SIMEM
3GFK,AGPE JAVIER HOYOS RESTREPO,Are0127,Area Caribe,Are0021,SubArea Cordoba_Sucre,Solar,No Despachado Centralmente,SCEC,2026-08-03,2026-08-03,SIMEM 0bfc9d + 841808 + 10F2C9,,,,,,,,,,,,,,,,,,,,,True,False,Solo SIMEM
3GFM,AGPE JORGE EUSSE RESTREPO,Are0127,Area Caribe,Are0021,SubArea Cordoba_Sucre,Solar,No Despachado Centralmente,SCEC,2026-08-03,2026-08-03,SIMEM 0bfc9d + 841808 + 10F2C9,,,,,,,,,,,,,,,,,,,,,True,False,Solo SIMEM
3GFO,AGPE DONA MANUELA,Are0127,Area Caribe,Are0018,SubArea Bolivar,Solar,No Despachado Centralmente,TPLC,2026-08-03,2026-08-03,SIMEM 0bfc9d + 841808 + 10F2C9,,,,,,,,,,,,,,,,,,,,,True,False,Solo SIMEM
3GFQ,AGPE FERCH2,Are0012,Area Nordeste,Are0131,SubArea Santander,Solar,No Despachado Centralmente,RTQG,2026-08-03,2026-08-03,SIMEM 0bfc9d + 841808 + 10F2C9,,,,,,,,,,,,,,,,,,,,,True,False,Solo SIMEM
3GHQ,AGPE MUGDEN,Are0127,Area Caribe,Are0021,SubArea Cordoba_Sucre,Solar,No Despachado Centralmente,ETTC,2026-08-03,2026-08-03,SIMEM 0bfc9d + 841808 + 10F2C9,,,,,,,,,,,,,,,,,,,,,True,False,Solo SIMEM
3GI4,AGPE HIDROMANA SEDE 1,Are0127,Area Caribe,Are0016,SubArea Atlantico,Solar,No Despachado Centralmente,GNCC,2026-08-03,2026-08-03,SIMEM 0bfc9d + 841808 + 10F2C9,,,,,,,,,,,,,,,,,,,,,True,False,Solo SIMEM
3GI6,GRANJA SOLAR EL SALADO,Are0128,Area Suroccidental,Are0032,SubArea Valle,Solar,No Despachado Centralmente,FERG,2026-08-03,2026-08-03,SIMEM 0bfc9d + 841808 + 10F2C9,GRANJA SOLAR EL SALADO,VALLE DEL CAUCA,76233.0,DAGUA,Pacífico,-76.72041623651931,3.649859226043605,0.0998,SOLAR,RAD SOLAR,ND,NORMAL,OPERACIÓN,FUENTES DE ENERGIAS RENOVABLES S.A.S. E.S.P.,2023-06-16,2023.0,2026-08-03,0.0,SI,611.0,True,True,SIMEM + UPME
3GI8,AGPE SECAR INGENIEROS SA,Are0128,Area Suroccidental,Are0032,SubArea Valle,Solar,No Despachado Centralmente,ENBC,2026-08-03,2026-08-03,SIMEM 0bfc9d + 841808 + 10F2C9,,,,,,,,,,,,,,,,,,,,,True,False,Solo SIMEM
3GJQ,,,,,,,,,,,,TERMOTASAJERO DOS SOLAR,NORTE DE SANTANDER,54673.0,SAN CAYETANO,Oriente,-72.6098482097734,7.847790343843861,4.0,SOLAR,RAD SOLAR,ND,NORMAL,PRUEBAS,TERMOTASAJERO DOS S.A. E.S.P. ,2022-12-13,2022.0,2026-08-03,0.0,SI,454.0,False,True,Solo UPME
3GJS,AGPE SOLUCIONES ADHESIVAS LG,Are0002,Area Antioquia,Are0015,SubArea Antioquia,Solar,No Despachado Centralmente,NEUC,2026-08-03,2026-08-03,SIMEM 0bfc9d + 841808 + 10F2C9,,,,,,,,,,,,,,,,,,,,,True,False,Solo SIMEM
3GJU,AUTOG INGENIO CARMELITA,Are0128,Area Suroccidental,Are0032,SubArea Valle,Termica,No Despachado Centralmente,DEPG,2026-08-03,2026-08-03,SIMEM 0bfc9d + 841808 + 10F2C9,AUTOG INGENIO CARMELITA,VALLE DEL CAUCA,76616.0,RIOFRÍO,Pacífico,-76.37106671386327,4.10949608241408,4.99,TERMICA,BAGAZO,ND,AUTOGENERADOR,OPERACIÓN,DEPI ENERGY S.A.S. E.S.P.,2022-12-29,2022.0,2026-08-03,16.15,NO,624.0,True,True,SIMEM + UPME
3GPX,AGPE VAQUITA MELOSA,Are0128,Area Suroccidental,Are0032,SubArea Valle,Solar,No Despachado Centralmente,NEUC,2026-08-03,2026-08-03,SIMEM 0bfc9d + 841808 + 10F2C9,,,,,,,,,,,,,,,,,,,,,True,False,Solo SIMEM
3GPZ,,,,,,,,,,,,MONTELIBANO,CÓRDOBA,23466.0,MONTELÍBANO,Caribe,-75.87788968351155,7.864362756460517,9.9,SOLAR,RAD SOLAR,ND,NORMAL,PRUEBAS,CELSIA COLOMBIA S.A. E.S.P.,2022-12-12,2022.0,2026-08-03,0.0,SI,329.0,False,True,Solo UPME
3GRD,,,,,,,,,,,,GRANJA SOLAR SAN FELIPE,TOLIMA,73055.0,ARMERO,Centro,-74.8475058492297,5.006757303411625,9.1,SOLAR,RAD SOLAR,ND,NORMAL,PRUEBAS,CELSIA COLOMBIA S.A. E.S.P.,2022-12-20,2022.0,2026-08-03,0.0,SI,551.0,False,True,Solo UPME
3GSF,,,,,,,,,,,,AUTOG BUGA I GRASAS,VALLE DEL CAUCA,76113.0,BUGALAGRANDE,Pacífico,-76.08961535632501,4.196858156352319,4.0,SOLAR,RAD SOLAR,ND,AUTOGENERADOR,PRUEBAS,CELSIA COLOMBIA S.A. E.S.P.,2023-01-24,2023.0,2026-08-03,0.0,NO,601.0,False,True,Solo UPME
3GTQ,AGPE IMPOCALI BODEGAS,Are0128,Area Suroccidental,Are0032,SubArea Valle,Solar,No Despachado Centralmente,DLRC,2026-08-03,2026-08-03,SIMEM 0bfc9d + 841808 + 10F2C9,,,,,,,,,,,,,,,,,,,,,True,False,Solo SIMEM
3GTS,AGPE GASCOL SA PUNTO GAS CALLE 17,Are0127,Area Caribe,Are0016,SubArea Atlantico,Solar,No Despachado Centralmente,NEUC,2026-08-03,2026-08-03,SIMEM 0bfc9d + 841808 + 10F2C9,,,,,,,,,,,,,,,,,,,,,True,False,Solo SIMEM
3GTU,AGPE LA UNION ESTACION DE SERVICIO TERPEL,Are0127,Area Caribe,Are0016,SubArea Atlantico,Solar,No Despachado Centralmente,NEUC,2026-08-03,2026-08-03,SIMEM 0bfc9d + 841808 + 10F2C9,,,,,,,,,,,,,,,,,,,,,True,False,Solo SIMEM
3GUT,AGPE GRUPO ALIMENTICIO ALBA DEL FONCE,Are0012,Area Nordeste,Are0131,SubArea Santander,Solar,No Despachado Centralmente,RTQC,2026-08-03,2026-08-03,SIMEM 0bfc9d + 841808 + 10F2C9,,,,,,,,,,,,,,,,,,,,,True,False,Solo SIMEM
3GVE,AGPE SERVIGRAFIC,Are0128,Area Suroccidental,Are0032,SubArea Valle,Solar,No Despachado Centralmente,GNCC,2026-08-03,2026-08-03,SIMEM 0bfc9d + 841808 + 10F2C9,,,,,,,,,,,,,,,,,,,,,True,False,Solo SIMEM
3GVG,AGPE IMPOCALI OFICINAS,Are0128,Area Suroccidental,Are0032,SubArea Valle,Solar,No Despachado Centralmente,DLRC,2026-08-03,2026-08-03,SIMEM 0bfc9d + 841808 + 10F2C9,,,,,,,,,,,,,,,,,,,,,True,False,Solo SIMEM
3GVI,,,,,,,,,,,,GRANJA SOLAR FLANDES,TOLIMA,73275.0,FLANDES,Centro,-74.83708756165326,4.2428130314540144,19.9,SOLAR,RAD SOLAR,ND,NORMAL,PRUEBAS,CELSIA COLOMBIA S.A. E.S.P.,2023-02-20,2023.0,2026-08-03,0.0,SI,561.0,False,True,Solo UPME
3GVK,,,,,,,,,,,,CELSIA SOLAR DULIMA,TOLIMA,73275.0,FLANDES,Centro,-74.83708756165326,4.2428130314540144,19.9,SOLAR,RAD SOLAR,ND,NORMAL,PRUEBAS,CELSIA COLOMBIA S.A. E.S.P.,2023-02-06,2023.0,2026-08-03,0.0,SI,562.0,False,True,Solo UPME
3GVM,,,,,,,,,,,,CELSIA SOLAR YUMA,TOLIMA,73275.0,FLANDES,Centro,-74.83708756165326,4.2428130314540144,9.1,SOLAR,RAD SOLAR,ND,NORMAL,PRUEBAS,CELSIA COLOMBIA S.A. E.S.P.,2023-02-04,2023.0,2026-08-03,0.0,SI,563.0,False,True,Solo UPME
3GWG,AGPE SUAZAPAWA,Are0012,Area Nordeste,Are0130,SubArea Boyaca-Casanare,Solar,No Despachado Centralmente,QIEC,2026-08-03,2026-08-03,SIMEM 0bfc9d + 841808 + 10F2C9,,,,,,,,,,,,,,,,,,,,,True,False,Solo SIMEM
3GX5,AGPE ORGANIZACION LA MERCED,Are0128,Area Suroccidental,Are0019,SubArea Cauca-Narino,Solar,No Despachado Centralmente,ASCC,2026-08-03,2026-08-03,SIMEM 0bfc9d + 841808 + 10F2C9,,,,,,,,,,,,,,,,,,,,,True,False,Solo SIMEM
3GX7,AGPE CASA JAVIER MERINO,Are0127,Area Caribe,Are0016,SubArea Atlantico,Solar,No Despachado Centralmente,GNCC,2026-08-03,2026-08-03,SIMEM 0bfc9d + 841808 + 10F2C9,,,,,,,,,,,,,,,,,,,,,True,False,Solo SIMEM
3GZQ,AGPE ORION,Are0127,Area Caribe,Are0016,SubArea Atlantico,Solar,No Despachado Centralmente,GNCC,2026-08-03,2026-08-03,SIMEM 0bfc9d + 841808 + 10F2C9,,,,,,,,,,,,,,,,,,,,,True,False,Solo SIMEM
3GZS,AGPE RINO MATERIALES,Are0127,Area Caribe,Are0025,SubArea GCM,Solar,No Despachado Centralmente,GNCC,2026-08-03,2026-08-03,SIMEM 0bfc9d + 841808 + 10F2C9,,,,,,,,,,,,,,,,,,,,,True,False,Solo SIMEM
3GZU,AGPE GRANJA EL RHIN,Are0128,Area Suroccidental,Are0032,SubArea Valle,Solar,No Despachado Centralmente,GNCC,2026-08-03,2026-08-03,SIMEM 0bfc9d + 841808 + 10F2C9,,,,,,,,,,,,,,,,,,,,,True,False,Solo SIMEM
3H2A,AGPE GRUPO DECOR,Are0128,Area Suroccidental,Are0032,SubArea Valle,Solar,No Despachado Centralmente,NEUC,2026-08-03,2026-08-03,SIMEM 0bfc9d + 841808 + 10F2C9,,,,,,,,,,,,,,,,,,,,,True,False,Solo SIMEM
3H2I,AGPE BURO,Are0002,Area Antioquia,Are0015,SubArea Antioquia,Solar,No Despachado Centralmente,ETTC,2026-08-03,2026-08-03,SIMEM 0bfc9d + 841808 + 10F2C9,,,,,,,,,,,,,,,,,,,,,True,False,Solo SIMEM
3H2U,,,,,,,,,,,,TZ II,ANTIOQUIA,5790.0,TARAZÁ,Antioquia,-75.40187384557682,7.488882842814227,10.5,HIDRAULICA,AGUA,ND,NORMAL,PRUEBAS,CENTRAL HIDROELÉCTRICA TZ II S.A.S. E.S.P.,2024-04-20,2024.0,2026-08-03,0.7,SI,81.0,False,True,Solo UPME
3H2W,AGPE AUTO ROBLE LTDA,Are0127,Area Caribe,Are0021,SubArea Cordoba_Sucre,Solar,No Despachado Centralmente,SCEC,2026-08-03,2026-08-03,SIMEM 0bfc9d + 841808 + 10F2C9,,,,,,,,,,,,,,,,,,,,,True,False,Solo SIMEM
3H31,AGPE HYR DISTRIBUCIONES,Are0002,Area Antioquia,Are0015,SubArea Antioquia,Solar,No Despachado Centralmente,NEUC,2026-08-03,2026-08-03,SIMEM 0bfc9d + 841808 + 10F2C9,,,,,,,,,,,,,,,,,,,,,True,False,Solo SIMEM
3H5W,AGPE INVERSIONES SAN GABRIEL SAS,Are0127,Area Caribe,Are0021,SubArea Cordoba_Sucre,Solar,No Despachado Centralmente,SCEC,2026-08-03,2026-08-03,SIMEM 0bfc9d + 841808 + 10F2C9,,,,,,,,,,,,,,,,,,,,,True,False,Solo SIMEM
3H5Y,AGPE SUMINTEGRALES SAS,Are0127,Area Caribe,Are0021,SubArea Cordoba_Sucre,Solar,No Despachado Centralmente,NEUC,2026-08-03,2026-08-03,SIMEM 0bfc9d + 841808 + 10F2C9,,,,,,,,,,,,,,,,,,,,,True,False,Solo SIMEM
3H61,AGPE EDS EL EDEN,Are0127,Area Caribe,Are0021,SubArea Cordoba_Sucre,Solar,No Despachado Centralmente,SCEC,2026-08-03,2026-08-03,SIMEM 0bfc9d + 841808 + 10F2C9,,,,,,,,,,,,,,,,,,,,,True,False,Solo SIMEM
3H7S,AGPE FARMACOS DE LA COSTA LTDA,Are0127,Area Caribe,Are0021,SubArea Cordoba_Sucre,Solar,No Despachado Centralmente,SCEC,2026-08-03,2026-08-03,SIMEM 0bfc9d + 841808 + 10F2C9,,,,,,,,,,,,,,,,,,,,,True,False,Solo SIMEM
3H9C,AGPE JUAN CARLOS VILARINO,Are0127,Area Caribe,Are0016,SubArea Atlantico,Solar,No Despachado Centralmente,GNCC,2026-08-03,2026-08-03,SIMEM 0bfc9d + 841808 + 10F2C9,,,,,,,,,,,,,,,,,,,,,True,False,Solo SIMEM
3H9E,AGPE INVERSIONES MIL VARIEDADES SEDE 2,Are0002,Area Antioquia,Are0015,SubArea Antioquia,Solar,No Despachado Centralmente,GNCC,2026-08-03,2026-08-03,SIMEM 0bfc9d + 841808 + 10F2C9,,,,,,,,,,,,,,,,,,,,,True,False,Solo SIMEM
3HBJ,AGPE COLEGIO BOLIVAR,Are0128,Area Suroccidental,Are0032,SubArea Valle,Solar,No Despachado Centralmente,EPSC,2026-08-03,2026-08-03,SIMEM 0bfc9d + 841808 + 10F2C9,,,,,,,,,,,,,,,,,,,,,True,False,Solo SIMEM
3HBL,AGPE INVERSIONES SANTA FE SEDE II,Are0127,Area Caribe,Are0025,SubArea GCM,Solar,No Despachado Centralmente,GNCC,2026-08-03,2026-08-03,SIMEM 0bfc9d + 841808 + 10F2C9,,,,,,,,,,,,,,,,,,,,,True,False,Solo SIMEM
3HBN,,,,,,,,,,,,TIERRA LINDA,CÓRDOBA,23182.0,CHINÚ,Caribe,-75.37442559835226,9.053180121716313,9.9,SOLAR,RAD SOLAR,ND,NORMAL,PRUEBAS,ATLÁNTICA COLOMBIA S.A.S. E.S.P.,2023-03-12,2023.0,2026-08-03,0.0,SI,325.0,False,True,Solo UPME
3HBP,,,,,,,,,,,,LA TOLUA,SUCRE,70670.0,SAMPUÉS,Caribe,-75.36027027089045,9.165182859935902,19.9,SOLAR,RAD SOLAR,ND,NORMAL,PRUEBAS,ATLÁNTICA COLOMBIA S.A.S. E.S.P.,2023-03-12,2023.0,2026-08-03,0.0,SI,516.0,False,True,Solo UPME
3HBR,AGPE GATO DUMAS BOGOTA,Are0056,Area Oriental,Are0017,SubArea Bogota,Solar,No Despachado Centralmente,BIAC,2026-08-03,2026-08-03,SIMEM 0bfc9d + 841808 + 10F2C9,,,,,,,,,,,,,,,,,,,,,True,False,Solo SIMEM
3HBT,AGPE HERMECO2,Are0002,Area Antioquia,Are0015,SubArea Antioquia,Solar,No Despachado Centralmente,ETTC,2026-08-03,2026-08-03,SIMEM 0bfc9d + 841808 + 10F2C9,,,,,,,,,,,,,,,,,,,,,True,False,Solo SIMEM
3HCS,AGPE FRIGOCAFE 1,Are0128,Area Suroccidental,Are0022,SubArea CQR,Solar,No Despachado Centralmente,GNCC,2026-08-03,2026-08-03,SIMEM 0bfc9d + 841808 + 10F2C9,,,,,,,,,,,,,,,,,,,,,True,False,Solo SIMEM
3HCV,AGPE ALCON DE COLOMBIA PABM SAS,Are0128,Area Suroccidental,Are0032,SubArea Valle,Solar,No Despachado Centralmente,EPSC,2026-08-03,2026-08-03,SIMEM 0bfc9d + 841808 + 10F2C9,,,,,,,,,,,,,,,,,,,,,True,False,Solo SIMEM
3HCX,AGPE PROPILFLEX DISGOMEZ,Are0128,Area Suroccidental,Are0032,SubArea Valle,Solar,No Despachado Centralmente,EPSC,2026-08-03,2026-08-03,SIMEM 0bfc9d + 841808 + 10F2C9,,,,,,,,,,,,,,,,,,,,,True,False,Solo SIMEM
3HCZ,AGPE SERO COLOMBIA,Are0128,Area Suroccidental,Are0032,SubArea Valle,Solar,No Despachado Centralmente,EPSC,2026-08-03,2026-08-03,SIMEM 0bfc9d + 841808 + 10F2C9,,,,,,,,,,,,,,,,,,,,,True,False,Solo SIMEM
3HD6,AGPE HOTEL LA CASA 1,Are0127,Area Caribe,Are0021,SubArea Cordoba_Sucre,Solar,No Despachado Centralmente,GNCC,2026-08-03,2026-08-03,SIMEM 0bfc9d + 841808 + 10F2C9,,,,,,,,,,,,,,,,,,,,,True,False,Solo SIMEM
3HD8,AGPE INDUBOLSAS CONTRERASJT,Are0012,Area Nordeste,Are0029,SubArea Norte de Santander,Solar,No Despachado Centralmente,GNCC,2026-08-03,2026-08-03,SIMEM 0bfc9d + 841808 + 10F2C9,,,,,,,,,,,,,,,,,,,,,True,False,Solo SIMEM
3HDA,AGPE MAXIPELLETS 2,Are0128,Area Suroccidental,Are0031,SubArea Huila-Tolima,Solar,No Despachado Centralmente,EPSC,2026-08-03,2026-08-03,SIMEM 0bfc9d + 841808 + 10F2C9,,,,,,,,,,,,,,,,,,,,,True,False,Solo SIMEM
3HDC,AGPE TIMANA2,Are0056,Area Oriental,Are0017,SubArea Bogota,Solar,No Despachado Centralmente,ETTC,2026-08-03,2026-08-03,SIMEM 0bfc9d + 841808 + 10F2C9,,,,,,,,,,,,,,,,,,,,,True,False,Solo SIMEM
3HDE,SAN BARTOLOME,Are0012,Area Nordeste,Are0130,SubArea Boyaca-Casanare,Hidraulica,No Despachado Centralmente,PSBG,2026-08-03,2026-08-03,SIMEM 0bfc9d + 841808 + 10F2C9,SAN BARTOLOME,SANTANDER,68322.0,GUAPOTÁ,Oriente,-73.33084110582372,6.323739755162941,19.9,HIDRAULICA,AGUA,ND,NORMAL,OPERACIÓN,PCH SAN BARTOLOME S.A.S. E.S.P. ,2023-05-13,2023.0,2026-08-03,1.5474,SI,498.0,True,True,SIMEM + UPME
3HDG,OIBITA,Are0012,Area Nordeste,Are0130,SubArea Boyaca-Casanare,Hidraulica,No Despachado Centralmente,PSBG,2026-08-03,2026-08-03,SIMEM 0bfc9d + 841808 + 10F2C9,OIBITA,SANTANDER,68322.0,GUAPOTÁ,Oriente,-73.33084110582372,6.323739755162941,19.9,HIDRAULICA,AGUA,ND,NORMAL,OPERACIÓN,PCH SAN BARTOLOME S.A.S. E.S.P. ,2023-05-13,2023.0,2026-08-03,1.6205,SI,499.0,True,True,SIMEM + UPME
3HE2,AGPE HOTEL 4 AVENIDA,Are0127,Area Caribe,Are0021,SubArea Cordoba_Sucre,Solar,No Despachado Centralmente,SCEC,2026-08-03,2026-08-03,SIMEM 0bfc9d + 841808 + 10F2C9,,,,,,,,,,,,,,,,,,,,,True,False,Solo SIMEM
3HE4,AGPE INVERSIONES LJC SAS,Are0128,Area Suroccidental,Are0031,SubArea Huila-Tolima,Solar,No Despachado Centralmente,GNCC,2026-08-03,2026-08-03,SIMEM 0bfc9d + 841808 + 10F2C9,,,,,,,,,,,,,,,,,,,,,True,False,Solo SIMEM
3HE6,AGPE INTACA,Are0128,Area Suroccidental,Are0032,SubArea Valle,Solar,No Despachado Centralmente,GNCC,2026-08-03,2026-08-03,SIMEM 0bfc9d + 841808 + 10F2C9,,,,,,,,,,,,,,,,,,,,,True,False,Solo SIMEM
3HE8,,,,,,,,,,,,AUTOG CELSIA SOLAR PALMIRA 3 ZONA FRANCA,VALLE DEL CAUCA,76520.0,PALMIRA,Pacífico,-76.22786086762281,3.558395439731676,2.9,SOLAR,RAD SOLAR,ND,AUTOGENERADOR,PRUEBAS,CELSIA COLOMBIA S.A. E.S.P.,2023-03-18,2023.0,2026-08-03,0.0,NO,618.0,False,True,Solo UPME
3HEA,AGPE CAMPOS DE ARAGON,Are0128,Area Suroccidental,Are0019,SubArea Cauca-Narino,Solar,No Despachado Centralmente,ETTC,2026-08-03,2026-08-03,SIMEM 0bfc9d + 841808 + 10F2C9,,,,,,,,,,,,,,,,,,,,,True,False,Solo SIMEM
3HF5,FUNDACION,Are0127,Area Caribe,Are0025,SubArea GCM,Solar,Despachado Centralmente,ENDG,2026-08-03,2026-08-03,SIMEM 0bfc9d + 841808 + 10F2C9,FUNDACION,MAGDALENA,47551.0,PIVIJAY,Caribe,-74.41252278551435,10.433025017802972,100.0,SOLAR,RAD SOLAR,DC,NORMAL,OPERACIÓN,ENEL COLOMBIA SA ESP,2024-06-23,2024.0,2026-08-03,0.0,NO,407.0,True,True,SIMEM + UPME
3HF7,,,,,,,,,,,,CELSIA SOLAR LA VICTORIA II,VALLE DEL CAUCA,76403.0,LA VICTORIA,Pacífico,-75.96677731233385,4.483512280398679,19.9,SOLAR,RAD SOLAR,ND,NORMAL,PRUEBAS,CELSIA COLOMBIA S.A. E.S.P.,2023-05-23,2023.0,2026-08-03,0.0,SI,588.0,False,True,Solo UPME
3HF9,,,,,,,,,,,,CELSIA SOLAR LA VICTORIA I,VALLE DEL CAUCA,76403.0,LA VICTORIA,Pacífico,-75.96677731233385,4.483512280398679,19.9,SOLAR,RAD SOLAR,ND,NORMAL,PRUEBAS,CELSIA COLOMBIA S.A. E.S.P.,2023-05-22,2023.0,2026-08-03,0.0,SI,587.0,False,True,Solo UPME
3HFV,AGPE COMERCIPOL SAS,Are0002,Area Antioquia,Are0015,SubArea Antioquia,Solar,No Despachado Centralmente,NEUC,2026-08-03,2026-08-03,SIMEM 0bfc9d + 841808 + 10F2C9,,,,,,,,,,,,,,,,,,,,,True,False,Solo SIMEM
3HG5,AGPE OIKOS,Are0056,Area Oriental,Are0017,SubArea Bogota,Solar,No Despachado Centralmente,ETTC,2026-08-03,2026-08-03,SIMEM 0bfc9d + 841808 + 10F2C9,,,,,,,,,,,,,,,,,,,,,True,False,Solo SIMEM
3HG7,COMUNIDAD EL SALVADOR I,Are0002,Area Antioquia,Are0015,SubArea Antioquia,Solar,No Despachado Centralmente,ERRG,2026-08-03,2026-08-03,SIMEM 0bfc9d + 841808 + 10F2C9,COMUNIDAD EL SALVADOR I,ANTIOQUIA,5001.0,MEDELLÍN,Antioquia,-75.6110393232332,6.257590449778692,0.0127,SOLAR,RAD SOLAR,ND,GEN. DISTRIBUIDA,OPERACIÓN,ERCO GENERACION S.A.S. ESP,2023-03-23,2023.0,2026-08-03,0.0,SI,44.0,True,True,SIMEM + UPME
3HG9,COMUNIDAD EL SALVADOR II,Are0002,Area Antioquia,Are0015,SubArea Antioquia,Solar,No Despachado Centralmente,ERRG,2026-08-03,2026-08-03,SIMEM 0bfc9d + 841808 + 10F2C9,COMUNIDAD EL SALVADOR II,ANTIOQUIA,5001.0,MEDELLÍN,Antioquia,-75.6110393232332,6.257590449778692,0.0037,SOLAR,RAD SOLAR,ND,GEN. DISTRIBUIDA,OPERACIÓN,ERCO GENERACION S.A.S. ESP,2023-03-23,2023.0,2026-08-03,0.0,SI,45.0,True,True,SIMEM + UPME
3HGI,AGPE CENTRO ADMINISTRATIVO FASE I,Are0012,Area Nordeste,Are0131,SubArea Santander,Solar,No Despachado Centralmente,RTQC,2026-08-03,2026-08-03,SIMEM 0bfc9d + 841808 + 10F2C9,,,,,,,,,,,,,,,,,,,,,True,False,Solo SIMEM
3HGK,AGPE CENTRO ADMINISTRATIVO FASE II,Are0012,Area Nordeste,Are0131,SubArea Santander,Solar,No Despachado Centralmente,RTQC,2026-08-03,2026-08-03,SIMEM 0bfc9d + 841808 + 10F2C9,,,,,,,,,,,,,,,,,,,,,True,False,Solo SIMEM
3HH7,AGPE NUTRIAVICOLA,Are0128,Area Suroccidental,Are0032,SubArea Valle,Solar,No Despachado Centralmente,CETC,2026-08-03,2026-08-03,SIMEM 0bfc9d + 841808 + 10F2C9,,,,,,,,,,,,,,,,,,,,,True,False,Solo SIMEM
3HH9,AGPE TVAPAN 500 SA,Are0128,Area Suroccidental,Are0032,SubArea Valle,Solar,No Despachado Centralmente,CETC,2026-08-03,2026-08-03,SIMEM 0bfc9d + 841808 + 10F2C9,,,,,,,,,,,,,,,,,,,,,True,False,Solo SIMEM
3HIA,AGPE SFV FLORES DE BRITANIA,Are0056,Area Oriental,Are0017,SubArea Bogota,Solar,No Despachado Centralmente,GNCC,2026-08-03,2026-08-03,SIMEM 0bfc9d + 841808 + 10F2C9,,,,,,,,,,,,,,,,,,,,,True,False,Solo SIMEM
3HIZ,AGPE HACIENDA VENECIA,Are0128,Area Suroccidental,Are0032,SubArea Valle,Solar,No Despachado Centralmente,GNCC,2026-08-03,2026-08-03,SIMEM 0bfc9d + 841808 + 10F2C9,,,,,,,,,,,,,,,,,,,,,True,False,Solo SIMEM
3HJ2,AGPE PUYO,Are0128,Area Suroccidental,Are0019,SubArea Cauca-Narino,Solar,No Despachado Centralmente,ETTC,2026-08-03,2026-08-03,SIMEM 0bfc9d + 841808 + 10F2C9,,,,,,,,,,,,,,,,,,,,,True,False,Solo SIMEM
3HJ4,AGPE AVES EMAUS,Are0127,Area Caribe,Are0021,SubArea Cordoba_Sucre,Solar,No Despachado Centralmente,NEUC,2026-08-03,2026-08-03,SIMEM 0bfc9d + 841808 + 10F2C9,,,,,,,,,,,,,,,,,,,,,True,False,Solo SIMEM
3HJ6,AGPE ADOLFO RAMIREZ GODOY,Are0127,Area Caribe,Are0021,SubArea Cordoba_Sucre,Solar,No Despachado Centralmente,SCEC,2026-08-03,2026-08-03,SIMEM 0bfc9d + 841808 + 10F2C9,,,,,,,,,,,,,,,,,,,,,True,False,Solo SIMEM
3HJA,AGPE CASA 6 MALIBU,Are0127,Area Caribe,Are0021,SubArea Cordoba_Sucre,Solar,No Despachado Centralmente,SCEC,2026-08-03,2026-08-03,SIMEM 0bfc9d + 841808 + 10F2C9,,,,,,,,,,,,,,,,,,,,,True,False,Solo SIMEM
3HJC,AGPE ASDRUB,Are0127,Area Caribe,Are0021,SubArea Cordoba_Sucre,Solar,No Despachado Centralmente,ETTC,2026-08-03,2026-08-03,SIMEM 0bfc9d + 841808 + 10F2C9,,,,,,,,,,,,,,,,,,,,,True,False,Solo SIMEM
3HJE,AGPE EDFICIO CARRERA SEPTIMA,Are0056,Area Oriental,Are0017,SubArea Bogota,Solar,No Despachado Centralmente,EXEC,2026-08-03,2026-08-03,SIMEM 0bfc9d + 841808 + 10F2C9,,,,,,,,,,,,,,,,,,,,,True,False,Solo SIMEM
3HKK,AGPE LA FABRICA DE LA FELICIDAD,Are0128,Area Suroccidental,Are0022,SubArea CQR,Solar,No Despachado Centralmente,EEPC,2026-08-03,2026-08-03,SIMEM 0bfc9d + 841808 + 10F2C9,,,,,,,,,,,,,,,,,,,,,True,False,Solo SIMEM
3HL2,AGPE CC EL DIAMANTE CLL 52 107,Are0002,Area Antioquia,Are0015,SubArea Antioquia,Solar,No Despachado Centralmente,BIAC,2026-08-03,2026-08-03,SIMEM 0bfc9d + 841808 + 10F2C9,,,,,,,,,,,,,,,,,,,,,True,False,Solo SIMEM
3HL9,AGPE ARA BARRANQUILLA CHIQUINQUIRA,Are0127,Area Caribe,Are0016,SubArea Atlantico,Solar,No Despachado Centralmente,NEUC,2026-08-03,2026-08-03,SIMEM 0bfc9d + 841808 + 10F2C9,,,,,,,,,,,,,,,,,,,,,True,False,Solo SIMEM
3HLB,AGPE ARA SOLEDAD MANUELA BELTRAN,Are0127,Area Caribe,Are0016,SubArea Atlantico,Solar,No Despachado Centralmente,NEUC,2026-08-03,2026-08-03,SIMEM 0bfc9d + 841808 + 10F2C9,,,,,,,,,,,,,,,,,,,,,True,False,Solo SIMEM
3HLD,,,,,,,,,,,,LOS GIRASOLES,NORTE DE SANTANDER,54003.0,ÁBREGO,Oriente,-73.15852344172602,8.019804640843336,9.5,SOLAR,RAD SOLAR,ND,NORMAL,PRUEBAS,PARQUE SOLAR LOS GIRASOLES S.A.S ESP,2023-05-26,2023.0,2026-08-03,0.0,SI,446.0,False,True,Solo UPME
3HOC,AGPE CAFENORTE,Are0128,Area Suroccidental,Are0032,SubArea Valle,Solar,No Despachado Centralmente,EEPC,2026-08-03,2026-08-03,SIMEM 0bfc9d + 841808 + 10F2C9,,,,,,,,,,,,,,,,,,,,,True,False,Solo SIMEM
3HOE,AGPE FINCA LA GLORIA,Are0127,Area Caribe,Are0021,SubArea Cordoba_Sucre,Solar,No Despachado Centralmente,SCEC,2026-08-03,2026-08-03,SIMEM 0bfc9d + 841808 + 10F2C9,,,,,,,,,,,,,,,,,,,,,True,False,Solo SIMEM
3HQW,AGPE SOCIEDAD DE ONCOLOGIA Y HEMATOLOGIA,Are0127,Area Caribe,Are0025,SubArea GCM,Solar,No Despachado Centralmente,GNCC,2026-08-03,2026-08-03,SIMEM 0bfc9d + 841808 + 10F2C9,,,,,,,,,,,,,,,,,,,,,True,False,Solo SIMEM
3HQY,AGPE GEORGES NOBLE SCHOOL SAS,Are0127,Area Caribe,Are0021,SubArea Cordoba_Sucre,Solar,No Despachado Centralmente,SCEC,2026-08-03,2026-08-03,SIMEM 0bfc9d + 841808 + 10F2C9,,,,,,,,,,,,,,,,,,,,,True,False,Solo SIMEM
3HR1,AGPE RESTAURANTE GUACARI,Are0127,Area Caribe,Are0021,SubArea Cordoba_Sucre,Solar,No Despachado Centralmente,SCEC,2026-08-03,2026-08-03,SIMEM 0bfc9d + 841808 + 10F2C9,,,,,,,,,,,,,,,,,,,,,True,False,Solo SIMEM
3HRC,AGPE CENTRO COMERCIAL PUNTO CLAVE,Are0002,Area Antioquia,Are0015,SubArea Antioquia,Solar,No Despachado Centralmente,EPSC,2026-08-03,2026-08-03,SIMEM 0bfc9d + 841808 + 10F2C9,,,,,,,,,,,,,,,,,,,,,True,False,Solo SIMEM
3HRU,AGPE EDIFICIO CITY,Are0056,Area Oriental,Are0017,SubArea Bogota,Solar,No Despachado Centralmente,ETTC,2026-08-03,2026-08-03,SIMEM 0bfc9d + 841808 + 10F2C9,,,,,,,,,,,,,,,,,,,,,True,False,Solo SIMEM
3HS5,AGPE TAPUSH,Are0127,Area Caribe,Are0025,SubArea GCM,Solar,No Despachado Centralmente,NEUC,2026-08-03,2026-08-03,SIMEM 0bfc9d + 841808 + 10F2C9,,,,,,,,,,,,,,,,,,,,,True,False,Solo SIMEM
3HS7,AGPE LAVANDERIA SUPER,Are0056,Area Oriental,Are0017,SubArea Bogota,Solar,No Despachado Centralmente,QIEC,2026-08-03,2026-08-03,SIMEM 0bfc9d + 841808 + 10F2C9,,,,,,,,,,,,,,,,,,,,,True,False,Solo SIMEM
3HS9,,,,,,,,,,,,AUTOG BUGA I SOLLA,VALLE DEL CAUCA,76113.0,BUGALAGRANDE,Pacífico,-76.08961535632501,4.196858156352319,4.9,SOLAR,RAD SOLAR,ND,AUTOGENERADOR,PRUEBAS,CELSIA COLOMBIA S.A. E.S.P.,2023-06-06,2023.0,2026-08-03,0.0,NO,600.0,False,True,Solo UPME
3HTH,AGPE MERCADEO Y MODA,Are0002,Area Antioquia,Are0015,SubArea Antioquia,Solar,No Despachado Centralmente,GNCC,2026-08-03,2026-08-03,SIMEM 0bfc9d + 841808 + 10F2C9,,,,,,,,,,,,,,,,,,,,,True,False,Solo SIMEM
3HTJ,AGPE DIOCESIS JARDINES DEL ECCE HOMO,Are0127,Area Caribe,Are0025,SubArea GCM,Solar,No Despachado Centralmente,GNCC,2026-08-03,2026-08-03,SIMEM 0bfc9d + 841808 + 10F2C9,,,,,,,,,,,,,,,,,,,,,True,False,Solo SIMEM
3HTL,AGPE LACTEOS RIOGRANDE SEDE PLATO,Are0127,Area Caribe,Are0025,SubArea GCM,Solar,No Despachado Centralmente,GNCC,2026-08-03,2026-08-03,SIMEM 0bfc9d + 841808 + 10F2C9,,,,,,,,,,,,,,,,,,,,,True,False,Solo SIMEM
3HTN,AGPE FOTOLITO CENTRO,Are0127,Area Caribe,Are0016,SubArea Atlantico,Solar,No Despachado Centralmente,GNCC,2026-08-03,2026-08-03,SIMEM 0bfc9d + 841808 + 10F2C9,,,,,,,,,,,,,,,,,,,,,True,False,Solo SIMEM
3HWI,AGPE EDS PIMSA,Are0127,Area Caribe,Are0016,SubArea Atlantico,Solar,No Despachado Centralmente,TPLC,2026-08-03,2026-08-03,SIMEM 0bfc9d + 841808 + 10F2C9,,,,,,,,,,,,,,,,,,,,,True,False,Solo SIMEM
3HWK,AGPE EL ENCANTO,Are0127,Area Caribe,Are0016,SubArea Atlantico,Solar,No Despachado Centralmente,NMRG,2026-08-03,2026-08-03,SIMEM 0bfc9d + 841808 + 10F2C9,,,,,,,,,,,,,,,,,,,,,True,False,Solo SIMEM
3HWM,,,,,,,,,,,,PETALO DEL MAGDALENA,MAGDALENA,47980.0,ZONA BANANERA,Caribe,-74.17798194509768,10.796331405554511,9.9,SOLAR,RAD SOLAR,ND,NORMAL,PRUEBAS,CELSIA COLOMBIA S.A. E.S.P.,2023-06-08,2023.0,2026-08-03,0.0,SI,402.0,False,True,Solo UPME
3HYG,URUACO,Are0127,Area Caribe,Are0016,SubArea Atlantico,Solar,No Despachado Centralmente,UNGG,2026-08-03,2026-08-03,SIMEM 0bfc9d + 841808 + 10F2C9,URUACO,ATLÁNTICO,8421.0,LURUACO,Caribe,-75.15403251706762,10.63503144728628,0.996,SOLAR,RAD SOLAR,ND,GEN. DISTRIBUIDA,OPERACIÓN,UNERGY ENERGY DIGITAL S.A.S E.S.P,2023-06-17,2023.0,2026-08-03,0.0,SI,120.0,True,True,SIMEM + UPME
3HYI,AGPE RUBEN DARIO ORTIZ GALEANO,Are0127,Area Caribe,Are0025,SubArea GCM,Solar,No Despachado Centralmente,NEUC,2026-08-03,2026-08-03,SIMEM 0bfc9d + 841808 + 10F2C9,,,,,,,,,,,,,,,,,,,,,True,False,Solo SIMEM
3HYK,AGPE BOUTIQUE DARIO VALENCIA,Are0127,Area Caribe,Are0025,SubArea GCM,Solar,No Despachado Centralmente,NEUC,2026-08-03,2026-08-03,SIMEM 0bfc9d + 841808 + 10F2C9,,,,,,,,,,,,,,,,,,,,,True,False,Solo SIMEM
3HZ4,AGPE INVERSIONES ARCIERI,Are0127,Area Caribe,Are0016,SubArea Atlantico,Solar,No Despachado Centralmente,GNCC,2026-08-03,2026-08-03,SIMEM 0bfc9d + 841808 + 10F2C9,,,,,,,,,,,,,,,,,,,,,True,False,Solo SIMEM
3HZ6,AGPE CESAR URZOLA CASA 24,Are0127,Area Caribe,Are0021,SubArea Cordoba_Sucre,Solar,No Despachado Centralmente,GNCC,2026-08-03,2026-08-03,SIMEM 0bfc9d + 841808 + 10F2C9,,,,,,,,,,,,,,,,,,,,,True,False,Solo SIMEM
3HZ8,AGPE HACIENDA TEUCALI,Are0128,Area Suroccidental,Are0031,SubArea Huila-Tolima,Solar,No Despachado Centralmente,GNCC,2026-08-03,2026-08-03,SIMEM 0bfc9d + 841808 + 10F2C9,,,,,,,,,,,,,,,,,,,,,True,False,Solo SIMEM
3HZA,AGPE HOTEL CUELLAR,Are0128,Area Suroccidental,Are0019,SubArea Cauca-Narino,Solar,No Despachado Centralmente,GNCC,2026-08-03,2026-08-03,SIMEM 0bfc9d + 841808 + 10F2C9,,,,,,,,,,,,,,,,,,,,,True,False,Solo SIMEM
3HZC,AGPE ARRENDAVENTAS,Are0127,Area Caribe,Are0025,SubArea GCM,Solar,No Despachado Centralmente,NEUC,2026-08-03,2026-08-03,SIMEM 0bfc9d + 841808 + 10F2C9,,,,,,,,,,,,,,,,,,,,,True,False,Solo SIMEM
3HZE,AGPE EQUIMAD DEL CESAR SAS,Are0127,Area Caribe,Are0025,SubArea GCM,Solar,No Despachado Centralmente,NEUC,2026-08-03,2026-08-03,SIMEM 0bfc9d + 841808 + 10F2C9,,,,,,,,,,,,,,,,,,,,,True,False,Solo SIMEM
3HZG,AGPE LUZ MARINA GUZMAN,Are0127,Area Caribe,Are0021,SubArea Cordoba_Sucre,Solar,No Despachado Centralmente,SCEC,2026-08-03,2026-08-03,SIMEM 0bfc9d + 841808 + 10F2C9,,,,,,,,,,,,,,,,,,,,,True,False,Solo SIMEM
3I2H,AGPE JULIE ANDREA DIAZ MORA,Are0127,Area Caribe,Are0025,SubArea GCM,Solar,No Despachado Centralmente,NEUC,2026-08-03,2026-08-03,SIMEM 0bfc9d + 841808 + 10F2C9,,,,,,,,,,,,,,,,,,,,,True,False,Solo SIMEM
3I2J,AGPE INVERSIONES RUGELES BERARDINELLI SAS,Are0127,Area Caribe,Are0025,SubArea GCM,Solar,No Despachado Centralmente,NEUC,2026-08-03,2026-08-03,SIMEM 0bfc9d + 841808 + 10F2C9,,,,,,,,,,,,,,,,,,,,,True,False,Solo SIMEM
3I3I,AGPE CORPORACION EMPRESARIAL CARRERA,Are0056,Area Oriental,Are0017,SubArea Bogota,Solar,No Despachado Centralmente,EXEC,2026-08-03,2026-08-03,SIMEM 0bfc9d + 841808 + 10F2C9,,,,,,,,,,,,,,,,,,,,,True,False,Solo SIMEM
3I3K,AGPE DELIPAVO TENJO,Are0056,Area Oriental,Are0017,SubArea Bogota,Solar,No Despachado Centralmente,GNCC,2026-08-03,2026-08-03,SIMEM 0bfc9d + 841808 + 10F2C9,,,,,,,,,,,,,,,,,,,,,True,False,Solo SIMEM
3I3M,AGPE COLEGIO LA MEDALLA MILAGROSA,Are0127,Area Caribe,Are0016,SubArea Atlantico,Solar,No Despachado Centralmente,GNCC,2026-08-03,2026-08-03,SIMEM 0bfc9d + 841808 + 10F2C9,,,,,,,,,,,,,,,,,,,,,True,False,Solo SIMEM
3I3O,AGPE EDIFICIO DUBO,Are0012,Area Nordeste,Are0029,SubArea Norte de Santander,Solar,No Despachado Centralmente,GNCC,2026-08-03,2026-08-03,SIMEM 0bfc9d + 841808 + 10F2C9,,,,,,,,,,,,,,,,,,,,,True,False,Solo SIMEM
3I3Q,AGPE SURTITODO PALMIRA,Are0128,Area Suroccidental,Are0032,SubArea Valle,Solar,No Despachado Centralmente,GNCC,2026-08-03,2026-08-03,SIMEM 0bfc9d + 841808 + 10F2C9,,,,,,,,,,,,,,,,,,,,,True,False,Solo SIMEM
3I4A,AGPE ARMENIA HOTEL SA,Are0128,Area Suroccidental,Are0022,SubArea CQR,Solar,No Despachado Centralmente,EPMC,2026-08-03,2026-08-03,SIMEM 0bfc9d + 841808 + 10F2C9,,,,,,,,,,,,,,,,,,,,,True,False,Solo SIMEM
3I4C,AGPE ICOLTRANS,Are0056,Area Oriental,Are0017,SubArea Bogota,Solar,No Despachado Centralmente,ETTC,2026-08-03,2026-08-03,SIMEM 0bfc9d + 841808 + 10F2C9,,,,,,,,,,,,,,,,,,,,,True,False,Solo SIMEM
3I6L,AGPE COMERCIALIZADORA BZUL SAS,Are0127,Area Caribe,Are0025,SubArea GCM,Solar,No Despachado Centralmente,NEUC,2026-08-03,2026-08-03,SIMEM 0bfc9d + 841808 + 10F2C9,,,,,,,,,,,,,,,,,,,,,True,False,Solo SIMEM
3I6N,AGPE MGL INVERSIONES SAS,Are0127,Area Caribe,Are0025,SubArea GCM,Solar,No Despachado Centralmente,NEUC,2026-08-03,2026-08-03,SIMEM 0bfc9d + 841808 + 10F2C9,,,,,,,,,,,,,,,,,,,,,True,False,Solo SIMEM
3I6P,AGPE CONSTRUCTORA LINDARAJA SAS,Are0127,Area Caribe,Are0025,SubArea GCM,Solar,No Despachado Centralmente,NEUC,2026-08-03,2026-08-03,SIMEM 0bfc9d + 841808 + 10F2C9,,,,,,,,,,,,,,,,,,,,,True,False,Solo SIMEM
3I6R,AGPE CFZ MEDICINA ESTETICA,Are0127,Area Caribe,Are0025,SubArea GCM,Solar,No Despachado Centralmente,NEUC,2026-08-03,2026-08-03,SIMEM 0bfc9d + 841808 + 10F2C9,,,,,,,,,,,,,,,,,,,,,True,False,Solo SIMEM
3I6V,AGPE EL CARRIEL FUNZA 2,Are0056,Area Oriental,Are0017,SubArea Bogota,Solar,No Despachado Centralmente,NEUC,2026-08-03,2026-08-03,SIMEM 0bfc9d + 841808 + 10F2C9,,,,,,,,,,,,,,,,,,,,,True,False,Solo SIMEM
3I6X,AGPE NELSON SEGUNDO GNECCO CERCHIARO,Are0127,Area Caribe,Are0025,SubArea GCM,Solar,No Despachado Centralmente,NEUC,2026-08-03,2026-08-03,SIMEM 0bfc9d + 841808 + 10F2C9,,,,,,,,,,,,,,,,,,,,,True,False,Solo SIMEM
3I71,AGPE COOTRASUR FLORIDABLANCA,Are0012,Area Nordeste,Are0131,SubArea Santander,Solar,No Despachado Centralmente,GNCC,2026-08-03,2026-08-03,SIMEM 0bfc9d + 841808 + 10F2C9,,,,,,,,,,,,,,,,,,,,,True,False,Solo SIMEM
3I73,AGPE BOLTEN BARRANQUILLA,Are0127,Area Caribe,Are0016,SubArea Atlantico,Solar,No Despachado Centralmente,GNCC,2026-08-03,2026-08-03,SIMEM 0bfc9d + 841808 + 10F2C9,,,,,,,,,,,,,,,,,,,,,True,False,Solo SIMEM
3I7J,AGPE LUIS ALBERTO MONSALVO RAMIREZ,Are0127,Area Caribe,Are0025,SubArea GCM,Solar,No Despachado Centralmente,NEUC,2026-08-03,2026-08-03,SIMEM 0bfc9d + 841808 + 10F2C9,,,,,,,,,,,,,,,,,,,,,True,False,Solo SIMEM
3I7L,AGPE TERESA DE JESUS ACOSTA CANTILLO,Are0127,Area Caribe,Are0025,SubArea GCM,Solar,No Despachado Centralmente,NEUC,2026-08-03,2026-08-03,SIMEM 0bfc9d + 841808 + 10F2C9,,,,,,,,,,,,,,,,,,,,,True,False,Solo SIMEM
3I7N,AGPE JOSE EDUARDO GONZALEZ DAZA,Are0127,Area Caribe,Are0025,SubArea GCM,Solar,No Despachado Centralmente,NEUC,2026-08-03,2026-08-03,SIMEM 0bfc9d + 841808 + 10F2C9,,,,,,,,,,,,,,,,,,,,,True,False,Solo SIMEM
3I7P,AGPE ANA MARIA DEL PILAR ROSO FLOREZ,Are0127,Area Caribe,Are0025,SubArea GCM,Solar,No Despachado Centralmente,NEUC,2026-08-03,2026-08-03,SIMEM 0bfc9d + 841808 + 10F2C9,,,,,,,,,,,,,,,,,,,,,True,False,Solo SIMEM
3I7R,AGPE AYE ASOCIADOS EDS,Are0128,Area Suroccidental,Are0031,SubArea Huila-Tolima,Solar,No Despachado Centralmente,BIAC,2026-08-03,2026-08-03,SIMEM 0bfc9d + 841808 + 10F2C9,,,,,,,,,,,,,,,,,,,,,True,False,Solo SIMEM
3I7T,AGPE ROSALIA MERCEDES VEGA CUELLO,Are0127,Area Caribe,Are0025,SubArea GCM,Solar,No Despachado Centralmente,NEUC,2026-08-03,2026-08-03,SIMEM 0bfc9d + 841808 + 10F2C9,,,,,,,,,,,,,,,,,,,,,True,False,Solo SIMEM
3I7V,AGPE DANCELL LTDA,Are0127,Area Caribe,Are0025,SubArea GCM,Solar,No Despachado Centralmente,NEUC,2026-08-03,2026-08-03,SIMEM 0bfc9d + 841808 + 10F2C9,,,,,,,,,,,,,,,,,,,,,True,False,Solo SIMEM
3I7X,AGPE DELFINA MARIA GNECCO ONATE,Are0127,Area Caribe,Are0025,SubArea GCM,Solar,No Despachado Centralmente,NEUC,2026-08-03,2026-08-03,SIMEM 0bfc9d + 841808 + 10F2C9,,,,,,,,,,,,,,,,,,,,,True,False,Solo SIMEM
3I7Z,AGPE AUTOSERVICIO LA QUINTA,Are0012,Area Nordeste,Are0131,SubArea Santander,Solar,No Despachado Centralmente,GNCC,2026-08-03,2026-08-03,SIMEM 0bfc9d + 841808 + 10F2C9,,,,,,,,,,,,,,,,,,,,,True,False,Solo SIMEM
3I82,AGPE GIGANTE DE LA MODA,Are0012,Area Nordeste,Are0131,SubArea Santander,Solar,No Despachado Centralmente,GNCC,2026-08-03,2026-08-03,SIMEM 0bfc9d + 841808 + 10F2C9,,,,,,,,,,,,,,,,,,,,,True,False,Solo SIMEM
3I84,AGPE CENTRO DE EVENTOS EL SOL,Are0127,Area Caribe,Are0021,SubArea Cordoba_Sucre,Solar,No Despachado Centralmente,SCEC,2026-08-03,2026-08-03,SIMEM 0bfc9d + 841808 + 10F2C9,,,,,,,,,,,,,,,,,,,,,True,False,Solo SIMEM
3ICX,AGPE MGL INVERSIONES SAS II,Are0127,Area Caribe,Are0025,SubArea GCM,Solar,No Despachado Centralmente,NEUC,2026-08-03,2026-08-03,SIMEM 0bfc9d + 841808 + 10F2C9,,,,,,,,,,,,,,,,,,,,,True,False,Solo SIMEM
3ICZ,AGPE EVERARDO ARMENTA ALONSO,Are0127,Area Caribe,Are0025,SubArea GCM,Solar,No Despachado Centralmente,NEUC,2026-08-03,2026-08-03,SIMEM 0bfc9d + 841808 + 10F2C9,,,,,,,,,,,,,,,,,,,,,True,False,Solo SIMEM
3ID2,AGPE EDS TAYRONA,Are0127,Area Caribe,Are0025,SubArea GCM,Solar,No Despachado Centralmente,TPLC,2026-08-03,2026-08-03,SIMEM 0bfc9d + 841808 + 10F2C9,,,,,,,,,,,,,,,,,,,,,True,False,Solo SIMEM
3ID4,AGPE ROSANA CARRILLO MONSALVO,Are0127,Area Caribe,Are0025,SubArea GCM,Solar,No Despachado Centralmente,NEUC,2026-08-03,2026-08-03,SIMEM 0bfc9d + 841808 + 10F2C9,,,,,,,,,,,,,,,,,,,,,True,False,Solo SIMEM
3IF4,AGPE MARQUILLAS,Are0002,Area Antioquia,Are0015,SubArea Antioquia,Solar,No Despachado Centralmente,ISGC,2026-08-03,2026-08-03,SIMEM 0bfc9d + 841808 + 10F2C9,,,,,,,,,,,,,,,,,,,,,True,False,Solo SIMEM
3IF8,AGPE CLAUDIA PATRICIA ROLDAN,Are0127,Area Caribe,Are0021,SubArea Cordoba_Sucre,Solar,No Despachado Centralmente,SCEC,2026-08-03,2026-08-03,SIMEM 0bfc9d + 841808 + 10F2C9,,,,,,,,,,,,,,,,,,,,,True,False,Solo SIMEM
3IFA,AGPE DISTRIBUCIONES JJ RESTREPO R,Are0127,Area Caribe,Are0021,SubArea Cordoba_Sucre,Solar,No Despachado Centralmente,SCEC,2026-08-03,2026-08-03,SIMEM 0bfc9d + 841808 + 10F2C9,,,,,,,,,,,,,,,,,,,,,True,False,Solo SIMEM
3IG3,AGPE MASAYA SANTAMARTA,Are0127,Area Caribe,Are0025,SubArea GCM,Solar,No Despachado Centralmente,NEUC,2026-08-03,2026-08-03,SIMEM 0bfc9d + 841808 + 10F2C9,,,,,,,,,,,,,,,,,,,,,True,False,Solo SIMEM
3II2,AGPE JESUALDO MORELLI SOCARRAS,Are0127,Area Caribe,Are0025,SubArea GCM,Solar,No Despachado Centralmente,NEUC,2026-08-03,2026-08-03,SIMEM 0bfc9d + 841808 + 10F2C9,,,,,,,,,,,,,,,,,,,,,True,False,Solo SIMEM
3II4,AGPE VASQUEZ LLINAS DESING SAS,Are0127,Area Caribe,Are0025,SubArea GCM,Solar,No Despachado Centralmente,NEUC,2026-08-03,2026-08-03,SIMEM 0bfc9d + 841808 + 10F2C9,,,,,,,,,,,,,,,,,,,,,True,False,Solo SIMEM
3II6,AGPE MI FUTURO DON CAMPO,Are0127,Area Caribe,Are0025,SubArea GCM,Solar,No Despachado Centralmente,NEUC,2026-08-03,2026-08-03,SIMEM 0bfc9d + 841808 + 10F2C9,,,,,,,,,,,,,,,,,,,,,True,False,Solo SIMEM
3II8,AGPE CELMIRA GALVIS FAJARDO,Are0127,Area Caribe,Are0025,SubArea GCM,Solar,No Despachado Centralmente,NEUC,2026-08-03,2026-08-03,SIMEM 0bfc9d + 841808 + 10F2C9,,,,,,,,,,,,,,,,,,,,,True,False,Solo SIMEM
3IIA,AGPE DISTRIBUIDORA Y COMERCIALIZADORA SALEM,Are0127,Area Caribe,Are0025,SubArea GCM,Solar,No Despachado Centralmente,NEUC,2026-08-03,2026-08-03,SIMEM 0bfc9d + 841808 + 10F2C9,,,,,,,,,,,,,,,,,,,,,True,False,Solo SIMEM
3IIC,AGPE YOLANDA BAUTE CASTRO,Are0127,Area Caribe,Are0025,SubArea GCM,Solar,No Despachado Centralmente,NEUC,2026-08-03,2026-08-03,SIMEM 0bfc9d + 841808 + 10F2C9,,,,,,,,,,,,,,,,,,,,,True,False,Solo SIMEM
3IIE,AGPE INVERSIONES LAS MARIAS SAS,Are0127,Area Caribe,Are0025,SubArea GCM,Solar,No Despachado Centralmente,NEUC,2026-08-03,2026-08-03,SIMEM 0bfc9d + 841808 + 10F2C9,,,,,,,,,,,,,,,,,,,,,True,False,Solo SIMEM
3IIG,AGPE INVERSIONES LUJO SAS,Are0127,Area Caribe,Are0025,SubArea GCM,Solar,No Despachado Centralmente,NEUC,2026-08-03,2026-08-03,SIMEM 0bfc9d + 841808 + 10F2C9,,,,,,,,,,,,,,,,,,,,,True,False,Solo SIMEM
3III,AGPE JAVIER DARIO MONSALVO BOLIVAR,Are0127,Area Caribe,Are0025,SubArea GCM,Solar,No Despachado Centralmente,NEUC,2026-08-03,2026-08-03,SIMEM 0bfc9d + 841808 + 10F2C9,,,,,,,,,,,,,,,,,,,,,True,False,Solo SIMEM
3IIK,AGPE CLAUDIA MARCELA OTALORA MAHECHA,Are0127,Area Caribe,Are0025,SubArea GCM,Solar,No Despachado Centralmente,NEUC,2026-08-03,2026-08-03,SIMEM 0bfc9d + 841808 + 10F2C9,,,,,,,,,,,,,,,,,,,,,True,False,Solo SIMEM
3IIM,AGPE JESUS ANTONIO BALLESTEROS GALVIS,Are0127,Area Caribe,Are0025,SubArea GCM,Solar,No Despachado Centralmente,NEUC,2026-08-03,2026-08-03,SIMEM 0bfc9d + 841808 + 10F2C9,,,,,,,,,,,,,,,,,,,,,True,False,Solo SIMEM
3IIO,AGPE VIVA MAYALES SAS,Are0127,Area Caribe,Are0025,SubArea GCM,Solar,No Despachado Centralmente,NEUC,2026-08-03,2026-08-03,SIMEM 0bfc9d + 841808 + 10F2C9,,,,,,,,,,,,,,,,,,,,,True,False,Solo SIMEM
3IIQ,AGPE PLANTA LUBRICANTES,Are0127,Area Caribe,Are0018,SubArea Bolivar,Solar,No Despachado Centralmente,TPLC,2026-08-03,2026-08-03,SIMEM 0bfc9d + 841808 + 10F2C9,,,,,,,,,,,,,,,,,,,,,True,False,Solo SIMEM
3IIT,AGPE MIL VARIEDADES I,Are0002,Area Antioquia,Are0015,SubArea Antioquia,Solar,No Despachado Centralmente,GNCC,2026-08-03,2026-08-03,SIMEM 0bfc9d + 841808 + 10F2C9,,,,,,,,,,,,,,,,,,,,,True,False,Solo SIMEM
3IIV,AGPE COLEGIO BERCHMANS,Are0128,Area Suroccidental,Are0032,SubArea Valle,Solar,No Despachado Centralmente,EPSC,2026-08-03,2026-08-03,SIMEM 0bfc9d + 841808 + 10F2C9,,,,,,,,,,,,,,,,,,,,,True,False,Solo SIMEM
3IJ3,AGPE LA MELISSA,Are0128,Area Suroccidental,Are0022,SubArea CQR,Solar,No Despachado Centralmente,EPMC,2026-08-03,2026-08-03,SIMEM 0bfc9d + 841808 + 10F2C9,,,,,,,,,,,,,,,,,,,,,True,False,Solo SIMEM
3IJ5,AGPE RICARDO FORERO CORTES,Are0127,Area Caribe,Are0021,SubArea Cordoba_Sucre,Solar,No Despachado Centralmente,SCEC,2026-08-03,2026-08-03,SIMEM 0bfc9d + 841808 + 10F2C9,,,,,,,,,,,,,,,,,,,,,True,False,Solo SIMEM
3IJ7,AGPE TERMINAL DE TRANSPORTES DE BUCARAMANGA,Are0012,Area Nordeste,Are0131,SubArea Santander,Solar,No Despachado Centralmente,RTQC,2026-08-03,2026-08-03,SIMEM 0bfc9d + 841808 + 10F2C9,,,,,,,,,,,,,,,,,,,,,True,False,Solo SIMEM
3IJ9,AGPE VITELCO,Are0002,Area Antioquia,Are0015,SubArea Antioquia,Solar,No Despachado Centralmente,ETTC,2026-08-03,2026-08-03,SIMEM 0bfc9d + 841808 + 10F2C9,,,,,,,,,,,,,,,,,,,,,True,False,Solo SIMEM
3IJB,AGPE MATIJA SAS,Are0127,Area Caribe,Are0025,SubArea GCM,Solar,No Despachado Centralmente,NEUC,2026-08-03,2026-08-03,SIMEM 0bfc9d + 841808 + 10F2C9,,,,,,,,,,,,,,,,,,,,,True,False,Solo SIMEM
3IJD,AGPE ELLEN MEDINA PITRE,Are0127,Area Caribe,Are0025,SubArea GCM,Solar,No Despachado Centralmente,NEUC,2026-08-03,2026-08-03,SIMEM 0bfc9d + 841808 + 10F2C9,,,,,,,,,,,,,,,,,,,,,True,False,Solo SIMEM
3IJF,,,,,,,,,,,,AUTOG COSTAYACO,PUTUMAYO,86885.0,VILLAGARZÓN,Amazonía,-76.74500964992517,0.9111551685901372,2.0,TERMICA,GAS,ND,AUTOGENERADOR,INACTIVO,DEPI ENERGY S.A.S. E.S.P.,2023-09-03,2023.0,2026-08-03,0.0865,NO,462.0,False,True,Solo UPME
3IKD,AGPE LUZOLAR ENERGIA SAS,Are0127,Area Caribe,Are0025,SubArea GCM,Solar,No Despachado Centralmente,NEUC,2026-08-03,2026-08-03,SIMEM 0bfc9d + 841808 + 10F2C9,,,,,,,,,,,,,,,,,,,,,True,False,Solo SIMEM
3IKF,AGPE PANADERIA MONTECARLO PASOANCHO,Are0128,Area Suroccidental,Are0032,SubArea Valle,Solar,No Despachado Centralmente,GNCC,2026-08-03,2026-08-03,SIMEM 0bfc9d + 841808 + 10F2C9,,,,,,,,,,,,,,,,,,,,,True,False,Solo SIMEM
3IKH,AGPE BODYTECH KENNEDY,Are0056,Area Oriental,Are0017,SubArea Bogota,Solar,No Despachado Centralmente,EXEC,2026-08-03,2026-08-03,SIMEM 0bfc9d + 841808 + 10F2C9,,,,,,,,,,,,,,,,,,,,,True,False,Solo SIMEM
3IKJ,AGPE RESTAURANTE LA CAZUELA,Are0012,Area Nordeste,Are0131,SubArea Santander,Solar,No Despachado Centralmente,GNCC,2026-08-03,2026-08-03,SIMEM 0bfc9d + 841808 + 10F2C9,,,,,,,,,,,,,,,,,,,,,True,False,Solo SIMEM
3IKL,AGPE NUTRIALIMENTOS,Are0128,Area Suroccidental,Are0032,SubArea Valle,Solar,No Despachado Centralmente,ETTC,2026-08-03,2026-08-03,SIMEM 0bfc9d + 841808 + 10F2C9,,,,,,,,,,,,,,,,,,,,,True,False,Solo SIMEM
3IKN,AGPE NELSON GNECCO CERCHIARO,Are0127,Area Caribe,Are0025,SubArea GCM,Solar,No Despachado Centralmente,NEUC,2026-08-03,2026-08-03,SIMEM 0bfc9d + 841808 + 10F2C9,,,,,,,,,,,,,,,,,,,,,True,False,Solo SIMEM
3IKP,AGPE BODYTECH NORMANDIA,Are0056,Area Oriental,Are0017,SubArea Bogota,Solar,No Despachado Centralmente,EXEC,2026-08-03,2026-08-03,SIMEM 0bfc9d + 841808 + 10F2C9,,,,,,,,,,,,,,,,,,,,,True,False,Solo SIMEM
3IKR,AGPE LUIS ALBERTO MONSALVO RAMIREZ II,Are0127,Area Caribe,Are0025,SubArea GCM,Solar,No Despachado Centralmente,NEUC,2026-08-03,2026-08-03,SIMEM 0bfc9d + 841808 + 10F2C9,,,,,,,,,,,,,,,,,,,,,True,False,Solo SIMEM
3IML,AGPE BODYTECH COLINA,Are0056,Area Oriental,Are0017,SubArea Bogota,Solar,No Despachado Centralmente,EXEC,2026-08-03,2026-08-03,SIMEM 0bfc9d + 841808 + 10F2C9,,,,,,,,,,,,,,,,,,,,,True,False,Solo SIMEM
3IMN,AGPE BODYTECH CHAPINERO,Are0056,Area Oriental,Are0017,SubArea Bogota,Solar,No Despachado Centralmente,EXEC,2026-08-03,2026-08-03,SIMEM 0bfc9d + 841808 + 10F2C9,,,,,,,,,,,,,,,,,,,,,True,False,Solo SIMEM
3INT,AGPE JOSE ALFREDO GNECCO ZULETA,Are0127,Area Caribe,Are0025,SubArea GCM,Solar,No Despachado Centralmente,NEUC,2026-08-03,2026-08-03,SIMEM 0bfc9d + 841808 + 10F2C9,,,,,,,,,,,,,,,,,,,,,True,False,Solo SIMEM
3INX,CARACOLI I,Are0127,Area Caribe,Are0016,SubArea Atlantico,Solar,Despachado Centralmente,SDCG,2026-08-03,2026-08-03,SIMEM 0bfc9d + 841808 + 10F2C9,CARACOLI I,ATLÁNTICO,8433.0,MALAMBO,Caribe,-74.80617848201192,10.848289763721716,50.0,SOLAR,RAD SOLAR,DC,NORMAL,OPERACIÓN,SOL DE LAS CIÉNAGAS S.A.S. E.S.P.,2024-12-21,2024.0,2026-08-03,0.0,NO,119.0,True,True,SIMEM + UPME
3IOY,AGPE NORMANDY,Are0128,Area Suroccidental,Are0022,SubArea CQR,Solar,No Despachado Centralmente,EPMC,2026-08-03,2026-08-03,SIMEM 0bfc9d + 841808 + 10F2C9,,,,,,,,,,,,,,,,,,,,,True,False,Solo SIMEM
3IP1,AGPE FLORES DEL ZORRO,Are0056,Area Oriental,Are0017,SubArea Bogota,Solar,No Despachado Centralmente,ETTC,2026-08-03,2026-08-03,SIMEM 0bfc9d + 841808 + 10F2C9,,,,,,,,,,,,,,,,,,,,,True,False,Solo SIMEM
3IP3,AGPE LUZ MILA MORELLI SOCARRAS,Are0127,Area Caribe,Are0025,SubArea GCM,Solar,No Despachado Centralmente,NEUC,2026-08-03,2026-08-03,SIMEM 0bfc9d + 841808 + 10F2C9,,,,,,,,,,,,,,,,,,,,,True,False,Solo SIMEM
3IP5,AGPE INVERSIONES VILLA ROSA DEL CESAR,Are0127,Area Caribe,Are0025,SubArea GCM,Solar,No Despachado Centralmente,NEUC,2026-08-03,2026-08-03,SIMEM 0bfc9d + 841808 + 10F2C9,,,,,,,,,,,,,,,,,,,,,True,False,Solo SIMEM
3IP7,AGPE ALCIELO CONSTRUCTORA,Are0127,Area Caribe,Are0021,SubArea Cordoba_Sucre,Solar,No Despachado Centralmente,SCEC,2026-08-03,2026-08-03,SIMEM 0bfc9d + 841808 + 10F2C9,,,,,,,,,,,,,,,,,,,,,True,False,Solo SIMEM
3IQ2,AGPE LA CALI PRINCIPAL,Are0128,Area Suroccidental,Are0019,SubArea Cauca-Narino,Solar,No Despachado Centralmente,GNCC,2026-08-03,2026-08-03,SIMEM 0bfc9d + 841808 + 10F2C9,,,,,,,,,,,,,,,,,,,,,True,False,Solo SIMEM
3IQ6,AGPE FLORES EL ZORRO I,Are0056,Area Oriental,Are0017,SubArea Bogota,Solar,No Despachado Centralmente,ETTC,2026-08-03,2026-08-03,SIMEM 0bfc9d + 841808 + 10F2C9,,,,,,,,,,,,,,,,,,,,,True,False,Solo SIMEM
3IQ8,AGPE FLORES EL ZORRO II,Are0056,Area Oriental,Are0017,SubArea Bogota,Solar,No Despachado Centralmente,ETTC,2026-08-03,2026-08-03,SIMEM 0bfc9d + 841808 + 10F2C9,,,,,,,,,,,,,,,,,,,,,True,False,Solo SIMEM
3IQA,SUNNORTE,Are0012,Area Nordeste,Are0029,SubArea Norte de Santander,Solar,Despachado Centralmente,GNSG,2026-08-03,2026-08-03,SIMEM 0bfc9d + 841808 + 10F2C9,SUNNORTE,NORTE DE SANTANDER,54498.0,OCAÑA,Oriente,-73.33765740871252,8.2066456926306,35.0,SOLAR,RAD SOLAR,DC,NORMAL,OPERACIÓN,GENERSOL S.A.S. E.S.P.,2024-11-25,2024.0,2026-08-03,0.0,NO,448.0,True,True,SIMEM + UPME
3IQC,AGPE FLORES EL ZORRO III,Are0056,Area Oriental,Are0017,SubArea Bogota,Solar,No Despachado Centralmente,ETTC,2026-08-03,2026-08-03,SIMEM 0bfc9d + 841808 + 10F2C9,,,,,,,,,,,,,,,,,,,,,True,False,Solo SIMEM
3IQE,AGPE ASADERO MAC POLLO,Are0012,Area Nordeste,Are0131,SubArea Santander,Solar,No Despachado Centralmente,GNCC,2026-08-03,2026-08-03,SIMEM 0bfc9d + 841808 + 10F2C9,,,,,,,,,,,,,,,,,,,,,True,False,Solo SIMEM
3IQG,AGPE TERMINAL DE TRANSPORTE DE NEIVA,Are0128,Area Suroccidental,Are0031,SubArea Huila-Tolima,Solar,No Despachado Centralmente,BIAC,2026-08-03,2026-08-03,SIMEM 0bfc9d + 841808 + 10F2C9,,,,,,,,,,,,,,,,,,,,,True,False,Solo SIMEM
3IQI,AGPE EXTRACTORA VIZCAYA,Are0127,Area Caribe,Are0018,SubArea Bolivar,Solar,No Despachado Centralmente,ENDC,2026-08-03,2026-08-03,SIMEM 0bfc9d + 841808 + 10F2C9,,,,,,,,,,,,,,,,,,,,,True,False,Solo SIMEM
3IRI,,,,,,,,,,,,ITUANGO_P,ANTIOQUIA,5361.0,ITUANGO,Antioquia,-75.6787576505323,7.339172187710507,600.0,HIDRAULICA,AGUA,DC,NORMAL,INACTIVO,EMPRESAS PUBLICAS DE MEDELLIN E.S.P.,2022-12-30,2022.0,2026-08-03,1.769,NO,37.0,False,True,Solo UPME
3IRX,PORTON DEL SOL,Are0002,Area Antioquia,Are0015,SubArea Antioquia,Solar,Despachado Centralmente,GECG,2026-08-03,2026-08-03,SIMEM 0bfc9d + 841808 + 10F2C9,PORTON DEL SOL,CALDAS,17380.0,LA DORADA,Eje Cafetero,-74.72047678624584,5.410655327766446,102.0,SOLAR,RAD SOLAR,DC,AUTOGENERADOR,OPERACIÓN,GENERADORA Y COMERCIALIZADORA DE ENERGIA DEL CARIBE S.A. E.S.P.,2024-03-07,2024.0,2026-08-03,0.0,NO,194.0,True,True,SIMEM + UPME
3IRZ,LA CASCADA DE GRANADA,Are0002,Area Antioquia,Are0015,SubArea Antioquia,Hidraulica,No Despachado Centralmente,SFEG,2026-08-03,2026-08-03,SIMEM 0bfc9d + 841808 + 10F2C9,LA CASCADA DE GRANADA,ANTIOQUIA,5313.0,GRANADA,Antioquia,-75.12763628058521,6.123379482408267,2.09,HIDRAULICA,AGUA,ND,NORMAL,OPERACIÓN,SANTA FE ENERGY ZOMAC S.A.S. E.S.P.,2023-09-29,2023.0,2026-08-03,1.8,SI,33.0,True,True,SIMEM + UPME
3IS2,,,,,,,,,,,,PARQUE SOLAR ARENAL,BOLÍVAR,13647.0,SAN ESTANISLAO,Caribe,-75.20523843863491,10.364677519552943,2.0,SOLAR,RAD SOLAR,ND,NORMAL,PRUEBAS,4E GROUP S.A.S E.S.P.,2023-12-05,2023.0,2026-08-03,0.0,SI,167.0,False,True,Solo UPME
3ISD,AGPE ORF SA,Are0128,Area Suroccidental,Are0031,SubArea Huila-Tolima,Solar,No Despachado Centralmente,ISGC,2026-08-03,2026-08-03,SIMEM 0bfc9d + 841808 + 10F2C9,,,,,,,,,,,,,,,,,,,,,True,False,Solo SIMEM
3ITE,AGPE UNICOR JUANITA ISAZA,Are0127,Area Caribe,Are0025,SubArea GCM,Solar,No Despachado Centralmente,NEUC,2026-08-03,2026-08-03,SIMEM 0bfc9d + 841808 + 10F2C9,,,,,,,,,,,,,,,,,,,,,True,False,Solo SIMEM
3ITG,AGPE INVERSIONES MONGNE,Are0127,Area Caribe,Are0025,SubArea GCM,Solar,No Despachado Centralmente,NEUC,2026-08-03,2026-08-03,SIMEM 0bfc9d + 841808 + 10F2C9,,,,,,,,,,,,,,,,,,,,,True,False,Solo SIMEM
3ITI,AGPE GERMAN FRANCISCO MORON,Are0127,Area Caribe,Are0025,SubArea GCM,Solar,No Despachado Centralmente,NEUC,2026-08-03,2026-08-03,SIMEM 0bfc9d + 841808 + 10F2C9,,,,,,,,,,,,,,,,,,,,,True,False,Solo SIMEM
3ITK,AGPE INDUSTRIAS MACAR PALMIRA,Are0128,Area Suroccidental,Are0032,SubArea Valle,Solar,No Despachado Centralmente,BIAC,2026-08-03,2026-08-03,SIMEM 0bfc9d + 841808 + 10F2C9,,,,,,,,,,,,,,,,,,,,,True,False,Solo SIMEM
3ITM,AGPE HACIENDA SAN FELIPE,Are0128,Area Suroccidental,Are0032,SubArea Valle,Solar,No Despachado Centralmente,GNCC,2026-08-03,2026-08-03,SIMEM 0bfc9d + 841808 + 10F2C9,,,,,,,,,,,,,,,,,,,,,True,False,Solo SIMEM
3ITO,AGPE NUTRILACTEOS DEL SUR,Are0128,Area Suroccidental,Are0019,SubArea Cauca-Narino,Solar,No Despachado Centralmente,GNCC,2026-08-03,2026-08-03,SIMEM 0bfc9d + 841808 + 10F2C9,,,,,,,,,,,,,,,,,,,,,True,False,Solo SIMEM
3ITQ,AGPE HOTEL ASTOR BYHOURS,Are0127,Area Caribe,Are0016,SubArea Atlantico,Solar,No Despachado Centralmente,GNCC,2026-08-03,2026-08-03,SIMEM 0bfc9d + 841808 + 10F2C9,,,,,,,,,,,,,,,,,,,,,True,False,Solo SIMEM
3IUT,AGPE RESIDENCIA SIGLO XXI,Are0127,Area Caribe,Are0021,SubArea Cordoba_Sucre,Solar,No Despachado Centralmente,SCEC,2026-08-03,2026-08-03,SIMEM 0bfc9d + 841808 + 10F2C9,,,,,,,,,,,,,,,,,,,,,True,False,Solo SIMEM
3IUZ,AGPE LADRILLERA SANTANDER,Are0056,Area Oriental,Are0017,SubArea Bogota,Solar,No Despachado Centralmente,FERC,2026-08-03,2026-08-03,SIMEM 0bfc9d + 841808 + 10F2C9,,,,,,,,,,,,,,,,,,,,,True,False,Solo SIMEM
3IYJ,AGPE GAMA LE COSTURE,Are0128,Area Suroccidental,Are0032,SubArea Valle,Solar,No Despachado Centralmente,BIAC,2026-08-03,2026-08-03,SIMEM 0bfc9d + 841808 + 10F2C9,,,,,,,,,,,,,,,,,,,,,True,False,Solo SIMEM
3IYL,AGPE AEROPUERTO COROZAL,Are0127,Area Caribe,Are0021,SubArea Cordoba_Sucre,Solar,No Despachado Centralmente,TPLC,2026-08-03,2026-08-03,SIMEM 0bfc9d + 841808 + 10F2C9,,,,,,,,,,,,,,,,,,,,,True,False,Solo SIMEM
3IYM,AGPE UPARLLANTAS,Are0127,Area Caribe,Are0025,SubArea GCM,Solar,No Despachado Centralmente,NEUC,2026-08-03,2026-08-03,SIMEM 0bfc9d + 841808 + 10F2C9,,,,,,,,,,,,,,,,,,,,,True,False,Solo SIMEM
3IZ6,PARQUE SOLAR LA UNION,Are0127,Area Caribe,Are0021,SubArea Cordoba_Sucre,Solar,Despachado Centralmente,SLUG,2026-08-03,2026-08-03,SIMEM 0bfc9d + 841808 + 10F2C9,PARQUE SOLAR LA UNION,CÓRDOBA,23678.0,SAN CARLOS,Caribe,-75.69250145660331,8.706415213601813,100.0,SOLAR,RAD SOLAR,DC,NORMAL,OPERACIÓN,SPK LA UNIÓN S.A.S. E.S.P.,2024-06-18,2024.0,2026-08-03,0.0,NO,309.0,True,True,SIMEM + UPME
3IZQ,AGPE FARMATODO MANGA,Are0127,Area Caribe,Are0018,SubArea Bolivar,Solar,No Despachado Centralmente,GNCC,2026-08-03,2026-08-03,SIMEM 0bfc9d + 841808 + 10F2C9,,,,,,,,,,,,,,,,,,,,,True,False,Solo SIMEM
3IZS,AGPE IML ETIQUETAS,Are0128,Area Suroccidental,Are0022,SubArea CQR,Solar,No Despachado Centralmente,EEPC,2026-08-03,2026-08-03,SIMEM 0bfc9d + 841808 + 10F2C9,,,,,,,,,,,,,,,,,,,,,True,False,Solo SIMEM
3IZU,AGPE RAMIREZ ZULUAGA E HIJOS,Are0128,Area Suroccidental,Are0032,SubArea Valle,Solar,No Despachado Centralmente,QIEC,2026-08-03,2026-08-03,SIMEM 0bfc9d + 841808 + 10F2C9,,,,,,,,,,,,,,,,,,,,,True,False,Solo SIMEM
3IZW,AGPE COMFENALCO QUINDIO,Are0128,Area Suroccidental,Are0022,SubArea CQR,Solar,No Despachado Centralmente,EPMC,2026-08-03,2026-08-03,SIMEM 0bfc9d + 841808 + 10F2C9,,,,,,,,,,,,,,,,,,,,,True,False,Solo SIMEM
3J1J,,,,,,,,,,,,PARQUE SOLAR HONDA I,CUNDINAMARCA,25320.0,GUADUAS,Centro,-74.64014234841376,5.1735388538606415,9.9,SOLAR,RAD SOLAR,ND,NORMAL,PRUEBAS,ATLÁNTICA COLOMBIA S.A.S. E.S.P.,2023-12-14,2023.0,2026-08-03,0.0,SI,351.0,False,True,Solo UPME
3J1N,AGPE DIEGO LEON GARCIA,Are0127,Area Caribe,Are0021,SubArea Cordoba_Sucre,Solar,No Despachado Centralmente,SCEC,2026-08-03,2026-08-03,SIMEM 0bfc9d + 841808 + 10F2C9,,,,,,,,,,,,,,,,,,,,,True,False,Solo SIMEM
3J1Q,AGPE CESAR CARRIAZO,Are0127,Area Caribe,Are0016,SubArea Atlantico,Solar,No Despachado Centralmente,GNCC,2026-08-03,2026-08-03,SIMEM 0bfc9d + 841808 + 10F2C9,,,,,,,,,,,,,,,,,,,,,True,False,Solo SIMEM
3J1S,AGPE AGROINDUSTRIAL MOLINO SONORA AP SAS,Are0128,Area Suroccidental,Are0031,SubArea Huila-Tolima,Solar,No Despachado Centralmente,GAPC,2026-08-03,2026-08-03,SIMEM 0bfc9d + 841808 + 10F2C9,,,,,,,,,,,,,,,,,,,,,True,False,Solo SIMEM
3J2B,SOLAR PLANETA RICA,Are0127,Area Caribe,Are0020,SubArea Cerromatoso,Solar,No Despachado Centralmente,EPSG,2026-08-03,2026-08-03,SIMEM 0bfc9d + 841808 + 10F2C9,SOLAR PLANETA RICA,CÓRDOBA,23555.0,PLANETA RICA,Caribe,-75.68911038737392,8.181193052658834,19.9,SOLAR,RAD SOLAR,ND,NORMAL,OPERACIÓN,CELSIA COLOMBIA S.A. E.S.P.,2024-04-16,2024.0,2026-08-03,0.0,SI,316.0,True,True,SIMEM + UPME
3J2H,,,,,,,,,,,,PETALO DE CORDOBA II,CÓRDOBA,23182.0,CHINÚ,Caribe,-75.37442559835226,9.053180121716313,9.9,SOLAR,RAD SOLAR,ND,NORMAL,PRUEBAS,BCCY CORDOBA S.A.S. E.S.P.,2023-12-01,2023.0,2026-08-03,0.0,SI,324.0,False,True,Solo UPME
3J2K,AGPE DISPROLACTEOS,Are0127,Area Caribe,Are0021,SubArea Cordoba_Sucre,Solar,No Despachado Centralmente,SCEC,2026-08-03,2026-08-03,SIMEM 0bfc9d + 841808 + 10F2C9,,,,,,,,,,,,,,,,,,,,,True,False,Solo SIMEM
3J2O,AGPE BODYTECH CHICO,Are0056,Area Oriental,Are0017,SubArea Bogota,Solar,No Despachado Centralmente,BIAC,2026-08-03,2026-08-03,SIMEM 0bfc9d + 841808 + 10F2C9,,,,,,,,,,,,,,,,,,,,,True,False,Solo SIMEM
3J2Q,AGPE LA CORSARIA,Are0056,Area Oriental,Are0017,SubArea Bogota,Solar,No Despachado Centralmente,GNCC,2026-08-03,2026-08-03,SIMEM 0bfc9d + 841808 + 10F2C9,,,,,,,,,,,,,,,,,,,,,True,False,Solo SIMEM
3J2Y,AGPE HUMAX,Are0002,Area Antioquia,Are0015,SubArea Antioquia,Solar,No Despachado Centralmente,GNCC,2026-08-03,2026-08-03,SIMEM 0bfc9d + 841808 + 10F2C9,,,,,,,,,,,,,,,,,,,,,True,False,Solo SIMEM
3J31,AGPE EDS SAN RAFAEL,Are0127,Area Caribe,Are0018,SubArea Bolivar,Solar,No Despachado Centralmente,TPLC,2026-08-03,2026-08-03,SIMEM 0bfc9d + 841808 + 10F2C9,,,,,,,,,,,,,,,,,,,,,True,False,Solo SIMEM
3J33,AGPE GRAFICAS DIAMANTE,Are0002,Area Antioquia,Are0015,SubArea Antioquia,Solar,No Despachado Centralmente,GNCC,2026-08-03,2026-08-03,SIMEM 0bfc9d + 841808 + 10F2C9,,,,,,,,,,,,,,,,,,,,,True,False,Solo SIMEM
3J35,AGPE EDIFICIO V1501,Are0128,Area Suroccidental,Are0032,SubArea Valle,Solar,No Despachado Centralmente,ASCC,2026-08-03,2026-08-03,SIMEM 0bfc9d + 841808 + 10F2C9,,,,,,,,,,,,,,,,,,,,,True,False,Solo SIMEM
3J37,AGPE INVERSIONES PASTO,Are0128,Area Suroccidental,Are0032,SubArea Valle,Solar,No Despachado Centralmente,ASCC,2026-08-03,2026-08-03,SIMEM 0bfc9d + 841808 + 10F2C9,,,,,,,,,,,,,,,,,,,,,True,False,Solo SIMEM
3J39,AGPE MAXXILLANTAS NO2,Are0127,Area Caribe,Are0021,SubArea Cordoba_Sucre,Solar,No Despachado Centralmente,SCEC,2026-08-03,2026-08-03,SIMEM 0bfc9d + 841808 + 10F2C9,,,,,,,,,,,,,,,,,,,,,True,False,Solo SIMEM
3J3B,AGPE BELLAVISTA COAL,Are0012,Area Nordeste,Are0029,SubArea Norte de Santander,Solar,No Despachado Centralmente,GNCC,2026-08-03,2026-08-03,SIMEM 0bfc9d + 841808 + 10F2C9,,,,,,,,,,,,,,,,,,,,,True,False,Solo SIMEM
3J3D,AGPE LA TURBINA,Are0127,Area Caribe,Are0021,SubArea Cordoba_Sucre,Solar,No Despachado Centralmente,SCEC,2026-08-03,2026-08-03,SIMEM 0bfc9d + 841808 + 10F2C9,,,,,,,,,,,,,,,,,,,,,True,False,Solo SIMEM
3J4D,,,,,,,,,,,,CAIMAN CIENAGUERO,MAGDALENA,47189.0,CIÉNAGA,Caribe,-74.02495478771974,10.857323271982969,9.0,SOLAR,RAD SOLAR,ND,NORMAL,PRUEBAS,GREENYELLOW COMERCIALIZADORA S.A.S. E.S.P.,2023-11-23,2023.0,2026-08-03,0.0,SI,409.0,False,True,Solo UPME
3J4P,AGPE HOTEL SONESTA,Are0128,Area Suroccidental,Are0022,SubArea CQR,Solar,No Despachado Centralmente,EEPC,2026-08-03,2026-08-03,SIMEM 0bfc9d + 841808 + 10F2C9,,,,,,,,,,,,,,,,,,,,,True,False,Solo SIMEM
3J4R,,,,,,,,,,,,PARQUE SOLAR DINAMARCA,META,50683.0,SAN JUAN DE ARAMA,Oriente,-73.75892054813157,3.2841061910835854,9.0,SOLAR,RAD SOLAR,ND,NORMAL,PRUEBAS,GREENYELLOW COMERCIALIZADORA S.A.S. E.S.P.,2023-12-13,2023.0,2026-08-03,0.0,SI,428.0,False,True,Solo UPME
3J4T,,,,,,,,,,,,PARQUE SOLAR VERSALLES,META,50683.0,SAN JUAN DE ARAMA,Oriente,-73.75892054813157,3.2841061910835854,9.0,SOLAR,RAD SOLAR,ND,NORMAL,PRUEBAS,GREENYELLOW COMERCIALIZADORA S.A.S. E.S.P.,2023-12-14,2023.0,2026-08-03,0.0,SI,429.0,False,True,Solo UPME
3J4V,,,,,,,,,,,,PARQUE SOLAR LA MENA,META,50680.0,SAN CARLOS DE GUAROA,Oriente,-73.27583347472584,3.847615258225508,9.0,SOLAR,RAD SOLAR,ND,NORMAL,PRUEBAS,GREENYELLOW COMERCIALIZADORA S.A.S. E.S.P.,2023-12-29,2023.0,2026-08-03,0.0,SI,430.0,False,True,Solo UPME
3J5D,AGPE ALVARO SOLANO,Are0127,Area Caribe,Are0021,SubArea Cordoba_Sucre,Solar,No Despachado Centralmente,SCEC,2026-08-03,2026-08-03,SIMEM 0bfc9d + 841808 + 10F2C9,,,,,,,,,,,,,,,,,,,,,True,False,Solo SIMEM
3J5F,AGPE MANUEL GONZALEZ CASA RECREO,Are0127,Area Caribe,Are0021,SubArea Cordoba_Sucre,Solar,No Despachado Centralmente,SCEC,2026-08-03,2026-08-03,SIMEM 0bfc9d + 841808 + 10F2C9,,,,,,,,,,,,,,,,,,,,,True,False,Solo SIMEM
3J5H,AGPE SUBASTAR BOSCONIA,Are0127,Area Caribe,Are0025,SubArea GCM,Solar,No Despachado Centralmente,SCEC,2026-08-03,2026-08-03,SIMEM 0bfc9d + 841808 + 10F2C9,,,,,,,,,,,,,,,,,,,,,True,False,Solo SIMEM
3J5J,AGPE SUBASTAR MONTERIA,Are0127,Area Caribe,Are0021,SubArea Cordoba_Sucre,Solar,No Despachado Centralmente,SCEC,2026-08-03,2026-08-03,SIMEM 0bfc9d + 841808 + 10F2C9,,,,,,,,,,,,,,,,,,,,,True,False,Solo SIMEM
3J5V,AGPE LUCAS JARAMILLO MONTOYA,Are0127,Area Caribe,Are0021,SubArea Cordoba_Sucre,Solar,No Despachado Centralmente,SCEC,2026-08-03,2026-08-03,SIMEM 0bfc9d + 841808 + 10F2C9,,,,,,,,,,,,,,,,,,,,,True,False,Solo SIMEM
3J5X,AGPE NATACHA JARAMILLO MONTOYA,Are0127,Area Caribe,Are0021,SubArea Cordoba_Sucre,Solar,No Despachado Centralmente,SCEC,2026-08-03,2026-08-03,SIMEM 0bfc9d + 841808 + 10F2C9,,,,,,,,,,,,,,,,,,,,,True,False,Solo SIMEM
3J63,AGPE HACIENDA LA ESTANCIA,Are0128,Area Suroccidental,Are0032,SubArea Valle,Solar,No Despachado Centralmente,GNCC,2026-08-03,2026-08-03,SIMEM 0bfc9d + 841808 + 10F2C9,,,,,,,,,,,,,,,,,,,,,True,False,Solo SIMEM
3J65,AGPE SUPERMASTICK,Are0056,Area Oriental,Are0017,SubArea Bogota,Solar,No Despachado Centralmente,GNCC,2026-08-03,2026-08-03,SIMEM 0bfc9d + 841808 + 10F2C9,,,,,,,,,,,,,,,,,,,,,True,False,Solo SIMEM
3J67,AGPE AGROINDUSTRIAL MOLINO SONORA,Are0012,Area Nordeste,Are0130,SubArea Boyaca-Casanare,Solar,No Despachado Centralmente,CASC,2026-08-03,2026-08-03,SIMEM 0bfc9d + 841808 + 10F2C9,,,,,,,,,,,,,,,,,,,,,True,False,Solo SIMEM
3J69,AGPE EDS RIO CORDOBA,Are0127,Area Caribe,Are0025,SubArea GCM,Solar,No Despachado Centralmente,TPLC,2026-08-03,2026-08-03,SIMEM 0bfc9d + 841808 + 10F2C9,,,,,,,,,,,,,,,,,,,,,True,False,Solo SIMEM
3J83,GUAMO,Are0128,Area Suroccidental,Are0031,SubArea Huila-Tolima,Solar,No Despachado Centralmente,ERRG,2026-08-03,2026-08-03,SIMEM 0bfc9d + 841808 + 10F2C9,GUAMO,TOLIMA,73319.0,GUAMO,Centro,-74.97657361950692,4.076500729146935,9.0,SOLAR,RAD SOLAR,ND,NORMAL,OPERACIÓN,ERCO GENERACION S.A.S. ESP,2026-07-29,2026.0,2026-08-03,0.0,SI,568.0,True,True,SIMEM + UPME
3J85,,,,,,,,,,,,NUMBANA,TOLIMA,73319.0,GUAMO,Centro,-74.97657361950692,4.076500729146935,9.9,SOLAR,RAD SOLAR,ND,NORMAL,PRUEBAS,ERCO GENERACION S.A.S. ESP,2024-01-24,2024.0,2026-08-03,0.0,SI,567.0,False,True,Solo UPME
3J8B,AGPE TIENDA Y EXPEDIDO DE CARNES JC,Are0128,Area Suroccidental,Are0032,SubArea Valle,Solar,No Despachado Centralmente,GNCC,2026-08-03,2026-08-03,SIMEM 0bfc9d + 841808 + 10F2C9,,,,,,,,,,,,,,,,,,,,,True,False,Solo SIMEM
3J8T,AGPE TREKKER HOSTELS,Are0127,Area Caribe,Are0025,SubArea GCM,Solar,No Despachado Centralmente,NEUC,2026-08-03,2026-08-03,SIMEM 0bfc9d + 841808 + 10F2C9,,,,,,,,,,,,,,,,,,,,,True,False,Solo SIMEM
3J8V,AGPE ARA CARTAGENA SANTA MONICA,Are0127,Area Caribe,Are0018,SubArea Bolivar,Solar,No Despachado Centralmente,NEUC,2026-08-03,2026-08-03,SIMEM 0bfc9d + 841808 + 10F2C9,,,,,,,,,,,,,,,,,,,,,True,False,Solo SIMEM
3J8X,AGPE ARA CARTAGENA LOS CORALES,Are0127,Area Caribe,Are0018,SubArea Bolivar,Solar,No Despachado Centralmente,NEUC,2026-08-03,2026-08-03,SIMEM 0bfc9d + 841808 + 10F2C9,,,,,,,,,,,,,,,,,,,,,True,False,Solo SIMEM
3J8Z,AGPE ARA CARTAGENA PROVIDENCIA,Are0127,Area Caribe,Are0018,SubArea Bolivar,Solar,No Despachado Centralmente,NEUC,2026-08-03,2026-08-03,SIMEM 0bfc9d + 841808 + 10F2C9,,,,,,,,,,,,,,,,,,,,,True,False,Solo SIMEM
3JA3,AGPE PORTAL DEL CARIBE,Are0127,Area Caribe,Are0025,SubArea GCM,Solar,No Despachado Centralmente,GNCC,2026-08-03,2026-08-03,SIMEM 0bfc9d + 841808 + 10F2C9,,,,,,,,,,,,,,,,,,,,,True,False,Solo SIMEM
3JBD,AGPE PISCICOLA BARACALDO,Are0128,Area Suroccidental,Are0031,SubArea Huila-Tolima,Solar,No Despachado Centralmente,GNCC,2026-08-03,2026-08-03,SIMEM 0bfc9d + 841808 + 10F2C9,,,,,,,,,,,,,,,,,,,,,True,False,Solo SIMEM
3JBF,AGPE HOTEL SANHA PLUS,Are0127,Area Caribe,Are0025,SubArea GCM,Solar,No Despachado Centralmente,GNCC,2026-08-03,2026-08-03,SIMEM 0bfc9d + 841808 + 10F2C9,,,,,,,,,,,,,,,,,,,,,True,False,Solo SIMEM
3JBH,AGPE COMERCIALIZADORA INDUMAR SAS,Are0002,Area Antioquia,Are0015,SubArea Antioquia,Solar,No Despachado Centralmente,GNCC,2026-08-03,2026-08-03,SIMEM 0bfc9d + 841808 + 10F2C9,,,,,,,,,,,,,,,,,,,,,True,False,Solo SIMEM
3JBP,LA NENERA,Are0127,Area Caribe,Are0021,SubArea Cordoba_Sucre,Solar,No Despachado Centralmente,ESNG,2026-08-03,2026-08-03,SIMEM 0bfc9d + 841808 + 10F2C9,LA NENERA,BOLÍVAR,13657.0,SAN JUAN NEPOMUCENO,Caribe,-75.06572164186566,9.96796431263113,0.975,SOLAR,RAD SOLAR,ND,GEN. DISTRIBUIDA,OPERACIÓN,ES INVEST COLOMBIA S.A.S. ESP,2024-01-12,2024.0,2026-08-03,0.0,SI,166.0,True,True,SIMEM + UPME
3JDA,AGPE CARLOS PALACIO LLANOGRANDE,Are0002,Area Antioquia,Are0015,SubArea Antioquia,Solar,No Despachado Centralmente,NEUC,2026-08-03,2026-08-03,SIMEM 0bfc9d + 841808 + 10F2C9,,,,,,,,,,,,,,,,,,,,,True,False,Solo SIMEM
3JDC,AGPE ALMACENES PARAISO YOPAL,Are0012,Area Nordeste,Are0130,SubArea Boyaca-Casanare,Solar,No Despachado Centralmente,GNCC,2026-08-03,2026-08-03,SIMEM 0bfc9d + 841808 + 10F2C9,,,,,,,,,,,,,,,,,,,,,True,False,Solo SIMEM
3JDE,AGPE GD CONECT,Are0012,Area Nordeste,Are0130,SubArea Boyaca-Casanare,Solar,No Despachado Centralmente,GNCC,2026-08-03,2026-08-03,SIMEM 0bfc9d + 841808 + 10F2C9,,,,,,,,,,,,,,,,,,,,,True,False,Solo SIMEM
3JDG,AGPE INDUSTRIAS NEGLE,Are0127,Area Caribe,Are0016,SubArea Atlantico,Solar,No Despachado Centralmente,NEUC,2026-08-03,2026-08-03,SIMEM 0bfc9d + 841808 + 10F2C9,,,,,,,,,,,,,,,,,,,,,True,False,Solo SIMEM
3JDI,AGPE CASINO ELITE,Are0127,Area Caribe,Are0016,SubArea Atlantico,Solar,No Despachado Centralmente,NEUC,2026-08-03,2026-08-03,SIMEM 0bfc9d + 841808 + 10F2C9,,,,,,,,,,,,,,,,,,,,,True,False,Solo SIMEM
3JDX,AGPE ALL TRUCKS SAS,Are0128,Area Suroccidental,Are0032,SubArea Valle,Solar,No Despachado Centralmente,EPSC,2026-08-03,2026-08-03,SIMEM 0bfc9d + 841808 + 10F2C9,,,,,,,,,,,,,,,,,,,,,True,False,Solo SIMEM
3JDZ,AGPE IML EMPAQUES,Are0128,Area Suroccidental,Are0022,SubArea CQR,Solar,No Despachado Centralmente,EEPC,2026-08-03,2026-08-03,SIMEM 0bfc9d + 841808 + 10F2C9,,,,,,,,,,,,,,,,,,,,,True,False,Solo SIMEM
3JE2,AGPE MERCALDAS PALERMO,Are0128,Area Suroccidental,Are0022,SubArea CQR,Solar,No Despachado Centralmente,EEPC,2026-08-03,2026-08-03,SIMEM 0bfc9d + 841808 + 10F2C9,,,,,,,,,,,,,,,,,,,,,True,False,Solo SIMEM
3JE4,AGPE MERCALDAS PROVICENTRO,Are0128,Area Suroccidental,Are0022,SubArea CQR,Solar,No Despachado Centralmente,EEPC,2026-08-03,2026-08-03,SIMEM 0bfc9d + 841808 + 10F2C9,,,,,,,,,,,,,,,,,,,,,True,False,Solo SIMEM
3JF6,AGPE SILVIA PALACIO,Are0002,Area Antioquia,Are0015,SubArea Antioquia,Solar,No Despachado Centralmente,NEUC,2026-08-03,2026-08-03,SIMEM 0bfc9d + 841808 + 10F2C9,,,,,,,,,,,,,,,,,,,,,True,False,Solo SIMEM
3JF8,AGPE JOSE ALBERTO CALDERON AGUDELO,Are0127,Area Caribe,Are0018,SubArea Bolivar,Solar,No Despachado Centralmente,NEUC,2026-08-03,2026-08-03,SIMEM 0bfc9d + 841808 + 10F2C9,,,,,,,,,,,,,,,,,,,,,True,False,Solo SIMEM
3JFA,AGPE ARA MONTERIA EL DORADO,Are0127,Area Caribe,Are0021,SubArea Cordoba_Sucre,Solar,No Despachado Centralmente,NEUC,2026-08-03,2026-08-03,SIMEM 0bfc9d + 841808 + 10F2C9,,,,,,,,,,,,,,,,,,,,,True,False,Solo SIMEM
3JFO,AGPE INVERSIONES GIZU SAS,Are0127,Area Caribe,Are0021,SubArea Cordoba_Sucre,Solar,No Despachado Centralmente,SCEC,2026-08-03,2026-08-03,SIMEM 0bfc9d + 841808 + 10F2C9,,,,,,,,,,,,,,,,,,,,,True,False,Solo SIMEM
3JFR,AGPE COLOMBO AMERICANO SEDE NORTE,Are0128,Area Suroccidental,Are0032,SubArea Valle,Solar,No Despachado Centralmente,GNCC,2026-08-03,2026-08-03,SIMEM 0bfc9d + 841808 + 10F2C9,,,,,,,,,,,,,,,,,,,,,True,False,Solo SIMEM
3JG3,AGPE MULTIIDEAS SAS,Are0128,Area Suroccidental,Are0032,SubArea Valle,Solar,No Despachado Centralmente,GNCC,2026-08-03,2026-08-03,SIMEM 0bfc9d + 841808 + 10F2C9,,,,,,,,,,,,,,,,,,,,,True,False,Solo SIMEM
3JG5,AGPE FARMATODO RODADERO,Are0127,Area Caribe,Are0025,SubArea GCM,Solar,No Despachado Centralmente,GNCC,2026-08-03,2026-08-03,SIMEM 0bfc9d + 841808 + 10F2C9,,,,,,,,,,,,,,,,,,,,,True,False,Solo SIMEM
3JHX,AGPE LA MASIA,Are0127,Area Caribe,Are0018,SubArea Bolivar,Solar,No Despachado Centralmente,BIAC,2026-08-03,2026-08-03,SIMEM 0bfc9d + 841808 + 10F2C9,,,,,,,,,,,,,,,,,,,,,True,False,Solo SIMEM
3JHZ,AGPE PLATINUM INVESTMENTS,Are0128,Area Suroccidental,Are0019,SubArea Cauca-Narino,Solar,No Despachado Centralmente,ASCC,2026-08-03,2026-08-03,SIMEM 0bfc9d + 841808 + 10F2C9,,,,,,,,,,,,,,,,,,,,,True,False,Solo SIMEM
3JI2,AGPE SAMUEL DAVID JULIO AMIGO,Are0127,Area Caribe,Are0021,SubArea Cordoba_Sucre,Solar,No Despachado Centralmente,SCEC,2026-08-03,2026-08-03,SIMEM 0bfc9d + 841808 + 10F2C9,,,,,,,,,,,,,,,,,,,,,True,False,Solo SIMEM
3JI4,AGPE INVERSIONES COSIE,Are0128,Area Suroccidental,Are0031,SubArea Huila-Tolima,Solar,No Despachado Centralmente,ETTC,2026-08-03,2026-08-03,SIMEM 0bfc9d + 841808 + 10F2C9,,,,,,,,,,,,,,,,,,,,,True,False,Solo SIMEM
3JJM,AGPE CENTRO EMPRESARIAL CHIPICHAPE,Are0128,Area Suroccidental,Are0032,SubArea Valle,Solar,No Despachado Centralmente,GNCC,2026-08-03,2026-08-03,SIMEM 0bfc9d + 841808 + 10F2C9,,,,,,,,,,,,,,,,,,,,,True,False,Solo SIMEM
3JJO,AGPE GRAFICAS MODERNAS,Are0128,Area Suroccidental,Are0032,SubArea Valle,Solar,No Despachado Centralmente,GNCC,2026-08-03,2026-08-03,SIMEM 0bfc9d + 841808 + 10F2C9,,,,,,,,,,,,,,,,,,,,,True,False,Solo SIMEM
3JJQ,AGPE BANCO DE BOGOTA YOPAL,Are0012,Area Nordeste,Are0130,SubArea Boyaca-Casanare,Solar,No Despachado Centralmente,GNCC,2026-08-03,2026-08-03,SIMEM 0bfc9d + 841808 + 10F2C9,,,,,,,,,,,,,,,,,,,,,True,False,Solo SIMEM
3JJS,AGPE TERMINAL TRANSPORTE MONTERIA,Are0127,Area Caribe,Are0021,SubArea Cordoba_Sucre,Solar,No Despachado Centralmente,GNCC,2026-08-03,2026-08-03,SIMEM 0bfc9d + 841808 + 10F2C9,,,,,,,,,,,,,,,,,,,,,True,False,Solo SIMEM
3JJU,AGPE JOSE LUIS LOZANO DURAN,Are0127,Area Caribe,Are0021,SubArea Cordoba_Sucre,Solar,No Despachado Centralmente,SCEC,2026-08-03,2026-08-03,SIMEM 0bfc9d + 841808 + 10F2C9,,,,,,,,,,,,,,,,,,,,,True,False,Solo SIMEM
3JN8,AGPE COLEGIO SAGRADA FAMILIA,Are0127,Area Caribe,Are0021,SubArea Cordoba_Sucre,Solar,No Despachado Centralmente,SCEC,2026-08-03,2026-08-03,SIMEM 0bfc9d + 841808 + 10F2C9,,,,,,,,,,,,,,,,,,,,,True,False,Solo SIMEM
3JNA,AGPE DISTRIBUCIONES HERNANDEZ HERNANDEZ,Are0127,Area Caribe,Are0021,SubArea Cordoba_Sucre,Solar,No Despachado Centralmente,SCEC,2026-08-03,2026-08-03,SIMEM 0bfc9d + 841808 + 10F2C9,,,,,,,,,,,,,,,,,,,,,True,False,Solo SIMEM
3JNC,AGPE SUBASTAR SAN PEDRO,Are0127,Area Caribe,Are0021,SubArea Cordoba_Sucre,Solar,No Despachado Centralmente,SCEC,2026-08-03,2026-08-03,SIMEM 0bfc9d + 841808 + 10F2C9,,,,,,,,,,,,,,,,,,,,,True,False,Solo SIMEM
3JNE,AGPE MOTO HIT MONTERIA,Are0127,Area Caribe,Are0021,SubArea Cordoba_Sucre,Solar,No Despachado Centralmente,SCEC,2026-08-03,2026-08-03,SIMEM 0bfc9d + 841808 + 10F2C9,,,,,,,,,,,,,,,,,,,,,True,False,Solo SIMEM
3JNG,AGPE BANCO DE BOGOTA AGUAZUL,Are0012,Area Nordeste,Are0130,SubArea Boyaca-Casanare,Solar,No Despachado Centralmente,GNCC,2026-08-03,2026-08-03,SIMEM 0bfc9d + 841808 + 10F2C9,,,,,,,,,,,,,,,,,,,,,True,False,Solo SIMEM
3JNN,AGPE CENTROABASTOS SA,Are0012,Area Nordeste,Are0131,SubArea Santander,Solar,No Despachado Centralmente,RTQC,2026-08-03,2026-08-03,SIMEM 0bfc9d + 841808 + 10F2C9,,,,,,,,,,,,,,,,,,,,,True,False,Solo SIMEM
3JNP,AGPE LENA BEATRIZ REZA GARCIA,Are0127,Area Caribe,Are0021,SubArea Cordoba_Sucre,Solar,No Despachado Centralmente,SCEC,2026-08-03,2026-08-03,SIMEM 0bfc9d + 841808 + 10F2C9,,,,,,,,,,,,,,,,,,,,,True,False,Solo SIMEM
3JNR,AUTOG UNIBOL 1,Are0127,Area Caribe,Are0016,SubArea Atlantico,Termica,No Despachado Centralmente,COGG,2026-08-03,2026-08-03,SIMEM 0bfc9d + 841808 + 10F2C9,AUTOG UNIBOL 1,ATLÁNTICO,8001.0,BARRANQUILLA,Caribe,-74.82774550660668,10.981524582561144,4.9,TERMICA,GAS,ND,AUTOGENERADOR,OPERACIÓN,COMERCIALIZADORA 4G ENERGIA SAS ESP,2024-02-10,2024.0,2026-08-03,7.5,SI,94.0,True,True,SIMEM + UPME
3JP6,GD BASILICA,Are0128,Area Suroccidental,Are0032,SubArea Valle,Solar,No Despachado Centralmente,EPSG,2026-08-03,2026-08-03,SIMEM 0bfc9d + 841808 + 10F2C9,GD BASILICA,VALLE DEL CAUCA,76113.0,BUGALAGRANDE,Pacífico,-76.08961535632501,4.196858156352319,0.975,SOLAR,RAD SOLAR,ND,GEN. DISTRIBUIDA,OPERACIÓN,CELSIA COLOMBIA S.A. E.S.P.,2024-02-15,2024.0,2026-08-03,0.0,SI,602.0,True,True,SIMEM + UPME
3JP8,GD LA URIBE,Are0128,Area Suroccidental,Are0032,SubArea Valle,Solar,No Despachado Centralmente,EPSG,2026-08-03,2026-08-03,SIMEM 0bfc9d + 841808 + 10F2C9,GD LA URIBE,VALLE DEL CAUCA,76403.0,LA VICTORIA,Pacífico,-75.96677731233385,4.483512280398679,0.6,SOLAR,RAD SOLAR,ND,GEN. DISTRIBUIDA,OPERACIÓN,CELSIA COLOMBIA S.A. E.S.P.,2024-03-13,2024.0,2026-08-03,0.0,SI,590.0,True,True,SIMEM + UPME
3JPA,GD ALFEREZ,Are0128,Area Suroccidental,Are0032,SubArea Valle,Solar,No Despachado Centralmente,EPSG,2026-08-03,2026-08-03,SIMEM 0bfc9d + 841808 + 10F2C9,GD ALFEREZ,VALLE DEL CAUCA,76001.0,CALI,Pacífico,-76.57650111502525,3.399042676552075,0.6,SOLAR,RAD SOLAR,ND,GEN. DISTRIBUIDA,OPERACIÓN,CELSIA COLOMBIA S.A. E.S.P.,2024-02-21,2024.0,2026-08-03,0.0,SI,596.0,True,True,SIMEM + UPME
3JPC,GD CHICORAL,Are0128,Area Suroccidental,Are0031,SubArea Huila-Tolima,Solar,No Despachado Centralmente,EPSG,2026-08-03,2026-08-03,SIMEM 0bfc9d + 841808 + 10F2C9,GD CHICORAL,TOLIMA,73275.0,FLANDES,Centro,-74.83708756165326,4.2428130314540144,0.975,SOLAR,RAD SOLAR,ND,GEN. DISTRIBUIDA,OPERACIÓN,CELSIA COLOMBIA S.A. E.S.P.,2024-05-18,2024.0,2026-08-03,0.0,SI,565.0,True,True,SIMEM + UPME
3JPE,GD LOS CHORROS,Are0128,Area Suroccidental,Are0031,SubArea Huila-Tolima,Solar,No Despachado Centralmente,EPSG,2026-08-03,2026-08-03,SIMEM 0bfc9d + 841808 + 10F2C9,GD LOS CHORROS,TOLIMA,73275.0,FLANDES,Centro,-74.83708756165326,4.2428130314540144,0.6,SOLAR,RAD SOLAR,ND,GEN. DISTRIBUIDA,OPERACIÓN,CELSIA COLOMBIA S.A. E.S.P.,2024-02-15,2024.0,2026-08-03,0.0,SI,564.0,True,True,SIMEM + UPME
3JPG,AGPE FEDEARROZ PORE,Are0012,Area Nordeste,Are0130,SubArea Boyaca-Casanare,Solar,No Despachado Centralmente,CASC,2026-08-03,2026-08-03,SIMEM 0bfc9d + 841808 + 10F2C9,,,,,,,,,,,,,,,,,,,,,True,False,Solo SIMEM
3JPI,AGPE EDS SAN ANTONIO,Are0128,Area Suroccidental,Are0032,SubArea Valle,Solar,No Despachado Centralmente,TPLC,2026-08-03,2026-08-03,SIMEM 0bfc9d + 841808 + 10F2C9,,,,,,,,,,,,,,,,,,,,,True,False,Solo SIMEM
3JPK,MINIGRANJA SAN PEDRO,Are0127,Area Caribe,Are0021,SubArea Cordoba_Sucre,Solar,No Despachado Centralmente,NTCG,2026-08-03,2026-08-03,SIMEM 0bfc9d + 841808 + 10F2C9,MINIGRANJA SAN PEDRO,SUCRE,70717.0,SAN PEDRO,Caribe,-75.03742066768767,9.396833785702093,0.9959,SOLAR,RAD SOLAR,ND,GEN. DISTRIBUIDA,OPERACIÓN,NITRO ENERGY COLOMBIA S.A.S. E.S.P.,2024-02-26,2024.0,2026-08-03,0.0,SI,531.0,True,True,SIMEM + UPME
3JPM,BARAYA,Are0127,Area Caribe,Are0021,SubArea Cordoba_Sucre,Solar,No Despachado Centralmente,UNGG,2026-08-03,2026-08-03,SIMEM 0bfc9d + 841808 + 10F2C9,BARAYA,SUCRE,70235.0,GALERAS,Caribe,-74.98135165734892,9.135169229796558,0.996,SOLAR,RAD SOLAR,ND,GEN. DISTRIBUIDA,OPERACIÓN,UNERGY ENERGY DIGITAL S.A.S E.S.P,2024-02-17,2024.0,2026-08-03,0.0,SI,504.0,True,True,SIMEM + UPME
3JQA,GD EL BANCO,Are0128,Area Suroccidental,Are0022,SubArea CQR,Solar,No Despachado Centralmente,EPSG,2026-08-03,2026-08-03,SIMEM 0bfc9d + 841808 + 10F2C9,GD EL BANCO,TOLIMA,73055.0,ARMERO,Centro,-74.8475058492297,5.006757303411625,0.975,SOLAR,RAD SOLAR,ND,GEN. DISTRIBUIDA,OPERACIÓN,CELSIA COLOMBIA S.A. E.S.P.,2024-02-21,2024.0,2026-08-03,0.0,SI,552.0,True,True,SIMEM + UPME
3JQC,GANDALF,Are0127,Area Caribe,Are0025,SubArea GCM,Solar,No Despachado Centralmente,UNGG,2026-08-03,2026-08-03,SIMEM 0bfc9d + 841808 + 10F2C9,GANDALF,CESAR,20750.0,SAN DIEGO,Caribe,-73.28805413567513,10.169512856483978,0.996,SOLAR,RAD SOLAR,ND,GEN. DISTRIBUIDA,OPERACIÓN,UNERGY ENERGY DIGITAL S.A.S E.S.P,2024-02-21,2024.0,2026-08-03,0.0,SI,282.0,True,True,SIMEM + UPME
3JQE,CANAHUATE,Are0127,Area Caribe,Are0025,SubArea GCM,Solar,No Despachado Centralmente,UNGG,2026-08-03,2026-08-03,SIMEM 0bfc9d + 841808 + 10F2C9,CANAHUATE,CESAR,20750.0,SAN DIEGO,Caribe,-73.28805413567513,10.169512856483978,0.996,SOLAR,RAD SOLAR,ND,GEN. DISTRIBUIDA,OPERACIÓN,UNERGY ENERGY DIGITAL S.A.S E.S.P,2024-02-21,2024.0,2026-08-03,0.0,SI,281.0,True,True,SIMEM + UPME
3JQL,AGPE CORPORACION CLUB COLOMBIA,Are0128,Area Suroccidental,Are0019,SubArea Cauca-Narino,Solar,No Despachado Centralmente,ASCC,2026-08-03,2026-08-03,SIMEM 0bfc9d + 841808 + 10F2C9,,,,,,,,,,,,,,,,,,,,,True,False,Solo SIMEM
3JQT,AGPE TELESENTINEL,Are0056,Area Oriental,Are0017,SubArea Bogota,Solar,No Despachado Centralmente,ETTC,2026-08-03,2026-08-03,SIMEM 0bfc9d + 841808 + 10F2C9,,,,,,,,,,,,,,,,,,,,,True,False,Solo SIMEM
3JQV,AGPE ARA SAN VICENTE,Are0128,Area Suroccidental,Are0032,SubArea Valle,Solar,No Despachado Centralmente,GNCC,2026-08-03,2026-08-03,SIMEM 0bfc9d + 841808 + 10F2C9,,,,,,,,,,,,,,,,,,,,,True,False,Solo SIMEM
3JQX,AGPE MODULTEC II,Are0056,Area Oriental,Are0017,SubArea Bogota,Solar,No Despachado Centralmente,GNCC,2026-08-03,2026-08-03,SIMEM 0bfc9d + 841808 + 10F2C9,,,,,,,,,,,,,,,,,,,,,True,False,Solo SIMEM
3JQZ,AGPE MODULTEC I,Are0056,Area Oriental,Are0017,SubArea Bogota,Solar,No Despachado Centralmente,GNCC,2026-08-03,2026-08-03,SIMEM 0bfc9d + 841808 + 10F2C9,,,,,,,,,,,,,,,,,,,,,True,False,Solo SIMEM
3JR2,AGPE MODULTEC III,Are0056,Area Oriental,Are0017,SubArea Bogota,Solar,No Despachado Centralmente,GNCC,2026-08-03,2026-08-03,SIMEM 0bfc9d + 841808 + 10F2C9,,,,,,,,,,,,,,,,,,,,,True,False,Solo SIMEM
3K52,AGPE SINCRON OFICINAS,Are0128,Area Suroccidental,Are0032,SubArea Valle,Solar,No Despachado Centralmente,ENBC,2026-08-03,2026-08-03,SIMEM 0bfc9d + 841808 + 10F2C9,,,,,,,,,,,,,,,,,,,,,True,False,Solo SIMEM
3K54,AGPE SINCRON PANCE,Are0128,Area Suroccidental,Are0032,SubArea Valle,Solar,No Despachado Centralmente,ENBC,2026-08-03,2026-08-03,SIMEM 0bfc9d + 841808 + 10F2C9,,,,,,,,,,,,,,,,,,,,,True,False,Solo SIMEM
3K56,AGPE AMISALUD SAS,Are0128,Area Suroccidental,Are0032,SubArea Valle,Solar,No Despachado Centralmente,ENBC,2026-08-03,2026-08-03,SIMEM 0bfc9d + 841808 + 10F2C9,,,,,,,,,,,,,,,,,,,,,True,False,Solo SIMEM
3K5A,AGPE CLINICA SALUD ORAL,Are0127,Area Caribe,Are0016,SubArea Atlantico,Solar,No Despachado Centralmente,GNCC,2026-08-03,2026-08-03,SIMEM 0bfc9d + 841808 + 10F2C9,,,,,,,,,,,,,,,,,,,,,True,False,Solo SIMEM
3K5C,AGPE GRASAS Y LACTEOS DE OCCIDENTE,Are0128,Area Suroccidental,Are0032,SubArea Valle,Solar,No Despachado Centralmente,ENBC,2026-08-03,2026-08-03,SIMEM 0bfc9d + 841808 + 10F2C9,,,,,,,,,,,,,,,,,,,,,True,False,Solo SIMEM
3K5E,AGPE CONGNAR,Are0128,Area Suroccidental,Are0019,SubArea Cauca-Narino,Solar,No Despachado Centralmente,ETTC,2026-08-03,2026-08-03,SIMEM 0bfc9d + 841808 + 10F2C9,,,,,,,,,,,,,,,,,,,,,True,False,Solo SIMEM
3K5G,AGPE EDGAVDA,Are0128,Area Suroccidental,Are0019,SubArea Cauca-Narino,Solar,No Despachado Centralmente,ETTC,2026-08-03,2026-08-03,SIMEM 0bfc9d + 841808 + 10F2C9,,,,,,,,,,,,,,,,,,,,,True,False,Solo SIMEM
3K5I,AGPE ARIS TEXTIL SAS,Are0128,Area Suroccidental,Are0032,SubArea Valle,Solar,No Despachado Centralmente,GNCC,2026-08-03,2026-08-03,SIMEM 0bfc9d + 841808 + 10F2C9,,,,,,,,,,,,,,,,,,,,,True,False,Solo SIMEM
3K5Y,AGPE SALUD FORMA MEDICAL ESTHETIC,Are0127,Area Caribe,Are0021,SubArea Cordoba_Sucre,Solar,No Despachado Centralmente,SCEC,2026-08-03,2026-08-03,SIMEM 0bfc9d + 841808 + 10F2C9,,,,,,,,,,,,,,,,,,,,,True,False,Solo SIMEM
3K61,AGPE LECHERIA EL UBERRIMO,Are0127,Area Caribe,Are0021,SubArea Cordoba_Sucre,Solar,No Despachado Centralmente,SCEC,2026-08-03,2026-08-03,SIMEM 0bfc9d + 841808 + 10F2C9,,,,,,,,,,,,,,,,,,,,,True,False,Solo SIMEM
3K6R,AGPE PANADERIA GALAN,Are0127,Area Caribe,Are0025,SubArea GCM,Solar,No Despachado Centralmente,GNCC,2026-08-03,2026-08-03,SIMEM 0bfc9d + 841808 + 10F2C9,,,,,,,,,,,,,,,,,,,,,True,False,Solo SIMEM
3K6T,,,,,,,,,,,,SOLAR ALEJANDRIA,CÓRDOBA,23555.0,PLANETA RICA,Caribe,-75.68911038737392,8.181193052658834,9.4,SOLAR,RAD SOLAR,ND,NORMAL,PRUEBAS,GREENYELLOW COMERCIALIZADORA S.A.S. E.S.P.,2024-03-09,2024.0,2026-08-03,0.0,SI,317.0,False,True,Solo UPME
3K6V,AGPE BANCO DE BOGOTA JAMUNDI,Are0128,Area Suroccidental,Are0032,SubArea Valle,Solar,No Despachado Centralmente,GNCC,2026-08-03,2026-08-03,SIMEM 0bfc9d + 841808 + 10F2C9,,,,,,,,,,,,,,,,,,,,,True,False,Solo SIMEM
3K6X,GD LA HONDA,Are0128,Area Suroccidental,Are0032,SubArea Valle,Solar,No Despachado Centralmente,EPSG,2026-08-03,2026-08-03,SIMEM 0bfc9d + 841808 + 10F2C9,GD LA HONDA,VALLE DEL CAUCA,76403.0,LA VICTORIA,Pacífico,-75.96677731233385,4.483512280398679,0.975,SOLAR,RAD SOLAR,ND,GEN. DISTRIBUIDA,OPERACIÓN,CELSIA COLOMBIA S.A. E.S.P.,2024-03-13,2024.0,2026-08-03,0.0,SI,589.0,True,True,SIMEM + UPME
3K7L,AGPE RTS TULUA,Are0128,Area Suroccidental,Are0032,SubArea Valle,Solar,No Despachado Centralmente,GNCC,2026-08-03,2026-08-03,SIMEM 0bfc9d + 841808 + 10F2C9,,,,,,,,,,,,,,,,,,,,,True,False,Solo SIMEM
3K7N,AGPE FUNGICOL Y CIA,Are0002,Area Antioquia,Are0015,SubArea Antioquia,Solar,No Despachado Centralmente,GNCC,2026-08-03,2026-08-03,SIMEM 0bfc9d + 841808 + 10F2C9,,,,,,,,,,,,,,,,,,,,,True,False,Solo SIMEM
3K7P,AGPE ANDALUCIA TALLER,Are0056,Area Oriental,Are0017,SubArea Bogota,Solar,No Despachado Centralmente,GNCC,2026-08-03,2026-08-03,SIMEM 0bfc9d + 841808 + 10F2C9,,,,,,,,,,,,,,,,,,,,,True,False,Solo SIMEM
3K7R,AGPE ANDALUCIA POSCOSECHA,Are0056,Area Oriental,Are0017,SubArea Bogota,Solar,No Despachado Centralmente,GNCC,2026-08-03,2026-08-03,SIMEM 0bfc9d + 841808 + 10F2C9,,,,,,,,,,,,,,,,,,,,,True,False,Solo SIMEM
3K7T,AGPE ANDALUCIA PORTERIA,Are0056,Area Oriental,Are0017,SubArea Bogota,Solar,No Despachado Centralmente,GNCC,2026-08-03,2026-08-03,SIMEM 0bfc9d + 841808 + 10F2C9,,,,,,,,,,,,,,,,,,,,,True,False,Solo SIMEM
3K88,AGPE FABRICA CALZADO ROMULO,Are0128,Area Suroccidental,Are0032,SubArea Valle,Solar,No Despachado Centralmente,FERC,2026-08-03,2026-08-03,SIMEM 0bfc9d + 841808 + 10F2C9,,,,,,,,,,,,,,,,,,,,,True,False,Solo SIMEM
3K8A,,,,,,,,,,,,CELSIA SOLAR ALUMINA,VALLE DEL CAUCA,76892.0,YUMBO,Pacífico,-76.51099150889527,3.595908339346365,1.971,SOLAR,RAD SOLAR,ND,AUTOGENERADOR,PRUEBAS,CELSIA COLOMBIA S.A. E.S.P.,2024-03-22,2024.0,2026-08-03,0.0,NO,638.0,False,True,Solo UPME
3K8C,BSB 503,Are0127,Area Caribe,Are0016,SubArea Atlantico,Solar,No Despachado Centralmente,ISGG,2026-08-03,2026-08-03,SIMEM 0bfc9d + 841808 + 10F2C9,BSB 503,ATLÁNTICO,8638.0,SABANALARGA,Caribe,-74.95510955662664,10.622505657124778,19.9,SOLAR,RAD SOLAR,ND,NORMAL,OPERACIÓN,ISAGEN S.A. E.S.P.,2024-09-25,2024.0,2026-08-03,0.0,SI,143.0,True,True,SIMEM + UPME
3K8E,BSB 504,Are0127,Area Caribe,Are0016,SubArea Atlantico,Solar,No Despachado Centralmente,ISGG,2026-08-03,2026-08-03,SIMEM 0bfc9d + 841808 + 10F2C9,BSB 504,ATLÁNTICO,8638.0,SABANALARGA,Caribe,-74.95510955662664,10.622505657124778,19.9,SOLAR,RAD SOLAR,ND,NORMAL,OPERACIÓN,ISAGEN S.A. E.S.P.,2024-09-26,2024.0,2026-08-03,0.0,SI,144.0,True,True,SIMEM + UPME
3K91,AGPE CALZACOSTA OFICINAS,Are0127,Area Caribe,Are0016,SubArea Atlantico,Solar,No Despachado Centralmente,GNCC,2026-08-03,2026-08-03,SIMEM 0bfc9d + 841808 + 10F2C9,,,,,,,,,,,,,,,,,,,,,True,False,Solo SIMEM
3K93,AGPE CI FARMAPLAST,Are0002,Area Antioquia,Are0015,SubArea Antioquia,Solar,No Despachado Centralmente,ETTC,2026-08-03,2026-08-03,SIMEM 0bfc9d + 841808 + 10F2C9,,,,,,,,,,,,,,,,,,,,,True,False,Solo SIMEM
3KA2,AGPE PEDRO ANTONIO TOSCANO TOSCANO,Are0127,Area Caribe,Are0021,SubArea Cordoba_Sucre,Solar,No Despachado Centralmente,SCEC,2026-08-03,2026-08-03,SIMEM 0bfc9d + 841808 + 10F2C9,,,,,,,,,,,,,,,,,,,,,True,False,Solo SIMEM
3KA6,AGPE CC LA FLORIDA I,Are0012,Area Nordeste,Are0131,SubArea Santander,Solar,No Despachado Centralmente,RTQC,2026-08-03,2026-08-03,SIMEM 0bfc9d + 841808 + 10F2C9,,,,,,,,,,,,,,,,,,,,,True,False,Solo SIMEM
3KA8,AGPE SOLUCIONES ADUANERAS,Are0127,Area Caribe,Are0016,SubArea Atlantico,Solar,No Despachado Centralmente,BIAC,2026-08-03,2026-08-03,SIMEM 0bfc9d + 841808 + 10F2C9,,,,,,,,,,,,,,,,,,,,,True,False,Solo SIMEM
3KE2,AGPE BICITIENDA JR,Are0127,Area Caribe,Are0021,SubArea Cordoba_Sucre,Solar,No Despachado Centralmente,SCEC,2026-08-03,2026-08-03,SIMEM 0bfc9d + 841808 + 10F2C9,,,,,,,,,,,,,,,,,,,,,True,False,Solo SIMEM
3KE4,AGPE CARLOS MANUEL BOOM BURGOS,Are0127,Area Caribe,Are0021,SubArea Cordoba_Sucre,Solar,No Despachado Centralmente,SCEC,2026-08-03,2026-08-03,SIMEM 0bfc9d + 841808 + 10F2C9,,,,,,,,,,,,,,,,,,,,,True,False,Solo SIMEM
3KE6,AGPE KALA,Are0127,Area Caribe,Are0021,SubArea Cordoba_Sucre,Solar,No Despachado Centralmente,SCEC,2026-08-03,2026-08-03,SIMEM 0bfc9d + 841808 + 10F2C9,,,,,,,,,,,,,,,,,,,,,True,False,Solo SIMEM
3KJK,,,,,,,,,,,,SOL Y CIELO I,CÓRDOBA,23001.0,MONTERÍA,Caribe,-75.95052937682705,8.584659059910113,9.9,SOLAR,RAD SOLAR,ND,NORMAL,PRUEBAS,ENERGIA Y GAS DE COLOMBIA SAS ESP,2024-05-05,2024.0,2026-08-03,0.0,SI,342.0,False,True,Solo UPME
3KK1,AGPE MEAT MARKET,Are0128,Area Suroccidental,Are0032,SubArea Valle,Solar,No Despachado Centralmente,ENBC,2026-08-03,2026-08-03,SIMEM 0bfc9d + 841808 + 10F2C9,,,,,,,,,,,,,,,,,,,,,True,False,Solo SIMEM
3KK3,AGPE VITELSA,Are0056,Area Oriental,Are0017,SubArea Bogota,Solar,No Despachado Centralmente,ETTC,2026-08-03,2026-08-03,SIMEM 0bfc9d + 841808 + 10F2C9,,,,,,,,,,,,,,,,,,,,,True,False,Solo SIMEM
3KK5,AGPE DINISSAN CALI,Are0128,Area Suroccidental,Are0032,SubArea Valle,Solar,No Despachado Centralmente,ETTC,2026-08-03,2026-08-03,SIMEM 0bfc9d + 841808 + 10F2C9,,,,,,,,,,,,,,,,,,,,,True,False,Solo SIMEM
3KK7,AGPE ABISAI,Are0127,Area Caribe,Are0025,SubArea GCM,Solar,No Despachado Centralmente,ETTC,2026-08-03,2026-08-03,SIMEM 0bfc9d + 841808 + 10F2C9,,,,,,,,,,,,,,,,,,,,,True,False,Solo SIMEM
3KK9,AGPE SUPERCANAVERAL,Are0128,Area Suroccidental,Are0032,SubArea Valle,Solar,No Despachado Centralmente,ETTC,2026-08-03,2026-08-03,SIMEM 0bfc9d + 841808 + 10F2C9,,,,,,,,,,,,,,,,,,,,,True,False,Solo SIMEM
3KKB,AGPE JORGE EMILIO MONTES,Are0127,Area Caribe,Are0021,SubArea Cordoba_Sucre,Solar,No Despachado Centralmente,SCEC,2026-08-03,2026-08-03,SIMEM 0bfc9d + 841808 + 10F2C9,,,,,,,,,,,,,,,,,,,,,True,False,Solo SIMEM
3KKD,AGPE VITE,Are0056,Area Oriental,Are0017,SubArea Bogota,Solar,No Despachado Centralmente,ETTC,2026-08-03,2026-08-03,SIMEM 0bfc9d + 841808 + 10F2C9,,,,,,,,,,,,,,,,,,,,,True,False,Solo SIMEM
3KL4,,,,,,,,,,,,POWER PLANT DRUMMOND 1,CESAR,20250.0,EL PASO,Caribe,-73.7382619683179,9.683721170835586,19.9,TERMICA,GAS,ND,AUTOGENERADOR,INACTIVO,DRUMMOND POWER S.A.S. E.S.P.,2024-04-21,2024.0,2026-08-03,10.0,NO,278.0,False,True,Solo UPME
3KL6,AGPE GASTROCESAR,Are0127,Area Caribe,Are0025,SubArea GCM,Solar,No Despachado Centralmente,NEUC,2026-08-03,2026-08-03,SIMEM 0bfc9d + 841808 + 10F2C9,,,,,,,,,,,,,,,,,,,,,True,False,Solo SIMEM
3KL8,AGPE MANUEL GONZALEZ CASA 1,Are0127,Area Caribe,Are0021,SubArea Cordoba_Sucre,Solar,No Despachado Centralmente,SCEC,2026-08-03,2026-08-03,SIMEM 0bfc9d + 841808 + 10F2C9,,,,,,,,,,,,,,,,,,,,,True,False,Solo SIMEM
3KLA,AGPE JAIME HUMBERTO VELEZ,Are0128,Area Suroccidental,Are0032,SubArea Valle,Solar,No Despachado Centralmente,ENBC,2026-08-03,2026-08-03,SIMEM 0bfc9d + 841808 + 10F2C9,,,,,,,,,,,,,,,,,,,,,True,False,Solo SIMEM
3KLC,AGPE ALFONSO PAYAN,Are0128,Area Suroccidental,Are0032,SubArea Valle,Solar,No Despachado Centralmente,ENBC,2026-08-03,2026-08-03,SIMEM 0bfc9d + 841808 + 10F2C9,,,,,,,,,,,,,,,,,,,,,True,False,Solo SIMEM
3KLE,AGPE ALFREDO PACHECO,Are0128,Area Suroccidental,Are0032,SubArea Valle,Solar,No Despachado Centralmente,ENBC,2026-08-03,2026-08-03,SIMEM 0bfc9d + 841808 + 10F2C9,,,,,,,,,,,,,,,,,,,,,True,False,Solo SIMEM
3KLG,AGPE CHM MINERIA SAS,Are0127,Area Caribe,Are0016,SubArea Atlantico,Solar,No Despachado Centralmente,QIEC,2026-08-03,2026-08-03,SIMEM 0bfc9d + 841808 + 10F2C9,,,,,,,,,,,,,,,,,,,,,True,False,Solo SIMEM
3KLI,AGPE JUAN ERAZO,Are0128,Area Suroccidental,Are0032,SubArea Valle,Solar,No Despachado Centralmente,ENBC,2026-08-03,2026-08-03,SIMEM 0bfc9d + 841808 + 10F2C9,,,,,,,,,,,,,,,,,,,,,True,False,Solo SIMEM
3KLK,AGPE SEMINARIO DIOCESANO CRISTO SACERDOTE,Are0128,Area Suroccidental,Are0032,SubArea Valle,Solar,No Despachado Centralmente,CETC,2026-08-03,2026-08-03,SIMEM 0bfc9d + 841808 + 10F2C9,,,,,,,,,,,,,,,,,,,,,True,False,Solo SIMEM
3KLM,AGPE BERNARDO LENIS,Are0128,Area Suroccidental,Are0032,SubArea Valle,Solar,No Despachado Centralmente,ENBC,2026-08-03,2026-08-03,SIMEM 0bfc9d + 841808 + 10F2C9,,,,,,,,,,,,,,,,,,,,,True,False,Solo SIMEM
3KLO,AGPE HENRI GALVIS NIETO,Are0127,Area Caribe,Are0021,SubArea Cordoba_Sucre,Solar,No Despachado Centralmente,GNCC,2026-08-03,2026-08-03,SIMEM 0bfc9d + 841808 + 10F2C9,,,,,,,,,,,,,,,,,,,,,True,False,Solo SIMEM
3KLQ,AUTOG TERMOMACAGUA 1,Are0012,Area Nordeste,Are0129,SubArea Arauca,Termica,No Despachado Centralmente,GSAG,2026-08-03,2026-08-03,SIMEM 0bfc9d + 841808 + 10F2C9,AUTOG TERMOMACAGUA 1,ARAUCA,81794.0,TAME,Oriente,-71.79177012757432,6.390704511440092,4.9,TERMICA,GAS,ND,AUTOGENERADOR,OPERACIÓN,GENERSA S.A.S. E.S.P.,2024-06-28,2024.0,2026-08-03,0.0,NO,92.0,True,True,SIMEM + UPME
3KLS,AGPE PARDO CORENA LTDA,Are0127,Area Caribe,Are0021,SubArea Cordoba_Sucre,Solar,No Despachado Centralmente,SCEC,2026-08-03,2026-08-03,SIMEM 0bfc9d + 841808 + 10F2C9,,,,,,,,,,,,,,,,,,,,,True,False,Solo SIMEM
3KLU,AGPE SUMILAN,Are0127,Area Caribe,Are0025,SubArea GCM,Solar,No Despachado Centralmente,GNCC,2026-08-03,2026-08-03,SIMEM 0bfc9d + 841808 + 10F2C9,,,,,,,,,,,,,,,,,,,,,True,False,Solo SIMEM
3KO9,AGPE CACHARRERIA JUNIOR L,Are0127,Area Caribe,Are0021,SubArea Cordoba_Sucre,Solar,No Despachado Centralmente,SCEC,2026-08-03,2026-08-03,SIMEM 0bfc9d + 841808 + 10F2C9,,,,,,,,,,,,,,,,,,,,,True,False,Solo SIMEM
3KOD,,,,,,,,,,,,ECOPARQUE SOLAR BRISAS,HUILA,41016.0,AIPE,Centro,-75.27655250183108,3.2433946430352805,4.0,SOLAR,RAD SOLAR,ND,AUTOGENERADOR,INACTIVO,GENERADORA Y COMERCIALIZADORA DE ENERGIA DEL CARIBE S.A. E.S.P.,2024-04-26,2024.0,2026-08-03,0.0,SI,382.0,False,True,Solo UPME
3KOJ,AGPE MADEPAL,Are0128,Area Suroccidental,Are0032,SubArea Valle,Solar,No Despachado Centralmente,CETC,2026-08-03,2026-08-03,SIMEM 0bfc9d + 841808 + 10F2C9,,,,,,,,,,,,,,,,,,,,,True,False,Solo SIMEM
3KOL,GD PALERMO,Are0128,Area Suroccidental,Are0031,SubArea Huila-Tolima,Solar,No Despachado Centralmente,EPSG,2026-08-03,2026-08-03,SIMEM 0bfc9d + 841808 + 10F2C9,GD PALERMO,TOLIMA,73275.0,FLANDES,Centro,-74.83708756165326,4.2428130314540144,0.975,SOLAR,RAD SOLAR,ND,GEN. DISTRIBUIDA,OPERACIÓN,CELSIA COLOMBIA S.A. E.S.P.,2024-12-02,2024.0,2026-08-03,0.0,SI,566.0,True,True,SIMEM + UPME
3KOP,AGPE CASITA DEL CUY,Are0128,Area Suroccidental,Are0019,SubArea Cauca-Narino,Solar,No Despachado Centralmente,NEUC,2026-08-03,2026-08-03,SIMEM 0bfc9d + 841808 + 10F2C9,,,,,,,,,,,,,,,,,,,,,True,False,Solo SIMEM
3KOR,AGPE SUBASTAR SAHAGUN,Are0127,Area Caribe,Are0021,SubArea Cordoba_Sucre,Solar,No Despachado Centralmente,SCEC,2026-08-03,2026-08-03,SIMEM 0bfc9d + 841808 + 10F2C9,,,,,,,,,,,,,,,,,,,,,True,False,Solo SIMEM
3KOT,AGPE CESAR JULIO HERNANDEZ,Are0127,Area Caribe,Are0021,SubArea Cordoba_Sucre,Solar,No Despachado Centralmente,SCEC,2026-08-03,2026-08-03,SIMEM 0bfc9d + 841808 + 10F2C9,,,,,,,,,,,,,,,,,,,,,True,False,Solo SIMEM
3KOV,AGPE INDUSTRIAS NEGLE II,Are0127,Area Caribe,Are0025,SubArea GCM,Solar,No Despachado Centralmente,GNCC,2026-08-03,2026-08-03,SIMEM 0bfc9d + 841808 + 10F2C9,,,,,,,,,,,,,,,,,,,,,True,False,Solo SIMEM
3KOX,AGPE LAS VEGAS RECREACIONES,Are0127,Area Caribe,Are0016,SubArea Atlantico,Solar,No Despachado Centralmente,GNCC,2026-08-03,2026-08-03,SIMEM 0bfc9d + 841808 + 10F2C9,,,,,,,,,,,,,,,,,,,,,True,False,Solo SIMEM
3KOZ,AGPE LA GRAN RESERVA,Are0056,Area Oriental,Are0017,SubArea Bogota,Solar,No Despachado Centralmente,GNCC,2026-08-03,2026-08-03,SIMEM 0bfc9d + 841808 + 10F2C9,,,,,,,,,,,,,,,,,,,,,True,False,Solo SIMEM
3KPG,AGPE MOLINOS EL YOPAL,Are0012,Area Nordeste,Are0130,SubArea Boyaca-Casanare,Solar,No Despachado Centralmente,GNCC,2026-08-03,2026-08-03,SIMEM 0bfc9d + 841808 + 10F2C9,,,,,,,,,,,,,,,,,,,,,True,False,Solo SIMEM
3KR2,AGPE FUNDACION  OFTALMOLOGICA,Are0128,Area Suroccidental,Are0019,SubArea Cauca-Narino,Solar,No Despachado Centralmente,BIAC,2026-08-03,2026-08-03,SIMEM 0bfc9d + 841808 + 10F2C9,,,,,,,,,,,,,,,,,,,,,True,False,Solo SIMEM
3KR4,AGPE CC LA FLORIDA II,Are0012,Area Nordeste,Are0131,SubArea Santander,Solar,No Despachado Centralmente,RTQC,2026-08-03,2026-08-03,SIMEM 0bfc9d + 841808 + 10F2C9,,,,,,,,,,,,,,,,,,,,,True,False,Solo SIMEM
3KR6,AGPE RAMON GIRALDO GONZALEZ,Are0127,Area Caribe,Are0018,SubArea Bolivar,Solar,No Despachado Centralmente,SCEC,2026-08-03,2026-08-03,SIMEM 0bfc9d + 841808 + 10F2C9,,,,,,,,,,,,,,,,,,,,,True,False,Solo SIMEM
3KR8,AGPE MAURICIO VERGARA FRANCO,Are0127,Area Caribe,Are0021,SubArea Cordoba_Sucre,Solar,No Despachado Centralmente,SCEC,2026-08-03,2026-08-03,SIMEM 0bfc9d + 841808 + 10F2C9,,,,,,,,,,,,,,,,,,,,,True,False,Solo SIMEM
3KVZ,,,,,,,,,,,,AUTOG BIOS CONTEGRAL CARTAGO,VALLE DEL CAUCA,76147.0,CARTAGO,Pacífico,-75.91791091281863,4.706847421964042,3.225,SOLAR,RAD SOLAR,ND,AUTOGENERADOR,PRUEBAS,EMPRESAS PUBLICAS DE MEDELLIN E.S.P.,2024-05-22,2024.0,2026-08-03,0.0,NO,609.0,False,True,Solo UPME
3KX5,AGPE PARROQUIA ESPIRITU SANTO,Are0127,Area Caribe,Are0016,SubArea Atlantico,Solar,No Despachado Centralmente,GNCC,2026-08-03,2026-08-03,SIMEM 0bfc9d + 841808 + 10F2C9,,,,,,,,,,,,,,,,,,,,,True,False,Solo SIMEM
3KXI,AGPE RODOLFO ANTONIO ONATE,Are0127,Area Caribe,Are0025,SubArea GCM,Solar,No Despachado Centralmente,NEUC,2026-08-03,2026-08-03,SIMEM 0bfc9d + 841808 + 10F2C9,,,,,,,,,,,,,,,,,,,,,True,False,Solo SIMEM
3KXQ,,,,,,,,,,,,AUTOG BIOS CONTEGRAL NEIVA,HUILA,41001.0,NEIVA,Centro,-75.27237609121896,2.9933992655563686,1.6,SOLAR,RAD SOLAR,ND,AUTOGENERADOR,PRUEBAS,EMPRESAS PUBLICAS DE MEDELLIN E.S.P.,2024-05-22,2024.0,2026-08-03,0.0,NO,388.0,False,True,Solo UPME
3L99,AGPE GRUPO SAN JORGE,Are0127,Area Caribe,Are0021,SubArea Cordoba_Sucre,Solar,No Despachado Centralmente,SCEC,2026-08-03,2026-08-03,SIMEM 0bfc9d + 841808 + 10F2C9,,,,,,,,,,,,,,,,,,,,,True,False,Solo SIMEM
3L9B,,,,,,,,,,,,AUTOG EL COPEY,CESAR,20238.0,EL COPEY,Caribe,-73.91284691348685,10.199930964845986,6.6,SOLAR,RAD SOLAR,ND,AUTOGENERADOR,PRUEBAS,GENERADORA Y COMERCIALIZADORA DE ENERGIA DEL CARIBE S.A. E.S.P.,2024-05-24,2024.0,2026-08-03,0.0,NO,259.0,False,True,Solo UPME
3L9D,AGPE COLGATE PALMOLIVE PALMIRA,Are0128,Area Suroccidental,Are0032,SubArea Valle,Solar,No Despachado Centralmente,EMIC,2026-08-03,2026-08-03,SIMEM 0bfc9d + 841808 + 10F2C9,,,,,,,,,,,,,,,,,,,,,True,False,Solo SIMEM
3LC5,AGPE OCCICAUCHO,Are0128,Area Suroccidental,Are0032,SubArea Valle,Solar,No Despachado Centralmente,ETTC,2026-08-03,2026-08-03,SIMEM 0bfc9d + 841808 + 10F2C9,,,,,,,,,,,,,,,,,,,,,True,False,Solo SIMEM
3LC7,AGPE UNIPLAST SAS,Are0012,Area Nordeste,Are0029,SubArea Norte de Santander,Solar,No Despachado Centralmente,GNCC,2026-08-03,2026-08-03,SIMEM 0bfc9d + 841808 + 10F2C9,,,,,,,,,,,,,,,,,,,,,True,False,Solo SIMEM
3LC9,AGPE SANTIAGO ARANGO,Are0002,Area Antioquia,Are0015,SubArea Antioquia,Solar,No Despachado Centralmente,ENBC,2026-08-03,2026-08-03,SIMEM 0bfc9d + 841808 + 10F2C9,,,,,,,,,,,,,,,,,,,,,True,False,Solo SIMEM
3LCB,AGPE PRIMAX COLOMBIA FACATATIVA,Are0056,Area Oriental,Are0017,SubArea Bogota,Solar,No Despachado Centralmente,BIAC,2026-08-03,2026-08-03,SIMEM 0bfc9d + 841808 + 10F2C9,,,,,,,,,,,,,,,,,,,,,True,False,Solo SIMEM
3LK3,AGPE LUZ MARIA QUINTERO,Are0127,Area Caribe,Are0021,SubArea Cordoba_Sucre,Solar,No Despachado Centralmente,SCEC,2026-08-03,2026-08-03,SIMEM 0bfc9d + 841808 + 10F2C9,,,,,,,,,,,,,,,,,,,,,True,False,Solo SIMEM
3LK5,AGPE SERVI CARROS MONTERIA,Are0127,Area Caribe,Are0021,SubArea Cordoba_Sucre,Solar,No Despachado Centralmente,SCEC,2026-08-03,2026-08-03,SIMEM 0bfc9d + 841808 + 10F2C9,,,,,,,,,,,,,,,,,,,,,True,False,Solo SIMEM
3LLY,,,,,,,,,,,,PARQUE SOLAR HONDA II,CUNDINAMARCA,25320.0,GUADUAS,Centro,-74.64014234841376,5.1735388538606415,9.9,SOLAR,RAD SOLAR,ND,NORMAL,PRUEBAS,ATLÁNTICA COLOMBIA S.A.S. E.S.P.,2024-07-21,2024.0,2026-08-03,0.0,SI,352.0,False,True,Solo UPME
3LM1,AGPE DAVID SANCHEZ SANCHEZ,Are0127,Area Caribe,Are0021,SubArea Cordoba_Sucre,Solar,No Despachado Centralmente,SCEC,2026-08-03,2026-08-03,SIMEM 0bfc9d + 841808 + 10F2C9,,,,,,,,,,,,,,,,,,,,,True,False,Solo SIMEM
3LM3,AGPE DANIEL JOSE JALLER,Are0127,Area Caribe,Are0021,SubArea Cordoba_Sucre,Solar,No Despachado Centralmente,SCEC,2026-08-03,2026-08-03,SIMEM 0bfc9d + 841808 + 10F2C9,,,,,,,,,,,,,,,,,,,,,True,False,Solo SIMEM
3LM5,AGPE GERMAN ALFREDO ORTIZ,Are0127,Area Caribe,Are0021,SubArea Cordoba_Sucre,Solar,No Despachado Centralmente,SCEC,2026-08-03,2026-08-03,SIMEM 0bfc9d + 841808 + 10F2C9,,,,,,,,,,,,,,,,,,,,,True,False,Solo SIMEM
3LM7,AGPE EMIRO VELASQUEZ,Are0128,Area Suroccidental,Are0032,SubArea Valle,Solar,No Despachado Centralmente,ENBC,2026-08-03,2026-08-03,SIMEM 0bfc9d + 841808 + 10F2C9,,,,,,,,,,,,,,,,,,,,,True,False,Solo SIMEM
3LM9,AGPE HOTEL V1501,Are0128,Area Suroccidental,Are0019,SubArea Cauca-Narino,Solar,No Despachado Centralmente,ASCC,2026-08-03,2026-08-03,SIMEM 0bfc9d + 841808 + 10F2C9,,,,,,,,,,,,,,,,,,,,,True,False,Solo SIMEM
3LMB,AGPE SAN ISIDRO I,Are0127,Area Caribe,Are0025,SubArea GCM,Solar,No Despachado Centralmente,ETTC,2026-08-03,2026-08-03,SIMEM 0bfc9d + 841808 + 10F2C9,,,,,,,,,,,,,,,,,,,,,True,False,Solo SIMEM
3LMD,AGPE VELEZ OSORIO E HIJOS S EN C,Are0127,Area Caribe,Are0021,SubArea Cordoba_Sucre,Solar,No Despachado Centralmente,SCEC,2026-08-03,2026-08-03,SIMEM 0bfc9d + 841808 + 10F2C9,,,,,,,,,,,,,,,,,,,,,True,False,Solo SIMEM
3LMF,AGPE SERGIO ANDRES VELEZ OSORIO,Are0127,Area Caribe,Are0021,SubArea Cordoba_Sucre,Solar,No Despachado Centralmente,SCEC,2026-08-03,2026-08-03,SIMEM 0bfc9d + 841808 + 10F2C9,,,,,,,,,,,,,,,,,,,,,True,False,Solo SIMEM
3LMH,,,,,,,,,,,,JEQUES,CUNDINAMARCA,25224.0,CUCUNUBÁ,Centro,-73.78002104595625,5.2303072926636505,9.9,SOLAR,RAD SOLAR,ND,NORMAL,PRUEBAS,GREENYELLOW COMERCIALIZADORA S.A.S. E.S.P.,2024-07-04,2024.0,2026-08-03,0.0,SI,354.0,False,True,Solo UPME
3LMJ,,,,,,,,,,,,CELSIA SOLAR BUGALAGRANDE,VALLE DEL CAUCA,76036.0,ANDALUCÍA,Pacífico,-76.16072389274095,4.153319987006707,9.9,SOLAR,RAD SOLAR,ND,NORMAL,PRUEBAS,CELSIA COLOMBIA S.A. E.S.P.,2024-07-30,2024.0,2026-08-03,0.0,SI,591.0,False,True,Solo UPME
3LML,AGPE METROPOLITANA DE COMBUSTIBLE,Are0127,Area Caribe,Are0016,SubArea Atlantico,Solar,No Despachado Centralmente,BIAC,2026-08-03,2026-08-03,SIMEM 0bfc9d + 841808 + 10F2C9,,,,,,,,,,,,,,,,,,,,,True,False,Solo SIMEM
3LPS,AGPE COLEGIO PARROQUIAL PABLO VI,Are0127,Area Caribe,Are0025,SubArea GCM,Solar,No Despachado Centralmente,GNCC,2026-08-03,2026-08-03,SIMEM 0bfc9d + 841808 + 10F2C9,,,,,,,,,,,,,,,,,,,,,True,False,Solo SIMEM
3LPU,AGPE CASA EPISCOPAL,Are0127,Area Caribe,Are0025,SubArea GCM,Solar,No Despachado Centralmente,GNCC,2026-08-03,2026-08-03,SIMEM 0bfc9d + 841808 + 10F2C9,,,,,,,,,,,,,,,,,,,,,True,False,Solo SIMEM
3LPW,AGPE SEMINARIO DIOCESANO JUAN PABLO II,Are0127,Area Caribe,Are0025,SubArea GCM,Solar,No Despachado Centralmente,GNCC,2026-08-03,2026-08-03,SIMEM 0bfc9d + 841808 + 10F2C9,,,,,,,,,,,,,,,,,,,,,True,False,Solo SIMEM
3LPY,AGPE AGROZ,Are0128,Area Suroccidental,Are0031,SubArea Huila-Tolima,Solar,No Despachado Centralmente,EPMC,2026-08-03,2026-08-03,SIMEM 0bfc9d + 841808 + 10F2C9,,,,,,,,,,,,,,,,,,,,,True,False,Solo SIMEM
3LQ1,AGPE LA SELVA,Are0128,Area Suroccidental,Are0022,SubArea CQR,Solar,No Despachado Centralmente,EPMC,2026-08-03,2026-08-03,SIMEM 0bfc9d + 841808 + 10F2C9,,,,,,,,,,,,,,,,,,,,,True,False,Solo SIMEM
3LQ3,AGPE AMERICANA DE CURTIDOS,Are0128,Area Suroccidental,Are0022,SubArea CQR,Solar,No Despachado Centralmente,EPMC,2026-08-03,2026-08-03,SIMEM 0bfc9d + 841808 + 10F2C9,,,,,,,,,,,,,,,,,,,,,True,False,Solo SIMEM
3LQZ,AGPE CABANA SERGIO VELEZ,Are0127,Area Caribe,Are0021,SubArea Cordoba_Sucre,Solar,No Despachado Centralmente,SCEC,2026-08-03,2026-08-03,SIMEM 0bfc9d + 841808 + 10F2C9,,,,,,,,,,,,,,,,,,,,,True,False,Solo SIMEM
3MAF,AGPE CABAL VASQUEZ Y CIA S EN C,Are0128,Area Suroccidental,Are0032,SubArea Valle,Solar,No Despachado Centralmente,ENBC,2026-08-03,2026-08-03,SIMEM 0bfc9d + 841808 + 10F2C9,,,,,,,,,,,,,,,,,,,,,True,False,Solo SIMEM
3MAH,AGPE AMERIPLAST Y CIA,Are0128,Area Suroccidental,Are0032,SubArea Valle,Solar,No Despachado Centralmente,EMIC,2026-08-03,2026-08-03,SIMEM 0bfc9d + 841808 + 10F2C9,,,,,,,,,,,,,,,,,,,,,True,False,Solo SIMEM
3MAJ,AGPE BERHLAN TEBAIDA,Are0128,Area Suroccidental,Are0022,SubArea CQR,Solar,No Despachado Centralmente,GNCC,2026-08-03,2026-08-03,SIMEM 0bfc9d + 841808 + 10F2C9,,,,,,,,,,,,,,,,,,,,,True,False,Solo SIMEM
3MAN,AGPE JCURUETA,Are0127,Area Caribe,Are0021,SubArea Cordoba_Sucre,Solar,No Despachado Centralmente,ETTC,2026-08-03,2026-08-03,SIMEM 0bfc9d + 841808 + 10F2C9,,,,,,,,,,,,,,,,,,,,,True,False,Solo SIMEM
3MAP,AGPE MEDINUCLEAR SAS,Are0128,Area Suroccidental,Are0019,SubArea Cauca-Narino,Solar,No Despachado Centralmente,ASCC,2026-08-03,2026-08-03,SIMEM 0bfc9d + 841808 + 10F2C9,,,,,,,,,,,,,,,,,,,,,True,False,Solo SIMEM
3MAR,AGPE INVERSIONES ZORAIDA HV SAS,Are0127,Area Caribe,Are0025,SubArea GCM,Solar,No Despachado Centralmente,NEUC,2026-08-03,2026-08-03,SIMEM 0bfc9d + 841808 + 10F2C9,,,,,,,,,,,,,,,,,,,,,True,False,Solo SIMEM
3MAT,AGPE INEMA,Are0056,Area Oriental,Are0017,SubArea Bogota,Solar,No Despachado Centralmente,GNCC,2026-08-03,2026-08-03,SIMEM 0bfc9d + 841808 + 10F2C9,,,,,,,,,,,,,,,,,,,,,True,False,Solo SIMEM
3MAV,AGPE LASTRA,Are0128,Area Suroccidental,Are0032,SubArea Valle,Solar,No Despachado Centralmente,ETTC,2026-08-03,2026-08-03,SIMEM 0bfc9d + 841808 + 10F2C9,,,,,,,,,,,,,,,,,,,,,True,False,Solo SIMEM
3MFN,AGPE FRISBY SA,Are0128,Area Suroccidental,Are0022,SubArea CQR,Solar,No Despachado Centralmente,EEPC,2026-08-03,2026-08-03,SIMEM 0bfc9d + 841808 + 10F2C9,,,,,,,,,,,,,,,,,,,,,True,False,Solo SIMEM
3MGV,AGPE VELEZ OSORIO E HIJOS S EN C CABANA,Are0127,Area Caribe,Are0021,SubArea Cordoba_Sucre,Solar,No Despachado Centralmente,SCEC,2026-08-03,2026-08-03,SIMEM 0bfc9d + 841808 + 10F2C9,,,,,,,,,,,,,,,,,,,,,True,False,Solo SIMEM
3MGX,AGPE CLINICA OFTALMALOGICA DE SUCRE,Are0127,Area Caribe,Are0021,SubArea Cordoba_Sucre,Solar,No Despachado Centralmente,SCEC,2026-08-03,2026-08-03,SIMEM 0bfc9d + 841808 + 10F2C9,,,,,,,,,,,,,,,,,,,,,True,False,Solo SIMEM
3MGZ,AGPE RAFAEL EDUARDO NARANJO,Are0127,Area Caribe,Are0021,SubArea Cordoba_Sucre,Solar,No Despachado Centralmente,SCEC,2026-08-03,2026-08-03,SIMEM 0bfc9d + 841808 + 10F2C9,,,,,,,,,,,,,,,,,,,,,True,False,Solo SIMEM
3MHB,MINIGRANJA LA PAZ VALLENATA,Are0127,Area Caribe,Are0025,SubArea GCM,Solar,No Despachado Centralmente,UNGG,2026-08-03,2026-08-03,SIMEM 0bfc9d + 841808 + 10F2C9,MINIGRANJA LA PAZ VALLENATA,CESAR,20621.0,LA PAZ,Caribe,-73.078475713251,10.244460449569692,0.996,SOLAR,RAD SOLAR,ND,GEN. DISTRIBUIDA,OPERACIÓN,UNERGY ENERGY DIGITAL S.A.S E.S.P,2024-08-12,2024.0,2026-08-03,0.0,SI,256.0,True,True,SIMEM + UPME
3MHD,AGPE GERARDO ORTIZ HUERGO,Are0128,Area Suroccidental,Are0032,SubArea Valle,Solar,No Despachado Centralmente,ENBC,2026-08-03,2026-08-03,SIMEM 0bfc9d + 841808 + 10F2C9,,,,,,,,,,,,,,,,,,,,,True,False,Solo SIMEM
3MHF,AGPE CAROL CHICA CASTILLA,Are0127,Area Caribe,Are0021,SubArea Cordoba_Sucre,Solar,No Despachado Centralmente,SCEC,2026-08-03,2026-08-03,SIMEM 0bfc9d + 841808 + 10F2C9,,,,,,,,,,,,,,,,,,,,,True,False,Solo SIMEM
3MHH,AGPE HOTEL ONOMA,Are0127,Area Caribe,Are0021,SubArea Cordoba_Sucre,Solar,No Despachado Centralmente,GNCC,2026-08-03,2026-08-03,SIMEM 0bfc9d + 841808 + 10F2C9,,,,,,,,,,,,,,,,,,,,,True,False,Solo SIMEM
3MS2,CELSIA SOLAR PUERTO TEJADA,Are0128,Area Suroccidental,Are0019,SubArea Cauca-Narino,Solar,No Despachado Centralmente,EPSG,2026-08-03,2026-08-03,SIMEM 0bfc9d + 841808 + 10F2C9,CELSIA SOLAR PUERTO TEJADA,CAUCA,19573.0,PUERTO TEJADA,Pacífico,-76.41847173164886,3.266692587506764,19.9,SOLAR,RAD SOLAR,ND,AUTOGENERADOR,OPERACIÓN,CELSIA COLOMBIA S.A. E.S.P.,2026-02-17,2026.0,2026-08-03,0.0,NO,238.0,True,True,SIMEM + UPME
3MS5,AGPE SUBASTAR SAMPUES,Are0127,Area Caribe,Are0021,SubArea Cordoba_Sucre,Solar,No Despachado Centralmente,SCEC,2026-08-03,2026-08-03,SIMEM 0bfc9d + 841808 + 10F2C9,,,,,,,,,,,,,,,,,,,,,True,False,Solo SIMEM
3MTV,AGPE AGROPECUARIA TABAIDA SAS,Are0127,Area Caribe,Are0021,SubArea Cordoba_Sucre,Solar,No Despachado Centralmente,SCEC,2026-08-03,2026-08-03,SIMEM 0bfc9d + 841808 + 10F2C9,,,,,,,,,,,,,,,,,,,,,True,False,Solo SIMEM
3MTX,AGPE ROSIRIS MARGARITA AYAZO,Are0127,Area Caribe,Are0021,SubArea Cordoba_Sucre,Solar,No Despachado Centralmente,SCEC,2026-08-03,2026-08-03,SIMEM 0bfc9d + 841808 + 10F2C9,,,,,,,,,,,,,,,,,,,,,True,False,Solo SIMEM
3MTZ,AGPE LOLA DEL SOCORRO SANCHEZ MEJIA,Are0127,Area Caribe,Are0021,SubArea Cordoba_Sucre,Solar,No Despachado Centralmente,SCEC,2026-08-03,2026-08-03,SIMEM 0bfc9d + 841808 + 10F2C9,,,,,,,,,,,,,,,,,,,,,True,False,Solo SIMEM
3MU2,AGPE EIDER JULIO HOYOS MENDOZA,Are0127,Area Caribe,Are0021,SubArea Cordoba_Sucre,Solar,No Despachado Centralmente,SCEC,2026-08-03,2026-08-03,SIMEM 0bfc9d + 841808 + 10F2C9,,,,,,,,,,,,,,,,,,,,,True,False,Solo SIMEM
3MU8,AGPE HACIENDA GARZONERO SAS,Are0128,Area Suroccidental,Are0032,SubArea Valle,Solar,No Despachado Centralmente,BIAC,2026-08-03,2026-08-03,SIMEM 0bfc9d + 841808 + 10F2C9,,,,,,,,,,,,,,,,,,,,,True,False,Solo SIMEM
3MUA,AGPE GRICOAT COLOMBIA I,Are0002,Area Antioquia,Are0015,SubArea Antioquia,Solar,No Despachado Centralmente,NEUC,2026-08-03,2026-08-03,SIMEM 0bfc9d + 841808 + 10F2C9,,,,,,,,,,,,,,,,,,,,,True,False,Solo SIMEM
3MUC,AGPE TSM PROJECT,Are0127,Area Caribe,Are0025,SubArea GCM,Solar,No Despachado Centralmente,NEUC,2026-08-03,2026-08-03,SIMEM 0bfc9d + 841808 + 10F2C9,,,,,,,,,,,,,,,,,,,,,True,False,Solo SIMEM
3MVS,AGPE RUBEN ALEJANDRO GIRALDO,Are0127,Area Caribe,Are0021,SubArea Cordoba_Sucre,Solar,No Despachado Centralmente,SCEC,2026-08-03,2026-08-03,SIMEM 0bfc9d + 841808 + 10F2C9,,,,,,,,,,,,,,,,,,,,,True,False,Solo SIMEM
3MVU,AGPE COLEGIO JEFFERSON,Are0128,Area Suroccidental,Are0032,SubArea Valle,Solar,No Despachado Centralmente,EPSC,2026-08-03,2026-08-03,SIMEM 0bfc9d + 841808 + 10F2C9,,,,,,,,,,,,,,,,,,,,,True,False,Solo SIMEM
3MVW,AGPE REG MARKETING,Are0127,Area Caribe,Are0016,SubArea Atlantico,Solar,No Despachado Centralmente,GNCC,2026-08-03,2026-08-03,SIMEM 0bfc9d + 841808 + 10F2C9,,,,,,,,,,,,,,,,,,,,,True,False,Solo SIMEM
3MVY,AGPE FEDERICA ECHEVERRY,Are0002,Area Antioquia,Are0015,SubArea Antioquia,Solar,No Despachado Centralmente,ENBC,2026-08-03,2026-08-03,SIMEM 0bfc9d + 841808 + 10F2C9,,,,,,,,,,,,,,,,,,,,,True,False,Solo SIMEM
3MW1,AGPE COMERCIALIZADORA EL SUR LIMITADA,Are0127,Area Caribe,Are0018,SubArea Bolivar,Solar,No Despachado Centralmente,SCEC,2026-08-03,2026-08-03,SIMEM 0bfc9d + 841808 + 10F2C9,,,,,,,,,,,,,,,,,,,,,True,False,Solo SIMEM
3MW3,AGPE JUAN DIEGO LOPEZ HOYOS,Are0128,Area Suroccidental,Are0022,SubArea CQR,Solar,No Despachado Centralmente,ENBC,2026-08-03,2026-08-03,SIMEM 0bfc9d + 841808 + 10F2C9,,,,,,,,,,,,,,,,,,,,,True,False,Solo SIMEM
3MW5,AGPE IMAGENES DIAGNOSTICAS CERETE,Are0127,Area Caribe,Are0021,SubArea Cordoba_Sucre,Solar,No Despachado Centralmente,SCEC,2026-08-03,2026-08-03,SIMEM 0bfc9d + 841808 + 10F2C9,,,,,,,,,,,,,,,,,,,,,True,False,Solo SIMEM
3MW7,AGPE CASA BRITANICA SAS SEDE TRONCAL,Are0127,Area Caribe,Are0021,SubArea Cordoba_Sucre,Solar,No Despachado Centralmente,SCEC,2026-08-03,2026-08-03,SIMEM 0bfc9d + 841808 + 10F2C9,,,,,,,,,,,,,,,,,,,,,True,False,Solo SIMEM
3MXG,AGPE FELIX TORRES,Are0127,Area Caribe,Are0016,SubArea Atlantico,Solar,No Despachado Centralmente,GNCC,2026-08-03,2026-08-03,SIMEM 0bfc9d + 841808 + 10F2C9,,,,,,,,,,,,,,,,,,,,,True,False,Solo SIMEM
3MXI,AGPE FARMATODO LIMONAR,Are0128,Area Suroccidental,Are0032,SubArea Valle,Solar,No Despachado Centralmente,GNCC,2026-08-03,2026-08-03,SIMEM 0bfc9d + 841808 + 10F2C9,,,,,,,,,,,,,,,,,,,,,True,False,Solo SIMEM
3MXK,AGPE PLEX CORPORATIVO PROPIEDAD HORIZONTAL,Are0002,Area Antioquia,Are0015,SubArea Antioquia,Solar,No Despachado Centralmente,GNCC,2026-08-03,2026-08-03,SIMEM 0bfc9d + 841808 + 10F2C9,,,,,,,,,,,,,,,,,,,,,True,False,Solo SIMEM
3MXM,AGPE BANCO BOGOTA SAN NICOLAS,Are0128,Area Suroccidental,Are0032,SubArea Valle,Solar,No Despachado Centralmente,GNCC,2026-08-03,2026-08-03,SIMEM 0bfc9d + 841808 + 10F2C9,,,,,,,,,,,,,,,,,,,,,True,False,Solo SIMEM
3MXO,AGPE HUGO ALEJANDRO HERRERA,Are0127,Area Caribe,Are0021,SubArea Cordoba_Sucre,Solar,No Despachado Centralmente,SCEC,2026-08-03,2026-08-03,SIMEM 0bfc9d + 841808 + 10F2C9,,,,,,,,,,,,,,,,,,,,,True,False,Solo SIMEM
3MXQ,AGPE CLINIDOTACIONES SAS,Are0127,Area Caribe,Are0021,SubArea Cordoba_Sucre,Solar,No Despachado Centralmente,SCEC,2026-08-03,2026-08-03,SIMEM 0bfc9d + 841808 + 10F2C9,,,,,,,,,,,,,,,,,,,,,True,False,Solo SIMEM
3MXS,AGPE LA CASA DEL DEPORTE,Are0127,Area Caribe,Are0021,SubArea Cordoba_Sucre,Solar,No Despachado Centralmente,SCEC,2026-08-03,2026-08-03,SIMEM 0bfc9d + 841808 + 10F2C9,,,,,,,,,,,,,,,,,,,,,True,False,Solo SIMEM
3MXU,AGPE ERAZO MARTINEZ ASOCIADOS,Are0127,Area Caribe,Are0021,SubArea Cordoba_Sucre,Solar,No Despachado Centralmente,SCEC,2026-08-03,2026-08-03,SIMEM 0bfc9d + 841808 + 10F2C9,,,,,,,,,,,,,,,,,,,,,True,False,Solo SIMEM
3MXW,AGPE VINALE S EN C,Are0127,Area Caribe,Are0021,SubArea Cordoba_Sucre,Solar,No Despachado Centralmente,SCEC,2026-08-03,2026-08-03,SIMEM 0bfc9d + 841808 + 10F2C9,,,,,,,,,,,,,,,,,,,,,True,False,Solo SIMEM
3MXY,AGPE ANDRES RODRIGO JARAMILLO DURANGO,Are0127,Area Caribe,Are0021,SubArea Cordoba_Sucre,Solar,No Despachado Centralmente,SCEC,2026-08-03,2026-08-03,SIMEM 0bfc9d + 841808 + 10F2C9,,,,,,,,,,,,,,,,,,,,,True,False,Solo SIMEM
3N5E,AGPE SUB LIBERTADOR,Are0127,Area Caribe,Are0025,SubArea GCM,Solar,No Despachado Centralmente,CSIG,2026-08-03,2026-08-03,SIMEM 0bfc9d + 841808 + 10F2C9,,,,,,,,,,,,,,,,,,,,,True,False,Solo SIMEM
3N7Q,AGPE  ALIMENTOS NARINO MC SAS,Are0128,Area Suroccidental,Are0019,SubArea Cauca-Narino,Solar,No Despachado Centralmente,GNCC,2026-08-03,2026-08-03,SIMEM 0bfc9d + 841808 + 10F2C9,,,,,,,,,,,,,,,,,,,,,True,False,Solo SIMEM
3N9Z,AGPE LOS HORNITOS SAS,Are0056,Area Oriental,Are0017,SubArea Bogota,Solar,No Despachado Centralmente,BIAC,2026-08-03,2026-08-03,SIMEM 0bfc9d + 841808 + 10F2C9,,,,,,,,,,,,,,,,,,,,,True,False,Solo SIMEM
3NA2,AGPE JUAN NEFTALI GOMEZ ARBELAEZ,Are0127,Area Caribe,Are0021,SubArea Cordoba_Sucre,Solar,No Despachado Centralmente,SCEC,2026-08-03,2026-08-03,SIMEM 0bfc9d + 841808 + 10F2C9,,,,,,,,,,,,,,,,,,,,,True,False,Solo SIMEM
3NA4,AGPE ALQUIBER DARIO RIOS CARDONA,Are0127,Area Caribe,Are0021,SubArea Cordoba_Sucre,Solar,No Despachado Centralmente,SCEC,2026-08-03,2026-08-03,SIMEM 0bfc9d + 841808 + 10F2C9,,,,,,,,,,,,,,,,,,,,,True,False,Solo SIMEM
3NA6,AGPE MONICA ANDREA PINEROS CORREA,Are0127,Area Caribe,Are0021,SubArea Cordoba_Sucre,Solar,No Despachado Centralmente,SCEC,2026-08-03,2026-08-03,SIMEM 0bfc9d + 841808 + 10F2C9,,,,,,,,,,,,,,,,,,,,,True,False,Solo SIMEM
3NAB,AGPE MULTIA 104093,Are0056,Area Oriental,Are0017,SubArea Bogota,Solar,No Despachado Centralmente,ETTC,2026-08-03,2026-08-03,SIMEM 0bfc9d + 841808 + 10F2C9,,,,,,,,,,,,,,,,,,,,,True,False,Solo SIMEM
3NAD,AGPE MULTIA 104095,Are0056,Area Oriental,Are0017,SubArea Bogota,Solar,No Despachado Centralmente,ETTC,2026-08-03,2026-08-03,SIMEM 0bfc9d + 841808 + 10F2C9,,,,,,,,,,,,,,,,,,,,,True,False,Solo SIMEM
3NAG,AGPE ESTACION Y LUBRICANTES SAN ANTONIO GNV S,Are0012,Area Nordeste,Are0130,SubArea Boyaca-Casanare,Solar,No Despachado Centralmente,GNCC,2026-08-03,2026-08-03,SIMEM 0bfc9d + 841808 + 10F2C9,,,,,,,,,,,,,,,,,,,,,True,False,Solo SIMEM
3NAI,AGPE COLEGIO CLARETIANO,Are0056,Area Oriental,Are0017,SubArea Bogota,Solar,No Despachado Centralmente,GNCC,2026-08-03,2026-08-03,SIMEM 0bfc9d + 841808 + 10F2C9,,,,,,,,,,,,,,,,,,,,,True,False,Solo SIMEM
3NAS,AGPE PROAGR19,Are0056,Area Oriental,Are0017,SubArea Bogota,Solar,No Despachado Centralmente,ETTC,2026-08-03,2026-08-03,SIMEM 0bfc9d + 841808 + 10F2C9,,,,,,,,,,,,,,,,,,,,,True,False,Solo SIMEM
3NAU,AGPE EDS LA PAZ,Are0127,Area Caribe,Are0016,SubArea Atlantico,Solar,No Despachado Centralmente,TPLC,2026-08-03,2026-08-03,SIMEM 0bfc9d + 841808 + 10F2C9,,,,,,,,,,,,,,,,,,,,,True,False,Solo SIMEM
3NAW,AGPE JORGE ARMANDO SANCHEZ MEJIA,Are0128,Area Suroccidental,Are0032,SubArea Valle,Solar,No Despachado Centralmente,QIEC,2026-08-03,2026-08-03,SIMEM 0bfc9d + 841808 + 10F2C9,,,,,,,,,,,,,,,,,,,,,True,False,Solo SIMEM
3NAY,AGPE GRUPO FIRENZE SAS LOC 1,Are0127,Area Caribe,Are0021,SubArea Cordoba_Sucre,Solar,No Despachado Centralmente,SCEC,2026-08-03,2026-08-03,SIMEM 0bfc9d + 841808 + 10F2C9,,,,,,,,,,,,,,,,,,,,,True,False,Solo SIMEM
3NB1,AGPE VICTOR HUGO CORAL HOME LC 101,Are0128,Area Suroccidental,Are0032,SubArea Valle,Solar,No Despachado Centralmente,ENBC,2026-08-03,2026-08-03,SIMEM 0bfc9d + 841808 + 10F2C9,,,,,,,,,,,,,,,,,,,,,True,False,Solo SIMEM
3NB3,AGPE AUTOTECNICA COLOMBIANA,Are0127,Area Caribe,Are0018,SubArea Bolivar,Solar,No Despachado Centralmente,EPMC,2026-08-03,2026-08-03,SIMEM 0bfc9d + 841808 + 10F2C9,,,,,,,,,,,,,,,,,,,,,True,False,Solo SIMEM
3NB5,AGPE INVERSIONES SANTOS HR SAS,Are0127,Area Caribe,Are0021,SubArea Cordoba_Sucre,Solar,No Despachado Centralmente,SCEC,2026-08-03,2026-08-03,SIMEM 0bfc9d + 841808 + 10F2C9,,,,,,,,,,,,,,,,,,,,,True,False,Solo SIMEM
3NB7,AGPE ASOCIACION DE MUNICIPIOS DEL SINU SABANA,Are0127,Area Caribe,Are0021,SubArea Cordoba_Sucre,Solar,No Despachado Centralmente,SCEC,2026-08-03,2026-08-03,SIMEM 0bfc9d + 841808 + 10F2C9,,,,,,,,,,,,,,,,,,,,,True,False,Solo SIMEM
3NB9,AGPE HERNAN DARIO GONZALEZ,Are0002,Area Antioquia,Are0015,SubArea Antioquia,Solar,No Despachado Centralmente,NEUC,2026-08-03,2026-08-03,SIMEM 0bfc9d + 841808 + 10F2C9,,,,,,,,,,,,,,,,,,,,,True,False,Solo SIMEM
3NBB,AGPE MARIA MERCES GARCIA BURGOS,Are0127,Area Caribe,Are0021,SubArea Cordoba_Sucre,Solar,No Despachado Centralmente,SCEC,2026-08-03,2026-08-03,SIMEM 0bfc9d + 841808 + 10F2C9,,,,,,,,,,,,,,,,,,,,,True,False,Solo SIMEM
3NBD,AGPE MELISSA ANDREA GUERRA LOPEZ,Are0127,Area Caribe,Are0016,SubArea Atlantico,Solar,No Despachado Centralmente,SCEC,2026-08-03,2026-08-03,SIMEM 0bfc9d + 841808 + 10F2C9,,,,,,,,,,,,,,,,,,,,,True,False,Solo SIMEM
3ND4,AGPE SPATARO NAPOLI,Are0128,Area Suroccidental,Are0032,SubArea Valle,Solar,No Despachado Centralmente,GNCC,2026-08-03,2026-08-03,SIMEM 0bfc9d + 841808 + 10F2C9,,,,,,,,,,,,,,,,,,,,,True,False,Solo SIMEM
3ND8,AGPE QUINTERO CUELLO SAS,Are0127,Area Caribe,Are0025,SubArea GCM,Solar,No Despachado Centralmente,NEUC,2026-08-03,2026-08-03,SIMEM 0bfc9d + 841808 + 10F2C9,,,,,,,,,,,,,,,,,,,,,True,False,Solo SIMEM
3NDA,AGPE GIMNASIO MODERNO SINU,Are0127,Area Caribe,Are0021,SubArea Cordoba_Sucre,Solar,No Despachado Centralmente,SCEC,2026-08-03,2026-08-03,SIMEM 0bfc9d + 841808 + 10F2C9,,,,,,,,,,,,,,,,,,,,,True,False,Solo SIMEM
3NDC,AGPE PARCELACION MONTECAPIRO,Are0002,Area Antioquia,Are0015,SubArea Antioquia,Solar,No Despachado Centralmente,ENBC,2026-08-03,2026-08-03,SIMEM 0bfc9d + 841808 + 10F2C9,,,,,,,,,,,,,,,,,,,,,True,False,Solo SIMEM
3NDE,GD ERCO TOLDADO,Are0128,Area Suroccidental,Are0031,SubArea Huila-Tolima,Solar,No Despachado Centralmente,ERRG,2026-08-03,2026-08-03,SIMEM 0bfc9d + 841808 + 10F2C9,GD ERCO TOLDADO,TOLIMA,73504.0,ORTEGA,Centro,-75.27825181028741,3.937790802552208,0.99,SOLAR,RAD SOLAR,ND,GEN. DISTRIBUIDA,OPERACIÓN,ERCO GENERACION S.A.S. ESP,2024-09-18,2024.0,2026-08-03,0.0,SI,557.0,True,True,SIMEM + UPME
3NDG,AGPE SERVITECA LA AMISTAD SAS,Are0127,Area Caribe,Are0021,SubArea Cordoba_Sucre,Solar,No Despachado Centralmente,SCEC,2026-08-03,2026-08-03,SIMEM 0bfc9d + 841808 + 10F2C9,,,,,,,,,,,,,,,,,,,,,True,False,Solo SIMEM
3NFQ,AGPE PLANTA SARITA FARINE,Are0127,Area Caribe,Are0016,SubArea Atlantico,Solar,No Despachado Centralmente,GNCC,2026-08-03,2026-08-03,SIMEM 0bfc9d + 841808 + 10F2C9,,,,,,,,,,,,,,,,,,,,,True,False,Solo SIMEM
3NFS,AGPE INTEGRATIVA  AGROPECUARIA,Are0128,Area Suroccidental,Are0022,SubArea CQR,Solar,No Despachado Centralmente,GNCC,2026-08-03,2026-08-03,SIMEM 0bfc9d + 841808 + 10F2C9,,,,,,,,,,,,,,,,,,,,,True,False,Solo SIMEM
3NFU,AGPE HOTEL VISUS,Are0128,Area Suroccidental,Are0022,SubArea CQR,Solar,No Despachado Centralmente,GNCC,2026-08-03,2026-08-03,SIMEM 0bfc9d + 841808 + 10F2C9,,,,,,,,,,,,,,,,,,,,,True,False,Solo SIMEM
3NFY,AGPE PRIMAX COLOMBIA SA III,Are0127,Area Caribe,Are0018,SubArea Bolivar,Solar,No Despachado Centralmente,NEUC,2026-08-03,2026-08-03,SIMEM 0bfc9d + 841808 + 10F2C9,,,,,,,,,,,,,,,,,,,,,True,False,Solo SIMEM
3NG1,AGPE SERVITECA DICAR SAS,Are0127,Area Caribe,Are0021,SubArea Cordoba_Sucre,Solar,No Despachado Centralmente,SCEC,2026-08-03,2026-08-03,SIMEM 0bfc9d + 841808 + 10F2C9,,,,,,,,,,,,,,,,,,,,,True,False,Solo SIMEM
3NG3,AGPE GESTAR SALUD DE COLOMBIA IPS SAS,Are0127,Area Caribe,Are0021,SubArea Cordoba_Sucre,Solar,No Despachado Centralmente,SCEC,2026-08-03,2026-08-03,SIMEM 0bfc9d + 841808 + 10F2C9,,,,,,,,,,,,,,,,,,,,,True,False,Solo SIMEM
3NG5,AGPE ARA BARANOA CENTRO,Are0127,Area Caribe,Are0016,SubArea Atlantico,Solar,No Despachado Centralmente,NEUC,2026-08-03,2026-08-03,SIMEM 0bfc9d + 841808 + 10F2C9,,,,,,,,,,,,,,,,,,,,,True,False,Solo SIMEM
3NG7,AGPE CELINA DEL CARMEN CARRASCAL DE PATINO,Are0127,Area Caribe,Are0021,SubArea Cordoba_Sucre,Solar,No Despachado Centralmente,SCEC,2026-08-03,2026-08-03,SIMEM 0bfc9d + 841808 + 10F2C9,,,,,,,,,,,,,,,,,,,,,True,False,Solo SIMEM
3NG9,AGPE LAURA DE JESUS VEGA HERNANDEZ,Are0127,Area Caribe,Are0021,SubArea Cordoba_Sucre,Solar,No Despachado Centralmente,SCEC,2026-08-03,2026-08-03,SIMEM 0bfc9d + 841808 + 10F2C9,,,,,,,,,,,,,,,,,,,,,True,False,Solo SIMEM
3NGB,AGPE KAREN PATRICIA DUQUE DUQUE,Are0127,Area Caribe,Are0021,SubArea Cordoba_Sucre,Solar,No Despachado Centralmente,SCEC,2026-08-03,2026-08-03,SIMEM 0bfc9d + 841808 + 10F2C9,,,,,,,,,,,,,,,,,,,,,True,False,Solo SIMEM
3NGD,AGPE GIMNASIO ALTAIR DE LA SABANA LIMITIDA,Are0127,Area Caribe,Are0021,SubArea Cordoba_Sucre,Solar,No Despachado Centralmente,SCEC,2026-08-03,2026-08-03,SIMEM 0bfc9d + 841808 + 10F2C9,,,,,,,,,,,,,,,,,,,,,True,False,Solo SIMEM
3NGF,AGPE MAXILUJOS MTR,Are0127,Area Caribe,Are0021,SubArea Cordoba_Sucre,Solar,No Despachado Centralmente,SCEC,2026-08-03,2026-08-03,SIMEM 0bfc9d + 841808 + 10F2C9,,,,,,,,,,,,,,,,,,,,,True,False,Solo SIMEM
3NGH,AGPE SGS CONSTRUCCIONES SAS,Are0127,Area Caribe,Are0021,SubArea Cordoba_Sucre,Solar,No Despachado Centralmente,SCEC,2026-08-03,2026-08-03,SIMEM 0bfc9d + 841808 + 10F2C9,,,,,,,,,,,,,,,,,,,,,True,False,Solo SIMEM
3NGJ,GD CHIMBI,Are0128,Area Suroccidental,Are0031,SubArea Huila-Tolima,Solar,No Despachado Centralmente,EPSG,2026-08-03,2026-08-03,SIMEM 0bfc9d + 841808 + 10F2C9,GD CHIMBI,TOLIMA,73148.0,CARMEN DE APICALÁ,Centro,-74.74700370859807,4.123413817163165,0.975,SOLAR,RAD SOLAR,ND,GEN. DISTRIBUIDA,OPERACIÓN,CELSIA COLOMBIA S.A. E.S.P.,2024-08-27,2024.0,2026-08-03,0.0,SI,549.0,True,True,SIMEM + UPME
3NIW,AGPE HORNE JEDIDIAH HUNTINGTON,Are0056,Area Oriental,Are0017,SubArea Bogota,Solar,No Despachado Centralmente,BIAC,2026-08-03,2026-08-03,SIMEM 0bfc9d + 841808 + 10F2C9,,,,,,,,,,,,,,,,,,,,,True,False,Solo SIMEM
3NIY,AGPE LOS HORNITOS CR 44,Are0056,Area Oriental,Are0017,SubArea Bogota,Solar,No Despachado Centralmente,BIAC,2026-08-03,2026-08-03,SIMEM 0bfc9d + 841808 + 10F2C9,,,,,,,,,,,,,,,,,,,,,True,False,Solo SIMEM
3NJK,AGPE ZO103797,Are0056,Area Oriental,Are0017,SubArea Bogota,Solar,No Despachado Centralmente,ETTC,2026-08-03,2026-08-03,SIMEM 0bfc9d + 841808 + 10F2C9,,,,,,,,,,,,,,,,,,,,,True,False,Solo SIMEM
3NJM,AGPE ZO103795,Are0056,Area Oriental,Are0017,SubArea Bogota,Solar,No Despachado Centralmente,ETTC,2026-08-03,2026-08-03,SIMEM 0bfc9d + 841808 + 10F2C9,,,,,,,,,,,,,,,,,,,,,True,False,Solo SIMEM
3NJO,AGPE ZO103796,Are0056,Area Oriental,Are0017,SubArea Bogota,Solar,No Despachado Centralmente,ETTC,2026-08-03,2026-08-03,SIMEM 0bfc9d + 841808 + 10F2C9,,,,,,,,,,,,,,,,,,,,,True,False,Solo SIMEM
3NJQ,AGPE ZO103798,Are0056,Area Oriental,Are0017,SubArea Bogota,Solar,No Despachado Centralmente,ETTC,2026-08-03,2026-08-03,SIMEM 0bfc9d + 841808 + 10F2C9,,,,,,,,,,,,,,,,,,,,,True,False,Solo SIMEM
3NJS,AGPE VALEJA 85128,Are0127,Area Caribe,Are0021,SubArea Cordoba_Sucre,Solar,No Despachado Centralmente,ETTC,2026-08-03,2026-08-03,SIMEM 0bfc9d + 841808 + 10F2C9,,,,,,,,,,,,,,,,,,,,,True,False,Solo SIMEM
3NKG,AGPE JAIRO JOSE SALAZAR MACEA,Are0127,Area Caribe,Are0021,SubArea Cordoba_Sucre,Solar,No Despachado Centralmente,SCEC,2026-08-03,2026-08-03,SIMEM 0bfc9d + 841808 + 10F2C9,,,,,,,,,,,,,,,,,,,,,True,False,Solo SIMEM
3NLB,AGPE SAN CARLOS II,Are0056,Area Oriental,Are0017,SubArea Bogota,Solar,No Despachado Centralmente,ENDC,2026-08-03,2026-08-03,SIMEM 0bfc9d + 841808 + 10F2C9,,,,,,,,,,,,,,,,,,,,,True,False,Solo SIMEM
3NLE,GD NAOS I,Are0128,Area Suroccidental,Are0019,SubArea Cauca-Narino,Solar,No Despachado Centralmente,UNGG,2026-08-03,2026-08-03,SIMEM 0bfc9d + 841808 + 10F2C9,GD NAOS I,NARIÑO,52786.0,TAMINANGO,Pacífico,-77.32523753901599,1.5916601918367703,0.96,SOLAR,RAD SOLAR,ND,GEN. DISTRIBUIDA,OPERACIÓN,UNERGY ENERGY DIGITAL S.A.S E.S.P,2024-08-26,2024.0,2026-08-03,0.0,SI,439.0,True,True,SIMEM + UPME
3NLG,,,,,,,,,,,,ROVIRA,TOLIMA,73624.0,ROVIRA,Centro,-75.34759717815423,4.216728685134759,3.1,SOLAR,RAD SOLAR,ND,NORMAL,PRUEBAS,CENTRAL TERMOCARTAGENA SAS ESP,2024-10-10,2024.0,2026-08-03,0.0,SI,540.0,False,True,Solo UPME
3NLI,AGPE BANCO BOGOTA OFICINA PUERTO GAITAN,Are0056,Area Oriental,Are0027,SubArea Meta,Solar,No Despachado Centralmente,GNCC,2026-08-03,2026-08-03,SIMEM 0bfc9d + 841808 + 10F2C9,,,,,,,,,,,,,,,,,,,,,True,False,Solo SIMEM
3NLK,AGPE GRANJA SAN PEDRO MALAMI,Are0128,Area Suroccidental,Are0031,SubArea Huila-Tolima,Solar,No Despachado Centralmente,GNCC,2026-08-03,2026-08-03,SIMEM 0bfc9d + 841808 + 10F2C9,,,,,,,,,,,,,,,,,,,,,True,False,Solo SIMEM
3NLU,AGPE PET Y MECANIZADOS DEL VALLE SAS,Are0128,Area Suroccidental,Are0032,SubArea Valle,Solar,No Despachado Centralmente,EPSC,2026-08-03,2026-08-03,SIMEM 0bfc9d + 841808 + 10F2C9,,,,,,,,,,,,,,,,,,,,,True,False,Solo SIMEM
3NLW,AGPE GRUPO LITORAL SAS,Are0127,Area Caribe,Are0021,SubArea Cordoba_Sucre,Solar,No Despachado Centralmente,SCEC,2026-08-03,2026-08-03,SIMEM 0bfc9d + 841808 + 10F2C9,,,,,,,,,,,,,,,,,,,,,True,False,Solo SIMEM
3NLX,AGPE DENTISANA,Are0127,Area Caribe,Are0025,SubArea GCM,Solar,No Despachado Centralmente,NEUC,2026-08-03,2026-08-03,SIMEM 0bfc9d + 841808 + 10F2C9,,,,,,,,,,,,,,,,,,,,,True,False,Solo SIMEM
3NLZ,,,,,,,,,,,,SOLAR OLD T,SUCRE,70823.0,SAN JOSÉ DE TOLUVIEJO,Caribe,-75.44451408082239,9.49028579449229,9.9,SOLAR,RAD SOLAR,ND,NORMAL,PRUEBAS,VATIA S.A. E.S.P.,2024-09-08,2024.0,2026-08-03,0.0,SI,532.0,False,True,Solo UPME
3NM2,AGPE HERMANAS CLARISAS,Are0127,Area Caribe,Are0025,SubArea GCM,Solar,No Despachado Centralmente,NEUC,2026-08-03,2026-08-03,SIMEM 0bfc9d + 841808 + 10F2C9,,,,,,,,,,,,,,,,,,,,,True,False,Solo SIMEM
3NM4,AGPE DIGICOM TELECOMUNICACIONES EU,Are0127,Area Caribe,Are0021,SubArea Cordoba_Sucre,Solar,No Despachado Centralmente,SCEC,2026-08-03,2026-08-03,SIMEM 0bfc9d + 841808 + 10F2C9,,,,,,,,,,,,,,,,,,,,,True,False,Solo SIMEM
3NNZ,AUTOG TERMOCOROCITO 1,Are0012,Area Nordeste,Are0129,SubArea Arauca,Termica,No Despachado Centralmente,GSAG,2026-08-03,2026-08-03,SIMEM 0bfc9d + 841808 + 10F2C9,AUTOG TERMOCOROCITO 1,ARAUCA,81794.0,TAME,Oriente,-71.79177012757432,6.390704511440092,4.9,TERMICA,GAS,ND,AUTOGENERADOR,OPERACIÓN,GENERSA S.A.S. E.S.P.,2024-10-28,2024.0,2026-08-03,0.0,NO,91.0,True,True,SIMEM + UPME
3NO2,AGPE RODOLFO SCHMULSON,Are0127,Area Caribe,Are0016,SubArea Atlantico,Solar,No Despachado Centralmente,GNCC,2026-08-03,2026-08-03,SIMEM 0bfc9d + 841808 + 10F2C9,,,,,,,,,,,,,,,,,,,,,True,False,Solo SIMEM
3NO4,AGPE PARROQUIA NUESTRA SENORA DEL CARMEN,Are0127,Area Caribe,Are0025,SubArea GCM,Solar,No Despachado Centralmente,GNCC,2026-08-03,2026-08-03,SIMEM 0bfc9d + 841808 + 10F2C9,,,,,,,,,,,,,,,,,,,,,True,False,Solo SIMEM
3NOE,AGPE PERIAUTOS SAS,Are0056,Area Oriental,Are0017,SubArea Bogota,Solar,No Despachado Centralmente,QIEC,2026-08-03,2026-08-03,SIMEM 0bfc9d + 841808 + 10F2C9,,,,,,,,,,,,,,,,,,,,,True,False,Solo SIMEM
3NOG,AGPE JUAN JOSE PATINO MUNOZ,Are0127,Area Caribe,Are0021,SubArea Cordoba_Sucre,Solar,No Despachado Centralmente,SCEC,2026-08-03,2026-08-03,SIMEM 0bfc9d + 841808 + 10F2C9,,,,,,,,,,,,,,,,,,,,,True,False,Solo SIMEM
3NP5,AGPE DORIS ALBA SANCHEZ ARANGO,Are0127,Area Caribe,Are0021,SubArea Cordoba_Sucre,Solar,No Despachado Centralmente,SCEC,2026-08-03,2026-08-03,SIMEM 0bfc9d + 841808 + 10F2C9,,,,,,,,,,,,,,,,,,,,,True,False,Solo SIMEM
3NP7,AGPE UNIVERSIDAD TECNOLOGICA DE BOLIVAR,Are0127,Area Caribe,Are0018,SubArea Bolivar,Solar,No Despachado Centralmente,EPSC,2026-08-03,2026-08-03,SIMEM 0bfc9d + 841808 + 10F2C9,,,,,,,,,,,,,,,,,,,,,True,False,Solo SIMEM
3NP9,AGPE RAFAEL IGNACIO RUIZ,Are0127,Area Caribe,Are0021,SubArea Cordoba_Sucre,Solar,No Despachado Centralmente,SCEC,2026-08-03,2026-08-03,SIMEM 0bfc9d + 841808 + 10F2C9,,,,,,,,,,,,,,,,,,,,,True,False,Solo SIMEM
3NPB,AGPE FRIGOMETRO CARTAGENA,Are0127,Area Caribe,Are0018,SubArea Bolivar,Solar,No Despachado Centralmente,ISGC,2026-08-03,2026-08-03,SIMEM 0bfc9d + 841808 + 10F2C9,,,,,,,,,,,,,,,,,,,,,True,False,Solo SIMEM
3NQR,AGPE SANTAGUEDA CONFA,Are0128,Area Suroccidental,Are0022,SubArea CQR,Solar,No Despachado Centralmente,EPMC,2026-08-03,2026-08-03,SIMEM 0bfc9d + 841808 + 10F2C9,,,,,,,,,,,,,,,,,,,,,True,False,Solo SIMEM
3NQT,AGPE ROCIO DEL PILAR MORALES CANO,Are0127,Area Caribe,Are0021,SubArea Cordoba_Sucre,Solar,No Despachado Centralmente,SCEC,2026-08-03,2026-08-03,SIMEM 0bfc9d + 841808 + 10F2C9,,,,,,,,,,,,,,,,,,,,,True,False,Solo SIMEM
3NQV,AGPE ABISAI II,Are0127,Area Caribe,Are0025,SubArea GCM,Solar,No Despachado Centralmente,ETTC,2026-08-03,2026-08-03,SIMEM 0bfc9d + 841808 + 10F2C9,,,,,,,,,,,,,,,,,,,,,True,False,Solo SIMEM
3NQX,AGPE VEHICO 104189,Are0127,Area Caribe,Are0016,SubArea Atlantico,Solar,No Despachado Centralmente,ETTC,2026-08-03,2026-08-03,SIMEM 0bfc9d + 841808 + 10F2C9,,,,,,,,,,,,,,,,,,,,,True,False,Solo SIMEM
3NQZ,AGPE SONALPLAS,Are0128,Area Suroccidental,Are0032,SubArea Valle,Solar,No Despachado Centralmente,GNCC,2026-08-03,2026-08-03,SIMEM 0bfc9d + 841808 + 10F2C9,,,,,,,,,,,,,,,,,,,,,True,False,Solo SIMEM
3NR2,AGPE EDGAR DANIEL RUBIANO RIANO,Are0127,Area Caribe,Are0021,SubArea Cordoba_Sucre,Solar,No Despachado Centralmente,SCEC,2026-08-03,2026-08-03,SIMEM 0bfc9d + 841808 + 10F2C9,,,,,,,,,,,,,,,,,,,,,True,False,Solo SIMEM
3NR4,MINIGRANJA EL MOLINO,Are0127,Area Caribe,Are0025,SubArea GCM,Solar,No Despachado Centralmente,UNGG,2026-08-03,2026-08-03,SIMEM 0bfc9d + 841808 + 10F2C9,MINIGRANJA EL MOLINO,LA GUAJIRA,44110.0,EL MOLINO,Caribe,-72.88583503812586,10.636696246678891,0.996,SOLAR,RAD SOLAR,ND,GEN. DISTRIBUIDA,OPERACIÓN,UNERGY ENERGY DIGITAL S.A.S E.S.P,2024-09-29,2024.0,2026-08-03,0.0,SI,389.0,True,True,SIMEM + UPME
3NR8,LA INGLESA,Are0127,Area Caribe,Are0025,SubArea GCM,Solar,No Despachado Centralmente,UNGG,2026-08-03,2026-08-03,SIMEM 0bfc9d + 841808 + 10F2C9,LA INGLESA,CESAR,20750.0,SAN DIEGO,Caribe,-73.28805413567513,10.169512856483978,0.996,SOLAR,RAD SOLAR,ND,GEN. DISTRIBUIDA,OPERACIÓN,UNERGY ENERGY DIGITAL S.A.S E.S.P,2024-09-15,2024.0,2026-08-03,0.0,SI,279.0,True,True,SIMEM + UPME
3NU4,GD FINCA JM,Are0127,Area Caribe,Are0016,SubArea Atlantico,Solar,No Despachado Centralmente,GNYG,2026-08-03,2026-08-03,SIMEM 0bfc9d + 841808 + 10F2C9,GD FINCA JM,ATLÁNTICO,8685.0,SANTO TOMÁS,Caribe,-74.78736351359163,10.755569363284472,0.99,SOLAR,RAD SOLAR,ND,GEN. DISTRIBUIDA,OPERACIÓN,GREENYELLOW COMERCIALIZADORA S.A.S. E.S.P.,2024-09-15,2024.0,2026-08-03,0.0,SI,124.0,True,True,SIMEM + UPME
3NU8,AGPE ZAHIR SAS,Are0128,Area Suroccidental,Are0032,SubArea Valle,Solar,No Despachado Centralmente,GNCC,2026-08-03,2026-08-03,SIMEM 0bfc9d + 841808 + 10F2C9,,,,,,,,,,,,,,,,,,,,,True,False,Solo SIMEM
3NUA,AGPE ALMACEN SUPERMIO CALLE 40,Are0012,Area Nordeste,Are0130,SubArea Boyaca-Casanare,Solar,No Despachado Centralmente,GNCC,2026-08-03,2026-08-03,SIMEM 0bfc9d + 841808 + 10F2C9,,,,,,,,,,,,,,,,,,,,,True,False,Solo SIMEM
3NUC,AGPE CARPE DIEM BARRIO ABAJO,Are0127,Area Caribe,Are0016,SubArea Atlantico,Solar,No Despachado Centralmente,GNCC,2026-08-03,2026-08-03,SIMEM 0bfc9d + 841808 + 10F2C9,,,,,,,,,,,,,,,,,,,,,True,False,Solo SIMEM
3NUE,AGPE SUPERMIO CALLE 60,Are0012,Area Nordeste,Are0130,SubArea Boyaca-Casanare,Solar,No Despachado Centralmente,GNCC,2026-08-03,2026-08-03,SIMEM 0bfc9d + 841808 + 10F2C9,,,,,,,,,,,,,,,,,,,,,True,False,Solo SIMEM
3NUG,AGPE HEIDY ANGULO CASTANEDA,Are0127,Area Caribe,Are0016,SubArea Atlantico,Solar,No Despachado Centralmente,GNCC,2026-08-03,2026-08-03,SIMEM 0bfc9d + 841808 + 10F2C9,,,,,,,,,,,,,,,,,,,,,True,False,Solo SIMEM
3NUI,AGPE CALZADO JOVICAL,Are0056,Area Oriental,Are0017,SubArea Bogota,Solar,No Despachado Centralmente,GNCC,2026-08-03,2026-08-03,SIMEM 0bfc9d + 841808 + 10F2C9,,,,,,,,,,,,,,,,,,,,,True,False,Solo SIMEM
3NZ5,AGPE PENATEX CALI,Are0128,Area Suroccidental,Are0032,SubArea Valle,Solar,No Despachado Centralmente,GNCC,2026-08-03,2026-08-03,SIMEM 0bfc9d + 841808 + 10F2C9,,,,,,,,,,,,,,,,,,,,,True,False,Solo SIMEM
3NZ7,AGPE JOHN ANDERSON ERAZO AUX,Are0128,Area Suroccidental,Are0032,SubArea Valle,Solar,No Despachado Centralmente,ENBC,2026-08-03,2026-08-03,SIMEM 0bfc9d + 841808 + 10F2C9,,,,,,,,,,,,,,,,,,,,,True,False,Solo SIMEM
3NZ9,AGPE LARRY JAVIER LOMBANA GARCES,Are0127,Area Caribe,Are0021,SubArea Cordoba_Sucre,Solar,No Despachado Centralmente,SCEC,2026-08-03,2026-08-03,SIMEM 0bfc9d + 841808 + 10F2C9,,,,,,,,,,,,,,,,,,,,,True,False,Solo SIMEM
3NZB,AGPE HRODADERO,Are0127,Area Caribe,Are0025,SubArea GCM,Solar,No Despachado Centralmente,ETTC,2026-08-03,2026-08-03,SIMEM 0bfc9d + 841808 + 10F2C9,,,,,,,,,,,,,,,,,,,,,True,False,Solo SIMEM
3NZD,AGPE LAURA INES GOMEZ,Are0127,Area Caribe,Are0025,SubArea GCM,Solar,No Despachado Centralmente,NEUC,2026-08-03,2026-08-03,SIMEM 0bfc9d + 841808 + 10F2C9,,,,,,,,,,,,,,,,,,,,,True,False,Solo SIMEM
3NZF,AGPE INVERSIONES Y REPRESENTACIONES SERRANO,Are0127,Area Caribe,Are0025,SubArea GCM,Solar,No Despachado Centralmente,NEUC,2026-08-03,2026-08-03,SIMEM 0bfc9d + 841808 + 10F2C9,,,,,,,,,,,,,,,,,,,,,True,False,Solo SIMEM
3NZJ,AGPE BPUBENZA,Are0128,Area Suroccidental,Are0019,SubArea Cauca-Narino,Solar,No Despachado Centralmente,ETTC,2026-08-03,2026-08-03,SIMEM 0bfc9d + 841808 + 10F2C9,,,,,,,,,,,,,,,,,,,,,True,False,Solo SIMEM
3NZL,AGPE MEJICO LTDA PUERTO TEJADA,Are0128,Area Suroccidental,Are0019,SubArea Cauca-Narino,Solar,No Despachado Centralmente,BIAC,2026-08-03,2026-08-03,SIMEM 0bfc9d + 841808 + 10F2C9,,,,,,,,,,,,,,,,,,,,,True,False,Solo SIMEM
3NZN,AGPE GRUPO EMPRESARIAL BAROCA SAS I,Are0127,Area Caribe,Are0021,SubArea Cordoba_Sucre,Solar,No Despachado Centralmente,SCEC,2026-08-03,2026-08-03,SIMEM 0bfc9d + 841808 + 10F2C9,,,,,,,,,,,,,,,,,,,,,True,False,Solo SIMEM
3NZP,AGPE HELKA TRAXLER DE MEDINA,Are0128,Area Suroccidental,Are0032,SubArea Valle,Solar,No Despachado Centralmente,ENBC,2026-08-03,2026-08-03,SIMEM 0bfc9d + 841808 + 10F2C9,,,,,,,,,,,,,,,,,,,,,True,False,Solo SIMEM
3NZR,AGPE MARTHA TRAXLER MEDINA,Are0128,Area Suroccidental,Are0032,SubArea Valle,Solar,No Despachado Centralmente,ENBC,2026-08-03,2026-08-03,SIMEM 0bfc9d + 841808 + 10F2C9,,,,,,,,,,,,,,,,,,,,,True,False,Solo SIMEM
3NZT,AGPE RAUL HUMBERTO ZEA MEDINA,Are0128,Area Suroccidental,Are0032,SubArea Valle,Solar,No Despachado Centralmente,ENBC,2026-08-03,2026-08-03,SIMEM 0bfc9d + 841808 + 10F2C9,,,,,,,,,,,,,,,,,,,,,True,False,Solo SIMEM
3P5J,AGPE CLASSIC JEANS SHOP SAS,Are0127,Area Caribe,Are0016,SubArea Atlantico,Solar,No Despachado Centralmente,GNCC,2026-08-03,2026-08-03,SIMEM 0bfc9d + 841808 + 10F2C9,,,,,,,,,,,,,,,,,,,,,True,False,Solo SIMEM
3PJW,AGPE JOSE LUIS PORTILLO BERROCAL,Are0127,Area Caribe,Are0021,SubArea Cordoba_Sucre,Solar,No Despachado Centralmente,SCEC,2026-08-03,2026-08-03,SIMEM 0bfc9d + 841808 + 10F2C9,,,,,,,,,,,,,,,,,,,,,True,False,Solo SIMEM
3PJY,AGPE NELSON LLANO LOPERA,Are0127,Area Caribe,Are0021,SubArea Cordoba_Sucre,Solar,No Despachado Centralmente,SCEC,2026-08-03,2026-08-03,SIMEM 0bfc9d + 841808 + 10F2C9,,,,,,,,,,,,,,,,,,,,,True,False,Solo SIMEM
3PK1,AGPE NELSON SOTO DUQUE,Are0127,Area Caribe,Are0021,SubArea Cordoba_Sucre,Solar,No Despachado Centralmente,SCEC,2026-08-03,2026-08-03,SIMEM 0bfc9d + 841808 + 10F2C9,,,,,,,,,,,,,,,,,,,,,True,False,Solo SIMEM
3PK3,,,,,,,,,,,,AUTOG MILPA SAN CARLOS,CUNDINAMARCA,25317.0,GUACHETÁ,Centro,-73.69328369350507,5.3872914587087495,1.8,SOLAR,RAD SOLAR,ND,AUTOGENERADOR,PRUEBAS,ENEL COLOMBIA SA ESP,2024-09-27,2024.0,2026-08-03,0.0,NO,349.0,False,True,Solo UPME
3PK5,AGPE ARKADIA OV,Are0127,Area Caribe,Are0025,SubArea GCM,Solar,No Despachado Centralmente,NEUC,2026-08-03,2026-08-03,SIMEM 0bfc9d + 841808 + 10F2C9,,,,,,,,,,,,,,,,,,,,,True,False,Solo SIMEM
3PK7,AGPE ALBEIRO SERRANO PLATA,Are0127,Area Caribe,Are0025,SubArea GCM,Solar,No Despachado Centralmente,NEUC,2026-08-03,2026-08-03,SIMEM 0bfc9d + 841808 + 10F2C9,,,,,,,,,,,,,,,,,,,,,True,False,Solo SIMEM
3PK9,AGPE CENTRO DE REHABILITACION INTEGRAL CENDAL SAS SEDE I,Are0127,Area Caribe,Are0025,SubArea GCM,Solar,No Despachado Centralmente,NEUC,2026-08-03,2026-08-03,SIMEM 0bfc9d + 841808 + 10F2C9,,,,,,,,,,,,,,,,,,,,,True,False,Solo SIMEM
3PKB,AGPE CENTRO DE REHABILITACION INTEGRAL CENDAL SAS SEDE II,Are0127,Area Caribe,Are0025,SubArea GCM,Solar,No Despachado Centralmente,NEUC,2026-08-03,2026-08-03,SIMEM 0bfc9d + 841808 + 10F2C9,,,,,,,,,,,,,,,,,,,,,True,False,Solo SIMEM
3PKD,AGPE MARCOS DANIEL PINEDA GARCIA,Are0127,Area Caribe,Are0021,SubArea Cordoba_Sucre,Solar,No Despachado Centralmente,SCEC,2026-08-03,2026-08-03,SIMEM 0bfc9d + 841808 + 10F2C9,,,,,,,,,,,,,,,,,,,,,True,False,Solo SIMEM
3PKF,,,,,,,,,,,,AUTOG UNIMINAS,CUNDINAMARCA,25317.0,GUACHETÁ,Centro,-73.69328369350507,5.3872914587087495,1.8,SOLAR,RAD SOLAR,ND,AUTOGENERADOR,PRUEBAS,ENEL COLOMBIA SA ESP,2024-09-27,2024.0,2026-08-03,0.0,NO,348.0,False,True,Solo UPME
3PKH,,,,,,,,,,,,GRANJA SOLAR PALMASECA I,VALLE DEL CAUCA,76520.0,PALMIRA,Pacífico,-76.22786086762281,3.558395439731676,13.0,SOLAR,RAD SOLAR,ND,NORMAL,INACTIVO,CELSIA COLOMBIA S.A. E.S.P.,2024-10-29,2024.0,2026-08-03,0.0,SI,614.0,False,True,Solo UPME
3PKJ,AGPE ACRILAN,Are0128,Area Suroccidental,Are0032,SubArea Valle,Solar,No Despachado Centralmente,CETC,2026-08-03,2026-08-03,SIMEM 0bfc9d + 841808 + 10F2C9,,,,,,,,,,,,,,,,,,,,,True,False,Solo SIMEM
3PKL,AGPE HOTEL EL PASO MONTERIANO,Are0127,Area Caribe,Are0021,SubArea Cordoba_Sucre,Solar,No Despachado Centralmente,SCEC,2026-08-03,2026-08-03,SIMEM 0bfc9d + 841808 + 10F2C9,,,,,,,,,,,,,,,,,,,,,True,False,Solo SIMEM
3PKN,,,,,,,,,,,,GRANJA SOLAR PALMASECA II,VALLE DEL CAUCA,76520.0,PALMIRA,Pacífico,-76.22786086762281,3.558395439731676,12.0,SOLAR,RAD SOLAR,ND,NORMAL,INACTIVO,CELSIA COLOMBIA S.A. E.S.P.,2024-10-29,2024.0,2026-08-03,0.0,SI,615.0,False,True,Solo UPME
3PMM,AGPE JERONIMO MARTINS COLOMBIA SAS,Are0128,Area Suroccidental,Are0022,SubArea CQR,Solar,No Despachado Centralmente,EEPC,2026-08-03,2026-08-03,SIMEM 0bfc9d + 841808 + 10F2C9,,,,,,,,,,,,,,,,,,,,,True,False,Solo SIMEM
3PMQ,AGPE IBC,Are0128,Area Suroccidental,Are0022,SubArea CQR,Solar,No Despachado Centralmente,EPMC,2026-08-03,2026-08-03,SIMEM 0bfc9d + 841808 + 10F2C9,,,,,,,,,,,,,,,,,,,,,True,False,Solo SIMEM
3PWA,AGPE GASES DE OCCIDENTE 12 DE OCTUBRE,Are0128,Area Suroccidental,Are0032,SubArea Valle,Solar,No Despachado Centralmente,GNCC,2026-08-03,2026-08-03,SIMEM 0bfc9d + 841808 + 10F2C9,,,,,,,,,,,,,,,,,,,,,True,False,Solo SIMEM
3PWC,AGPE WILLIAM ENCINALES,Are0127,Area Caribe,Are0016,SubArea Atlantico,Solar,No Despachado Centralmente,GNCC,2026-08-03,2026-08-03,SIMEM 0bfc9d + 841808 + 10F2C9,,,,,,,,,,,,,,,,,,,,,True,False,Solo SIMEM
3PWF,AUTOG SOLAR PALMIRA II BERRY,Are0128,Area Suroccidental,Are0032,SubArea Valle,Solar,No Despachado Centralmente,EPSG,2026-08-03,2026-08-03,SIMEM 0bfc9d + 841808 + 10F2C9,AUTOG SOLAR PALMIRA II BERRY,VALLE DEL CAUCA,76520.0,PALMIRA,Pacífico,-76.22786086762281,3.558395439731676,4.99,SOLAR,RAD SOLAR,ND,AUTOGENERADOR,OPERACIÓN,CELSIA COLOMBIA S.A. E.S.P.,2025-12-12,2025.0,2026-08-03,0.0,NO,613.0,True,True,SIMEM + UPME
3PX4,AGPE DAVID ENRIQUE RODRIGUEZ MARTINEZ,Are0127,Area Caribe,Are0021,SubArea Cordoba_Sucre,Solar,No Despachado Centralmente,SCEC,2026-08-03,2026-08-03,SIMEM 0bfc9d + 841808 + 10F2C9,,,,,,,,,,,,,,,,,,,,,True,False,Solo SIMEM
3PX8,AGPE MAKONDO,Are0127,Area Caribe,Are0021,SubArea Cordoba_Sucre,Solar,No Despachado Centralmente,SCEC,2026-08-03,2026-08-03,SIMEM 0bfc9d + 841808 + 10F2C9,,,,,,,,,,,,,,,,,,,,,True,False,Solo SIMEM
3PXA,AGPE TEUCALI FLOWERS SA,Are0056,Area Oriental,Are0017,SubArea Bogota,Solar,No Despachado Centralmente,QIEC,2026-08-03,2026-08-03,SIMEM 0bfc9d + 841808 + 10F2C9,,,,,,,,,,,,,,,,,,,,,True,False,Solo SIMEM
3PXC,BSB 501,Are0127,Area Caribe,Are0016,SubArea Atlantico,Solar,No Despachado Centralmente,ISGG,2026-08-03,2026-08-03,SIMEM 0bfc9d + 841808 + 10F2C9,BSB 501,ATLÁNTICO,8638.0,SABANALARGA,Caribe,-74.95510955662664,10.622505657124778,19.9,SOLAR,RAD SOLAR,ND,NORMAL,OPERACIÓN,ISAGEN S.A. E.S.P.,2025-10-31,2025.0,2026-08-03,0.0,SI,141.0,True,True,SIMEM + UPME
3PXE,BSB 500,Are0127,Area Caribe,Are0016,SubArea Atlantico,Solar,No Despachado Centralmente,ISGG,2026-08-03,2026-08-03,SIMEM 0bfc9d + 841808 + 10F2C9,BSB 500,ATLÁNTICO,8638.0,SABANALARGA,Caribe,-74.95510955662664,10.622505657124778,19.9,SOLAR,RAD SOLAR,ND,NORMAL,OPERACIÓN,ISAGEN S.A. E.S.P.,2025-11-04,2025.0,2026-08-03,0.0,SI,140.0,True,True,SIMEM + UPME
3PXF,BSB 502,Are0127,Area Caribe,Are0016,SubArea Atlantico,Solar,No Despachado Centralmente,ISGG,2026-08-03,2026-08-03,SIMEM 0bfc9d + 841808 + 10F2C9,BSB 502,ATLÁNTICO,8638.0,SABANALARGA,Caribe,-74.95510955662664,10.622505657124778,19.9,SOLAR,RAD SOLAR,ND,NORMAL,OPERACIÓN,ISAGEN S.A. E.S.P.,2025-11-18,2025.0,2026-08-03,0.0,SI,142.0,True,True,SIMEM + UPME
3PXH,,,,,,,,,,,,CENTRO SOLAR,CÓRDOBA,23555.0,PLANETA RICA,Caribe,-75.68911038737392,8.181193052658834,9.9,SOLAR,RAD SOLAR,ND,NORMAL,PRUEBAS,GR POWER COLOMBIA S.A.S E.S.P.,2024-11-18,2024.0,2026-08-03,0.0,SI,320.0,False,True,Solo UPME
3PXJ,,,,,,,,,,,,BUENAVISTA,CÓRDOBA,23079.0,BUENAVISTA,Caribe,-75.43384001116792,8.191387044568936,6.8,SOLAR,RAD SOLAR,ND,NORMAL,PRUEBAS,GR POWER COLOMBIA S.A.S E.S.P.,2026-07-20,2026.0,2026-08-03,0.0,SI,326.0,False,True,Solo UPME
3PXL,AGPE BERNARDO JOSE REVUELTAS GONZALEZ,Are0127,Area Caribe,Are0021,SubArea Cordoba_Sucre,Solar,No Despachado Centralmente,SCEC,2026-08-03,2026-08-03,SIMEM 0bfc9d + 841808 + 10F2C9,,,,,,,,,,,,,,,,,,,,,True,False,Solo SIMEM
3PZN,AGPE LA BUGUENA,Are0056,Area Oriental,Are0017,SubArea Bogota,Solar,No Despachado Centralmente,BIAC,2026-08-03,2026-08-03,SIMEM 0bfc9d + 841808 + 10F2C9,,,,,,,,,,,,,,,,,,,,,True,False,Solo SIMEM
3PZP,AGPE BAGUETTINA,Are0127,Area Caribe,Are0025,SubArea GCM,Solar,No Despachado Centralmente,BIAC,2026-08-03,2026-08-03,SIMEM 0bfc9d + 841808 + 10F2C9,,,,,,,,,,,,,,,,,,,,,True,False,Solo SIMEM
3PZR,AGPE YAHAIRA LASTENIA SOTO RHENALS,Are0127,Area Caribe,Are0021,SubArea Cordoba_Sucre,Solar,No Despachado Centralmente,SCEC,2026-08-03,2026-08-03,SIMEM 0bfc9d + 841808 + 10F2C9,,,,,,,,,,,,,,,,,,,,,True,False,Solo SIMEM
3PZT,AGPE IMAGENES DIAGNOSTICAS MONTERIA,Are0127,Area Caribe,Are0021,SubArea Cordoba_Sucre,Solar,No Despachado Centralmente,SCEC,2026-08-03,2026-08-03,SIMEM 0bfc9d + 841808 + 10F2C9,,,,,,,,,,,,,,,,,,,,,True,False,Solo SIMEM
3PZV,AGPE FUERZA AEREA CACOM III,Are0127,Area Caribe,Are0016,SubArea Atlantico,Solar,No Despachado Centralmente,EPMC,2026-08-03,2026-08-03,SIMEM 0bfc9d + 841808 + 10F2C9,,,,,,,,,,,,,,,,,,,,,True,False,Solo SIMEM
3PZX,AGPE LACTEOS ANDINOS,Are0128,Area Suroccidental,Are0019,SubArea Cauca-Narino,Solar,No Despachado Centralmente,ASCC,2026-08-03,2026-08-03,SIMEM 0bfc9d + 841808 + 10F2C9,,,,,,,,,,,,,,,,,,,,,True,False,Solo SIMEM
3PZZ,AGPE ECO FLORAL,Are0056,Area Oriental,Are0017,SubArea Bogota,Solar,No Despachado Centralmente,ETTC,2026-08-03,2026-08-03,SIMEM 0bfc9d + 841808 + 10F2C9,,,,,,,,,,,,,,,,,,,,,True,False,Solo SIMEM
3Q12,AGPE FLORES ALIANZA,Are0056,Area Oriental,Are0017,SubArea Bogota,Solar,No Despachado Centralmente,ETTC,2026-08-03,2026-08-03,SIMEM 0bfc9d + 841808 + 10F2C9,,,,,,,,,,,,,,,,,,,,,True,False,Solo SIMEM
3Q14,AGPE HOTEL SANTA CLARA BOUTIQUE,Are0127,Area Caribe,Are0021,SubArea Cordoba_Sucre,Solar,No Despachado Centralmente,SCEC,2026-08-03,2026-08-03,SIMEM 0bfc9d + 841808 + 10F2C9,,,,,,,,,,,,,,,,,,,,,True,False,Solo SIMEM
3Q7B,AGPE JOSE JAIME ROSALES LA MERCED,Are0128,Area Suroccidental,Are0019,SubArea Cauca-Narino,Solar,No Despachado Centralmente,ASCC,2026-08-03,2026-08-03,SIMEM 0bfc9d + 841808 + 10F2C9,,,,,,,,,,,,,,,,,,,,,True,False,Solo SIMEM
3Q7D,,,,,,,,,,,,AUTOG BIOS FINCA BUGA,VALLE DEL CAUCA,76113.0,BUGALAGRANDE,Pacífico,-76.08961535632501,4.196858156352319,1.06,SOLAR,RAD SOLAR,ND,AUTOGENERADOR,PRUEBAS,EMPRESAS PUBLICAS DE MEDELLIN E.S.P.,2024-10-19,2024.0,2026-08-03,0.0,NO,603.0,False,True,Solo UPME
3Q7F,AGPE LA MERCED BOTANA,Are0128,Area Suroccidental,Are0019,SubArea Cauca-Narino,Solar,No Despachado Centralmente,ASCC,2026-08-03,2026-08-03,SIMEM 0bfc9d + 841808 + 10F2C9,,,,,,,,,,,,,,,,,,,,,True,False,Solo SIMEM
3Q81,AGPE CFLOWERS,Are0056,Area Oriental,Are0017,SubArea Bogota,Solar,No Despachado Centralmente,ETTC,2026-08-03,2026-08-03,SIMEM 0bfc9d + 841808 + 10F2C9,,,,,,,,,,,,,,,,,,,,,True,False,Solo SIMEM
3Q83,AGPE WILLYAM ALFREDO QUESSEP FERIS,Are0127,Area Caribe,Are0021,SubArea Cordoba_Sucre,Solar,No Despachado Centralmente,SCEC,2026-08-03,2026-08-03,SIMEM 0bfc9d + 841808 + 10F2C9,,,,,,,,,,,,,,,,,,,,,True,False,Solo SIMEM
3Q85,AGPE CBEDOYA,Are0127,Area Caribe,Are0025,SubArea GCM,Solar,No Despachado Centralmente,ETTC,2026-08-03,2026-08-03,SIMEM 0bfc9d + 841808 + 10F2C9,,,,,,,,,,,,,,,,,,,,,True,False,Solo SIMEM
3Q87,GD ERCO SALDANA I,Are0128,Area Suroccidental,Are0031,SubArea Huila-Tolima,Solar,No Despachado Centralmente,ERRG,2026-08-03,2026-08-03,SIMEM 0bfc9d + 841808 + 10F2C9,GD ERCO SALDANA I,TOLIMA,73671.0,SALDAÑA,Centro,-75.01860072031324,3.912541226159552,0.99,SOLAR,RAD SOLAR,ND,GEN. DISTRIBUIDA,OPERACIÓN,ERCO GENERACION S.A.S. ESP,2024-11-17,2024.0,2026-08-03,0.0,SI,535.0,True,True,SIMEM + UPME
3Q89,GD ERCO SALDANA II,Are0128,Area Suroccidental,Are0031,SubArea Huila-Tolima,Solar,No Despachado Centralmente,ERRG,2026-08-03,2026-08-03,SIMEM 0bfc9d + 841808 + 10F2C9,GD ERCO SALDANA II,TOLIMA,73671.0,SALDAÑA,Centro,-75.01860072031324,3.912541226159552,0.99,SOLAR,RAD SOLAR,ND,GEN. DISTRIBUIDA,OPERACIÓN,ERCO GENERACION S.A.S. ESP,2024-11-17,2024.0,2026-08-03,0.0,SI,536.0,True,True,SIMEM + UPME
3Q8B,AGPE EDUARDO ENRIQUE ARAUJO SANCHEZ,Are0127,Area Caribe,Are0021,SubArea Cordoba_Sucre,Solar,No Despachado Centralmente,SCEC,2026-08-03,2026-08-03,SIMEM 0bfc9d + 841808 + 10F2C9,,,,,,,,,,,,,,,,,,,,,True,False,Solo SIMEM
3Q8D,AGPE LUBRICANTES DEL CARIBE LAS PENITAS SAS,Are0127,Area Caribe,Are0021,SubArea Cordoba_Sucre,Solar,No Despachado Centralmente,SCEC,2026-08-03,2026-08-03,SIMEM 0bfc9d + 841808 + 10F2C9,,,,,,,,,,,,,,,,,,,,,True,False,Solo SIMEM
3Q8F,AGPE INERSIONES EJJ SAS,Are0127,Area Caribe,Are0021,SubArea Cordoba_Sucre,Solar,No Despachado Centralmente,SCEC,2026-08-03,2026-08-03,SIMEM 0bfc9d + 841808 + 10F2C9,,,,,,,,,,,,,,,,,,,,,True,False,Solo SIMEM
3Q8H,AGPE JARDIN BABYGYM,Are0127,Area Caribe,Are0016,SubArea Atlantico,Solar,No Despachado Centralmente,BIAC,2026-08-03,2026-08-03,SIMEM 0bfc9d + 841808 + 10F2C9,,,,,,,,,,,,,,,,,,,,,True,False,Solo SIMEM
3Q8J,AGPE INCOLMOTOS,Are0002,Area Antioquia,Are0015,SubArea Antioquia,Solar,No Despachado Centralmente,EPMC,2026-08-03,2026-08-03,SIMEM 0bfc9d + 841808 + 10F2C9,,,,,,,,,,,,,,,,,,,,,True,False,Solo SIMEM
3Q8L,AGPE FRIGOMETRO FUNZA,Are0056,Area Oriental,Are0017,SubArea Bogota,Solar,No Despachado Centralmente,ISGC,2026-08-03,2026-08-03,SIMEM 0bfc9d + 841808 + 10F2C9,,,,,,,,,,,,,,,,,,,,,True,False,Solo SIMEM
3Q8N,AGPE RAPITIENDA LA 11 EU,Are0127,Area Caribe,Are0025,SubArea GCM,Solar,No Despachado Centralmente,GNCC,2026-08-03,2026-08-03,SIMEM 0bfc9d + 841808 + 10F2C9,,,,,,,,,,,,,,,,,,,,,True,False,Solo SIMEM
3Q8P,AGPE FARMATODO PRADO SANTA MARTA,Are0127,Area Caribe,Are0025,SubArea GCM,Solar,No Despachado Centralmente,GNCC,2026-08-03,2026-08-03,SIMEM 0bfc9d + 841808 + 10F2C9,,,,,,,,,,,,,,,,,,,,,True,False,Solo SIMEM
3Q8R,AGPE IGNACIO TAPIA,Are0127,Area Caribe,Are0016,SubArea Atlantico,Solar,No Despachado Centralmente,GNCC,2026-08-03,2026-08-03,SIMEM 0bfc9d + 841808 + 10F2C9,,,,,,,,,,,,,,,,,,,,,True,False,Solo SIMEM
3Q8T,AGPE INGEPOL,Are0002,Area Antioquia,Are0015,SubArea Antioquia,Solar,No Despachado Centralmente,GNCC,2026-08-03,2026-08-03,SIMEM 0bfc9d + 841808 + 10F2C9,,,,,,,,,,,,,,,,,,,,,True,False,Solo SIMEM
3Q8V,AGPE CLINICA BELLATRIZ SAS,Are0128,Area Suroccidental,Are0019,SubArea Cauca-Narino,Solar,No Despachado Centralmente,GNCC,2026-08-03,2026-08-03,SIMEM 0bfc9d + 841808 + 10F2C9,,,,,,,,,,,,,,,,,,,,,True,False,Solo SIMEM
3Q8Y,AGPE CONCENTRADOS ESPARTACO,Are0012,Area Nordeste,Are0131,SubArea Santander,Solar,No Despachado Centralmente,GNCC,2026-08-03,2026-08-03,SIMEM 0bfc9d + 841808 + 10F2C9,,,,,,,,,,,,,,,,,,,,,True,False,Solo SIMEM
3Q99,AUTOG BIODIANA 1,Are0012,Area Nordeste,Are0130,SubArea Boyaca-Casanare,Termica,No Despachado Centralmente,NTCG,2026-08-03,2026-08-03,SIMEM 0bfc9d + 841808 + 10F2C9,AUTOG BIODIANA 1,CASANARE,85001.0,YOPAL,Oriente,-72.25798324179046,5.242711687577748,4.99,TERMICA,BIOMASA,ND,AUTOGENERADOR,OPERACIÓN,NITRO ENERGY COLOMBIA S.A.S. E.S.P.,2025-01-24,2025.0,2026-08-03,15.2,NO,213.0,True,True,SIMEM + UPME
3Q9E,AGPE AGROMONTE,Are0056,Area Oriental,Are0017,SubArea Bogota,Solar,No Despachado Centralmente,ETTC,2026-08-03,2026-08-03,SIMEM 0bfc9d + 841808 + 10F2C9,,,,,,,,,,,,,,,,,,,,,True,False,Solo SIMEM
3Q9G,AGPE OCCICA I,Are0128,Area Suroccidental,Are0032,SubArea Valle,Solar,No Despachado Centralmente,ETTC,2026-08-03,2026-08-03,SIMEM 0bfc9d + 841808 + 10F2C9,,,,,,,,,,,,,,,,,,,,,True,False,Solo SIMEM
3Q9I,AGPE JM INVERSIONES INMOBILIARIAS SAS,Are0127,Area Caribe,Are0021,SubArea Cordoba_Sucre,Solar,No Despachado Centralmente,SCEC,2026-08-03,2026-08-03,SIMEM 0bfc9d + 841808 + 10F2C9,,,,,,,,,,,,,,,,,,,,,True,False,Solo SIMEM
3Q9K,MINIGRANJA LA PAZ VERSO,Are0127,Area Caribe,Are0025,SubArea GCM,Solar,No Despachado Centralmente,UNGG,2026-08-03,2026-08-03,SIMEM 0bfc9d + 841808 + 10F2C9,MINIGRANJA LA PAZ VERSO,CESAR,20621.0,LA PAZ,Caribe,-73.078475713251,10.244460449569692,0.99,SOLAR,RAD SOLAR,ND,GEN. DISTRIBUIDA,OPERACIÓN,UNERGY ENERGY DIGITAL S.A.S E.S.P,2025-01-17,2025.0,2026-08-03,0.0,SI,254.0,True,True,SIMEM + UPME
3Q9M,AGPE ANA KARINA ALCALA MAUSSA,Are0127,Area Caribe,Are0021,SubArea Cordoba_Sucre,Solar,No Despachado Centralmente,SCEC,2026-08-03,2026-08-03,SIMEM 0bfc9d + 841808 + 10F2C9,,,,,,,,,,,,,,,,,,,,,True,False,Solo SIMEM
3Q9O,AGPE HOTEL FLORIDA,Are0127,Area Caribe,Are0021,SubArea Cordoba_Sucre,Solar,No Despachado Centralmente,SCEC,2026-08-03,2026-08-03,SIMEM 0bfc9d + 841808 + 10F2C9,,,,,,,,,,,,,,,,,,,,,True,False,Solo SIMEM
3QCI,,,,,,,,,,,,CONDOR,CUNDINAMARCA,25745.0,SIMIJACA,Centro,-73.84519351907898,5.5097728944162725,9.9,SOLAR,RAD SOLAR,ND,NORMAL,PRUEBAS,TERMOEMCALI I S.A E.S.P,2024-11-09,2024.0,2026-08-03,0.0,SI,376.0,False,True,Solo UPME
3QCR,AGPE DFL SAS,Are0128,Area Suroccidental,Are0032,SubArea Valle,Solar,No Despachado Centralmente,GNCC,2026-08-03,2026-08-03,SIMEM 0bfc9d + 841808 + 10F2C9,,,,,,,,,,,,,,,,,,,,,True,False,Solo SIMEM
3QK6,,,,,,,,,,,,AUTOG BIOS CIENAGA ORO,CÓRDOBA,23189.0,CIÉNAGA DE ORO,Caribe,-75.60778143094583,8.841793847590948,1.1,SOLAR,RAD SOLAR,ND,AUTOGENERADOR,PRUEBAS,EMPRESAS PUBLICAS DE MEDELLIN E.S.P.,2024-11-02,2024.0,2026-08-03,0.0,NO,323.0,False,True,Solo UPME
3QK8,AGPE INVERSIONES RIPAS SAS,Are0127,Area Caribe,Are0021,SubArea Cordoba_Sucre,Solar,No Despachado Centralmente,SCEC,2026-08-03,2026-08-03,SIMEM 0bfc9d + 841808 + 10F2C9,,,,,,,,,,,,,,,,,,,,,True,False,Solo SIMEM
3QKA,AGPE CEDITITAN,Are0056,Area Oriental,Are0017,SubArea Bogota,Solar,No Despachado Centralmente,ETTC,2026-08-03,2026-08-03,SIMEM 0bfc9d + 841808 + 10F2C9,,,,,,,,,,,,,,,,,,,,,True,False,Solo SIMEM
3QKC,AGPE AIDA PIEDAD RAMOS ANAYA,Are0127,Area Caribe,Are0021,SubArea Cordoba_Sucre,Solar,No Despachado Centralmente,SCEC,2026-08-03,2026-08-03,SIMEM 0bfc9d + 841808 + 10F2C9,,,,,,,,,,,,,,,,,,,,,True,False,Solo SIMEM
3QOJ,AGPE CASA EL UBERRIMO,Are0127,Area Caribe,Are0021,SubArea Cordoba_Sucre,Solar,No Despachado Centralmente,SCEC,2026-08-03,2026-08-03,SIMEM 0bfc9d + 841808 + 10F2C9,,,,,,,,,,,,,,,,,,,,,True,False,Solo SIMEM
3QPC,AGPE DISTRIBUIDORA DE BANANOS OCHOA SEDE I,Are0127,Area Caribe,Are0016,SubArea Atlantico,Solar,No Despachado Centralmente,GNCC,2026-08-03,2026-08-03,SIMEM 0bfc9d + 841808 + 10F2C9,,,,,,,,,,,,,,,,,,,,,True,False,Solo SIMEM
3QPE,GD BOCAS DEL PALO,Are0128,Area Suroccidental,Are0019,SubArea Cauca-Narino,Solar,No Despachado Centralmente,EPSC,2026-08-03,2026-08-03,SIMEM 0bfc9d + 841808 + 10F2C9,GD BOCAS DEL PALO,VALLE DEL CAUCA,76364.0,JAMUNDÍ,Pacífico,-76.62762608770964,3.2138734008022607,0.1,SOLAR,RAD SOLAR,ND,GEN. DISTRIBUIDA,OPERACIÓN,CELSIA COLOMBIA S.A. E.S.P.,2024-12-27,2024.0,2026-08-03,0.0,SI,582.0,True,True,SIMEM + UPME
3QPG,AGPE GIM DOMINGO SAVIO,Are0012,Area Nordeste,Are0029,SubArea Norte de Santander,Solar,No Despachado Centralmente,EPMC,2026-08-03,2026-08-03,SIMEM 0bfc9d + 841808 + 10F2C9,,,,,,,,,,,,,,,,,,,,,True,False,Solo SIMEM
3QPI,AGPE FARMATODO 127,Are0056,Area Oriental,Are0017,SubArea Bogota,Solar,No Despachado Centralmente,BIAC,2026-08-03,2026-08-03,SIMEM 0bfc9d + 841808 + 10F2C9,,,,,,,,,,,,,,,,,,,,,True,False,Solo SIMEM
3QPK,AGPE INVERSIONES Y CONSTRUCCIONES EL CARMEN,Are0128,Area Suroccidental,Are0032,SubArea Valle,Solar,No Despachado Centralmente,EEPC,2026-08-03,2026-08-03,SIMEM 0bfc9d + 841808 + 10F2C9,,,,,,,,,,,,,,,,,,,,,True,False,Solo SIMEM
3QPM,AGPE LITOGRAFIA JULIO GAMEZ,Are0127,Area Caribe,Are0025,SubArea GCM,Solar,No Despachado Centralmente,BIAC,2026-08-03,2026-08-03,SIMEM 0bfc9d + 841808 + 10F2C9,,,,,,,,,,,,,,,,,,,,,True,False,Solo SIMEM
3QPO,AGPE DICOR DE LA COSTA SAS,Are0127,Area Caribe,Are0021,SubArea Cordoba_Sucre,Solar,No Despachado Centralmente,SCEC,2026-08-03,2026-08-03,SIMEM 0bfc9d + 841808 + 10F2C9,,,,,,,,,,,,,,,,,,,,,True,False,Solo SIMEM
3QPQ,AGPE DIEGO JOSE ALVAREZ MARTINEZ,Are0127,Area Caribe,Are0021,SubArea Cordoba_Sucre,Solar,No Despachado Centralmente,SCEC,2026-08-03,2026-08-03,SIMEM 0bfc9d + 841808 + 10F2C9,,,,,,,,,,,,,,,,,,,,,True,False,Solo SIMEM
3QPS,AGPE COODETRANS PALMIRA,Are0128,Area Suroccidental,Are0032,SubArea Valle,Solar,No Despachado Centralmente,BIAC,2026-08-03,2026-08-03,SIMEM 0bfc9d + 841808 + 10F2C9,,,,,,,,,,,,,,,,,,,,,True,False,Solo SIMEM
3QPU,AGPE FARMATODO CASABLANCA,Are0056,Area Oriental,Are0017,SubArea Bogota,Solar,No Despachado Centralmente,BIAC,2026-08-03,2026-08-03,SIMEM 0bfc9d + 841808 + 10F2C9,,,,,,,,,,,,,,,,,,,,,True,False,Solo SIMEM
3QPW,AGPE FARMATODO COLINA,Are0056,Area Oriental,Are0017,SubArea Bogota,Solar,No Despachado Centralmente,BIAC,2026-08-03,2026-08-03,SIMEM 0bfc9d + 841808 + 10F2C9,,,,,,,,,,,,,,,,,,,,,True,False,Solo SIMEM
3QPY,AGPE FARMATODO SANTA BIBIANA,Are0056,Area Oriental,Are0017,SubArea Bogota,Solar,No Despachado Centralmente,BIAC,2026-08-03,2026-08-03,SIMEM 0bfc9d + 841808 + 10F2C9,,,,,,,,,,,,,,,,,,,,,True,False,Solo SIMEM
3QQ1,AGPE MARIA ANGELICA IZQUIERDO LEON,Are0127,Area Caribe,Are0021,SubArea Cordoba_Sucre,Solar,No Despachado Centralmente,SCEC,2026-08-03,2026-08-03,SIMEM 0bfc9d + 841808 + 10F2C9,,,,,,,,,,,,,,,,,,,,,True,False,Solo SIMEM
3QQ3,GD FINCA ISABEL LOPEZ,Are0127,Area Caribe,Are0016,SubArea Atlantico,Solar,No Despachado Centralmente,GNYG,2026-08-03,2026-08-03,SIMEM 0bfc9d + 841808 + 10F2C9,GD FINCA ISABEL LOPEZ,ATLÁNTICO,8638.0,SABANALARGA,Caribe,-74.95510955662664,10.622505657124778,0.99,SOLAR,RAD SOLAR,ND,GEN. DISTRIBUIDA,OPERACIÓN,GREENYELLOW COMERCIALIZADORA S.A.S. E.S.P.,2024-11-09,2024.0,2026-08-03,0.0,SI,139.0,True,True,SIMEM + UPME
3QR2,AGPE ARA 298 BARRIO RICAURTE,Are0128,Area Suroccidental,Are0031,SubArea Huila-Tolima,Solar,No Despachado Centralmente,GNCC,2026-08-03,2026-08-03,SIMEM 0bfc9d + 841808 + 10F2C9,,,,,,,,,,,,,,,,,,,,,True,False,Solo SIMEM
3QR4,AGPE ARA 399 CHAPARRAL CENTRO,Are0128,Area Suroccidental,Are0031,SubArea Huila-Tolima,Solar,No Despachado Centralmente,GNCC,2026-08-03,2026-08-03,SIMEM 0bfc9d + 841808 + 10F2C9,,,,,,,,,,,,,,,,,,,,,True,False,Solo SIMEM
3QR6,AGPE ARA 375 RINCON DE LA PIEDRA,Are0128,Area Suroccidental,Are0031,SubArea Huila-Tolima,Solar,No Despachado Centralmente,GNCC,2026-08-03,2026-08-03,SIMEM 0bfc9d + 841808 + 10F2C9,,,,,,,,,,,,,,,,,,,,,True,False,Solo SIMEM
3QR8,AGPE ARA 354 PURIFICACION ZS,Are0128,Area Suroccidental,Are0031,SubArea Huila-Tolima,Solar,No Despachado Centralmente,GNCC,2026-08-03,2026-08-03,SIMEM 0bfc9d + 841808 + 10F2C9,,,,,,,,,,,,,,,,,,,,,True,False,Solo SIMEM
3QRA,AGPE ARA 410 SALDANA ZN,Are0128,Area Suroccidental,Are0031,SubArea Huila-Tolima,Solar,No Despachado Centralmente,GNCC,2026-08-03,2026-08-03,SIMEM 0bfc9d + 841808 + 10F2C9,,,,,,,,,,,,,,,,,,,,,True,False,Solo SIMEM
3QRC,AGPE RAMSER GP SAS,Are0128,Area Suroccidental,Are0032,SubArea Valle,Solar,No Despachado Centralmente,GNCC,2026-08-03,2026-08-03,SIMEM 0bfc9d + 841808 + 10F2C9,,,,,,,,,,,,,,,,,,,,,True,False,Solo SIMEM
3R35,AGPE PACTIA 100027,Are0056,Area Oriental,Are0017,SubArea Bogota,Solar,No Despachado Centralmente,ETTC,2026-08-03,2026-08-03,SIMEM 0bfc9d + 841808 + 10F2C9,,,,,,,,,,,,,,,,,,,,,True,False,Solo SIMEM
3R37,AGPE PACTIA 100028,Are0056,Area Oriental,Are0017,SubArea Bogota,Solar,No Despachado Centralmente,ETTC,2026-08-03,2026-08-03,SIMEM 0bfc9d + 841808 + 10F2C9,,,,,,,,,,,,,,,,,,,,,True,False,Solo SIMEM
3R39,AGPE MULTIA 104102,Are0056,Area Oriental,Are0017,SubArea Bogota,Solar,No Despachado Centralmente,ETTC,2026-08-03,2026-08-03,SIMEM 0bfc9d + 841808 + 10F2C9,,,,,,,,,,,,,,,,,,,,,True,False,Solo SIMEM
3R3B,AGPE UN DOS TRES POR MI,Are0056,Area Oriental,Are0017,SubArea Bogota,Solar,No Despachado Centralmente,BIAC,2026-08-03,2026-08-03,SIMEM 0bfc9d + 841808 + 10F2C9,,,,,,,,,,,,,,,,,,,,,True,False,Solo SIMEM
3R3D,AGPE INDUSTRIA GASTRONOMICA DEL NORTE,Are0127,Area Caribe,Are0021,SubArea Cordoba_Sucre,Solar,No Despachado Centralmente,SCEC,2026-08-03,2026-08-03,SIMEM 0bfc9d + 841808 + 10F2C9,,,,,,,,,,,,,,,,,,,,,True,False,Solo SIMEM
3R3F,AGPE JUAN ALBERTO PRIETO,Are0002,Area Antioquia,Are0015,SubArea Antioquia,Solar,No Despachado Centralmente,NEUC,2026-08-03,2026-08-03,SIMEM 0bfc9d + 841808 + 10F2C9,,,,,,,,,,,,,,,,,,,,,True,False,Solo SIMEM
3R3H,AGPE PACTIA 100026,Are0056,Area Oriental,Are0017,SubArea Bogota,Solar,No Despachado Centralmente,ETTC,2026-08-03,2026-08-03,SIMEM 0bfc9d + 841808 + 10F2C9,,,,,,,,,,,,,,,,,,,,,True,False,Solo SIMEM
3R3L,AGPE GASTRONOMIA ITALIANA,Are0056,Area Oriental,Are0017,SubArea Bogota,Solar,No Despachado Centralmente,BIAC,2026-08-03,2026-08-03,SIMEM 0bfc9d + 841808 + 10F2C9,,,,,,,,,,,,,,,,,,,,,True,False,Solo SIMEM
3R4U,AGPE COLEGIO EL CARMEN TERESIANO,Are0012,Area Nordeste,Are0029,SubArea Norte de Santander,Solar,No Despachado Centralmente,GNCC,2026-08-03,2026-08-03,SIMEM 0bfc9d + 841808 + 10F2C9,,,,,,,,,,,,,,,,,,,,,True,False,Solo SIMEM
3R4W,AGPE HOTEL INTERSUITES,Are0127,Area Caribe,Are0016,SubArea Atlantico,Solar,No Despachado Centralmente,GNCC,2026-08-03,2026-08-03,SIMEM 0bfc9d + 841808 + 10F2C9,,,,,,,,,,,,,,,,,,,,,True,False,Solo SIMEM
3R4Y,AGPE CENTRO EMPRESARIAL PALMS AVENUE,Are0002,Area Antioquia,Are0015,SubArea Antioquia,Solar,No Despachado Centralmente,GNCC,2026-08-03,2026-08-03,SIMEM 0bfc9d + 841808 + 10F2C9,,,,,,,,,,,,,,,,,,,,,True,False,Solo SIMEM
3R51,AGPE PALO ALTO,Are0128,Area Suroccidental,Are0032,SubArea Valle,Solar,No Despachado Centralmente,GNCC,2026-08-03,2026-08-03,SIMEM 0bfc9d + 841808 + 10F2C9,,,,,,,,,,,,,,,,,,,,,True,False,Solo SIMEM
3R53,AGPE HOTEL KURAKATA,Are0127,Area Caribe,Are0025,SubArea GCM,Solar,No Despachado Centralmente,GNCC,2026-08-03,2026-08-03,SIMEM 0bfc9d + 841808 + 10F2C9,,,,,,,,,,,,,,,,,,,,,True,False,Solo SIMEM
3R55,AGPE LOS MARINILLOS,Are0127,Area Caribe,Are0016,SubArea Atlantico,Solar,No Despachado Centralmente,GNCC,2026-08-03,2026-08-03,SIMEM 0bfc9d + 841808 + 10F2C9,,,,,,,,,,,,,,,,,,,,,True,False,Solo SIMEM
3R57,AGPE HV VILLARICA,Are0128,Area Suroccidental,Are0019,SubArea Cauca-Narino,Solar,No Despachado Centralmente,ISGC,2026-08-03,2026-08-03,SIMEM 0bfc9d + 841808 + 10F2C9,,,,,,,,,,,,,,,,,,,,,True,False,Solo SIMEM
3R5A,AGPE MANUFACTURAS AF SAS,Are0128,Area Suroccidental,Are0032,SubArea Valle,Solar,No Despachado Centralmente,EPSC,2026-08-03,2026-08-03,SIMEM 0bfc9d + 841808 + 10F2C9,,,,,,,,,,,,,,,,,,,,,True,False,Solo SIMEM
3R5C,AGPE PARROQUIA NUESTRA SENORA DEL ROSARIO,Are0127,Area Caribe,Are0025,SubArea GCM,Solar,No Despachado Centralmente,NEUC,2026-08-03,2026-08-03,SIMEM 0bfc9d + 841808 + 10F2C9,,,,,,,,,,,,,,,,,,,,,True,False,Solo SIMEM
3R5E,AGPE LEONARDO MANUEL MORENO,Are0127,Area Caribe,Are0025,SubArea GCM,Solar,No Despachado Centralmente,NEUC,2026-08-03,2026-08-03,SIMEM 0bfc9d + 841808 + 10F2C9,,,,,,,,,,,,,,,,,,,,,True,False,Solo SIMEM
3R5G,AGPE LICOSINU SAS,Are0127,Area Caribe,Are0021,SubArea Cordoba_Sucre,Solar,No Despachado Centralmente,SCEC,2026-08-03,2026-08-03,SIMEM 0bfc9d + 841808 + 10F2C9,,,,,,,,,,,,,,,,,,,,,True,False,Solo SIMEM
3R9C,AGPE RIO GUACHAL,Are0128,Area Suroccidental,Are0032,SubArea Valle,Solar,No Despachado Centralmente,GNCC,2026-08-03,2026-08-03,SIMEM 0bfc9d + 841808 + 10F2C9,,,,,,,,,,,,,,,,,,,,,True,False,Solo SIMEM
3R9E,AGPE BURRERA,Are0128,Area Suroccidental,Are0032,SubArea Valle,Solar,No Despachado Centralmente,GNCC,2026-08-03,2026-08-03,SIMEM 0bfc9d + 841808 + 10F2C9,,,,,,,,,,,,,,,,,,,,,True,False,Solo SIMEM
3R9G,GD EL ROBLE,Are0127,Area Caribe,Are0021,SubArea Cordoba_Sucre,Solar,No Despachado Centralmente,PRIG,2026-08-03,2026-08-03,SIMEM 0bfc9d + 841808 + 10F2C9,GD EL ROBLE,SUCRE,70233.0,EL ROBLE,Caribe,-75.14535036538611,9.036194276791967,0.996,SOLAR,RAD SOLAR,ND,GEN. DISTRIBUIDA,OPERACIÓN,PROELECTRICA S.A.S E.S.P.,2024-11-24,2024.0,2026-08-03,0.0,SI,515.0,True,True,SIMEM + UPME
3RGL,AGPE CC UNICENTRO CUCUTA,Are0012,Area Nordeste,Are0029,SubArea Norte de Santander,Solar,No Despachado Centralmente,EPMC,2026-08-03,2026-08-03,SIMEM 0bfc9d + 841808 + 10F2C9,,,,,,,,,,,,,,,,,,,,,True,False,Solo SIMEM
3RGN,AGPE FUERZA AEREA EMAVI,Are0128,Area Suroccidental,Are0032,SubArea Valle,Solar,No Despachado Centralmente,EPMC,2026-08-03,2026-08-03,SIMEM 0bfc9d + 841808 + 10F2C9,,,,,,,,,,,,,,,,,,,,,True,False,Solo SIMEM
3RGP,AGPE CC VENTURA PLAZA,Are0012,Area Nordeste,Are0029,SubArea Norte de Santander,Solar,No Despachado Centralmente,EPMC,2026-08-03,2026-08-03,SIMEM 0bfc9d + 841808 + 10F2C9,,,,,,,,,,,,,,,,,,,,,True,False,Solo SIMEM
3RGR,AGPE DORIA MOSQUERA,Are0056,Area Oriental,Are0017,SubArea Bogota,Solar,No Despachado Centralmente,EPMC,2026-08-03,2026-08-03,SIMEM 0bfc9d + 841808 + 10F2C9,,,,,,,,,,,,,,,,,,,,,True,False,Solo SIMEM
3RGT,AGPE CAM ALCALDIA MEDELLIN,Are0002,Area Antioquia,Are0015,SubArea Antioquia,Solar,No Despachado Centralmente,EPMC,2026-08-03,2026-08-03,SIMEM 0bfc9d + 841808 + 10F2C9,,,,,,,,,,,,,,,,,,,,,True,False,Solo SIMEM
3RGX,,,,,,,,,,,,JUMI,ATLÁNTICO,8296.0,GALAPA,Caribe,-74.88709153285787,10.897722810082572,9.9,SOLAR,RAD SOLAR,ND,NORMAL,PRUEBAS,VATIA S.A. E.S.P.,2024-12-05,2024.0,2026-08-03,0.0,SI,122.0,False,True,Solo UPME
3RGZ,MINIGRANJA LA PAZ LEYENDA,Are0127,Area Caribe,Are0025,SubArea GCM,Solar,No Despachado Centralmente,UNGG,2026-08-03,2026-08-03,SIMEM 0bfc9d + 841808 + 10F2C9,MINIGRANJA LA PAZ LEYENDA,CESAR,20621.0,LA PAZ,Caribe,-73.078475713251,10.244460449569692,0.99,SOLAR,RAD SOLAR,ND,GEN. DISTRIBUIDA,OPERACIÓN,UNERGY ENERGY DIGITAL S.A.S E.S.P,2024-12-01,2024.0,2026-08-03,0.0,SI,255.0,True,True,SIMEM + UPME
3RH2,AUTOG HIDROSOLAR I,Are0012,Area Nordeste,Are0130,SubArea Boyaca-Casanare,Solar,No Despachado Centralmente,ERRG,2026-08-03,2026-08-03,SIMEM 0bfc9d + 841808 + 10F2C9,AUTOG HIDROSOLAR I,CASANARE,85001.0,YOPAL,Oriente,-72.25798324179046,5.242711687577748,4.9,SOLAR,RAD SOLAR,ND,AUTOGENERADOR,OPERACIÓN,ERCO GENERACION S.A.S. ESP,2026-05-28,2026.0,2026-08-03,0.0,NO,212.0,True,True,SIMEM + UPME
3RH4,AGPE ANGELA ROCIO PINZON AMADO,Are0127,Area Caribe,Are0021,SubArea Cordoba_Sucre,Solar,No Despachado Centralmente,SCEC,2026-08-03,2026-08-03,SIMEM 0bfc9d + 841808 + 10F2C9,,,,,,,,,,,,,,,,,,,,,True,False,Solo SIMEM
3RKC,AGPE DALIDA CRISTINA OJEDA BENEDETTY,Are0127,Area Caribe,Are0021,SubArea Cordoba_Sucre,Solar,No Despachado Centralmente,SCEC,2026-08-03,2026-08-03,SIMEM 0bfc9d + 841808 + 10F2C9,,,,,,,,,,,,,,,,,,,,,True,False,Solo SIMEM
3RKE,AGPE ZOILA ROCIO LOAIZA RIANO,Are0127,Area Caribe,Are0021,SubArea Cordoba_Sucre,Solar,No Despachado Centralmente,SCEC,2026-08-03,2026-08-03,SIMEM 0bfc9d + 841808 + 10F2C9,,,,,,,,,,,,,,,,,,,,,True,False,Solo SIMEM
3RKN,,,,,,,,,,,,ECOPARQUE BRISAS,HUILA,41016.0,AIPE,Centro,-75.27655250183108,3.2433946430352805,4.0,SOLAR,RAD SOLAR,ND,AUTOGENERADOR,INACTIVO,GENERADORA Y COMERCIALIZADORA DE ENERGIA DEL CARIBE S.A. E.S.P.,2024-12-03,2024.0,2026-08-03,0.0,NO,383.0,False,True,Solo UPME
3RKP,,,,,,,,,,,,AUTOG ENKA 1,ANTIOQUIA,5308.0,GIRARDOTA,Antioquia,-75.44794124338054,6.3797529997366285,4.0,TERMICA,CARBON,ND,AUTOGENERADOR,INACTIVO,EMPRESAS PUBLICAS DE MEDELLIN E.S.P.,2024-12-14,2024.0,2026-08-03,0.0,NO,31.0,False,True,Solo UPME
4QPC,AGPE DISTRIBUIDORA DE BANANOS OCHOA SEDE II,Are0127,Area Caribe,Are0016,SubArea Atlantico,Solar,No Despachado Centralmente,GNCC,2026-08-03,2026-08-03,SIMEM 0bfc9d + 841808 + 10F2C9,,,,,,,,,,,,,,,,,,,,,True,False,Solo SIMEM
4QPD,AGPE CLINICA OFTALMOLOGICA DAJUD SAS,Are0127,Area Caribe,Are0021,SubArea Cordoba_Sucre,Solar,No Despachado Centralmente,SCEC,2026-08-03,2026-08-03,SIMEM 0bfc9d + 841808 + 10F2C9,,,,,,,,,,,,,,,,,,,,,True,False,Solo SIMEM
4QPF,AGPE HOTEL GUACARI,Are0127,Area Caribe,Are0021,SubArea Cordoba_Sucre,Solar,No Despachado Centralmente,SCEC,2026-08-03,2026-08-03,SIMEM 0bfc9d + 841808 + 10F2C9,,,,,,,,,,,,,,,,,,,,,True,False,Solo SIMEM
4QPH,AGPE CLINICA DE OFTALMOLOGIA DE CALI,Are0128,Area Suroccidental,Are0032,SubArea Valle,Solar,No Despachado Centralmente,EPSC,2026-08-03,2026-08-03,SIMEM 0bfc9d + 841808 + 10F2C9,,,,,,,,,,,,,,,,,,,,,True,False,Solo SIMEM
4QPJ,,,,,,,,,,,,SOL DEL MAR II,CÓRDOBA,23068.0,AYAPEL,Caribe,-75.04871885055339,8.265753746461494,9.9,SOLAR,RAD SOLAR,ND,NORMAL,PRUEBAS,GR POWER COLOMBIA S.A.S E.S.P.,2026-07-20,2026.0,2026-08-03,0.0,SI,328.0,False,True,Solo UPME
4QPL,AGPE CAJA DE COMPENSACION FAMILIAR DE SUCRE,Are0127,Area Caribe,Are0021,SubArea Cordoba_Sucre,Solar,No Despachado Centralmente,SCEC,2026-08-03,2026-08-03,SIMEM 0bfc9d + 841808 + 10F2C9,,,,,,,,,,,,,,,,,,,,,True,False,Solo SIMEM
4QZQ,AGPE MANUFACTURAS,Are0056,Area Oriental,Are0017,SubArea Bogota,Solar,No Despachado Centralmente,EPMC,2026-08-03,2026-08-03,SIMEM 0bfc9d + 841808 + 10F2C9,,,,,,,,,,,,,,,,,,,,,True,False,Solo SIMEM
4QZS,AGPE DIANA PATRICIA FRANCO CAMPOS,Are0127,Area Caribe,Are0021,SubArea Cordoba_Sucre,Solar,No Despachado Centralmente,SCEC,2026-08-03,2026-08-03,SIMEM 0bfc9d + 841808 + 10F2C9,,,,,,,,,,,,,,,,,,,,,True,False,Solo SIMEM
4QZU,AGPE CARMEN EDITH GONZALEZ MEJIA,Are0127,Area Caribe,Are0021,SubArea Cordoba_Sucre,Solar,No Despachado Centralmente,SCEC,2026-08-03,2026-08-03,SIMEM 0bfc9d + 841808 + 10F2C9,,,,,,,,,,,,,,,,,,,,,True,False,Solo SIMEM
4QZW,AGPE MAURICIO ANTONIO MARINEZ MENDEZ,Are0127,Area Caribe,Are0021,SubArea Cordoba_Sucre,Solar,No Despachado Centralmente,SCEC,2026-08-03,2026-08-03,SIMEM 0bfc9d + 841808 + 10F2C9,,,,,,,,,,,,,,,,,,,,,True,False,Solo SIMEM
4QZY,AGPE ECOGYP,Are0056,Area Oriental,Are0017,SubArea Bogota,Solar,No Despachado Centralmente,ETTC,2026-08-03,2026-08-03,SIMEM 0bfc9d + 841808 + 10F2C9,,,,,,,,,,,,,,,,,,,,,True,False,Solo SIMEM
4R11,AGPE JOTA EME INVERSIONES SAS,Are0127,Area Caribe,Are0018,SubArea Bolivar,Solar,No Despachado Centralmente,SCEC,2026-08-03,2026-08-03,SIMEM 0bfc9d + 841808 + 10F2C9,,,,,,,,,,,,,,,,,,,,,True,False,Solo SIMEM
4R13,AGPE NOVACASA CALI,Are0128,Area Suroccidental,Are0032,SubArea Valle,Solar,No Despachado Centralmente,NEUC,2026-08-03,2026-08-03,SIMEM 0bfc9d + 841808 + 10F2C9,,,,,,,,,,,,,,,,,,,,,True,False,Solo SIMEM
4R17,AGPE JOSE JORGE MONSALVO GNECCO,Are0127,Area Caribe,Are0025,SubArea GCM,Solar,No Despachado Centralmente,NEUC,2026-08-03,2026-08-03,SIMEM 0bfc9d + 841808 + 10F2C9,,,,,,,,,,,,,,,,,,,,,True,False,Solo SIMEM
4R19,AGPE INVESTIGACION MICROBIOLOGICA CESAR,Are0127,Area Caribe,Are0025,SubArea GCM,Solar,No Despachado Centralmente,NEUC,2026-08-03,2026-08-03,SIMEM 0bfc9d + 841808 + 10F2C9,,,,,,,,,,,,,,,,,,,,,True,False,Solo SIMEM
4R1B,AGPE MARIA  AUXILIADORA MOSCOTE MORON,Are0127,Area Caribe,Are0025,SubArea GCM,Solar,No Despachado Centralmente,NEUC,2026-08-03,2026-08-03,SIMEM 0bfc9d + 841808 + 10F2C9,,,,,,,,,,,,,,,,,,,,,True,False,Solo SIMEM
4R1D,AGPE TIENDA ARA 925,Are0127,Area Caribe,Are0025,SubArea GCM,Solar,No Despachado Centralmente,NEUC,2026-08-03,2026-08-03,SIMEM 0bfc9d + 841808 + 10F2C9,,,,,,,,,,,,,,,,,,,,,True,False,Solo SIMEM
4R1F,AGPE TECNOACEROS SAS,Are0056,Area Oriental,Are0017,SubArea Bogota,Solar,No Despachado Centralmente,NEUC,2026-08-03,2026-08-03,SIMEM 0bfc9d + 841808 + 10F2C9,,,,,,,,,,,,,,,,,,,,,True,False,Solo SIMEM
4R1H,AGPE ANA CAROLINA NAVARRO,Are0127,Area Caribe,Are0025,SubArea GCM,Solar,No Despachado Centralmente,NEUC,2026-08-03,2026-08-03,SIMEM 0bfc9d + 841808 + 10F2C9,,,,,,,,,,,,,,,,,,,,,True,False,Solo SIMEM
4R1J,AGPE NASELA SAS,Are0002,Area Antioquia,Are0015,SubArea Antioquia,Solar,No Despachado Centralmente,NEUC,2026-08-03,2026-08-03,SIMEM 0bfc9d + 841808 + 10F2C9,,,,,,,,,,,,,,,,,,,,,True,False,Solo SIMEM
4RG6,,,,,,,,,,,,AUTOG CELSIA SOLAR TQ JAMUNDI,VALLE DEL CAUCA,76364.0,JAMUNDÍ,Pacífico,-76.62762608770964,3.2138734008022607,1.92,SOLAR,RAD SOLAR,ND,AUTOGENERADOR,PRUEBAS,CELSIA COLOMBIA S.A. E.S.P.,2025-03-05,2025.0,2026-08-03,0.0,NO,581.0,False,True,Solo UPME
4RG8,AGPE SUBS CORP,Are0127,Area Caribe,Are0016,SubArea Atlantico,Solar,No Despachado Centralmente,RTQC,2026-08-03,2026-08-03,SIMEM 0bfc9d + 841808 + 10F2C9,,,,,,,,,,,,,,,,,,,,,True,False,Solo SIMEM
4RGA,AGPE LICEO CERVANTES,Are0127,Area Caribe,Are0025,SubArea GCM,Solar,No Despachado Centralmente,BIAC,2026-08-03,2026-08-03,SIMEM 0bfc9d + 841808 + 10F2C9,,,,,,,,,,,,,,,,,,,,,True,False,Solo SIMEM
4RGC,AGPE FUERZA AEREA CAMAN,Are0056,Area Oriental,Are0017,SubArea Bogota,Solar,No Despachado Centralmente,EPMC,2026-08-03,2026-08-03,SIMEM 0bfc9d + 841808 + 10F2C9,,,,,,,,,,,,,,,,,,,,,True,False,Solo SIMEM
4RGE,AGPE PLAZA MAYOR CONVENCIONES,Are0002,Area Antioquia,Are0015,SubArea Antioquia,Solar,No Despachado Centralmente,EPMC,2026-08-03,2026-08-03,SIMEM 0bfc9d + 841808 + 10F2C9,,,,,,,,,,,,,,,,,,,,,True,False,Solo SIMEM
4RGG,PARQUE SOLAR BARANOA,Are0127,Area Caribe,Are0016,SubArea Atlantico,Solar,No Despachado Centralmente,FYRG,2026-08-03,2026-08-03,SIMEM 0bfc9d + 841808 + 10F2C9,PARQUE SOLAR BARANOA,ATLÁNTICO,8078.0,BARANOA,Caribe,-74.92219610114647,10.793290323863562,19.9,SOLAR,RAD SOLAR,ND,NORMAL,OPERACIÓN,FOTOVOLTAICO EL YARUMO SAS ESP,2025-04-29,2025.0,2026-08-03,0.0,SI,113.0,True,True,SIMEM + UPME
4RGI,AGPE NELSON SOTO DUQUE LOC I,Are0127,Area Caribe,Are0021,SubArea Cordoba_Sucre,Solar,No Despachado Centralmente,SCEC,2026-08-03,2026-08-03,SIMEM 0bfc9d + 841808 + 10F2C9,,,,,,,,,,,,,,,,,,,,,True,False,Solo SIMEM
4RGK,AGPE CARLOS ALBERTO DAJUD FERNANDEZ,Are0127,Area Caribe,Are0021,SubArea Cordoba_Sucre,Solar,No Despachado Centralmente,SCEC,2026-08-03,2026-08-03,SIMEM 0bfc9d + 841808 + 10F2C9,,,,,,,,,,,,,,,,,,,,,True,False,Solo SIMEM
4RJY,AGPE MARIA MARGARITA GONZALEZ,Are0127,Area Caribe,Are0025,SubArea GCM,Solar,No Despachado Centralmente,GNCC,2026-08-03,2026-08-03,SIMEM 0bfc9d + 841808 + 10F2C9,,,,,,,,,,,,,,,,,,,,,True,False,Solo SIMEM
4RK1,AGPE INMAGRAF INGENIERIA,Are0128,Area Suroccidental,Are0032,SubArea Valle,Solar,No Despachado Centralmente,GNCC,2026-08-03,2026-08-03,SIMEM 0bfc9d + 841808 + 10F2C9,,,,,,,,,,,,,,,,,,,,,True,False,Solo SIMEM
4RK3,AGPE AGENCIA DE SERVICIOS LOGISTICOS,Are0128,Area Suroccidental,Are0032,SubArea Valle,Solar,No Despachado Centralmente,GNCC,2026-08-03,2026-08-03,SIMEM 0bfc9d + 841808 + 10F2C9,,,,,,,,,,,,,,,,,,,,,True,False,Solo SIMEM
4RK5,AGPE SALUD VEGAS TORRE MEDICA PH,Are0002,Area Antioquia,Are0015,SubArea Antioquia,Solar,No Despachado Centralmente,GNCC,2026-08-03,2026-08-03,SIMEM 0bfc9d + 841808 + 10F2C9,,,,,,,,,,,,,,,,,,,,,True,False,Solo SIMEM
4RKN,AGPE HOTEL CABECERA COUNTRY,Are0012,Area Nordeste,Are0131,SubArea Santander,Solar,No Despachado Centralmente,RTQC,2026-08-03,2026-08-03,SIMEM 0bfc9d + 841808 + 10F2C9,,,,,,,,,,,,,,,,,,,,,True,False,Solo SIMEM
4RKP,AGPE AURA RUEDA DE AYALA,Are0127,Area Caribe,Are0016,SubArea Atlantico,Solar,No Despachado Centralmente,QIEC,2026-08-03,2026-08-03,SIMEM 0bfc9d + 841808 + 10F2C9,,,,,,,,,,,,,,,,,,,,,True,False,Solo SIMEM
4RKR,AGPE RODRIGO MADRID MZ 32 17,Are0127,Area Caribe,Are0018,SubArea Bolivar,Solar,No Despachado Centralmente,ENBC,2026-08-03,2026-08-03,SIMEM 0bfc9d + 841808 + 10F2C9,,,,,,,,,,,,,,,,,,,,,True,False,Solo SIMEM
4RKT,AGPE ANTONIO FERNANDO JAUREGUI CASA 3,Are0127,Area Caribe,Are0018,SubArea Bolivar,Solar,No Despachado Centralmente,ENBC,2026-08-03,2026-08-03,SIMEM 0bfc9d + 841808 + 10F2C9,,,,,,,,,,,,,,,,,,,,,True,False,Solo SIMEM
4RKV,AGPE HOTELES SITES,Are0127,Area Caribe,Are0021,SubArea Cordoba_Sucre,Solar,No Despachado Centralmente,BIAC,2026-08-03,2026-08-03,SIMEM 0bfc9d + 841808 + 10F2C9,,,,,,,,,,,,,,,,,,,,,True,False,Solo SIMEM
4RKX,AGPE BRAVO MENESES,Are0128,Area Suroccidental,Are0019,SubArea Cauca-Narino,Solar,No Despachado Centralmente,BIAC,2026-08-03,2026-08-03,SIMEM 0bfc9d + 841808 + 10F2C9,,,,,,,,,,,,,,,,,,,,,True,False,Solo SIMEM
4RKZ,AGPE LEANDRO EFRAIN ARISTIZABAL VARGAS,Are0128,Area Suroccidental,Are0031,SubArea Huila-Tolima,Solar,No Despachado Centralmente,ETTC,2026-08-03,2026-08-03,SIMEM 0bfc9d + 841808 + 10F2C9,,,,,,,,,,,,,,,,,,,,,True,False,Solo SIMEM
4RL2,AGPE LE GRAND FRANCES,Are0128,Area Suroccidental,Are0032,SubArea Valle,Solar,No Despachado Centralmente,BIAC,2026-08-03,2026-08-03,SIMEM 0bfc9d + 841808 + 10F2C9,,,,,,,,,,,,,,,,,,,,,True,False,Solo SIMEM
4RL4,AGPE JAIME ANTONIO SANCHEZ MZ 18 2,Are0127,Area Caribe,Are0018,SubArea Bolivar,Solar,No Despachado Centralmente,ENBC,2026-08-03,2026-08-03,SIMEM 0bfc9d + 841808 + 10F2C9,,,,,,,,,,,,,,,,,,,,,True,False,Solo SIMEM
4RMP,AGPE JUGLARES RESTAURANTE,Are0127,Area Caribe,Are0025,SubArea GCM,Solar,No Despachado Centralmente,NEUC,2026-08-03,2026-08-03,SIMEM 0bfc9d + 841808 + 10F2C9,,,,,,,,,,,,,,,,,,,,,True,False,Solo SIMEM
4RMR,MINIGRANJA LA PAZ ESMERALDA,Are0127,Area Caribe,Are0025,SubArea GCM,Solar,No Despachado Centralmente,UNGG,2026-08-03,2026-08-03,SIMEM 0bfc9d + 841808 + 10F2C9,MINIGRANJA LA PAZ ESMERALDA,CESAR,20621.0,LA PAZ,Caribe,-73.078475713251,10.244460449569692,0.99,SOLAR,RAD SOLAR,ND,GEN. DISTRIBUIDA,OPERACIÓN,UNERGY ENERGY DIGITAL S.A.S E.S.P,2025-02-25,2025.0,2026-08-03,0.0,SI,253.0,True,True,SIMEM + UPME
4RMT,AGPE ARA LA CORDIALIDAD,Are0012,Area Nordeste,Are0029,SubArea Norte de Santander,Solar,No Despachado Centralmente,GNCC,2026-08-03,2026-08-03,SIMEM 0bfc9d + 841808 + 10F2C9,,,,,,,,,,,,,,,,,,,,,True,False,Solo SIMEM
4RMV,AGPE RETECTIRE SAS,Are0056,Area Oriental,Are0017,SubArea Bogota,Solar,No Despachado Centralmente,NEUC,2026-08-03,2026-08-03,SIMEM 0bfc9d + 841808 + 10F2C9,,,,,,,,,,,,,,,,,,,,,True,False,Solo SIMEM
4RMW,AGPE TIENDA ARA 749,Are0127,Area Caribe,Are0025,SubArea GCM,Solar,No Despachado Centralmente,NEUC,2026-08-03,2026-08-03,SIMEM 0bfc9d + 841808 + 10F2C9,,,,,,,,,,,,,,,,,,,,,True,False,Solo SIMEM
4RMX,AGPE TIENDA ARA 856,Are0127,Area Caribe,Are0021,SubArea Cordoba_Sucre,Solar,No Despachado Centralmente,NEUC,2026-08-03,2026-08-03,SIMEM 0bfc9d + 841808 + 10F2C9,,,,,,,,,,,,,,,,,,,,,True,False,Solo SIMEM
4RMY,AGPE ARA MONTERIA RANCHO GRANDE,Are0127,Area Caribe,Are0021,SubArea Cordoba_Sucre,Solar,No Despachado Centralmente,NEUC,2026-08-03,2026-08-03,SIMEM 0bfc9d + 841808 + 10F2C9,,,,,,,,,,,,,,,,,,,,,True,False,Solo SIMEM
4RMZ,AGPE PARROQUIA DE LA NATIVIDAD,Are0127,Area Caribe,Are0025,SubArea GCM,Solar,No Despachado Centralmente,NEUC,2026-08-03,2026-08-03,SIMEM 0bfc9d + 841808 + 10F2C9,,,,,,,,,,,,,,,,,,,,,True,False,Solo SIMEM
4RN1,AGPE TIENDA ARA 702,Are0127,Area Caribe,Are0025,SubArea GCM,Solar,No Despachado Centralmente,NEUC,2026-08-03,2026-08-03,SIMEM 0bfc9d + 841808 + 10F2C9,,,,,,,,,,,,,,,,,,,,,True,False,Solo SIMEM
4RN2,AGPE CLUB SOCIAL VALLEDUPAR,Are0127,Area Caribe,Are0025,SubArea GCM,Solar,No Despachado Centralmente,NEUC,2026-08-03,2026-08-03,SIMEM 0bfc9d + 841808 + 10F2C9,,,,,,,,,,,,,,,,,,,,,True,False,Solo SIMEM
4RN3,AGPE METALTECO PLANTA I,Are0012,Area Nordeste,Are0131,SubArea Santander,Solar,No Despachado Centralmente,GNCC,2026-08-03,2026-08-03,SIMEM 0bfc9d + 841808 + 10F2C9,,,,,,,,,,,,,,,,,,,,,True,False,Solo SIMEM
4RN5,AGPE TIENDA ARA 416,Are0127,Area Caribe,Are0021,SubArea Cordoba_Sucre,Solar,No Despachado Centralmente,NEUC,2026-08-03,2026-08-03,SIMEM 0bfc9d + 841808 + 10F2C9,,,,,,,,,,,,,,,,,,,,,True,False,Solo SIMEM
4RN7,AGPE JUAN PABLO MONSALVE,Are0127,Area Caribe,Are0025,SubArea GCM,Solar,No Despachado Centralmente,NEUC,2026-08-03,2026-08-03,SIMEM 0bfc9d + 841808 + 10F2C9,,,,,,,,,,,,,,,,,,,,,True,False,Solo SIMEM
4RN9,AGPE RODRIGO ARANGO,Are0002,Area Antioquia,Are0015,SubArea Antioquia,Solar,No Despachado Centralmente,NEUC,2026-08-03,2026-08-03,SIMEM 0bfc9d + 841808 + 10F2C9,,,,,,,,,,,,,,,,,,,,,True,False,Solo SIMEM
4RP4,AGPE CPANAME,Are0127,Area Caribe,Are0021,SubArea Cordoba_Sucre,Solar,No Despachado Centralmente,ETTC,2026-08-03,2026-08-03,SIMEM 0bfc9d + 841808 + 10F2C9,,,,,,,,,,,,,,,,,,,,,True,False,Solo SIMEM
4RP6,AGPE FAMJ1,Are0056,Area Oriental,Are0017,SubArea Bogota,Solar,No Despachado Centralmente,ETTC,2026-08-03,2026-08-03,SIMEM 0bfc9d + 841808 + 10F2C9,,,,,,,,,,,,,,,,,,,,,True,False,Solo SIMEM
4RP8,AGPE LOS POTRILLOS RESTAURANTE BAR,Are0127,Area Caribe,Are0021,SubArea Cordoba_Sucre,Solar,No Despachado Centralmente,SCEC,2026-08-03,2026-08-03,SIMEM 0bfc9d + 841808 + 10F2C9,,,,,,,,,,,,,,,,,,,,,True,False,Solo SIMEM
4S1G,MINIGRANJA VILLANUEVA,Are0127,Area Caribe,Are0025,SubArea GCM,Solar,No Despachado Centralmente,UNGG,2026-08-03,2026-08-03,SIMEM 0bfc9d + 841808 + 10F2C9,MINIGRANJA VILLANUEVA,LA GUAJIRA,44874.0,VILLANUEVA,Caribe,-72.97519308291278,10.583649556176084,0.99,SOLAR,RAD SOLAR,ND,GEN. DISTRIBUIDA,OPERACIÓN,UNERGY ENERGY DIGITAL S.A.S E.S.P,2025-07-24,2025.0,2026-08-03,0.0,SI,397.0,True,True,SIMEM + UPME
4S1I,AGPE CARMEN REGINA VILLADIEGO MONTIEL,Are0127,Area Caribe,Are0021,SubArea Cordoba_Sucre,Solar,No Despachado Centralmente,SCEC,2026-08-03,2026-08-03,SIMEM 0bfc9d + 841808 + 10F2C9,,,,,,,,,,,,,,,,,,,,,True,False,Solo SIMEM
4S44,AGPE EDUARDO ENRIQUE DEL CASTILLO,Are0127,Area Caribe,Are0018,SubArea Bolivar,Solar,No Despachado Centralmente,ENBC,2026-08-03,2026-08-03,SIMEM 0bfc9d + 841808 + 10F2C9,,,,,,,,,,,,,,,,,,,,,True,False,Solo SIMEM
4S46,AGPE HECTOR JULIAN USECHE MZ 20 1,Are0127,Area Caribe,Are0018,SubArea Bolivar,Solar,No Despachado Centralmente,ENBC,2026-08-03,2026-08-03,SIMEM 0bfc9d + 841808 + 10F2C9,,,,,,,,,,,,,,,,,,,,,True,False,Solo SIMEM
4S48,AGPE JUAN CARLOS HOYOS VALDELAMAR,Are0127,Area Caribe,Are0018,SubArea Bolivar,Solar,No Despachado Centralmente,ENBC,2026-08-03,2026-08-03,SIMEM 0bfc9d + 841808 + 10F2C9,,,,,,,,,,,,,,,,,,,,,True,False,Solo SIMEM
4S4R,AGPE NICOLAS EFRAIN ARISTIZABAL,Are0128,Area Suroccidental,Are0031,SubArea Huila-Tolima,Solar,No Despachado Centralmente,ETTC,2026-08-03,2026-08-03,SIMEM 0bfc9d + 841808 + 10F2C9,,,,,,,,,,,,,,,,,,,,,True,False,Solo SIMEM
4S4T,AGPE HIJOS DE DOMINGO DAMBROSIO LTDA,Are0127,Area Caribe,Are0021,SubArea Cordoba_Sucre,Solar,No Despachado Centralmente,SCEC,2026-08-03,2026-08-03,SIMEM 0bfc9d + 841808 + 10F2C9,,,,,,,,,,,,,,,,,,,,,True,False,Solo SIMEM
4S4V,AGPE SUBS CORP BODEGA,Are0127,Area Caribe,Are0016,SubArea Atlantico,Solar,No Despachado Centralmente,RTQC,2026-08-03,2026-08-03,SIMEM 0bfc9d + 841808 + 10F2C9,,,,,,,,,,,,,,,,,,,,,True,False,Solo SIMEM
4S5T,AGPE JORGE ALBERTO BERNAL RAMIREZ,Are0128,Area Suroccidental,Are0032,SubArea Valle,Solar,No Despachado Centralmente,ENBC,2026-08-03,2026-08-03,SIMEM 0bfc9d + 841808 + 10F2C9,,,,,,,,,,,,,,,,,,,,,True,False,Solo SIMEM
4S5V,AGPE JUAN FERNANDO ZULUAGA JARAMILLO,Are0128,Area Suroccidental,Are0032,SubArea Valle,Solar,No Despachado Centralmente,ENBC,2026-08-03,2026-08-03,SIMEM 0bfc9d + 841808 + 10F2C9,,,,,,,,,,,,,,,,,,,,,True,False,Solo SIMEM
4S66,GD DIOCESIS DE RIOHACHA,Are0127,Area Caribe,Are0025,SubArea GCM,Solar,No Despachado Centralmente,ELIG,2026-08-03,2026-08-03,SIMEM 0bfc9d + 841808 + 10F2C9,GD DIOCESIS DE RIOHACHA,LA GUAJIRA,44001.0,RIOHACHA,Caribe,-72.95884811048109,11.24294815602286,0.15,SOLAR,RAD SOLAR,ND,GEN. DISTRIBUIDA,OPERACIÓN,ENERGIA LIMPIA Y EFICIENTE S.A.S ESP,2025-01-24,2025.0,2026-08-03,0.0,SI,394.0,True,True,SIMEM + UPME
4S76,AGPE REDCOLSA SA,Are0128,Area Suroccidental,Are0032,SubArea Valle,Solar,No Despachado Centralmente,EPSC,2026-08-03,2026-08-03,SIMEM 0bfc9d + 841808 + 10F2C9,,,,,,,,,,,,,,,,,,,,,True,False,Solo SIMEM
4S78,AGPE ELIANA GOMEZ VARELA LOTE 13,Are0127,Area Caribe,Are0018,SubArea Bolivar,Solar,No Despachado Centralmente,ENBC,2026-08-03,2026-08-03,SIMEM 0bfc9d + 841808 + 10F2C9,,,,,,,,,,,,,,,,,,,,,True,False,Solo SIMEM
4S7A,AGPE LMILLAN 81116,Are0127,Area Caribe,Are0021,SubArea Cordoba_Sucre,Solar,No Despachado Centralmente,ETTC,2026-08-03,2026-08-03,SIMEM 0bfc9d + 841808 + 10F2C9,,,,,,,,,,,,,,,,,,,,,True,False,Solo SIMEM
4S7C,AGPE LIZ ARIANI MZ 18 2,Are0127,Area Caribe,Are0018,SubArea Bolivar,Solar,No Despachado Centralmente,ENBC,2026-08-03,2026-08-03,SIMEM 0bfc9d + 841808 + 10F2C9,,,,,,,,,,,,,,,,,,,,,True,False,Solo SIMEM
4S7E,MINIGRANJA EL SON,Are0127,Area Caribe,Are0025,SubArea GCM,Solar,No Despachado Centralmente,UNGG,2026-08-03,2026-08-03,SIMEM 0bfc9d + 841808 + 10F2C9,MINIGRANJA EL SON,CESAR,20001.0,VALLEDUPAR,Caribe,-73.46096446435115,10.216456883774852,0.99,SOLAR,RAD SOLAR,ND,GEN. DISTRIBUIDA,OPERACIÓN,UNERGY ENERGY DIGITAL S.A.S E.S.P,2025-04-27,2025.0,2026-08-03,0.0,SI,293.0,True,True,SIMEM + UPME
4S7G,AGPE  ALMACENES SUPERMIO SAS,Are0012,Area Nordeste,Are0130,SubArea Boyaca-Casanare,Solar,No Despachado Centralmente,QIEC,2026-08-03,2026-08-03,SIMEM 0bfc9d + 841808 + 10F2C9,,,,,,,,,,,,,,,,,,,,,True,False,Solo SIMEM
4S7I,SOL Y CIELO II,Are0127,Area Caribe,Are0021,SubArea Cordoba_Sucre,Solar,No Despachado Centralmente,EYCG,2026-08-03,2026-08-03,SIMEM 0bfc9d + 841808 + 10F2C9,SOL Y CIELO II,CÓRDOBA,23001.0,MONTERÍA,Caribe,-75.95052937682705,8.584659059910113,0.99,SOLAR,RAD SOLAR,ND,GEN. DISTRIBUIDA,OPERACIÓN,ENERGIA Y GAS DE COLOMBIA SAS ESP,2025-03-06,2025.0,2026-08-03,0.0,SI,340.0,True,True,SIMEM + UPME
4S7K,SOL Y CIELO III,Are0127,Area Caribe,Are0021,SubArea Cordoba_Sucre,Solar,No Despachado Centralmente,EYCG,2026-08-03,2026-08-03,SIMEM 0bfc9d + 841808 + 10F2C9,SOL Y CIELO III,CÓRDOBA,23001.0,MONTERÍA,Caribe,-75.95052937682705,8.584659059910113,0.99,SOLAR,RAD SOLAR,ND,GEN. DISTRIBUIDA,OPERACIÓN,ENERGIA Y GAS DE COLOMBIA SAS ESP,2025-03-06,2025.0,2026-08-03,0.0,SI,339.0,True,True,SIMEM + UPME
4S7M,AGPE INVERSIONES DIAZ GRANADOS,Are0127,Area Caribe,Are0025,SubArea GCM,Solar,No Despachado Centralmente,NEUC,2026-08-03,2026-08-03,SIMEM 0bfc9d + 841808 + 10F2C9,,,,,,,,,,,,,,,,,,,,,True,False,Solo SIMEM
4S7O,AGPE OSCAR DARIO VANEGAS VALLEFRUTAS,Are0127,Area Caribe,Are0025,SubArea GCM,Solar,No Despachado Centralmente,NEUC,2026-08-03,2026-08-03,SIMEM 0bfc9d + 841808 + 10F2C9,,,,,,,,,,,,,,,,,,,,,True,False,Solo SIMEM
4S7Q,AGPE RADIOLOGIAS E IMAGENES,Are0127,Area Caribe,Are0025,SubArea GCM,Solar,No Despachado Centralmente,GNCC,2026-08-03,2026-08-03,SIMEM 0bfc9d + 841808 + 10F2C9,,,,,,,,,,,,,,,,,,,,,True,False,Solo SIMEM
4S7S,AGPE SUPER REY DE LOS REMATES,Are0127,Area Caribe,Are0025,SubArea GCM,Solar,No Despachado Centralmente,GNCC,2026-08-03,2026-08-03,SIMEM 0bfc9d + 841808 + 10F2C9,,,,,,,,,,,,,,,,,,,,,True,False,Solo SIMEM
4SNT,,,,,,,,,,,,PCH JULIO BRAVO,NARIÑO,52001.0,PASTO,Pacífico,-77.20610379310708,1.0836182335278874,2.08,HIDRAULICA,AGUA,ND,NORMAL,INACTIVO,CENTRALES ELECTRICAS DE NARIÑO S.A. E.S.P.,2025-01-31,2025.0,2026-08-03,1.31,SI,443.0,False,True,Solo UPME
4SNV,AGPE MARIO ROSALES DELGADO MZ 299,Are0127,Area Caribe,Are0018,SubArea Bolivar,Solar,No Despachado Centralmente,ENBC,2026-08-03,2026-08-03,SIMEM 0bfc9d + 841808 + 10F2C9,,,,,,,,,,,,,,,,,,,,,True,False,Solo SIMEM
4SNX,AGPE JAIRO USECHE MZ 333,Are0127,Area Caribe,Are0018,SubArea Bolivar,Solar,No Despachado Centralmente,ENBC,2026-08-03,2026-08-03,SIMEM 0bfc9d + 841808 + 10F2C9,,,,,,,,,,,,,,,,,,,,,True,False,Solo SIMEM
4SNZ,AGPE OSWALDO MURILLO MOLANO 3218,Are0127,Area Caribe,Are0018,SubArea Bolivar,Solar,No Despachado Centralmente,ENBC,2026-08-03,2026-08-03,SIMEM 0bfc9d + 841808 + 10F2C9,,,,,,,,,,,,,,,,,,,,,True,False,Solo SIMEM
4SO2,MINIGRANJA EL MERENGUE,Are0127,Area Caribe,Are0025,SubArea GCM,Solar,No Despachado Centralmente,UNGG,2026-08-03,2026-08-03,SIMEM 0bfc9d + 841808 + 10F2C9,MINIGRANJA EL MERENGUE,CESAR,20001.0,VALLEDUPAR,Caribe,-73.46096446435115,10.216456883774852,0.99,SOLAR,RAD SOLAR,ND,GEN. DISTRIBUIDA,OPERACIÓN,UNERGY ENERGY DIGITAL S.A.S E.S.P,2025-04-15,2025.0,2026-08-03,0.0,SI,296.0,True,True,SIMEM + UPME
4SO4,ROKRA,Are0128,Area Suroccidental,Are0031,SubArea Huila-Tolima,Solar,No Despachado Centralmente,ERRG,2026-08-03,2026-08-03,SIMEM 0bfc9d + 841808 + 10F2C9,ROKRA,TOLIMA,73671.0,SALDAÑA,Centro,-75.01860072031324,3.912541226159552,9.9,SOLAR,RAD SOLAR,ND,NORMAL,OPERACIÓN,ERCO GENERACION S.A.S. ESP,2026-06-27,2026.0,2026-08-03,0.0,SI,537.0,True,True,SIMEM + UPME
4SO6,,,,,,,,,,,,LA MARTINA,CUNDINAMARCA,25530.0,PARATEBUENO,Centro,-73.24166610924361,4.368161471289548,9.9,SOLAR,RAD SOLAR,ND,NORMAL,PRUEBAS,ERCO GENERACION S.A.S. ESP,2025-10-31,2025.0,2026-08-03,0.0,SI,357.0,False,True,Solo UPME
4SO8,MINIGRANJA LA PUYA,Are0127,Area Caribe,Are0025,SubArea GCM,Solar,No Despachado Centralmente,UNGG,2026-08-03,2026-08-03,SIMEM 0bfc9d + 841808 + 10F2C9,MINIGRANJA LA PUYA,CESAR,20001.0,VALLEDUPAR,Caribe,-73.46096446435115,10.216456883774852,0.99,SOLAR,RAD SOLAR,ND,GEN. DISTRIBUIDA,OPERACIÓN,UNERGY ENERGY DIGITAL S.A.S E.S.P,2025-04-06,2025.0,2026-08-03,0.0,SI,292.0,True,True,SIMEM + UPME
4SS3,AGPE CARLOS QUINTERO,Are0127,Area Caribe,Are0025,SubArea GCM,Solar,No Despachado Centralmente,NEUC,2026-08-03,2026-08-03,SIMEM 0bfc9d + 841808 + 10F2C9,,,,,,,,,,,,,,,,,,,,,True,False,Solo SIMEM
4SS5,AGPE INVERSIONES ZULUAGA SEJIN,Are0127,Area Caribe,Are0021,SubArea Cordoba_Sucre,Solar,No Despachado Centralmente,SCEC,2026-08-03,2026-08-03,SIMEM 0bfc9d + 841808 + 10F2C9,,,,,,,,,,,,,,,,,,,,,True,False,Solo SIMEM
4SS7,SOL Y CIELO IV,Are0127,Area Caribe,Are0020,SubArea Cerromatoso,Solar,No Despachado Centralmente,EYCG,2026-08-03,2026-08-03,SIMEM 0bfc9d + 841808 + 10F2C9,SOL Y CIELO IV,CÓRDOBA,23079.0,BUENAVISTA,Caribe,-75.43384001116792,8.191387044568936,0.99,SOLAR,RAD SOLAR,ND,GEN. DISTRIBUIDA,OPERACIÓN,ENERGIA Y GAS DE COLOMBIA SAS ESP,2025-03-20,2025.0,2026-08-03,0.0,SI,327.0,True,True,SIMEM + UPME
4SS9,AGPE FREDDY ALFONSO FARAH SAAD,Are0127,Area Caribe,Are0016,SubArea Atlantico,Solar,No Despachado Centralmente,SCEC,2026-08-03,2026-08-03,SIMEM 0bfc9d + 841808 + 10F2C9,,,,,,,,,,,,,,,,,,,,,True,False,Solo SIMEM
4SSB,AGPE BANCO DE BOGOTA SEVILLA,Are0128,Area Suroccidental,Are0032,SubArea Valle,Solar,No Despachado Centralmente,GNCC,2026-08-03,2026-08-03,SIMEM 0bfc9d + 841808 + 10F2C9,,,,,,,,,,,,,,,,,,,,,True,False,Solo SIMEM
4SSD,AGPE KRK CAFFETO SAS 94 4 KWP.,Are0128,Area Suroccidental,Are0019,SubArea Cauca-Narino,Solar,No Despachado Centralmente,GNCC,2026-08-03,2026-08-03,SIMEM 0bfc9d + 841808 + 10F2C9,,,,,,,,,,,,,,,,,,,,,True,False,Solo SIMEM
4SSF,AGPE TIENDA ARA 632,Are0127,Area Caribe,Are0018,SubArea Bolivar,Solar,No Despachado Centralmente,NEUC,2026-08-03,2026-08-03,SIMEM 0bfc9d + 841808 + 10F2C9,,,,,,,,,,,,,,,,,,,,,True,False,Solo SIMEM
4SSH,AGPE EDS PUENTE PUMAREJO,Are0127,Area Caribe,Are0016,SubArea Atlantico,Solar,No Despachado Centralmente,NEUC,2026-08-03,2026-08-03,SIMEM 0bfc9d + 841808 + 10F2C9,,,,,,,,,,,,,,,,,,,,,True,False,Solo SIMEM
4SSJ,AGPE  TIENDA ARA 789,Are0127,Area Caribe,Are0025,SubArea GCM,Solar,No Despachado Centralmente,NEUC,2026-08-03,2026-08-03,SIMEM 0bfc9d + 841808 + 10F2C9,,,,,,,,,,,,,,,,,,,,,True,False,Solo SIMEM
4SSL,AGPE JOSE REINEL GASCA ALVAREZ,Are0128,Area Suroccidental,Are0031,SubArea Huila-Tolima,Solar,No Despachado Centralmente,GNCC,2026-08-03,2026-08-03,SIMEM 0bfc9d + 841808 + 10F2C9,,,,,,,,,,,,,,,,,,,,,True,False,Solo SIMEM
4SSN,AGPE ARA RESERVA DEL ORIENTE,Are0128,Area Suroccidental,Are0031,SubArea Huila-Tolima,Solar,No Despachado Centralmente,GNCC,2026-08-03,2026-08-03,SIMEM 0bfc9d + 841808 + 10F2C9,,,,,,,,,,,,,,,,,,,,,True,False,Solo SIMEM
4SSP,AGPE HOTEL LA CASA 3,Are0127,Area Caribe,Are0021,SubArea Cordoba_Sucre,Solar,No Despachado Centralmente,GNCC,2026-08-03,2026-08-03,SIMEM 0bfc9d + 841808 + 10F2C9,,,,,,,,,,,,,,,,,,,,,True,False,Solo SIMEM
4SST,AGPE LIDERPAN,Are0128,Area Suroccidental,Are0032,SubArea Valle,Solar,No Despachado Centralmente,GNCC,2026-08-03,2026-08-03,SIMEM 0bfc9d + 841808 + 10F2C9,,,,,,,,,,,,,,,,,,,,,True,False,Solo SIMEM
4STS,AGPE NUTRINOR,Are0002,Area Antioquia,Are0015,SubArea Antioquia,Solar,No Despachado Centralmente,EPMC,2026-08-03,2026-08-03,SIMEM 0bfc9d + 841808 + 10F2C9,,,,,,,,,,,,,,,,,,,,,True,False,Solo SIMEM
4STU,AGPE EDS CEBALLOS,Are0127,Area Caribe,Are0018,SubArea Bolivar,Solar,No Despachado Centralmente,ENBC,2026-08-03,2026-08-03,SIMEM 0bfc9d + 841808 + 10F2C9,,,,,,,,,,,,,,,,,,,,,True,False,Solo SIMEM
4STW,AGPE  RICARDO EMILIO OBREGON TRUJILLO CASA 14,Are0127,Area Caribe,Are0018,SubArea Bolivar,Solar,No Despachado Centralmente,ENBC,2026-08-03,2026-08-03,SIMEM 0bfc9d + 841808 + 10F2C9,,,,,,,,,,,,,,,,,,,,,True,False,Solo SIMEM
4STY,AGPE INVERSIONES GIRALDO NIETO E HIJAS SAS,Are0127,Area Caribe,Are0025,SubArea GCM,Solar,No Despachado Centralmente,BIAC,2026-08-03,2026-08-03,SIMEM 0bfc9d + 841808 + 10F2C9,,,,,,,,,,,,,,,,,,,,,True,False,Solo SIMEM
4SU1,AGPE CC SAN SILVESTRE,Are0012,Area Nordeste,Are0131,SubArea Santander,Solar,No Despachado Centralmente,RTQC,2026-08-03,2026-08-03,SIMEM 0bfc9d + 841808 + 10F2C9,,,,,,,,,,,,,,,,,,,,,True,False,Solo SIMEM
4SU3,AGPE SINAGOGA HEBREO,Are0127,Area Caribe,Are0016,SubArea Atlantico,Solar,No Despachado Centralmente,GNCC,2026-08-03,2026-08-03,SIMEM 0bfc9d + 841808 + 10F2C9,,,,,,,,,,,,,,,,,,,,,True,False,Solo SIMEM
4SW4,AGPE LUIS CAMILO PALACIOS ZARATE,Are0127,Area Caribe,Are0016,SubArea Atlantico,Solar,No Despachado Centralmente,GNCC,2026-08-03,2026-08-03,SIMEM 0bfc9d + 841808 + 10F2C9,,,,,,,,,,,,,,,,,,,,,True,False,Solo SIMEM
4SW6,AGPE JERONIMO MARTINS COLOMBIA SAS TIENDA 079,Are0127,Area Caribe,Are0025,SubArea GCM,Solar,No Despachado Centralmente,GNCC,2026-08-03,2026-08-03,SIMEM 0bfc9d + 841808 + 10F2C9,,,,,,,,,,,,,,,,,,,,,True,False,Solo SIMEM
4SW8,AGPE TIENDA ARA 531,Are0127,Area Caribe,Are0021,SubArea Cordoba_Sucre,Solar,No Despachado Centralmente,NEUC,2026-08-03,2026-08-03,SIMEM 0bfc9d + 841808 + 10F2C9,,,,,,,,,,,,,,,,,,,,,True,False,Solo SIMEM
4SWA,AGPE ARLENA CRISTINA MENDOZA,Are0127,Area Caribe,Are0025,SubArea GCM,Solar,No Despachado Centralmente,NEUC,2026-08-03,2026-08-03,SIMEM 0bfc9d + 841808 + 10F2C9,,,,,,,,,,,,,,,,,,,,,True,False,Solo SIMEM
4SWC,AGPE TIENDA ARA 1030,Are0012,Area Nordeste,Are0130,SubArea Boyaca-Casanare,Solar,No Despachado Centralmente,NEUC,2026-08-03,2026-08-03,SIMEM 0bfc9d + 841808 + 10F2C9,,,,,,,,,,,,,,,,,,,,,True,False,Solo SIMEM
4SWE,AGPE ALMACEN SUPER METRO EXPRESS CALLE 30,Are0012,Area Nordeste,Are0130,SubArea Boyaca-Casanare,Solar,No Despachado Centralmente,GNCC,2026-08-03,2026-08-03,SIMEM 0bfc9d + 841808 + 10F2C9,,,,,,,,,,,,,,,,,,,,,True,False,Solo SIMEM
4SWG,AGPE JERONIMO MARTINS COLOMBIA SAS TIENDA 323,Are0056,Area Oriental,Are0017,SubArea Bogota,Solar,No Despachado Centralmente,GNCC,2026-08-03,2026-08-03,SIMEM 0bfc9d + 841808 + 10F2C9,,,,,,,,,,,,,,,,,,,,,True,False,Solo SIMEM
4T49,AGPE DAVID SIERRA MZ 12 15,Are0127,Area Caribe,Are0018,SubArea Bolivar,Solar,No Despachado Centralmente,ENBC,2026-08-03,2026-08-03,SIMEM 0bfc9d + 841808 + 10F2C9,,,,,,,,,,,,,,,,,,,,,True,False,Solo SIMEM
4T4B,AGPE ALEXIS MARTINEZ DAZA MZ 19 20,Are0127,Area Caribe,Are0018,SubArea Bolivar,Solar,No Despachado Centralmente,ENBC,2026-08-03,2026-08-03,SIMEM 0bfc9d + 841808 + 10F2C9,,,,,,,,,,,,,,,,,,,,,True,False,Solo SIMEM
4T4H,AGPE LUIS GUILLERMO DIAZ BUELVAS,Are0127,Area Caribe,Are0021,SubArea Cordoba_Sucre,Solar,No Despachado Centralmente,SCEC,2026-08-03,2026-08-03,SIMEM 0bfc9d + 841808 + 10F2C9,,,,,,,,,,,,,,,,,,,,,True,False,Solo SIMEM
4T4J,AGPE GERARDO AQUILES DIAZ QUINTANA,Are0127,Area Caribe,Are0021,SubArea Cordoba_Sucre,Solar,No Despachado Centralmente,SCEC,2026-08-03,2026-08-03,SIMEM 0bfc9d + 841808 + 10F2C9,,,,,,,,,,,,,,,,,,,,,True,False,Solo SIMEM
4T5X,AGPE INVO2SAS,Are0056,Area Oriental,Are0017,SubArea Bogota,Solar,No Despachado Centralmente,ETTC,2026-08-03,2026-08-03,SIMEM 0bfc9d + 841808 + 10F2C9,,,,,,,,,,,,,,,,,,,,,True,False,Solo SIMEM
4T5Z,AGPE UNICOC 99576,Are0056,Area Oriental,Are0017,SubArea Bogota,Solar,No Despachado Centralmente,ETTC,2026-08-03,2026-08-03,SIMEM 0bfc9d + 841808 + 10F2C9,,,,,,,,,,,,,,,,,,,,,True,False,Solo SIMEM
4T62,AGPE BELLAVISTA,Are0128,Area Suroccidental,Are0019,SubArea Cauca-Narino,Solar,No Despachado Centralmente,ETTC,2026-08-03,2026-08-03,SIMEM 0bfc9d + 841808 + 10F2C9,,,,,,,,,,,,,,,,,,,,,True,False,Solo SIMEM
4T64,AGPE INCUBADORA DEL SUR,Are0128,Area Suroccidental,Are0019,SubArea Cauca-Narino,Solar,No Despachado Centralmente,ASCC,2026-08-03,2026-08-03,SIMEM 0bfc9d + 841808 + 10F2C9,,,,,,,,,,,,,,,,,,,,,True,False,Solo SIMEM
4T66,AGPE JUAN MADRID MZ 4 3,Are0127,Area Caribe,Are0018,SubArea Bolivar,Solar,No Despachado Centralmente,ENBC,2026-08-03,2026-08-03,SIMEM 0bfc9d + 841808 + 10F2C9,,,,,,,,,,,,,,,,,,,,,True,False,Solo SIMEM
4T68,AGPE PURIFICADORES Y FILTROS INTERNACIONAL,Are0056,Area Oriental,Are0017,SubArea Bogota,Solar,No Despachado Centralmente,QIEC,2026-08-03,2026-08-03,SIMEM 0bfc9d + 841808 + 10F2C9,,,,,,,,,,,,,,,,,,,,,True,False,Solo SIMEM
4T6A,AGPE TIENDA ARA 732,Are0127,Area Caribe,Are0025,SubArea GCM,Solar,No Despachado Centralmente,NEUC,2026-08-03,2026-08-03,SIMEM 0bfc9d + 841808 + 10F2C9,,,,,,,,,,,,,,,,,,,,,True,False,Solo SIMEM
4T6C,AUTOG LOS POCITOS 1,Are0127,Area Caribe,Are0016,SubArea Atlantico,Termica,No Despachado Centralmente,BCCG,2026-08-03,2026-08-03,SIMEM 0bfc9d + 841808 + 10F2C9,AUTOG LOS POCITOS 1,ATLÁNTICO,8832.0,TUBARÁ,Caribe,-74.984485956789,10.907056507853962,4.1,TERMICA,BIOGAS,ND,AUTOGENERADOR,OPERACIÓN,BCCY CORDOBA S.A.S. E.S.P.,2025-02-15,2025.0,2026-08-03,4.39,NO,136.0,True,True,SIMEM + UPME
4T6E,AUTOG CORPACERO 1,Are0127,Area Caribe,Are0016,SubArea Atlantico,Termica,No Despachado Centralmente,PRIG,2026-08-03,2026-08-03,SIMEM 0bfc9d + 841808 + 10F2C9,AUTOG CORPACERO 1,ATLÁNTICO,8001.0,BARRANQUILLA,Caribe,-74.82774550660668,10.981524582561144,2.1,TERMICA,GAS,ND,AUTOGENERADOR,OPERACIÓN,PROELECTRICA S.A.S E.S.P.,2025-03-18,2025.0,2026-08-03,9.2,NO,95.0,True,True,SIMEM + UPME
4T6G,AGPE LUZ MARINA GIRALDO,Are0127,Area Caribe,Are0021,SubArea Cordoba_Sucre,Solar,No Despachado Centralmente,GNCC,2026-08-03,2026-08-03,SIMEM 0bfc9d + 841808 + 10F2C9,,,,,,,,,,,,,,,,,,,,,True,False,Solo SIMEM
4T6I,AGPE 581 ARA LORICA TRONCAL,Are0127,Area Caribe,Are0021,SubArea Cordoba_Sucre,Solar,No Despachado Centralmente,NEUC,2026-08-03,2026-08-03,SIMEM 0bfc9d + 841808 + 10F2C9,,,,,,,,,,,,,,,,,,,,,True,False,Solo SIMEM
4T6K,AGPE PROYECTO SOLAR EL ARRIERO,Are0128,Area Suroccidental,Are0022,SubArea CQR,Solar,No Despachado Centralmente,GNCC,2026-08-03,2026-08-03,SIMEM 0bfc9d + 841808 + 10F2C9,,,,,,,,,,,,,,,,,,,,,True,False,Solo SIMEM
4T6M,AGPE MARLEN LACOUTURE PUPO,Are0127,Area Caribe,Are0025,SubArea GCM,Solar,No Despachado Centralmente,NEUC,2026-08-03,2026-08-03,SIMEM 0bfc9d + 841808 + 10F2C9,,,,,,,,,,,,,,,,,,,,,True,False,Solo SIMEM
4T6U,AGPE RAFAEL ENRIQUE TONO VELEZ MZ 28 12,Are0127,Area Caribe,Are0018,SubArea Bolivar,Solar,No Despachado Centralmente,ENBC,2026-08-03,2026-08-03,SIMEM 0bfc9d + 841808 + 10F2C9,,,,,,,,,,,,,,,,,,,,,True,False,Solo SIMEM
4T6W,AGPE ARA ALTAVISTA,Are0128,Area Suroccidental,Are0022,SubArea CQR,Solar,No Despachado Centralmente,GNCC,2026-08-03,2026-08-03,SIMEM 0bfc9d + 841808 + 10F2C9,,,,,,,,,,,,,,,,,,,,,True,False,Solo SIMEM
4T9K,AGPE TIENDA ARA 780,Are0127,Area Caribe,Are0025,SubArea GCM,Solar,No Despachado Centralmente,NEUC,2026-08-03,2026-08-03,SIMEM 0bfc9d + 841808 + 10F2C9,,,,,,,,,,,,,,,,,,,,,True,False,Solo SIMEM
4T9M,GD NAOS II,Are0128,Area Suroccidental,Are0019,SubArea Cauca-Narino,Solar,No Despachado Centralmente,BIAG,2026-08-03,2026-08-03,SIMEM 0bfc9d + 841808 + 10F2C9,GD NAOS II,NARIÑO,52786.0,TAMINANGO,Pacífico,-77.32523753901599,1.5916601918367703,0.96,SOLAR,RAD SOLAR,ND,GEN. DISTRIBUIDA,OPERACIÓN,BIA ENERGY S.A.S. E.S.P,2025-03-01,2025.0,2026-08-03,0.0,SI,440.0,True,True,SIMEM + UPME
4T9O,AGPE JOSE ALEJANDRO NARVAEZ MERLANO,Are0127,Area Caribe,Are0021,SubArea Cordoba_Sucre,Solar,No Despachado Centralmente,SCEC,2026-08-03,2026-08-03,SIMEM 0bfc9d + 841808 + 10F2C9,,,,,,,,,,,,,,,,,,,,,True,False,Solo SIMEM
4T9Q,AGPE PROYECTO SEVILLANA SAS,Are0127,Area Caribe,Are0021,SubArea Cordoba_Sucre,Solar,No Despachado Centralmente,SCEC,2026-08-03,2026-08-03,SIMEM 0bfc9d + 841808 + 10F2C9,,,,,,,,,,,,,,,,,,,,,True,False,Solo SIMEM
4T9S,AGPE PASTEUR AUTOPISTA SUR,Are0002,Area Antioquia,Are0015,SubArea Antioquia,Solar,No Despachado Centralmente,ENBC,2026-08-03,2026-08-03,SIMEM 0bfc9d + 841808 + 10F2C9,,,,,,,,,,,,,,,,,,,,,True,False,Solo SIMEM
4T9W,AGPE COLEGIO SAN JOSÉ,Are0127,Area Caribe,Are0016,SubArea Atlantico,Solar,No Despachado Centralmente,RTQC,2026-08-03,2026-08-03,SIMEM 0bfc9d + 841808 + 10F2C9,,,,,,,,,,,,,,,,,,,,,True,False,Solo SIMEM
4T9Y,AGPE NATALIA HOYOS GOMEZ,Are0127,Area Caribe,Are0021,SubArea Cordoba_Sucre,Solar,No Despachado Centralmente,SCEC,2026-08-03,2026-08-03,SIMEM 0bfc9d + 841808 + 10F2C9,,,,,,,,,,,,,,,,,,,,,True,False,Solo SIMEM
4TA1,AGPE TIENDA ARA 831,Are0127,Area Caribe,Are0021,SubArea Cordoba_Sucre,Solar,No Despachado Centralmente,NEUC,2026-08-03,2026-08-03,SIMEM 0bfc9d + 841808 + 10F2C9,,,,,,,,,,,,,,,,,,,,,True,False,Solo SIMEM
4TA3,AGPE QUESERA LA PAZ 2,Are0127,Area Caribe,Are0025,SubArea GCM,Solar,No Despachado Centralmente,NEUC,2026-08-03,2026-08-03,SIMEM 0bfc9d + 841808 + 10F2C9,,,,,,,,,,,,,,,,,,,,,True,False,Solo SIMEM
4TA5,AGPE TIENDA ARA 592,Are0127,Area Caribe,Are0021,SubArea Cordoba_Sucre,Solar,No Despachado Centralmente,NEUC,2026-08-03,2026-08-03,SIMEM 0bfc9d + 841808 + 10F2C9,,,,,,,,,,,,,,,,,,,,,True,False,Solo SIMEM
4TA7,AGPE TIENDA ARA 604,Are0127,Area Caribe,Are0021,SubArea Cordoba_Sucre,Solar,No Despachado Centralmente,NEUC,2026-08-03,2026-08-03,SIMEM 0bfc9d + 841808 + 10F2C9,,,,,,,,,,,,,,,,,,,,,True,False,Solo SIMEM
4TA9,AGPE CASA ARTURO GARCIA,Are0127,Area Caribe,Are0021,SubArea Cordoba_Sucre,Solar,No Despachado Centralmente,NEUC,2026-08-03,2026-08-03,SIMEM 0bfc9d + 841808 + 10F2C9,,,,,,,,,,,,,,,,,,,,,True,False,Solo SIMEM
4TAB,AGPE TIENDA ARA 597,Are0127,Area Caribe,Are0018,SubArea Bolivar,Solar,No Despachado Centralmente,NEUC,2026-08-03,2026-08-03,SIMEM 0bfc9d + 841808 + 10F2C9,,,,,,,,,,,,,,,,,,,,,True,False,Solo SIMEM
4TAD,AGPE TIENDA ARA 827,Are0127,Area Caribe,Are0021,SubArea Cordoba_Sucre,Solar,No Despachado Centralmente,NEUC,2026-08-03,2026-08-03,SIMEM 0bfc9d + 841808 + 10F2C9,,,,,,,,,,,,,,,,,,,,,True,False,Solo SIMEM
4THA,AGPE GEORGES NOBLE SCHOOL SAS II,Are0127,Area Caribe,Are0021,SubArea Cordoba_Sucre,Solar,No Despachado Centralmente,SCEC,2026-08-03,2026-08-03,SIMEM 0bfc9d + 841808 + 10F2C9,,,,,,,,,,,,,,,,,,,,,True,False,Solo SIMEM
4THC,AGPE BARU MOTORS MONTERIA SAS,Are0127,Area Caribe,Are0021,SubArea Cordoba_Sucre,Solar,No Despachado Centralmente,SCEC,2026-08-03,2026-08-03,SIMEM 0bfc9d + 841808 + 10F2C9,,,,,,,,,,,,,,,,,,,,,True,False,Solo SIMEM
4THE,AGPE GRUPO EMPRESARIAL BAROCA SAS,Are0127,Area Caribe,Are0021,SubArea Cordoba_Sucre,Solar,No Despachado Centralmente,SCEC,2026-08-03,2026-08-03,SIMEM 0bfc9d + 841808 + 10F2C9,,,,,,,,,,,,,,,,,,,,,True,False,Solo SIMEM
4THG,AGPE JERONIMO MARTINS TIENDA 301,Are0128,Area Suroccidental,Are0031,SubArea Huila-Tolima,Solar,No Despachado Centralmente,GNCC,2026-08-03,2026-08-03,SIMEM 0bfc9d + 841808 + 10F2C9,,,,,,,,,,,,,,,,,,,,,True,False,Solo SIMEM
4THI,AGPE TIENDA ARA 1072,Are0012,Area Nordeste,Are0130,SubArea Boyaca-Casanare,Solar,No Despachado Centralmente,NEUC,2026-08-03,2026-08-03,SIMEM 0bfc9d + 841808 + 10F2C9,,,,,,,,,,,,,,,,,,,,,True,False,Solo SIMEM
4THK,AGPE TIENDA ARA 873,Are0127,Area Caribe,Are0021,SubArea Cordoba_Sucre,Solar,No Despachado Centralmente,NEUC,2026-08-03,2026-08-03,SIMEM 0bfc9d + 841808 + 10F2C9,,,,,,,,,,,,,,,,,,,,,True,False,Solo SIMEM
4THM,AGPE FARMATODO 6577805,Are0127,Area Caribe,Are0021,SubArea Cordoba_Sucre,Solar,No Despachado Centralmente,NEUC,2026-08-03,2026-08-03,SIMEM 0bfc9d + 841808 + 10F2C9,,,,,,,,,,,,,,,,,,,,,True,False,Solo SIMEM
4TJU,AGPE FERNANDO LUIS OVIEDO MARTINEZ,Are0127,Area Caribe,Are0021,SubArea Cordoba_Sucre,Solar,No Despachado Centralmente,SCEC,2026-08-03,2026-08-03,SIMEM 0bfc9d + 841808 + 10F2C9,,,,,,,,,,,,,,,,,,,,,True,False,Solo SIMEM
4TJW,AGPE MANUFACTURAS DE PINO,Are0002,Area Antioquia,Are0015,SubArea Antioquia,Solar,No Despachado Centralmente,EPMC,2026-08-03,2026-08-03,SIMEM 0bfc9d + 841808 + 10F2C9,,,,,,,,,,,,,,,,,,,,,True,False,Solo SIMEM
4TJY,AGPE PROYECTO 06 AURA RUEDA,Are0127,Area Caribe,Are0016,SubArea Atlantico,Solar,No Despachado Centralmente,QIEC,2026-08-03,2026-08-03,SIMEM 0bfc9d + 841808 + 10F2C9,,,,,,,,,,,,,,,,,,,,,True,False,Solo SIMEM
4TK1,AGPE LADRILLERA ALTAVISTA,Are0128,Area Suroccidental,Are0022,SubArea CQR,Solar,No Despachado Centralmente,EPMC,2026-08-03,2026-08-03,SIMEM 0bfc9d + 841808 + 10F2C9,,,,,,,,,,,,,,,,,,,,,True,False,Solo SIMEM
4TK3,AGPE CENTRO COMERCIAL LA QUINTA,Are0012,Area Nordeste,Are0131,SubArea Santander,Solar,No Despachado Centralmente,RTQC,2026-08-03,2026-08-03,SIMEM 0bfc9d + 841808 + 10F2C9,,,,,,,,,,,,,,,,,,,,,True,False,Solo SIMEM
4TK5,AGPE COLEGIO SAGRADA FAMILIA BARRANQUILLA,Are0127,Area Caribe,Are0016,SubArea Atlantico,Solar,No Despachado Centralmente,SCEC,2026-08-03,2026-08-03,SIMEM 0bfc9d + 841808 + 10F2C9,,,,,,,,,,,,,,,,,,,,,True,False,Solo SIMEM
4TK7,AGPE AYLLIN LUCIA DEL CARMEN DURANGO,Are0127,Area Caribe,Are0021,SubArea Cordoba_Sucre,Solar,No Despachado Centralmente,SCEC,2026-08-03,2026-08-03,SIMEM 0bfc9d + 841808 + 10F2C9,,,,,,,,,,,,,,,,,,,,,True,False,Solo SIMEM
4TK9,AGPE HERRAGRICOLA,Are0128,Area Suroccidental,Are0032,SubArea Valle,Solar,No Despachado Centralmente,GNCC,2026-08-03,2026-08-03,SIMEM 0bfc9d + 841808 + 10F2C9,,,,,,,,,,,,,,,,,,,,,True,False,Solo SIMEM
4TKB,AGPE CARLOS MARIO OLIVELLA,Are0127,Area Caribe,Are0025,SubArea GCM,Solar,No Despachado Centralmente,NEUC,2026-08-03,2026-08-03,SIMEM 0bfc9d + 841808 + 10F2C9,,,,,,,,,,,,,,,,,,,,,True,False,Solo SIMEM
4TKD,AGPE OJEDA MONITOREO PROTEC,Are0127,Area Caribe,Are0025,SubArea GCM,Solar,No Despachado Centralmente,NEUC,2026-08-03,2026-08-03,SIMEM 0bfc9d + 841808 + 10F2C9,,,,,,,,,,,,,,,,,,,,,True,False,Solo SIMEM
4TKF,AGPE ESTACION DE SERVICIO MOYA,Are0012,Area Nordeste,Are0131,SubArea Santander,Solar,No Despachado Centralmente,GNCC,2026-08-03,2026-08-03,SIMEM 0bfc9d + 841808 + 10F2C9,,,,,,,,,,,,,,,,,,,,,True,False,Solo SIMEM
4TKH,AGPE ERCO ENERGIA,Are0002,Area Antioquia,Are0015,SubArea Antioquia,Solar,No Despachado Centralmente,NEUC,2026-08-03,2026-08-03,SIMEM 0bfc9d + 841808 + 10F2C9,,,,,,,,,,,,,,,,,,,,,True,False,Solo SIMEM
4TKJ,AGPE TIENDA ARA 345 EL COPEY,Are0127,Area Caribe,Are0025,SubArea GCM,Solar,No Despachado Centralmente,NEUC,2026-08-03,2026-08-03,SIMEM 0bfc9d + 841808 + 10F2C9,,,,,,,,,,,,,,,,,,,,,True,False,Solo SIMEM
4TNO,AGPE FEDERICO MARIO GRACIANO MARIN,Are0127,Area Caribe,Are0021,SubArea Cordoba_Sucre,Solar,No Despachado Centralmente,SCEC,2026-08-03,2026-08-03,SIMEM 0bfc9d + 841808 + 10F2C9,,,,,,,,,,,,,,,,,,,,,True,False,Solo SIMEM
4TNQ,AGPE HOTEL CENTRO MONTERIA,Are0127,Area Caribe,Are0021,SubArea Cordoba_Sucre,Solar,No Despachado Centralmente,SCEC,2026-08-03,2026-08-03,SIMEM 0bfc9d + 841808 + 10F2C9,,,,,,,,,,,,,,,,,,,,,True,False,Solo SIMEM
4UJZ,AGPE HERMANOS NOGUERA ASOCIADOS SAS BODEGA 1,Are0128,Area Suroccidental,Are0032,SubArea Valle,Solar,No Despachado Centralmente,ENBC,2026-08-03,2026-08-03,SIMEM 0bfc9d + 841808 + 10F2C9,,,,,,,,,,,,,,,,,,,,,True,False,Solo SIMEM
4UK2,AGPE MARTHA CECILIA PEREZ CASTANO,Are0128,Area Suroccidental,Are0032,SubArea Valle,Solar,No Despachado Centralmente,ENBC,2026-08-03,2026-08-03,SIMEM 0bfc9d + 841808 + 10F2C9,,,,,,,,,,,,,,,,,,,,,True,False,Solo SIMEM
4UK4,AGPE HERMANOS NOGUERA ASOCIADOS SAS BODEGA 2,Are0128,Area Suroccidental,Are0032,SubArea Valle,Solar,No Despachado Centralmente,ENBC,2026-08-03,2026-08-03,SIMEM 0bfc9d + 841808 + 10F2C9,,,,,,,,,,,,,,,,,,,,,True,False,Solo SIMEM
4UK6,,,,,,,,,,,,PARQUE EOLICO CARRETO,ATLÁNTICO,8372.0,JUAN DE ACOSTA,Caribe,-75.07842055074188,10.823061226428468,9.1,EOLICA,VIENTO,ND,NORMAL,PRUEBAS,CELSIA COLOMBIA S.A. E.S.P.,2025-06-28,2025.0,2026-08-03,0.001,SI,121.0,False,True,Solo UPME
4UK8,AGPE CAMFRES,Are0128,Area Suroccidental,Are0032,SubArea Valle,Solar,No Despachado Centralmente,ETTC,2026-08-03,2026-08-03,SIMEM 0bfc9d + 841808 + 10F2C9,,,,,,,,,,,,,,,,,,,,,True,False,Solo SIMEM
4UKA,AGPE FRT01138,Are0056,Area Oriental,Are0017,SubArea Bogota,Solar,No Despachado Centralmente,EPSC,2026-08-03,2026-08-03,SIMEM 0bfc9d + 841808 + 10F2C9,,,,,,,,,,,,,,,,,,,,,True,False,Solo SIMEM
4UKC,AGPE 303 ANAPOIMA,Are0056,Area Oriental,Are0017,SubArea Bogota,Solar,No Despachado Centralmente,GNCC,2026-08-03,2026-08-03,SIMEM 0bfc9d + 841808 + 10F2C9,,,,,,,,,,,,,,,,,,,,,True,False,Solo SIMEM
4UKE,AGPE ALTURO CALDERON GUILLERMO,Are0128,Area Suroccidental,Are0031,SubArea Huila-Tolima,Solar,No Despachado Centralmente,GNCC,2026-08-03,2026-08-03,SIMEM 0bfc9d + 841808 + 10F2C9,,,,,,,,,,,,,,,,,,,,,True,False,Solo SIMEM
4UKG,AGPE BANCO DE BOGOTA CERRITO,Are0128,Area Suroccidental,Are0032,SubArea Valle,Solar,No Despachado Centralmente,GNCC,2026-08-03,2026-08-03,SIMEM 0bfc9d + 841808 + 10F2C9,,,,,,,,,,,,,,,,,,,,,True,False,Solo SIMEM
4UKI,AGPE CLUB HEBREO,Are0127,Area Caribe,Are0016,SubArea Atlantico,Solar,No Despachado Centralmente,GNCC,2026-08-03,2026-08-03,SIMEM 0bfc9d + 841808 + 10F2C9,,,,,,,,,,,,,,,,,,,,,True,False,Solo SIMEM
4UKK,AGPE HOTEL BACHUE,Are0012,Area Nordeste,Are0131,SubArea Santander,Solar,No Despachado Centralmente,GNCC,2026-08-03,2026-08-03,SIMEM 0bfc9d + 841808 + 10F2C9,,,,,,,,,,,,,,,,,,,,,True,False,Solo SIMEM
4UKM,AGPE JERONIMO MARTINS COLOMBIA SAS TIENDA 288,Are0056,Area Oriental,Are0017,SubArea Bogota,Solar,No Despachado Centralmente,GNCC,2026-08-03,2026-08-03,SIMEM 0bfc9d + 841808 + 10F2C9,,,,,,,,,,,,,,,,,,,,,True,False,Solo SIMEM
4UKO,AGPE SUPERMERCADOS MAS POR MENOS SAS SEDE NOV,Are0012,Area Nordeste,Are0131,SubArea Santander,Solar,No Despachado Centralmente,GNCC,2026-08-03,2026-08-03,SIMEM 0bfc9d + 841808 + 10F2C9,,,,,,,,,,,,,,,,,,,,,True,False,Solo SIMEM
4UKQ,AGPE 267 CIUDAD LATINA,Are0056,Area Oriental,Are0017,SubArea Bogota,Solar,No Despachado Centralmente,GNCC,2026-08-03,2026-08-03,SIMEM 0bfc9d + 841808 + 10F2C9,,,,,,,,,,,,,,,,,,,,,True,False,Solo SIMEM
4UKS,AGPE  METALTECO PLANTA 2,Are0012,Area Nordeste,Are0131,SubArea Santander,Solar,No Despachado Centralmente,GNCC,2026-08-03,2026-08-03,SIMEM 0bfc9d + 841808 + 10F2C9,,,,,,,,,,,,,,,,,,,,,True,False,Solo SIMEM
4UKU,AGPE 343 CENTRO MOSQUERA,Are0056,Area Oriental,Are0017,SubArea Bogota,Solar,No Despachado Centralmente,GNCC,2026-08-03,2026-08-03,SIMEM 0bfc9d + 841808 + 10F2C9,,,,,,,,,,,,,,,,,,,,,True,False,Solo SIMEM
4UKW,AGPE ARA PORVENIR,Are0128,Area Suroccidental,Are0032,SubArea Valle,Solar,No Despachado Centralmente,GNCC,2026-08-03,2026-08-03,SIMEM 0bfc9d + 841808 + 10F2C9,,,,,,,,,,,,,,,,,,,,,True,False,Solo SIMEM
4ULO,MINIGRANJA LA RESERVA,Are0012,Area Nordeste,Are0131,SubArea Santander,Solar,No Despachado Centralmente,UNGG,2026-08-03,2026-08-03,SIMEM 0bfc9d + 841808 + 10F2C9,MINIGRANJA LA RESERVA,SANTANDER,68655.0,SABANA DE TORRES,Oriente,-73.5715473572126,7.403029796330422,0.99,SOLAR,RAD SOLAR,ND,GEN. DISTRIBUIDA,OPERACIÓN,UNERGY ENERGY DIGITAL S.A.S E.S.P,2025-07-03,2025.0,2026-08-03,0.0,SI,479.0,True,True,SIMEM + UPME
4ULQ,AGPE VITELSA MEDELLIN,Are0002,Area Antioquia,Are0015,SubArea Antioquia,Solar,No Despachado Centralmente,ENBC,2026-08-03,2026-08-03,SIMEM 0bfc9d + 841808 + 10F2C9,,,,,,,,,,,,,,,,,,,,,True,False,Solo SIMEM
4ULS,MINIGRANJA EL OLIMPO,Are0012,Area Nordeste,Are0131,SubArea Santander,Solar,No Despachado Centralmente,UNGG,2026-08-03,2026-08-03,SIMEM 0bfc9d + 841808 + 10F2C9,MINIGRANJA EL OLIMPO,SANTANDER,68418.0,LOS SANTOS,Oriente,-73.1078522219046,6.812160346915275,0.99,SOLAR,RAD SOLAR,ND,GEN. DISTRIBUIDA,OPERACIÓN,UNERGY ENERGY DIGITAL S.A.S E.S.P,2026-02-25,2026.0,2026-08-03,0.0,SI,497.0,True,True,SIMEM + UPME
4ULU,AGPE  EDWIN CARDER GALLON,Are0127,Area Caribe,Are0021,SubArea Cordoba_Sucre,Solar,No Despachado Centralmente,ENBC,2026-08-03,2026-08-03,SIMEM 0bfc9d + 841808 + 10F2C9,,,,,,,,,,,,,,,,,,,,,True,False,Solo SIMEM
4ULW,AGPE ANDRES MANUEL ARBOLEDA BERNAL,Are0128,Area Suroccidental,Are0032,SubArea Valle,Solar,No Despachado Centralmente,ENBC,2026-08-03,2026-08-03,SIMEM 0bfc9d + 841808 + 10F2C9,,,,,,,,,,,,,,,,,,,,,True,False,Solo SIMEM
4ULY,GD ERCO GUAMO III,Are0128,Area Suroccidental,Are0031,SubArea Huila-Tolima,Solar,No Despachado Centralmente,ERRG,2026-08-03,2026-08-03,SIMEM 0bfc9d + 841808 + 10F2C9,GD ERCO GUAMO III,TOLIMA,73319.0,GUAMO,Centro,-74.97657361950692,4.076500729146935,0.99,SOLAR,RAD SOLAR,ND,GEN. DISTRIBUIDA,OPERACIÓN,ERCO GENERACION S.A.S. ESP,2025-03-29,2025.0,2026-08-03,0.0,SI,571.0,True,True,SIMEM + UPME
4UM1,GD ERCO GUAMO IV,Are0128,Area Suroccidental,Are0031,SubArea Huila-Tolima,Solar,No Despachado Centralmente,ERRG,2026-08-03,2026-08-03,SIMEM 0bfc9d + 841808 + 10F2C9,GD ERCO GUAMO IV,TOLIMA,73319.0,GUAMO,Centro,-74.97657361950692,4.076500729146935,0.99,SOLAR,RAD SOLAR,ND,GEN. DISTRIBUIDA,OPERACIÓN,ERCO GENERACION S.A.S. ESP,2025-03-29,2025.0,2026-08-03,0.0,SI,572.0,True,True,SIMEM + UPME
4UM3,AGPE INVERSIONES Y CONSTRUCCIONES MRM SAS,Are0127,Area Caribe,Are0021,SubArea Cordoba_Sucre,Solar,No Despachado Centralmente,SCEC,2026-08-03,2026-08-03,SIMEM 0bfc9d + 841808 + 10F2C9,,,,,,,,,,,,,,,,,,,,,True,False,Solo SIMEM
4UM5,AGPE INVERSIONES GALENOS SAS,Are0127,Area Caribe,Are0021,SubArea Cordoba_Sucre,Solar,No Despachado Centralmente,SCEC,2026-08-03,2026-08-03,SIMEM 0bfc9d + 841808 + 10F2C9,,,,,,,,,,,,,,,,,,,,,True,False,Solo SIMEM
4UO5,AGPE CALZACOSTA CENTRO,Are0127,Area Caribe,Are0016,SubArea Atlantico,Solar,No Despachado Centralmente,GNCC,2026-08-03,2026-08-03,SIMEM 0bfc9d + 841808 + 10F2C9,,,,,,,,,,,,,,,,,,,,,True,False,Solo SIMEM
4UO7,AGPE IPRODESA SAS,Are0002,Area Antioquia,Are0015,SubArea Antioquia,Solar,No Despachado Centralmente,GNCC,2026-08-03,2026-08-03,SIMEM 0bfc9d + 841808 + 10F2C9,,,,,,,,,,,,,,,,,,,,,True,False,Solo SIMEM
4UO9,AGPE GRANERO LOS DOS HERMANOS SL,Are0127,Area Caribe,Are0025,SubArea GCM,Solar,No Despachado Centralmente,GNCC,2026-08-03,2026-08-03,SIMEM 0bfc9d + 841808 + 10F2C9,,,,,,,,,,,,,,,,,,,,,True,False,Solo SIMEM
4UOB,AGPE MCD AV PEDRO DE HEREDIA CTG,Are0127,Area Caribe,Are0018,SubArea Bolivar,Solar,No Despachado Centralmente,GNCC,2026-08-03,2026-08-03,SIMEM 0bfc9d + 841808 + 10F2C9,,,,,,,,,,,,,,,,,,,,,True,False,Solo SIMEM
4USD,AGPE OSCAR DARIO VANEGAS SILVA,Are0127,Area Caribe,Are0025,SubArea GCM,Solar,No Despachado Centralmente,NEUC,2026-08-03,2026-08-03,SIMEM 0bfc9d + 841808 + 10F2C9,,,,,,,,,,,,,,,,,,,,,True,False,Solo SIMEM
4UZM,,,,,,,,,,,,SOLAR PALMASECA I,VALLE DEL CAUCA,76520.0,PALMIRA,Pacífico,-76.22786086762281,3.558395439731676,13.0,SOLAR,RAD SOLAR,ND,NORMAL,PRUEBAS,CELSIA COLOMBIA S.A. E.S.P.,2025-04-26,2025.0,2026-08-03,0.0,SI,616.0,False,True,Solo UPME
4UZO,,,,,,,,,,,,SOLAR PALMASECA II,VALLE DEL CAUCA,76520.0,PALMIRA,Pacífico,-76.22786086762281,3.558395439731676,11.95,SOLAR,RAD SOLAR,ND,NORMAL,PRUEBAS,CELSIA COLOMBIA S.A. E.S.P.,2025-09-08,2025.0,2026-08-03,0.0,SI,617.0,False,True,Solo UPME
4UZQ,AGPE COMFANDI CENTRO CULTURAL,Are0128,Area Suroccidental,Are0032,SubArea Valle,Solar,No Despachado Centralmente,EPSC,2026-08-03,2026-08-03,SIMEM 0bfc9d + 841808 + 10F2C9,,,,,,,,,,,,,,,,,,,,,True,False,Solo SIMEM
4UZS,SOL Y CIELO V,Are0127,Area Caribe,Are0021,SubArea Cordoba_Sucre,Solar,No Despachado Centralmente,EYCG,2026-08-03,2026-08-03,SIMEM 0bfc9d + 841808 + 10F2C9,SOL Y CIELO V,CÓRDOBA,23001.0,MONTERÍA,Caribe,-75.95052937682705,8.584659059910113,0.99,SOLAR,RAD SOLAR,ND,GEN. DISTRIBUIDA,OPERACIÓN,ENERGIA Y GAS DE COLOMBIA SAS ESP,2025-05-07,2025.0,2026-08-03,0.0,SI,341.0,True,True,SIMEM + UPME
4UZU,GD ERCO GUAMO II,Are0128,Area Suroccidental,Are0031,SubArea Huila-Tolima,Solar,No Despachado Centralmente,ERRG,2026-08-03,2026-08-03,SIMEM 0bfc9d + 841808 + 10F2C9,GD ERCO GUAMO II,TOLIMA,73319.0,GUAMO,Centro,-74.97657361950692,4.076500729146935,0.99,SOLAR,RAD SOLAR,ND,GEN. DISTRIBUIDA,OPERACIÓN,ERCO GENERACION S.A.S. ESP,2025-03-29,2025.0,2026-08-03,0.0,SI,570.0,True,True,SIMEM + UPME
4UZW,AGPE SUCROAGRO SAS CANDELARIA,Are0128,Area Suroccidental,Are0032,SubArea Valle,Solar,No Despachado Centralmente,BIAC,2026-08-03,2026-08-03,SIMEM 0bfc9d + 841808 + 10F2C9,,,,,,,,,,,,,,,,,,,,,True,False,Solo SIMEM
4UZY,AGPE LA BUGUENA SA PLANTA II,Are0056,Area Oriental,Are0017,SubArea Bogota,Solar,No Despachado Centralmente,BIAC,2026-08-03,2026-08-03,SIMEM 0bfc9d + 841808 + 10F2C9,,,,,,,,,,,,,,,,,,,,,True,False,Solo SIMEM
4V11,AGPE TIENDA ARA 919,Are0127,Area Caribe,Are0025,SubArea GCM,Solar,No Despachado Centralmente,NEUC,2026-08-03,2026-08-03,SIMEM 0bfc9d + 841808 + 10F2C9,,,,,,,,,,,,,,,,,,,,,True,False,Solo SIMEM
4V13,AGPE TIENDA ARA 533,Are0127,Area Caribe,Are0021,SubArea Cordoba_Sucre,Solar,No Despachado Centralmente,NEUC,2026-08-03,2026-08-03,SIMEM 0bfc9d + 841808 + 10F2C9,,,,,,,,,,,,,,,,,,,,,True,False,Solo SIMEM
4V15,AGPE MCD AVENIDA DEL RIO SMT,Are0127,Area Caribe,Are0025,SubArea GCM,Solar,No Despachado Centralmente,GNCC,2026-08-03,2026-08-03,SIMEM 0bfc9d + 841808 + 10F2C9,,,,,,,,,,,,,,,,,,,,,True,False,Solo SIMEM
4V17,AGPE LA SIERRA IMC VALLEDUPAR,Are0127,Area Caribe,Are0025,SubArea GCM,Solar,No Despachado Centralmente,NEUC,2026-08-03,2026-08-03,SIMEM 0bfc9d + 841808 + 10F2C9,,,,,,,,,,,,,,,,,,,,,True,False,Solo SIMEM
4V19,AGPE MCD MONTERIA MON,Are0127,Area Caribe,Are0021,SubArea Cordoba_Sucre,Solar,No Despachado Centralmente,GNCC,2026-08-03,2026-08-03,SIMEM 0bfc9d + 841808 + 10F2C9,,,,,,,,,,,,,,,,,,,,,True,False,Solo SIMEM
4V1B,AGPE PRIMAX LA PONDEROSA I,Are0127,Area Caribe,Are0016,SubArea Atlantico,Solar,No Despachado Centralmente,GNCC,2026-08-03,2026-08-03,SIMEM 0bfc9d + 841808 + 10F2C9,,,,,,,,,,,,,,,,,,,,,True,False,Solo SIMEM
4V2X,AGPE STO 125 ZARAGOCILLA,Are0127,Area Caribe,Are0018,SubArea Bolivar,Solar,No Despachado Centralmente,GNCC,2026-08-03,2026-08-03,SIMEM 0bfc9d + 841808 + 10F2C9,,,,,,,,,,,,,,,,,,,,,True,False,Solo SIMEM
4V2Z,AGPE STO 357 CUBA,Are0128,Area Suroccidental,Are0022,SubArea CQR,Solar,No Despachado Centralmente,GNCC,2026-08-03,2026-08-03,SIMEM 0bfc9d + 841808 + 10F2C9,,,,,,,,,,,,,,,,,,,,,True,False,Solo SIMEM
4V32,AGPE STO 410 CALLE 63,Are0056,Area Oriental,Are0017,SubArea Bogota,Solar,No Despachado Centralmente,GNCC,2026-08-03,2026-08-03,SIMEM 0bfc9d + 841808 + 10F2C9,,,,,,,,,,,,,,,,,,,,,True,False,Solo SIMEM
4V34,AGPE ARA TOLU CENTRO 384,Are0127,Area Caribe,Are0021,SubArea Cordoba_Sucre,Solar,No Despachado Centralmente,NEUC,2026-08-03,2026-08-03,SIMEM 0bfc9d + 841808 + 10F2C9,,,,,,,,,,,,,,,,,,,,,True,False,Solo SIMEM
4V36,AGPE TIENDA ARA 477,Are0127,Area Caribe,Are0016,SubArea Atlantico,Solar,No Despachado Centralmente,NEUC,2026-08-03,2026-08-03,SIMEM 0bfc9d + 841808 + 10F2C9,,,,,,,,,,,,,,,,,,,,,True,False,Solo SIMEM
4V38,AGPE STO 397 BOSA NOVA,Are0056,Area Oriental,Are0017,SubArea Bogota,Solar,No Despachado Centralmente,GNCC,2026-08-03,2026-08-03,SIMEM 0bfc9d + 841808 + 10F2C9,,,,,,,,,,,,,,,,,,,,,True,False,Solo SIMEM
4V3A,AGPE STO 364 AVENIDA SANTANDER,Are0128,Area Suroccidental,Are0022,SubArea CQR,Solar,No Despachado Centralmente,GNCC,2026-08-03,2026-08-03,SIMEM 0bfc9d + 841808 + 10F2C9,,,,,,,,,,,,,,,,,,,,,True,False,Solo SIMEM
4V4X,AGPE JERONIMO MARTINS COLOMBIA SAS TIENDA 811,Are0127,Area Caribe,Are0025,SubArea GCM,Solar,No Despachado Centralmente,GNCC,2026-08-03,2026-08-03,SIMEM 0bfc9d + 841808 + 10F2C9,,,,,,,,,,,,,,,,,,,,,True,False,Solo SIMEM
4V4Z,AGPE ARACELLY GOMEZ CS 36 CR CASTELLANA REAL,Are0127,Area Caribe,Are0016,SubArea Atlantico,Solar,No Despachado Centralmente,ENBC,2026-08-03,2026-08-03,SIMEM 0bfc9d + 841808 + 10F2C9,,,,,,,,,,,,,,,,,,,,,True,False,Solo SIMEM
4V52,AGPE RESONANCIA E IMAGENES SANTAMARIA SA,Are0127,Area Caribe,Are0021,SubArea Cordoba_Sucre,Solar,No Despachado Centralmente,SCEC,2026-08-03,2026-08-03,SIMEM 0bfc9d + 841808 + 10F2C9,,,,,,,,,,,,,,,,,,,,,True,False,Solo SIMEM
4V54,AGPE JOSE GABRIEL SANINT MZ8 I,Are0127,Area Caribe,Are0018,SubArea Bolivar,Solar,No Despachado Centralmente,ENBC,2026-08-03,2026-08-03,SIMEM 0bfc9d + 841808 + 10F2C9,,,,,,,,,,,,,,,,,,,,,True,False,Solo SIMEM
4V56,AGPE LA TOUR SAS,Are0128,Area Suroccidental,Are0032,SubArea Valle,Solar,No Despachado Centralmente,EPSC,2026-08-03,2026-08-03,SIMEM 0bfc9d + 841808 + 10F2C9,,,,,,,,,,,,,,,,,,,,,True,False,Solo SIMEM
4V58,AGPE CMA BLOQUE 31 ZC4,Are0002,Area Antioquia,Are0015,SubArea Antioquia,Solar,No Despachado Centralmente,GNCC,2026-08-03,2026-08-03,SIMEM 0bfc9d + 841808 + 10F2C9,,,,,,,,,,,,,,,,,,,,,True,False,Solo SIMEM
4V5A,AGPE STO 560 ZARZAL,Are0128,Area Suroccidental,Are0032,SubArea Valle,Solar,No Despachado Centralmente,GNCC,2026-08-03,2026-08-03,SIMEM 0bfc9d + 841808 + 10F2C9,,,,,,,,,,,,,,,,,,,,,True,False,Solo SIMEM
4V5C,AGPE TIENDA ARA 926,Are0127,Area Caribe,Are0025,SubArea GCM,Solar,No Despachado Centralmente,NEUC,2026-08-03,2026-08-03,SIMEM 0bfc9d + 841808 + 10F2C9,,,,,,,,,,,,,,,,,,,,,True,False,Solo SIMEM
4V5E,AGPE JERONIMO MARTINS COLOMBIA SAS TIENDA 788,Are0127,Area Caribe,Are0025,SubArea GCM,Solar,No Despachado Centralmente,GNCC,2026-08-03,2026-08-03,SIMEM 0bfc9d + 841808 + 10F2C9,,,,,,,,,,,,,,,,,,,,,True,False,Solo SIMEM
4V5G,AGPE JERONIMO MARTINS COLOMBIA SAS TIENDA 652,Are0127,Area Caribe,Are0016,SubArea Atlantico,Solar,No Despachado Centralmente,GNCC,2026-08-03,2026-08-03,SIMEM 0bfc9d + 841808 + 10F2C9,,,,,,,,,,,,,,,,,,,,,True,False,Solo SIMEM
4V5I,AGPE  CENTRO COMERCIAL UNICENTRO YOPAL ETAPA1,Are0012,Area Nordeste,Are0130,SubArea Boyaca-Casanare,Solar,No Despachado Centralmente,RTQC,2026-08-03,2026-08-03,SIMEM 0bfc9d + 841808 + 10F2C9,,,,,,,,,,,,,,,,,,,,,True,False,Solo SIMEM
4V5K,AGPE CMA BLOQUE 31 ZC3,Are0002,Area Antioquia,Are0015,SubArea Antioquia,Solar,No Despachado Centralmente,GNCC,2026-08-03,2026-08-03,SIMEM 0bfc9d + 841808 + 10F2C9,,,,,,,,,,,,,,,,,,,,,True,False,Solo SIMEM
4V8B,AGPE PRADOS DE SAN AGUSTIN,Are0128,Area Suroccidental,Are0032,SubArea Valle,Solar,No Despachado Centralmente,ENBC,2026-08-03,2026-08-03,SIMEM 0bfc9d + 841808 + 10F2C9,,,,,,,,,,,,,,,,,,,,,True,False,Solo SIMEM
4VAD,AGPE PASEO VILLA DEL RIO,Are0056,Area Oriental,Are0017,SubArea Bogota,Solar,No Despachado Centralmente,BIAC,2026-08-03,2026-08-03,SIMEM 0bfc9d + 841808 + 10F2C9,,,,,,,,,,,,,,,,,,,,,True,False,Solo SIMEM
4VBC,SOL Y CIELO VI,Are0127,Area Caribe,Are0021,SubArea Cordoba_Sucre,Solar,No Despachado Centralmente,EYCG,2026-08-03,2026-08-03,SIMEM 0bfc9d + 841808 + 10F2C9,SOL Y CIELO VI,CÓRDOBA,23001.0,MONTERÍA,Caribe,-75.95052937682705,8.584659059910113,0.99,SOLAR,RAD SOLAR,ND,GEN. DISTRIBUIDA,OPERACIÓN,ENERGIA Y GAS DE COLOMBIA SAS ESP,2025-05-07,2025.0,2026-08-03,0.0,SI,338.0,True,True,SIMEM + UPME
4VBE,AGPE AUTO ROBLE LTDA SINCELEJO,Are0127,Area Caribe,Are0021,SubArea Cordoba_Sucre,Solar,No Despachado Centralmente,SCEC,2026-08-03,2026-08-03,SIMEM 0bfc9d + 841808 + 10F2C9,,,,,,,,,,,,,,,,,,,,,True,False,Solo SIMEM
4VCM,AGPE EDIFICIO COMERCIAL CENTRO ELITE,Are0128,Area Suroccidental,Are0032,SubArea Valle,Solar,No Despachado Centralmente,EPSC,2026-08-03,2026-08-03,SIMEM 0bfc9d + 841808 + 10F2C9,,,,,,,,,,,,,,,,,,,,,True,False,Solo SIMEM
4VCO,AGPE VARCAR1,Are0128,Area Suroccidental,Are0019,SubArea Cauca-Narino,Solar,No Despachado Centralmente,ETTC,2026-08-03,2026-08-03,SIMEM 0bfc9d + 841808 + 10F2C9,,,,,,,,,,,,,,,,,,,,,True,False,Solo SIMEM
4VCQ,AGPE PISOS Y GRES SAS,Are0012,Area Nordeste,Are0029,SubArea Norte de Santander,Solar,No Despachado Centralmente,GNCC,2026-08-03,2026-08-03,SIMEM 0bfc9d + 841808 + 10F2C9,,,,,,,,,,,,,,,,,,,,,True,False,Solo SIMEM
4VCS,AGPE GRUPO PANI SAS,Are0127,Area Caribe,Are0021,SubArea Cordoba_Sucre,Solar,No Despachado Centralmente,GNCC,2026-08-03,2026-08-03,SIMEM 0bfc9d + 841808 + 10F2C9,,,,,,,,,,,,,,,,,,,,,True,False,Solo SIMEM
4VCU,AGPE JERONIMO MARTINS COLOMBIA SAS TIENDA 813,Are0127,Area Caribe,Are0021,SubArea Cordoba_Sucre,Solar,No Despachado Centralmente,GNCC,2026-08-03,2026-08-03,SIMEM 0bfc9d + 841808 + 10F2C9,,,,,,,,,,,,,,,,,,,,,True,False,Solo SIMEM
4VCW,AGPE SSFV MIX VIA 40,Are0127,Area Caribe,Are0016,SubArea Atlantico,Solar,No Despachado Centralmente,GNCC,2026-08-03,2026-08-03,SIMEM 0bfc9d + 841808 + 10F2C9,,,,,,,,,,,,,,,,,,,,,True,False,Solo SIMEM
4VW7,AGPE TIENDA ARA 1006,Are0056,Area Oriental,Are0017,SubArea Bogota,Solar,No Despachado Centralmente,NEUC,2026-08-03,2026-08-03,SIMEM 0bfc9d + 841808 + 10F2C9,,,,,,,,,,,,,,,,,,,,,True,False,Solo SIMEM
4VW9,AGPE 583 ARA PUERTO COLOMBIA CORREDOR UNIVERS,Are0127,Area Caribe,Are0016,SubArea Atlantico,Solar,No Despachado Centralmente,NEUC,2026-08-03,2026-08-03,SIMEM 0bfc9d + 841808 + 10F2C9,,,,,,,,,,,,,,,,,,,,,True,False,Solo SIMEM
4VWB,AGPE 545 ARA SANTA MARTA PESCAITO,Are0127,Area Caribe,Are0025,SubArea GCM,Solar,No Despachado Centralmente,NEUC,2026-08-03,2026-08-03,SIMEM 0bfc9d + 841808 + 10F2C9,,,,,,,,,,,,,,,,,,,,,True,False,Solo SIMEM
4VWD,AGPE TIENDA ARA 706,Are0127,Area Caribe,Are0025,SubArea GCM,Solar,No Despachado Centralmente,NEUC,2026-08-03,2026-08-03,SIMEM 0bfc9d + 841808 + 10F2C9,,,,,,,,,,,,,,,,,,,,,True,False,Solo SIMEM
4VWF,AGPE VETERINARIA RDV JONATHAN,Are0127,Area Caribe,Are0018,SubArea Bolivar,Solar,No Despachado Centralmente,NEUC,2026-08-03,2026-08-03,SIMEM 0bfc9d + 841808 + 10F2C9,,,,,,,,,,,,,,,,,,,,,True,False,Solo SIMEM
4VWH,AGPE TIENDA ARA 828,Are0127,Area Caribe,Are0025,SubArea GCM,Solar,No Despachado Centralmente,NEUC,2026-08-03,2026-08-03,SIMEM 0bfc9d + 841808 + 10F2C9,,,,,,,,,,,,,,,,,,,,,True,False,Solo SIMEM
4VWJ,AGPE TIENDA ARA 1011,Are0127,Area Caribe,Are0025,SubArea GCM,Solar,No Despachado Centralmente,NEUC,2026-08-03,2026-08-03,SIMEM 0bfc9d + 841808 + 10F2C9,,,,,,,,,,,,,,,,,,,,,True,False,Solo SIMEM
4VXS,AGPE MULTALIA1,Are0002,Area Antioquia,Are0015,SubArea Antioquia,Solar,No Despachado Centralmente,ETTC,2026-08-03,2026-08-03,SIMEM 0bfc9d + 841808 + 10F2C9,,,,,,,,,,,,,,,,,,,,,True,False,Solo SIMEM
4VXU,AGPE PRADOS DEL CEREZO,Are0128,Area Suroccidental,Are0032,SubArea Valle,Solar,No Despachado Centralmente,ENBC,2026-08-03,2026-08-03,SIMEM 0bfc9d + 841808 + 10F2C9,,,,,,,,,,,,,,,,,,,,,True,False,Solo SIMEM
4VXW,AGPE LUIS ENRIQUE SANCHEZ,Are0128,Area Suroccidental,Are0032,SubArea Valle,Solar,No Despachado Centralmente,ENBC,2026-08-03,2026-08-03,SIMEM 0bfc9d + 841808 + 10F2C9,,,,,,,,,,,,,,,,,,,,,True,False,Solo SIMEM
4VXY,AGPE SFV CENTRO ISRAELITA FILANTROPICO COLEGI,Are0127,Area Caribe,Are0016,SubArea Atlantico,Solar,No Despachado Centralmente,GNCC,2026-08-03,2026-08-03,SIMEM 0bfc9d + 841808 + 10F2C9,,,,,,,,,,,,,,,,,,,,,True,False,Solo SIMEM
4VY1,AGPE JERONIMO MARTINS COLOMBIA SAS TIENDA 102,Are0127,Area Caribe,Are0021,SubArea Cordoba_Sucre,Solar,No Despachado Centralmente,GNCC,2026-08-03,2026-08-03,SIMEM 0bfc9d + 841808 + 10F2C9,,,,,,,,,,,,,,,,,,,,,True,False,Solo SIMEM
4VY3,AGPE  SUPERMERCADO MERCAMAS JT,Are0128,Area Suroccidental,Are0132,SubArea Putumayo,Solar,No Despachado Centralmente,GNCC,2026-08-03,2026-08-03,SIMEM 0bfc9d + 841808 + 10F2C9,,,,,,,,,,,,,,,,,,,,,True,False,Solo SIMEM
4VY5,AGPE ISMOCOL S A,Are0012,Area Nordeste,Are0131,SubArea Santander,Solar,No Despachado Centralmente,GNCC,2026-08-03,2026-08-03,SIMEM 0bfc9d + 841808 + 10F2C9,,,,,,,,,,,,,,,,,,,,,True,False,Solo SIMEM
4VY7,AGPE OVOPRODUCTOS DEL PACIFICO SAS,Are0128,Area Suroccidental,Are0019,SubArea Cauca-Narino,Solar,No Despachado Centralmente,EPSC,2026-08-03,2026-08-03,SIMEM 0bfc9d + 841808 + 10F2C9,,,,,,,,,,,,,,,,,,,,,True,False,Solo SIMEM
4VY9,AGPE ESINNO1,Are0002,Area Antioquia,Are0015,SubArea Antioquia,Solar,No Despachado Centralmente,ETTC,2026-08-03,2026-08-03,SIMEM 0bfc9d + 841808 + 10F2C9,,,,,,,,,,,,,,,,,,,,,True,False,Solo SIMEM
4VYB,GD ERCO GUAMO I,Are0128,Area Suroccidental,Are0031,SubArea Huila-Tolima,Solar,No Despachado Centralmente,ERRG,2026-08-03,2026-08-03,SIMEM 0bfc9d + 841808 + 10F2C9,GD ERCO GUAMO I,TOLIMA,73319.0,GUAMO,Centro,-74.97657361950692,4.076500729146935,0.99,SOLAR,RAD SOLAR,ND,GEN. DISTRIBUIDA,OPERACIÓN,ERCO GENERACION S.A.S. ESP,2025-04-25,2025.0,2026-08-03,0.0,SI,569.0,True,True,SIMEM + UPME
4VYD,AGPE 277 PARQUE ENGATIVA,Are0056,Area Oriental,Are0017,SubArea Bogota,Solar,No Despachado Centralmente,GNCC,2026-08-03,2026-08-03,SIMEM 0bfc9d + 841808 + 10F2C9,,,,,,,,,,,,,,,,,,,,,True,False,Solo SIMEM
4VYK,AGPE CARARANG,Are0128,Area Suroccidental,Are0032,SubArea Valle,Solar,No Despachado Centralmente,ETTC,2026-08-03,2026-08-03,SIMEM 0bfc9d + 841808 + 10F2C9,,,,,,,,,,,,,,,,,,,,,True,False,Solo SIMEM
4VYM,AUTOG MOLINOS SANTA MARTA,Are0128,Area Suroccidental,Are0032,SubArea Valle,Solar,No Despachado Centralmente,EPSG,2026-08-03,2026-08-03,SIMEM 0bfc9d + 841808 + 10F2C9,AUTOG MOLINOS SANTA MARTA,VALLE DEL CAUCA,76113.0,BUGALAGRANDE,Pacífico,-76.08961535632501,4.196858156352319,3.3,SOLAR,RAD SOLAR,ND,AUTOGENERADOR,OPERACIÓN,CELSIA COLOMBIA S.A. E.S.P.,2025-12-23,2025.0,2026-08-03,0.0,NO,606.0,True,True,SIMEM + UPME
4VYY,AGPE INVERSIONES PEREZ VELEZ SAS,Are0002,Area Antioquia,Are0015,SubArea Antioquia,Solar,No Despachado Centralmente,GNCC,2026-08-03,2026-08-03,SIMEM 0bfc9d + 841808 + 10F2C9,,,,,,,,,,,,,,,,,,,,,True,False,Solo SIMEM
4VZ1,AGPE PRODUCTORA DE ALIMENTOS NATURALES PANA,Are0128,Area Suroccidental,Are0019,SubArea Cauca-Narino,Solar,No Despachado Centralmente,GNCC,2026-08-03,2026-08-03,SIMEM 0bfc9d + 841808 + 10F2C9,,,,,,,,,,,,,,,,,,,,,True,False,Solo SIMEM
4VZ3,AGPE CAMPEROS DE SANTANDER SA CAMPESA 1,Are0012,Area Nordeste,Are0131,SubArea Santander,Solar,No Despachado Centralmente,GNCC,2026-08-03,2026-08-03,SIMEM 0bfc9d + 841808 + 10F2C9,,,,,,,,,,,,,,,,,,,,,True,False,Solo SIMEM
4VZ5,AGPE CAMPESA ANILLO VIAL,Are0012,Area Nordeste,Are0131,SubArea Santander,Solar,No Despachado Centralmente,GNCC,2026-08-03,2026-08-03,SIMEM 0bfc9d + 841808 + 10F2C9,,,,,,,,,,,,,,,,,,,,,True,False,Solo SIMEM
4VZ7,AGPE CARLOS GONZALES CORRALES,Are0127,Area Caribe,Are0018,SubArea Bolivar,Solar,No Despachado Centralmente,ENBC,2026-08-03,2026-08-03,SIMEM 0bfc9d + 841808 + 10F2C9,,,,,,,,,,,,,,,,,,,,,True,False,Solo SIMEM
4VZ9,AGPE FARMATODO VALLEDUPAR NOVALITO,Are0127,Area Caribe,Are0025,SubArea GCM,Solar,No Despachado Centralmente,GNCC,2026-08-03,2026-08-03,SIMEM 0bfc9d + 841808 + 10F2C9,,,,,,,,,,,,,,,,,,,,,True,False,Solo SIMEM
4VZB,AGPE ALCIELO CONSTRUCTORA SAS ZONAS COMUN,Are0127,Area Caribe,Are0021,SubArea Cordoba_Sucre,Solar,No Despachado Centralmente,SCEC,2026-08-03,2026-08-03,SIMEM 0bfc9d + 841808 + 10F2C9,,,,,,,,,,,,,,,,,,,,,True,False,Solo SIMEM
4VZD,AGPE G KOI,Are0012,Area Nordeste,Are0131,SubArea Santander,Solar,No Despachado Centralmente,EXEC,2026-08-03,2026-08-03,SIMEM 0bfc9d + 841808 + 10F2C9,,,,,,,,,,,,,,,,,,,,,True,False,Solo SIMEM
4VZF,AGPE PLUS SA ESP VIJES DICEL,Are0128,Area Suroccidental,Are0032,SubArea Valle,Solar,No Despachado Centralmente,BIAC,2026-08-03,2026-08-03,SIMEM 0bfc9d + 841808 + 10F2C9,,,,,,,,,,,,,,,,,,,,,True,False,Solo SIMEM
4VZH,AGPE AVICOLA LA IBAGUERENA Y CIA,Are0128,Area Suroccidental,Are0032,SubArea Valle,Solar,No Despachado Centralmente,GNCC,2026-08-03,2026-08-03,SIMEM 0bfc9d + 841808 + 10F2C9,,,,,,,,,,,,,,,,,,,,,True,False,Solo SIMEM
4WO2,AGPE TIENDA ARA 744,Are0127,Area Caribe,Are0018,SubArea Bolivar,Solar,No Despachado Centralmente,NEUC,2026-08-03,2026-08-03,SIMEM 0bfc9d + 841808 + 10F2C9,,,,,,,,,,,,,,,,,,,,,True,False,Solo SIMEM
4WO4,AGPE 522 ARA MONTERIA MOCARI,Are0127,Area Caribe,Are0021,SubArea Cordoba_Sucre,Solar,No Despachado Centralmente,NEUC,2026-08-03,2026-08-03,SIMEM 0bfc9d + 841808 + 10F2C9,,,,,,,,,,,,,,,,,,,,,True,False,Solo SIMEM
4WO6,AGPE SULOGISTICA SA,Are0128,Area Suroccidental,Are0032,SubArea Valle,Solar,No Despachado Centralmente,ENBC,2026-08-03,2026-08-03,SIMEM 0bfc9d + 841808 + 10F2C9,,,,,,,,,,,,,,,,,,,,,True,False,Solo SIMEM
4WO8,AGPE GRUPO EMPRESARIAL FRIDECO CR 31,Are0128,Area Suroccidental,Are0032,SubArea Valle,Solar,No Despachado Centralmente,ENBC,2026-08-03,2026-08-03,SIMEM 0bfc9d + 841808 + 10F2C9,,,,,,,,,,,,,,,,,,,,,True,False,Solo SIMEM
4WOA,AGPE GRUPO EMPRESARIAL FRIDECO BDG 2,Are0128,Area Suroccidental,Are0032,SubArea Valle,Solar,No Despachado Centralmente,ENBC,2026-08-03,2026-08-03,SIMEM 0bfc9d + 841808 + 10F2C9,,,,,,,,,,,,,,,,,,,,,True,False,Solo SIMEM
4WOC,AGPE SSFV BANCO DE BOGOTÁ PUERTO BERRÍO,Are0002,Area Antioquia,Are0015,SubArea Antioquia,Solar,No Despachado Centralmente,GNCC,2026-08-03,2026-08-03,SIMEM 0bfc9d + 841808 + 10F2C9,,,,,,,,,,,,,,,,,,,,,True,False,Solo SIMEM
4WOE,AGPE BLU LOGISTICS,Are0056,Area Oriental,Are0017,SubArea Bogota,Solar,No Despachado Centralmente,GNCC,2026-08-03,2026-08-03,SIMEM 0bfc9d + 841808 + 10F2C9,,,,,,,,,,,,,,,,,,,,,True,False,Solo SIMEM
4WOG,AGPE HECTOR RAFAEL OJEDA PINTO,Are0127,Area Caribe,Are0021,SubArea Cordoba_Sucre,Solar,No Despachado Centralmente,SCEC,2026-08-03,2026-08-03,SIMEM 0bfc9d + 841808 + 10F2C9,,,,,,,,,,,,,,,,,,,,,True,False,Solo SIMEM
4WOI,AGPE PROACOR SAS GRANJA LA CHAMBA,Are0128,Area Suroccidental,Are0019,SubArea Cauca-Narino,Solar,No Despachado Centralmente,GNCC,2026-08-03,2026-08-03,SIMEM 0bfc9d + 841808 + 10F2C9,,,,,,,,,,,,,,,,,,,,,True,False,Solo SIMEM
4WOK,AGPE MIGUEL ANTONIO DUQUE GIRALDO  CONFECCION,Are0012,Area Nordeste,Are0029,SubArea Norte de Santander,Solar,No Despachado Centralmente,GNCC,2026-08-03,2026-08-03,SIMEM 0bfc9d + 841808 + 10F2C9,,,,,,,,,,,,,,,,,,,,,True,False,Solo SIMEM
4WOM,AGPE CARLOS ALBERTO PEREZ ARANGO,Are0127,Area Caribe,Are0021,SubArea Cordoba_Sucre,Solar,No Despachado Centralmente,GNCC,2026-08-03,2026-08-03,SIMEM 0bfc9d + 841808 + 10F2C9,,,,,,,,,,,,,,,,,,,,,True,False,Solo SIMEM
4WOO,AGPE TIENDA ARA 710,Are0127,Area Caribe,Are0025,SubArea GCM,Solar,No Despachado Centralmente,NEUC,2026-08-03,2026-08-03,SIMEM 0bfc9d + 841808 + 10F2C9,,,,,,,,,,,,,,,,,,,,,True,False,Solo SIMEM
4WOQ,AGPE LUBRICANTES PETROIL SAS,Are0128,Area Suroccidental,Are0032,SubArea Valle,Solar,No Despachado Centralmente,GNCC,2026-08-03,2026-08-03,SIMEM 0bfc9d + 841808 + 10F2C9,,,,,,,,,,,,,,,,,,,,,True,False,Solo SIMEM
4WOS,AGPE TIENDA ARA 292,Are0127,Area Caribe,Are0021,SubArea Cordoba_Sucre,Solar,No Despachado Centralmente,NEUC,2026-08-03,2026-08-03,SIMEM 0bfc9d + 841808 + 10F2C9,,,,,,,,,,,,,,,,,,,,,True,False,Solo SIMEM
4WOU,AGPE ARA SAN BERNARDO DEL VIENTO CENTRO,Are0127,Area Caribe,Are0021,SubArea Cordoba_Sucre,Solar,No Despachado Centralmente,NEUC,2026-08-03,2026-08-03,SIMEM 0bfc9d + 841808 + 10F2C9,,,,,,,,,,,,,,,,,,,,,True,False,Solo SIMEM
4WOW,AGPE HYB TECNOLOGIA SAS,Are0127,Area Caribe,Are0021,SubArea Cordoba_Sucre,Solar,No Despachado Centralmente,SCEC,2026-08-03,2026-08-03,SIMEM 0bfc9d + 841808 + 10F2C9,,,,,,,,,,,,,,,,,,,,,True,False,Solo SIMEM
4WOZ,AGPE DISTRI2A1,Are0127,Area Caribe,Are0025,SubArea GCM,Solar,No Despachado Centralmente,ETTC,2026-08-03,2026-08-03,SIMEM 0bfc9d + 841808 + 10F2C9,,,,,,,,,,,,,,,,,,,,,True,False,Solo SIMEM
4WP2,GD NAOS III,Are0128,Area Suroccidental,Are0019,SubArea Cauca-Narino,Solar,No Despachado Centralmente,BIAG,2026-08-03,2026-08-03,SIMEM 0bfc9d + 841808 + 10F2C9,GD NAOS III,NARIÑO,52786.0,TAMINANGO,Pacífico,-77.32523753901599,1.5916601918367703,0.96,SOLAR,RAD SOLAR,ND,GEN. DISTRIBUIDA,OPERACIÓN,BIA ENERGY S.A.S. E.S.P,2025-05-01,2025.0,2026-08-03,0.0,SI,437.0,True,True,SIMEM + UPME
4WUG,AGPE ROGELIO ZULUAGA MEJIA,Are0127,Area Caribe,Are0021,SubArea Cordoba_Sucre,Solar,No Despachado Centralmente,SCEC,2026-08-03,2026-08-03,SIMEM 0bfc9d + 841808 + 10F2C9,,,,,,,,,,,,,,,,,,,,,True,False,Solo SIMEM
4WUI,AGPE OLGA MILENA FLOREZ SIERRA,Are0127,Area Caribe,Are0021,SubArea Cordoba_Sucre,Solar,No Despachado Centralmente,SCEC,2026-08-03,2026-08-03,SIMEM 0bfc9d + 841808 + 10F2C9,,,,,,,,,,,,,,,,,,,,,True,False,Solo SIMEM
4WUK,AUTOG COMOLSA,Are0128,Area Suroccidental,Are0032,SubArea Valle,Solar,No Despachado Centralmente,EPSG,2026-08-03,2026-08-03,SIMEM 0bfc9d + 841808 + 10F2C9,AUTOG COMOLSA,VALLE DEL CAUCA,76113.0,BUGALAGRANDE,Pacífico,-76.08961535632501,4.196858156352319,3.3,SOLAR,RAD SOLAR,ND,AUTOGENERADOR,OPERACIÓN,CELSIA COLOMBIA S.A. E.S.P.,2025-12-23,2025.0,2026-08-03,0.0,NO,605.0,True,True,SIMEM + UPME
4WUM,AUTOG QBCO,Are0128,Area Suroccidental,Are0032,SubArea Valle,Solar,No Despachado Centralmente,EPSG,2026-08-03,2026-08-03,SIMEM 0bfc9d + 841808 + 10F2C9,AUTOG QBCO,VALLE DEL CAUCA,76113.0,BUGALAGRANDE,Pacífico,-76.08961535632501,4.196858156352319,3.3,SOLAR,RAD SOLAR,ND,AUTOGENERADOR,OPERACIÓN,CELSIA COLOMBIA S.A. E.S.P.,2025-12-23,2025.0,2026-08-03,0.0,NO,604.0,True,True,SIMEM + UPME
4WUO,AGPE CENTRO COMERCIAL UNICENTRO ZONAS COMUNES,Are0128,Area Suroccidental,Are0019,SubArea Cauca-Narino,Solar,No Despachado Centralmente,ASCC,2026-08-03,2026-08-03,SIMEM 0bfc9d + 841808 + 10F2C9,,,,,,,,,,,,,,,,,,,,,True,False,Solo SIMEM
4WUQ,AGPE EDS LA CIRCUNVALAR,Are0127,Area Caribe,Are0016,SubArea Atlantico,Solar,No Despachado Centralmente,QIEC,2026-08-03,2026-08-03,SIMEM 0bfc9d + 841808 + 10F2C9,,,,,,,,,,,,,,,,,,,,,True,False,Solo SIMEM
4WUS,AGPE IEB COFFEE SAS,Are0128,Area Suroccidental,Are0032,SubArea Valle,Solar,No Despachado Centralmente,EEPC,2026-08-03,2026-08-03,SIMEM 0bfc9d + 841808 + 10F2C9,,,,,,,,,,,,,,,,,,,,,True,False,Solo SIMEM
4WVK,AGPE INDUSTRIAS DOFI,Are0128,Area Suroccidental,Are0022,SubArea CQR,Solar,No Despachado Centralmente,EPMC,2026-08-03,2026-08-03,SIMEM 0bfc9d + 841808 + 10F2C9,,,,,,,,,,,,,,,,,,,,,True,False,Solo SIMEM
4WVM,AGPE ARCLAD SA,Are0002,Area Antioquia,Are0015,SubArea Antioquia,Solar,No Despachado Centralmente,EPMC,2026-08-03,2026-08-03,SIMEM 0bfc9d + 841808 + 10F2C9,,,,,,,,,,,,,,,,,,,,,True,False,Solo SIMEM
4WVO,AGPE FUERZA AÉREA COLOMBIA GACAS,Are0012,Area Nordeste,Are0130,SubArea Boyaca-Casanare,Solar,No Despachado Centralmente,EPMC,2026-08-03,2026-08-03,SIMEM 0bfc9d + 841808 + 10F2C9,,,,,,,,,,,,,,,,,,,,,True,False,Solo SIMEM
4WVQ,AGPE FAC CACOM4,Are0128,Area Suroccidental,Are0031,SubArea Huila-Tolima,Solar,No Despachado Centralmente,EPMC,2026-08-03,2026-08-03,SIMEM 0bfc9d + 841808 + 10F2C9,,,,,,,,,,,,,,,,,,,,,True,False,Solo SIMEM
4WVS,AGPE CC EL TESORO,Are0002,Area Antioquia,Are0015,SubArea Antioquia,Solar,No Despachado Centralmente,EPMC,2026-08-03,2026-08-03,SIMEM 0bfc9d + 841808 + 10F2C9,,,,,,,,,,,,,,,,,,,,,True,False,Solo SIMEM
4WVU,AGPE FEREIN1,Are0127,Area Caribe,Are0025,SubArea GCM,Solar,No Despachado Centralmente,ETTC,2026-08-03,2026-08-03,SIMEM 0bfc9d + 841808 + 10F2C9,,,,,,,,,,,,,,,,,,,,,True,False,Solo SIMEM
4WVW,AGPE SURTFER1,Are0127,Area Caribe,Are0025,SubArea GCM,Solar,No Despachado Centralmente,ETTC,2026-08-03,2026-08-03,SIMEM 0bfc9d + 841808 + 10F2C9,,,,,,,,,,,,,,,,,,,,,True,False,Solo SIMEM
4WVY,AGPE LACOSE1,Are0127,Area Caribe,Are0025,SubArea GCM,Solar,No Despachado Centralmente,ETTC,2026-08-03,2026-08-03,SIMEM 0bfc9d + 841808 + 10F2C9,,,,,,,,,,,,,,,,,,,,,True,False,Solo SIMEM
4WW1,AGPE VEHICO 104191,Are0127,Area Caribe,Are0018,SubArea Bolivar,Solar,No Despachado Centralmente,ETTC,2026-08-03,2026-08-03,SIMEM 0bfc9d + 841808 + 10F2C9,,,,,,,,,,,,,,,,,,,,,True,False,Solo SIMEM
4WWQ,MINIGRANJA IBIRICO,Are0127,Area Caribe,Are0025,SubArea GCM,Solar,No Despachado Centralmente,UNGG,2026-08-03,2026-08-03,SIMEM 0bfc9d + 841808 + 10F2C9,MINIGRANJA IBIRICO,CESAR,20400.0,LA JAGUA DE IBIRICO,Caribe,-73.32248366565186,9.520993036016884,0.99,SOLAR,RAD SOLAR,ND,GEN. DISTRIBUIDA,OPERACIÓN,UNERGY ENERGY DIGITAL S.A.S E.S.P,2025-07-20,2025.0,2026-08-03,0.0,SI,264.0,True,True,SIMEM + UPME
4WWS,AGPE SSFV CENTRO COMERCIAL ACROPOLIS,Are0012,Area Nordeste,Are0131,SubArea Santander,Solar,No Despachado Centralmente,RTQC,2026-08-03,2026-08-03,SIMEM 0bfc9d + 841808 + 10F2C9,,,,,,,,,,,,,,,,,,,,,True,False,Solo SIMEM
4WWU,AGPE GALICIA DE LAS FLOREZ Y CIA SCA 1,Are0127,Area Caribe,Are0021,SubArea Cordoba_Sucre,Solar,No Despachado Centralmente,SCEC,2026-08-03,2026-08-03,SIMEM 0bfc9d + 841808 + 10F2C9,,,,,,,,,,,,,,,,,,,,,True,False,Solo SIMEM
4WWW,AGPE ROSAURA GARRIDO NOYA,Are0127,Area Caribe,Are0018,SubArea Bolivar,Solar,No Despachado Centralmente,ENBC,2026-08-03,2026-08-03,SIMEM 0bfc9d + 841808 + 10F2C9,,,,,,,,,,,,,,,,,,,,,True,False,Solo SIMEM
4WWY,GD SAN MARTIN,Are0056,Area Oriental,Are0027,SubArea Meta,Solar,No Despachado Centralmente,EMSG,2026-08-03,2026-08-03,SIMEM 0bfc9d + 841808 + 10F2C9,GD SAN MARTIN,META,50689.0,SAN MARTÍN,Oriente,-72.65678817183543,3.5158817923423245,0.99,SOLAR,RAD SOLAR,ND,GEN. DISTRIBUIDA,OPERACIÓN,ELECTRIFICADORA DEL META S.A. E.S.P.,2025-05-10,2025.0,2026-08-03,0.0,SI,425.0,True,True,SIMEM + UPME
4WX1,AGPE PAOLA MARIA DAMBROSIO HADDAD,Are0127,Area Caribe,Are0021,SubArea Cordoba_Sucre,Solar,No Despachado Centralmente,SCEC,2026-08-03,2026-08-03,SIMEM 0bfc9d + 841808 + 10F2C9,,,,,,,,,,,,,,,,,,,,,True,False,Solo SIMEM
4WX3,AGPE CARMEN LUCIA MILANES NIVIA,Are0127,Area Caribe,Are0021,SubArea Cordoba_Sucre,Solar,No Despachado Centralmente,SCEC,2026-08-03,2026-08-03,SIMEM 0bfc9d + 841808 + 10F2C9,,,,,,,,,,,,,,,,,,,,,True,False,Solo SIMEM
4WX5,AGPE 319 SUBA LAS FLORES,Are0056,Area Oriental,Are0017,SubArea Bogota,Solar,No Despachado Centralmente,GNCC,2026-08-03,2026-08-03,SIMEM 0bfc9d + 841808 + 10F2C9,,,,,,,,,,,,,,,,,,,,,True,False,Solo SIMEM
4WX7,AGPE RTS LA FLORA,Are0128,Area Suroccidental,Are0032,SubArea Valle,Solar,No Despachado Centralmente,GNCC,2026-08-03,2026-08-03,SIMEM 0bfc9d + 841808 + 10F2C9,,,,,,,,,,,,,,,,,,,,,True,False,Solo SIMEM
4WX9,AGPE STO 314 MARGEN IZQUIERDA,Are0127,Area Caribe,Are0021,SubArea Cordoba_Sucre,Solar,No Despachado Centralmente,GNCC,2026-08-03,2026-08-03,SIMEM 0bfc9d + 841808 + 10F2C9,,,,,,,,,,,,,,,,,,,,,True,False,Solo SIMEM
4XEI,AGPE TIENDA ARA 878,Are0127,Area Caribe,Are0025,SubArea GCM,Solar,No Despachado Centralmente,NEUC,2026-08-03,2026-08-03,SIMEM 0bfc9d + 841808 + 10F2C9,,,,,,,,,,,,,,,,,,,,,True,False,Solo SIMEM
4XEK,AGPE TIENDA ARA 1100,Are0127,Area Caribe,Are0025,SubArea GCM,Solar,No Despachado Centralmente,NEUC,2026-08-03,2026-08-03,SIMEM 0bfc9d + 841808 + 10F2C9,,,,,,,,,,,,,,,,,,,,,True,False,Solo SIMEM
4XEM,AGPE TIENDA ARA 782,Are0127,Area Caribe,Are0018,SubArea Bolivar,Solar,No Despachado Centralmente,NEUC,2026-08-03,2026-08-03,SIMEM 0bfc9d + 841808 + 10F2C9,,,,,,,,,,,,,,,,,,,,,True,False,Solo SIMEM
4XEO,AGPE TIENDA ARA 769,Are0127,Area Caribe,Are0021,SubArea Cordoba_Sucre,Solar,No Despachado Centralmente,NEUC,2026-08-03,2026-08-03,SIMEM 0bfc9d + 841808 + 10F2C9,,,,,,,,,,,,,,,,,,,,,True,False,Solo SIMEM
4XOU,MINIGRANJA LA CUMBIA,Are0127,Area Caribe,Are0025,SubArea GCM,Solar,No Despachado Centralmente,UNGG,2026-08-03,2026-08-03,SIMEM 0bfc9d + 841808 + 10F2C9,MINIGRANJA LA CUMBIA,CESAR,20001.0,VALLEDUPAR,Caribe,-73.46096446435115,10.216456883774852,0.99,SOLAR,RAD SOLAR,ND,GEN. DISTRIBUIDA,OPERACIÓN,UNERGY ENERGY DIGITAL S.A.S E.S.P,2026-05-06,2026.0,2026-08-03,0.0,SI,291.0,True,True,SIMEM + UPME
4XOW,AGPE TIENDA ARA 1124,Are0127,Area Caribe,Are0025,SubArea GCM,Solar,No Despachado Centralmente,NEUC,2026-08-03,2026-08-03,SIMEM 0bfc9d + 841808 + 10F2C9,,,,,,,,,,,,,,,,,,,,,True,False,Solo SIMEM
4XOY,AGPE JERONIMO MARTINS COLOMBIA SAS TIENDA 111,Are0056,Area Oriental,Are0017,SubArea Bogota,Solar,No Despachado Centralmente,GNCC,2026-08-03,2026-08-03,SIMEM 0bfc9d + 841808 + 10F2C9,,,,,,,,,,,,,,,,,,,,,True,False,Solo SIMEM
4XP1,AGPE TIENDA ARA 908,Are0127,Area Caribe,Are0025,SubArea GCM,Solar,No Despachado Centralmente,NEUC,2026-08-03,2026-08-03,SIMEM 0bfc9d + 841808 + 10F2C9,,,,,,,,,,,,,,,,,,,,,True,False,Solo SIMEM
4XP3,AUTOG TERMOARAUCA 1,Are0012,Area Nordeste,Are0129,SubArea Arauca,Termica,No Despachado Centralmente,GSAG,2026-08-03,2026-08-03,SIMEM 0bfc9d + 841808 + 10F2C9,AUTOG TERMOARAUCA 1,ARAUCA,81736.0,SARAVENA,Oriente,-71.85071352405885,6.906943255370339,4.9,TERMICA,GAS,ND,AUTOGENERADOR,OPERACIÓN,GENERSA S.A.S. E.S.P.,2025-08-26,2025.0,2026-08-03,10.765,NO,88.0,True,True,SIMEM + UPME
4XP5,AGPE COMPANIA INTEGRAL DE ALIMENTOS SAS CIAL,Are0012,Area Nordeste,Are0130,SubArea Boyaca-Casanare,Solar,No Despachado Centralmente,BIAC,2026-08-03,2026-08-03,SIMEM 0bfc9d + 841808 + 10F2C9,,,,,,,,,,,,,,,,,,,,,True,False,Solo SIMEM
4XP7,AGPE MARCELA MARTELO CASTRO,Are0127,Area Caribe,Are0021,SubArea Cordoba_Sucre,Solar,No Despachado Centralmente,SCEC,2026-08-03,2026-08-03,SIMEM 0bfc9d + 841808 + 10F2C9,,,,,,,,,,,,,,,,,,,,,True,False,Solo SIMEM
4XPX,AGPE MOTEL ACAPULCO OMA,Are0127,Area Caribe,Are0025,SubArea GCM,Solar,No Despachado Centralmente,NEUC,2026-08-03,2026-08-03,SIMEM 0bfc9d + 841808 + 10F2C9,,,,,,,,,,,,,,,,,,,,,True,False,Solo SIMEM
4XPZ,AGPE LADRILLERA Y ARCILLAS SAN JOSE SAS,Are0128,Area Suroccidental,Are0032,SubArea Valle,Solar,No Despachado Centralmente,EEPC,2026-08-03,2026-08-03,SIMEM 0bfc9d + 841808 + 10F2C9,,,,,,,,,,,,,,,,,,,,,True,False,Solo SIMEM
4XQ2,,,,,,,,,,,,PARQUE SOLAR INTI I,CÓRDOBA,23350.0,LA APARTADA,Caribe,-75.28816892179032,8.05221449624188,9.9,SOLAR,RAD SOLAR,ND,NORMAL,PRUEBAS,EMPRESA URRA S.A. E.S.P.,2025-07-15,2025.0,2026-08-03,0.0,SI,330.0,False,True,Solo UPME
4XQ4,AGPE ARA ALAMOS,Are0128,Area Suroccidental,Are0032,SubArea Valle,Solar,No Despachado Centralmente,GNCC,2026-08-03,2026-08-03,SIMEM 0bfc9d + 841808 + 10F2C9,,,,,,,,,,,,,,,,,,,,,True,False,Solo SIMEM
4XQ6,AGPE JERONIMO MARTINS COLOMBIA SAS TIENDA 131,Are0056,Area Oriental,Are0017,SubArea Bogota,Solar,No Despachado Centralmente,GNCC,2026-08-03,2026-08-03,SIMEM 0bfc9d + 841808 + 10F2C9,,,,,,,,,,,,,,,,,,,,,True,False,Solo SIMEM
4XQ8,AGPE SUPERMERCADOS MAS POR MENOS SAS,Are0012,Area Nordeste,Are0131,SubArea Santander,Solar,No Despachado Centralmente,GNCC,2026-08-03,2026-08-03,SIMEM 0bfc9d + 841808 + 10F2C9,,,,,,,,,,,,,,,,,,,,,True,False,Solo SIMEM
4XQA,GD SAN MARTIN II,Are0056,Area Oriental,Are0027,SubArea Meta,Solar,No Despachado Centralmente,EMSG,2026-08-03,2026-08-03,SIMEM 0bfc9d + 841808 + 10F2C9,GD SAN MARTIN II,META,50689.0,SAN MARTÍN,Oriente,-72.65678817183543,3.5158817923423245,0.99,SOLAR,RAD SOLAR,ND,GEN. DISTRIBUIDA,OPERACIÓN,ELECTRIFICADORA DEL META S.A. E.S.P.,2025-05-24,2025.0,2026-08-03,0.0,SI,427.0,True,True,SIMEM + UPME
4XQC,AUTOG GOLOSINAS TRULULU,Are0128,Area Suroccidental,Are0022,SubArea CQR,Hidraulica,No Despachado Centralmente,EXIG,2026-08-03,2026-08-03,SIMEM 0bfc9d + 841808 + 10F2C9,AUTOG GOLOSINAS TRULULU,CALDAS,17001.0,MANIZALES,Eje Cafetero,-75.50729572535269,5.083438748349718,3.3,HIDRAULICA,AGUA,ND,AUTOGENERADOR,OPERACIÓN,ENERXIA COLOMBIA SAS ESP,2025-12-14,2025.0,2026-08-03,0.8,SI,191.0,True,True,SIMEM + UPME
4XUL,AGPE EXCO COLOMBIANA,Are0128,Area Suroccidental,Are0022,SubArea CQR,Solar,No Despachado Centralmente,EEPC,2026-08-03,2026-08-03,SIMEM 0bfc9d + 841808 + 10F2C9,,,,,,,,,,,,,,,,,,,,,True,False,Solo SIMEM
4XUN,AGPE LUIS FERNANDO GONZALEZ CORRALES,Are0127,Area Caribe,Are0018,SubArea Bolivar,Solar,No Despachado Centralmente,ENBC,2026-08-03,2026-08-03,SIMEM 0bfc9d + 841808 + 10F2C9,,,,,,,,,,,,,,,,,,,,,True,False,Solo SIMEM
4XUP,AGPE HENRY BABILONIA LUNA,Are0127,Area Caribe,Are0018,SubArea Bolivar,Solar,No Despachado Centralmente,ENBC,2026-08-03,2026-08-03,SIMEM 0bfc9d + 841808 + 10F2C9,,,,,,,,,,,,,,,,,,,,,True,False,Solo SIMEM
4XUR,AGPE ARA ANILLO VIAL,Are0056,Area Oriental,Are0027,SubArea Meta,Solar,No Despachado Centralmente,GNCC,2026-08-03,2026-08-03,SIMEM 0bfc9d + 841808 + 10F2C9,,,,,,,,,,,,,,,,,,,,,True,False,Solo SIMEM
4XUT,AGPE DAMARIS MANUELITA MARTINEZ HERNANDEZ,Are0127,Area Caribe,Are0021,SubArea Cordoba_Sucre,Solar,No Despachado Centralmente,SCEC,2026-08-03,2026-08-03,SIMEM 0bfc9d + 841808 + 10F2C9,,,,,,,,,,,,,,,,,,,,,True,False,Solo SIMEM
4XUV,AGPE MEGALI1,Are0128,Area Suroccidental,Are0032,SubArea Valle,Solar,No Despachado Centralmente,ETTC,2026-08-03,2026-08-03,SIMEM 0bfc9d + 841808 + 10F2C9,,,,,,,,,,,,,,,,,,,,,True,False,Solo SIMEM
4XUX,GD PULOY,Are0127,Area Caribe,Are0016,SubArea Atlantico,Solar,No Despachado Centralmente,UNGG,2026-08-03,2026-08-03,SIMEM 0bfc9d + 841808 + 10F2C9,GD PULOY,ATLÁNTICO,8296.0,GALAPA,Caribe,-74.88709153285787,10.897722810082572,0.99,SOLAR,RAD SOLAR,ND,GEN. DISTRIBUIDA,OPERACIÓN,UNERGY ENERGY DIGITAL S.A.S E.S.P,2025-09-24,2025.0,2026-08-03,0.0,SI,123.0,True,True,SIMEM + UPME
4Y3Z,AGPE CENTRO COMERCIAL AVENTURA,Are0002,Area Antioquia,Are0015,SubArea Antioquia,Solar,No Despachado Centralmente,EPSC,2026-08-03,2026-08-03,SIMEM 0bfc9d + 841808 + 10F2C9,,,,,,,,,,,,,,,,,,,,,True,False,Solo SIMEM
4Y42,AGPE AGROW1,Are0128,Area Suroccidental,Are0032,SubArea Valle,Solar,No Despachado Centralmente,ETTC,2026-08-03,2026-08-03,SIMEM 0bfc9d + 841808 + 10F2C9,,,,,,,,,,,,,,,,,,,,,True,False,Solo SIMEM
4Y48,AGPE  JAIME ALFONSO NAVARRO GALINDO,Are0127,Area Caribe,Are0021,SubArea Cordoba_Sucre,Solar,No Despachado Centralmente,SCEC,2026-08-03,2026-08-03,SIMEM 0bfc9d + 841808 + 10F2C9,,,,,,,,,,,,,,,,,,,,,True,False,Solo SIMEM
4Y4A,AGPE HACIENDA ANTOJO,Are0128,Area Suroccidental,Are0032,SubArea Valle,Solar,No Despachado Centralmente,GNCC,2026-08-03,2026-08-03,SIMEM 0bfc9d + 841808 + 10F2C9,,,,,,,,,,,,,,,,,,,,,True,False,Solo SIMEM
4Y4C,AGPE CSA LEON TIRE,Are0127,Area Caribe,Are0016,SubArea Atlantico,Solar,No Despachado Centralmente,GNCC,2026-08-03,2026-08-03,SIMEM 0bfc9d + 841808 + 10F2C9,,,,,,,,,,,,,,,,,,,,,True,False,Solo SIMEM
4Y4E,AGPE STO 374 CARTAGO,Are0128,Area Suroccidental,Are0032,SubArea Valle,Solar,No Despachado Centralmente,GNCC,2026-08-03,2026-08-03,SIMEM 0bfc9d + 841808 + 10F2C9,,,,,,,,,,,,,,,,,,,,,True,False,Solo SIMEM
4Y4G,AGPE CLINICA MORASURCO 2  236 KWP,Are0128,Area Suroccidental,Are0019,SubArea Cauca-Narino,Solar,No Despachado Centralmente,ASCC,2026-08-03,2026-08-03,SIMEM 0bfc9d + 841808 + 10F2C9,,,,,,,,,,,,,,,,,,,,,True,False,Solo SIMEM
4Y4I,AGPE CLINICA MORASURCO 1 236 KWP,Are0128,Area Suroccidental,Are0019,SubArea Cauca-Narino,Solar,No Despachado Centralmente,ASCC,2026-08-03,2026-08-03,SIMEM 0bfc9d + 841808 + 10F2C9,,,,,,,,,,,,,,,,,,,,,True,False,Solo SIMEM
4Y4K,AGPE JERONIMO MARTINS COLOMBIA SAS TIENDA 525,Are0127,Area Caribe,Are0025,SubArea GCM,Solar,No Despachado Centralmente,GNCC,2026-08-03,2026-08-03,SIMEM 0bfc9d + 841808 + 10F2C9,,,,,,,,,,,,,,,,,,,,,True,False,Solo SIMEM
4Y4M,AGPE JERONIMO MARTINS COLOMBIA SAS TIENDA 683,Are0127,Area Caribe,Are0025,SubArea GCM,Solar,No Despachado Centralmente,GNCC,2026-08-03,2026-08-03,SIMEM 0bfc9d + 841808 + 10F2C9,,,,,,,,,,,,,,,,,,,,,True,False,Solo SIMEM
4Y4O,AGPE ARA LA UNION,Are0127,Area Caribe,Are0016,SubArea Atlantico,Solar,No Despachado Centralmente,GNCC,2026-08-03,2026-08-03,SIMEM 0bfc9d + 841808 + 10F2C9,,,,,,,,,,,,,,,,,,,,,True,False,Solo SIMEM
4Y4Q,AGPE INDUSTRIAS MECAFOODS,Are0127,Area Caribe,Are0016,SubArea Atlantico,Solar,No Despachado Centralmente,GNCC,2026-08-03,2026-08-03,SIMEM 0bfc9d + 841808 + 10F2C9,,,,,,,,,,,,,,,,,,,,,True,False,Solo SIMEM
4Y4S,AGPE GESTAR SALUD DE COLOMBIA IPS SAS II,Are0127,Area Caribe,Are0021,SubArea Cordoba_Sucre,Solar,No Despachado Centralmente,SCEC,2026-08-03,2026-08-03,SIMEM 0bfc9d + 841808 + 10F2C9,,,,,,,,,,,,,,,,,,,,,True,False,Solo SIMEM
4Y4U,AGPE NUTRICION Y RECURSOS DEL CARIBE SA,Are0127,Area Caribe,Are0021,SubArea Cordoba_Sucre,Solar,No Despachado Centralmente,SCEC,2026-08-03,2026-08-03,SIMEM 0bfc9d + 841808 + 10F2C9,,,,,,,,,,,,,,,,,,,,,True,False,Solo SIMEM
4Y4W,AGPE COFRA1,Are0056,Area Oriental,Are0017,SubArea Bogota,Solar,No Despachado Centralmente,ETTC,2026-08-03,2026-08-03,SIMEM 0bfc9d + 841808 + 10F2C9,,,,,,,,,,,,,,,,,,,,,True,False,Solo SIMEM
4Y59,AGPE 568 ARA AYAPEL CENTRO CRA 7,Are0127,Area Caribe,Are0021,SubArea Cordoba_Sucre,Solar,No Despachado Centralmente,NEUC,2026-08-03,2026-08-03,SIMEM 0bfc9d + 841808 + 10F2C9,,,,,,,,,,,,,,,,,,,,,True,False,Solo SIMEM
4Y5B,AGPE 505 ARA SANTA MARTA RODADERO CRA 2,Are0127,Area Caribe,Are0025,SubArea GCM,Solar,No Despachado Centralmente,NEUC,2026-08-03,2026-08-03,SIMEM 0bfc9d + 841808 + 10F2C9,,,,,,,,,,,,,,,,,,,,,True,False,Solo SIMEM
4Y5D,AGPE TIENDA ARA 829 CNTV,Are0127,Area Caribe,Are0025,SubArea GCM,Solar,No Despachado Centralmente,NEUC,2026-08-03,2026-08-03,SIMEM 0bfc9d + 841808 + 10F2C9,,,,,,,,,,,,,,,,,,,,,True,False,Solo SIMEM
4Y5F,AGPE TIENDA ARA 902,Are0127,Area Caribe,Are0021,SubArea Cordoba_Sucre,Solar,No Despachado Centralmente,NEUC,2026-08-03,2026-08-03,SIMEM 0bfc9d + 841808 + 10F2C9,,,,,,,,,,,,,,,,,,,,,True,False,Solo SIMEM
4Y5H,AGPE TIENDA ARA 720,Are0127,Area Caribe,Are0025,SubArea GCM,Solar,No Despachado Centralmente,NEUC,2026-08-03,2026-08-03,SIMEM 0bfc9d + 841808 + 10F2C9,,,,,,,,,,,,,,,,,,,,,True,False,Solo SIMEM
4Y5J,AGPE SM MI FUTURO S VALLE,Are0127,Area Caribe,Are0025,SubArea GCM,Solar,No Despachado Centralmente,NEUC,2026-08-03,2026-08-03,SIMEM 0bfc9d + 841808 + 10F2C9,,,,,,,,,,,,,,,,,,,,,True,False,Solo SIMEM
4Y5L,AGPE GEORGINA GALEANO DE ORTIZ,Are0127,Area Caribe,Are0025,SubArea GCM,Solar,No Despachado Centralmente,NEUC,2026-08-03,2026-08-03,SIMEM 0bfc9d + 841808 + 10F2C9,,,,,,,,,,,,,,,,,,,,,True,False,Solo SIMEM
4Y5N,AGPE NAVITRANS MEDELLÍN 1,Are0002,Area Antioquia,Are0015,SubArea Antioquia,Solar,No Despachado Centralmente,NEUC,2026-08-03,2026-08-03,SIMEM 0bfc9d + 841808 + 10F2C9,,,,,,,,,,,,,,,,,,,,,True,False,Solo SIMEM
4Y5P,AGPE SSFV METALSUR 1,Are0128,Area Suroccidental,Are0019,SubArea Cauca-Narino,Solar,No Despachado Centralmente,ENDC,2026-08-03,2026-08-03,SIMEM 0bfc9d + 841808 + 10F2C9,,,,,,,,,,,,,,,,,,,,,True,False,Solo SIMEM
4Y5R,AGPE SSFV METALSUR 2,Are0128,Area Suroccidental,Are0019,SubArea Cauca-Narino,Solar,No Despachado Centralmente,ENDC,2026-08-03,2026-08-03,SIMEM 0bfc9d + 841808 + 10F2C9,,,,,,,,,,,,,,,,,,,,,True,False,Solo SIMEM
4Y5T,GD SAN MARTIN III,Are0056,Area Oriental,Are0027,SubArea Meta,Solar,No Despachado Centralmente,EMSG,2026-08-03,2026-08-03,SIMEM 0bfc9d + 841808 + 10F2C9,GD SAN MARTIN III,META,50689.0,SAN MARTÍN,Oriente,-72.65678817183543,3.5158817923423245,0.99,SOLAR,RAD SOLAR,ND,GEN. DISTRIBUIDA,OPERACIÓN,ELECTRIFICADORA DEL META S.A. E.S.P.,2025-06-14,2025.0,2026-08-03,0.0,SI,426.0,True,True,SIMEM + UPME
4Y7Y,AGPE FERNANDO JOSE,Are0127,Area Caribe,Are0025,SubArea GCM,Solar,No Despachado Centralmente,ETTC,2026-08-03,2026-08-03,SIMEM 0bfc9d + 841808 + 10F2C9,,,,,,,,,,,,,,,,,,,,,True,False,Solo SIMEM
4Y95,AGPE UDEA ROBLEDO,Are0002,Area Antioquia,Are0015,SubArea Antioquia,Solar,No Despachado Centralmente,EPMC,2026-08-03,2026-08-03,SIMEM 0bfc9d + 841808 + 10F2C9,,,,,,,,,,,,,,,,,,,,,True,False,Solo SIMEM
4Y97,AGPE FUERZA AÉREA COLOMBIA CACOM 5,Are0002,Area Antioquia,Are0015,SubArea Antioquia,Solar,No Despachado Centralmente,EPMC,2026-08-03,2026-08-03,SIMEM 0bfc9d + 841808 + 10F2C9,,,,,,,,,,,,,,,,,,,,,True,False,Solo SIMEM
4Y99,AGPE FUNDACIÓN EL ALCARAVÁN,Are0012,Area Nordeste,Are0129,SubArea Arauca,Solar,No Despachado Centralmente,GNCC,2026-08-03,2026-08-03,SIMEM 0bfc9d + 841808 + 10F2C9,,,,,,,,,,,,,,,,,,,,,True,False,Solo SIMEM
4Y9B,AGPE SUERIMAS,Are0128,Area Suroccidental,Are0032,SubArea Valle,Solar,No Despachado Centralmente,GNCC,2026-08-03,2026-08-03,SIMEM 0bfc9d + 841808 + 10F2C9,,,,,,,,,,,,,,,,,,,,,True,False,Solo SIMEM
4Y9D,AGPE JERONIMO MARTINS COLOMBIA SAS TIENDA 135,Are0056,Area Oriental,Are0017,SubArea Bogota,Solar,No Despachado Centralmente,GNCC,2026-08-03,2026-08-03,SIMEM 0bfc9d + 841808 + 10F2C9,,,,,,,,,,,,,,,,,,,,,True,False,Solo SIMEM
4Y9F,AGPE MARIA FERNANDA SOTO TABORDA  OFICINA JAG,Are0127,Area Caribe,Are0021,SubArea Cordoba_Sucre,Solar,No Despachado Centralmente,SCEC,2026-08-03,2026-08-03,SIMEM 0bfc9d + 841808 + 10F2C9,,,,,,,,,,,,,,,,,,,,,True,False,Solo SIMEM
4Y9H,AGPE JUANAUTOS EL CERRO SAS,Are0127,Area Caribe,Are0018,SubArea Bolivar,Solar,No Despachado Centralmente,BIAC,2026-08-03,2026-08-03,SIMEM 0bfc9d + 841808 + 10F2C9,,,,,,,,,,,,,,,,,,,,,True,False,Solo SIMEM
4Y9J,AGPE PRO ORIENTE SAS,Are0128,Area Suroccidental,Are0022,SubArea CQR,Solar,No Despachado Centralmente,BIAC,2026-08-03,2026-08-03,SIMEM 0bfc9d + 841808 + 10F2C9,,,,,,,,,,,,,,,,,,,,,True,False,Solo SIMEM
4Y9L,AGPE SSFV CASA OJEDA 20KW,Are0127,Area Caribe,Are0021,SubArea Cordoba_Sucre,Solar,No Despachado Centralmente,GNCC,2026-08-03,2026-08-03,SIMEM 0bfc9d + 841808 + 10F2C9,,,,,,,,,,,,,,,,,,,,,True,False,Solo SIMEM
4Y9N,AGPE ADOLFO RAMIREZ GODOY SINCELEJO,Are0127,Area Caribe,Are0021,SubArea Cordoba_Sucre,Solar,No Despachado Centralmente,SCEC,2026-08-03,2026-08-03,SIMEM 0bfc9d + 841808 + 10F2C9,,,,,,,,,,,,,,,,,,,,,True,False,Solo SIMEM
4YAU,AGPE  TIENDA ARA 731,Are0127,Area Caribe,Are0025,SubArea GCM,Solar,No Despachado Centralmente,NEUC,2026-08-03,2026-08-03,SIMEM 0bfc9d + 841808 + 10F2C9,,,,,,,,,,,,,,,,,,,,,True,False,Solo SIMEM
4YAW,,,,,,,,,,,,AUTOG PALMERAS DE LA COSTA,CESAR,20238.0,EL COPEY,Caribe,-73.91284691348685,10.199930964845986,3.2,SOLAR,RAD SOLAR,ND,AUTOGENERADOR,PRUEBAS,VOLTAJE EMPRESARIAL S.A.S. E.S.P.,2025-06-21,2025.0,2026-08-03,0.0,NO,261.0,False,True,Solo UPME
4YBE,AGPE EIS1,Are0056,Area Oriental,Are0017,SubArea Bogota,Solar,No Despachado Centralmente,ETTC,2026-08-03,2026-08-03,SIMEM 0bfc9d + 841808 + 10F2C9,,,,,,,,,,,,,,,,,,,,,True,False,Solo SIMEM
4YBG,AGPE SENA DOSQUEBRADAS,Are0128,Area Suroccidental,Are0022,SubArea CQR,Solar,No Despachado Centralmente,EEPC,2026-08-03,2026-08-03,SIMEM 0bfc9d + 841808 + 10F2C9,,,,,,,,,,,,,,,,,,,,,True,False,Solo SIMEM
4YBI,AGPE NUTRIAVICOLA SA LA CATALINA,Are0128,Area Suroccidental,Are0031,SubArea Huila-Tolima,Solar,No Despachado Centralmente,EPSC,2026-08-03,2026-08-03,SIMEM 0bfc9d + 841808 + 10F2C9,,,,,,,,,,,,,,,,,,,,,True,False,Solo SIMEM
4YBK,AGPE CASA CURAL,Are0127,Area Caribe,Are0021,SubArea Cordoba_Sucre,Solar,No Despachado Centralmente,GNCC,2026-08-03,2026-08-03,SIMEM 0bfc9d + 841808 + 10F2C9,,,,,,,,,,,,,,,,,,,,,True,False,Solo SIMEM
4YBM,AGPE MPRETI1,Are0127,Area Caribe,Are0021,SubArea Cordoba_Sucre,Solar,No Despachado Centralmente,ETTC,2026-08-03,2026-08-03,SIMEM 0bfc9d + 841808 + 10F2C9,,,,,,,,,,,,,,,,,,,,,True,False,Solo SIMEM
4YBQ,AGPE MARIA TERESA HADDAD GARCIA APTO 202,Are0127,Area Caribe,Are0021,SubArea Cordoba_Sucre,Solar,No Despachado Centralmente,SCEC,2026-08-03,2026-08-03,SIMEM 0bfc9d + 841808 + 10F2C9,,,,,,,,,,,,,,,,,,,,,True,False,Solo SIMEM
4YBS,AGPE CC UNICENTRO ARMENIA,Are0128,Area Suroccidental,Are0022,SubArea CQR,Solar,No Despachado Centralmente,EPMC,2026-08-03,2026-08-03,SIMEM 0bfc9d + 841808 + 10F2C9,,,,,,,,,,,,,,,,,,,,,True,False,Solo SIMEM
4YBU,AGPE TENNIS GOLF CLUB,Are0012,Area Nordeste,Are0029,SubArea Norte de Santander,Solar,No Despachado Centralmente,EPMC,2026-08-03,2026-08-03,SIMEM 0bfc9d + 841808 + 10F2C9,,,,,,,,,,,,,,,,,,,,,True,False,Solo SIMEM
4YBW,AGPE 536 ARA SANTA MARTA MANZANARES CRA 4,Are0127,Area Caribe,Are0025,SubArea GCM,Solar,No Despachado Centralmente,NEUC,2026-08-03,2026-08-03,SIMEM 0bfc9d + 841808 + 10F2C9,,,,,,,,,,,,,,,,,,,,,True,False,Solo SIMEM
4YBY,AGPE 623 ARA SANTA MARTA GAIRA TRONCAL,Are0127,Area Caribe,Are0025,SubArea GCM,Solar,No Despachado Centralmente,NEUC,2026-08-03,2026-08-03,SIMEM 0bfc9d + 841808 + 10F2C9,,,,,,,,,,,,,,,,,,,,,True,False,Solo SIMEM
4YC1,AGPE NAVITRANS MEDELLÍN 2,Are0002,Area Antioquia,Are0015,SubArea Antioquia,Solar,No Despachado Centralmente,NEUC,2026-08-03,2026-08-03,SIMEM 0bfc9d + 841808 + 10F2C9,,,,,,,,,,,,,,,,,,,,,True,False,Solo SIMEM
4YC3,AGPE 502 ARA LORICA CENTRO CALLE 4A,Are0127,Area Caribe,Are0021,SubArea Cordoba_Sucre,Solar,No Despachado Centralmente,NEUC,2026-08-03,2026-08-03,SIMEM 0bfc9d + 841808 + 10F2C9,,,,,,,,,,,,,,,,,,,,,True,False,Solo SIMEM
4YC5,AGPE LUIS GABRIEL DEGIOVANNI BEHAINE,Are0127,Area Caribe,Are0021,SubArea Cordoba_Sucre,Solar,No Despachado Centralmente,SCEC,2026-08-03,2026-08-03,SIMEM 0bfc9d + 841808 + 10F2C9,,,,,,,,,,,,,,,,,,,,,True,False,Solo SIMEM
4YC7,NAVITRANS BARRANQUILLA,Are0127,Area Caribe,Are0016,SubArea Atlantico,Solar,No Despachado Centralmente,NEUC,2026-08-03,2026-08-03,SIMEM 0bfc9d + 841808 + 10F2C9,,,,,,,,,,,,,,,,,,,,,True,False,Solo SIMEM
4YC9,AGPE OSCAR PACHECO HERNANDEZ,Are0127,Area Caribe,Are0025,SubArea GCM,Solar,No Despachado Centralmente,NEUC,2026-08-03,2026-08-03,SIMEM 0bfc9d + 841808 + 10F2C9,,,,,,,,,,,,,,,,,,,,,True,False,Solo SIMEM
4YCB,AGPE PORCÍCOLA LA SIRIA 1,Are0128,Area Suroccidental,Are0022,SubArea CQR,Solar,No Despachado Centralmente,NEUC,2026-08-03,2026-08-03,SIMEM 0bfc9d + 841808 + 10F2C9,,,,,,,,,,,,,,,,,,,,,True,False,Solo SIMEM
4YCD,AGPE PARROQUIA SANTA MARIA MADRE Y REINA DE L,Are0127,Area Caribe,Are0025,SubArea GCM,Solar,No Despachado Centralmente,NEUC,2026-08-03,2026-08-03,SIMEM 0bfc9d + 841808 + 10F2C9,,,,,,,,,,,,,,,,,,,,,True,False,Solo SIMEM
4YCF,SHANGRI LA,Are0128,Area Suroccidental,Are0031,SubArea Huila-Tolima,Solar,Despachado Centralmente,ISGG,2026-08-03,2026-08-03,SIMEM 0bfc9d + 841808 + 10F2C9,SHANGRI LA,TOLIMA,73001.0,IBAGUÉ,Centro,-75.2526057216586,4.451927493294694,160.0,SOLAR,RAD SOLAR,DC,NORMAL,OPERACIÓN,ISAGEN S.A. E.S.P.,2025-10-22,2025.0,2026-08-03,0.0,NO,575.0,True,True,SIMEM + UPME
4YCH,AGPE MODA Y ESTILO FASHION,Are0127,Area Caribe,Are0016,SubArea Atlantico,Solar,No Despachado Centralmente,GNCC,2026-08-03,2026-08-03,SIMEM 0bfc9d + 841808 + 10F2C9,,,,,,,,,,,,,,,,,,,,,True,False,Solo SIMEM
4YCJ,AGPE PLANTA AGUAZUL,Are0012,Area Nordeste,Are0130,SubArea Boyaca-Casanare,Solar,No Despachado Centralmente,GNCC,2026-08-03,2026-08-03,SIMEM 0bfc9d + 841808 + 10F2C9,,,,,,,,,,,,,,,,,,,,,True,False,Solo SIMEM
4YCL,AGPE MANE COLOMBIA,Are0002,Area Antioquia,Are0015,SubArea Antioquia,Solar,No Despachado Centralmente,EPMC,2026-08-03,2026-08-03,SIMEM 0bfc9d + 841808 + 10F2C9,,,,,,,,,,,,,,,,,,,,,True,False,Solo SIMEM
4YCN,VILLANUEVA 1,Are0012,Area Nordeste,Are0130,SubArea Boyaca-Casanare,Termica,Despachado Centralmente,RFVG,2026-08-03,2026-08-03,SIMEM 0bfc9d + 841808 + 10F2C9,VILLANUEVA 1,CASANARE,85440.0,VILLANUEVA,Oriente,-72.82312355342087,4.528295506684822,25.0,TERMICA,BIOMASA,DC,NORMAL,OPERACIÓN,REFOENERGY VILLANUEVA S.A.S E.S.P.,2025-10-01,2025.0,2026-08-03,11.9149,NO,206.0,True,True,SIMEM + UPME
4YCP,AGPE SM MI FUTURO LA PAZ,Are0127,Area Caribe,Are0025,SubArea GCM,Solar,No Despachado Centralmente,NEUC,2026-08-03,2026-08-03,SIMEM 0bfc9d + 841808 + 10F2C9,,,,,,,,,,,,,,,,,,,,,True,False,Solo SIMEM
4YFN,AGPE COLEGIO SAGRADA FAMILIA VALLEDUPAR,Are0127,Area Caribe,Are0025,SubArea GCM,Solar,No Despachado Centralmente,SCEC,2026-08-03,2026-08-03,SIMEM 0bfc9d + 841808 + 10F2C9,,,,,,,,,,,,,,,,,,,,,True,False,Solo SIMEM
4YGL,AGPE FRIGOMETRO GIRON,Are0012,Area Nordeste,Are0131,SubArea Santander,Solar,No Despachado Centralmente,ISGC,2026-08-03,2026-08-03,SIMEM 0bfc9d + 841808 + 10F2C9,,,,,,,,,,,,,,,,,,,,,True,False,Solo SIMEM
4YGR,AGPE FARMATODO CALI LA FLORA,Are0128,Area Suroccidental,Are0032,SubArea Valle,Solar,No Despachado Centralmente,GNCC,2026-08-03,2026-08-03,SIMEM 0bfc9d + 841808 + 10F2C9,,,,,,,,,,,,,,,,,,,,,True,False,Solo SIMEM
4YGT,AGPE CINDY PAOLA GIL,Are0127,Area Caribe,Are0025,SubArea GCM,Solar,No Despachado Centralmente,GNCC,2026-08-03,2026-08-03,SIMEM 0bfc9d + 841808 + 10F2C9,,,,,,,,,,,,,,,,,,,,,True,False,Solo SIMEM
4YGV,AGPE MOTEL FUERTE PARAISO,Are0127,Area Caribe,Are0016,SubArea Atlantico,Solar,No Despachado Centralmente,GNCC,2026-08-03,2026-08-03,SIMEM 0bfc9d + 841808 + 10F2C9,,,,,,,,,,,,,,,,,,,,,True,False,Solo SIMEM
4YGX,AGPE COCINAS CARIBE,Are0127,Area Caribe,Are0016,SubArea Atlantico,Solar,No Despachado Centralmente,GNCC,2026-08-03,2026-08-03,SIMEM 0bfc9d + 841808 + 10F2C9,,,,,,,,,,,,,,,,,,,,,True,False,Solo SIMEM
4YGZ,AGPE HACIENDA LA ESPERANZA 2,Are0128,Area Suroccidental,Are0032,SubArea Valle,Solar,No Despachado Centralmente,GNCC,2026-08-03,2026-08-03,SIMEM 0bfc9d + 841808 + 10F2C9,,,,,,,,,,,,,,,,,,,,,True,False,Solo SIMEM
4YH2,AGPE CALZACOSTA BODEGA,Are0127,Area Caribe,Are0016,SubArea Atlantico,Solar,No Despachado Centralmente,GNCC,2026-08-03,2026-08-03,SIMEM 0bfc9d + 841808 + 10F2C9,,,,,,,,,,,,,,,,,,,,,True,False,Solo SIMEM
4YH4,AGPE SANTIAGO SCRAP SAS,Are0128,Area Suroccidental,Are0032,SubArea Valle,Solar,No Despachado Centralmente,EPSC,2026-08-03,2026-08-03,SIMEM 0bfc9d + 841808 + 10F2C9,,,,,,,,,,,,,,,,,,,,,True,False,Solo SIMEM
4YH6,AGPE JERONIMO MARTINS COLOMBIA SAS TIENDA 747,Are0127,Area Caribe,Are0016,SubArea Atlantico,Solar,No Despachado Centralmente,GNCC,2026-08-03,2026-08-03,SIMEM 0bfc9d + 841808 + 10F2C9,,,,,,,,,,,,,,,,,,,,,True,False,Solo SIMEM
4YH8,AGPE FARMATODO CALI CIUDAD JARDIN,Are0128,Area Suroccidental,Are0032,SubArea Valle,Solar,No Despachado Centralmente,GNCC,2026-08-03,2026-08-03,SIMEM 0bfc9d + 841808 + 10F2C9,,,,,,,,,,,,,,,,,,,,,True,False,Solo SIMEM
4YHA,AGPE 578 ARA SOLEDAD 2000,Are0127,Area Caribe,Are0016,SubArea Atlantico,Solar,No Despachado Centralmente,NEUC,2026-08-03,2026-08-03,SIMEM 0bfc9d + 841808 + 10F2C9,,,,,,,,,,,,,,,,,,,,,True,False,Solo SIMEM
4YHC,AGPE 590 ARA BARRANQUILLA EL PUEBLITO,Are0127,Area Caribe,Are0016,SubArea Atlantico,Solar,No Despachado Centralmente,NEUC,2026-08-03,2026-08-03,SIMEM 0bfc9d + 841808 + 10F2C9,,,,,,,,,,,,,,,,,,,,,True,False,Solo SIMEM
4YHE,AGPE LEILA PATRICIA NADER ORDOSGOITIA,Are0127,Area Caribe,Are0021,SubArea Cordoba_Sucre,Solar,No Despachado Centralmente,SCEC,2026-08-03,2026-08-03,SIMEM 0bfc9d + 841808 + 10F2C9,,,,,,,,,,,,,,,,,,,,,True,False,Solo SIMEM
4YHG,AGPE ESTACION SERVICIO PRIMAX,Are0127,Area Caribe,Are0025,SubArea GCM,Solar,No Despachado Centralmente,NEUC,2026-08-03,2026-08-03,SIMEM 0bfc9d + 841808 + 10F2C9,,,,,,,,,,,,,,,,,,,,,True,False,Solo SIMEM
4YHI,AGPE TIENDA ARA 770,Are0127,Area Caribe,Are0025,SubArea GCM,Solar,No Despachado Centralmente,NEUC,2026-08-03,2026-08-03,SIMEM 0bfc9d + 841808 + 10F2C9,,,,,,,,,,,,,,,,,,,,,True,False,Solo SIMEM
4YHK,AGPE PRIMAX GUALANDAY,Are0128,Area Suroccidental,Are0031,SubArea Huila-Tolima,Solar,No Despachado Centralmente,NEUC,2026-08-03,2026-08-03,SIMEM 0bfc9d + 841808 + 10F2C9,,,,,,,,,,,,,,,,,,,,,True,False,Solo SIMEM
4YHM,AGPE ANGELA PATRICIA MORALES AVILA,Are0127,Area Caribe,Are0021,SubArea Cordoba_Sucre,Solar,No Despachado Centralmente,SCEC,2026-08-03,2026-08-03,SIMEM 0bfc9d + 841808 + 10F2C9,,,,,,,,,,,,,,,,,,,,,True,False,Solo SIMEM
4YHO,AGPE EDIFICIO GONDOLA PROPIEDAD HORIZONTAL,Are0127,Area Caribe,Are0021,SubArea Cordoba_Sucre,Solar,No Despachado Centralmente,SCEC,2026-08-03,2026-08-03,SIMEM 0bfc9d + 841808 + 10F2C9,,,,,,,,,,,,,,,,,,,,,True,False,Solo SIMEM
4YJU,AGPE INVERSIONES EJEMAR SAS,Are0127,Area Caribe,Are0016,SubArea Atlantico,Solar,No Despachado Centralmente,GNCC,2026-08-03,2026-08-03,SIMEM 0bfc9d + 841808 + 10F2C9,,,,,,,,,,,,,,,,,,,,,True,False,Solo SIMEM
4YJW,AGPE AGPE CENTRO EMPRESARIAL DANN FINANCIERA,Are0002,Area Antioquia,Are0015,SubArea Antioquia,Solar,No Despachado Centralmente,GNCC,2026-08-03,2026-08-03,SIMEM 0bfc9d + 841808 + 10F2C9,,,,,,,,,,,,,,,,,,,,,True,False,Solo SIMEM
4YJY,AGPE HACIENDA PICHINDE,Are0128,Area Suroccidental,Are0032,SubArea Valle,Solar,No Despachado Centralmente,GNCC,2026-08-03,2026-08-03,SIMEM 0bfc9d + 841808 + 10F2C9,,,,,,,,,,,,,,,,,,,,,True,False,Solo SIMEM
4YKB,,,,,,,,,,,,SOLAR PN I,BOLÍVAR,13052.0,ARJONA,Caribe,-75.37142183577825,10.164439440090929,9.9,SOLAR,RAD SOLAR,ND,NORMAL,PRUEBAS,VATIA S.A. E.S.P.,2025-09-05,2025.0,2026-08-03,0.0,SI,152.0,False,True,Solo UPME
4YKD,AGPE AVMONTEOSCURO,Are0128,Area Suroccidental,Are0032,SubArea Valle,Solar,No Despachado Centralmente,GNCC,2026-08-03,2026-08-03,SIMEM 0bfc9d + 841808 + 10F2C9,,,,,,,,,,,,,,,,,,,,,True,False,Solo SIMEM
4YL2,GD GRANJA LA RUBIELA,Are0127,Area Caribe,Are0021,SubArea Cordoba_Sucre,Solar,No Despachado Centralmente,DUCG,2026-08-03,2026-08-03,SIMEM 0bfc9d + 841808 + 10F2C9,GD GRANJA LA RUBIELA,CÓRDOBA,23001.0,MONTERÍA,Caribe,-75.95052937682705,8.584659059910113,0.99,SOLAR,RAD SOLAR,ND,GEN. DISTRIBUIDA,OPERACIÓN,DUCK ENERGY S.A.S. ESP,2025-07-18,2025.0,2026-08-03,0.0,SI,337.0,True,True,SIMEM + UPME
4YL4,AGPE PANAL RIO,Are0002,Area Antioquia,Are0015,SubArea Antioquia,Solar,No Despachado Centralmente,EPMC,2026-08-03,2026-08-03,SIMEM 0bfc9d + 841808 + 10F2C9,,,,,,,,,,,,,,,,,,,,,True,False,Solo SIMEM
4YL6,AGPE LATIN1,Are0056,Area Oriental,Are0017,SubArea Bogota,Solar,No Despachado Centralmente,ETTC,2026-08-03,2026-08-03,SIMEM 0bfc9d + 841808 + 10F2C9,,,,,,,,,,,,,,,,,,,,,True,False,Solo SIMEM
4YL8,PETALO DEL NORTE DE SANTANDER I,Are0012,Area Nordeste,Are0029,SubArea Norte de Santander,Solar,No Despachado Centralmente,ERRG,2026-08-03,2026-08-03,SIMEM 0bfc9d + 841808 + 10F2C9,PETALO DEL NORTE DE SANTANDER I,NORTE DE SANTANDER,54385.0,LA ESPERANZA,Oriente,-73.36141423847582,7.695232776976106,19.9,SOLAR,RAD SOLAR,ND,NORMAL,OPERACIÓN,ERCO GENERACION S.A.S. ESP,2026-07-30,2026.0,2026-08-03,0.0,SI,447.0,True,True,SIMEM + UPME
4YLA,GD ALEJANDRIA I,Are0012,Area Nordeste,Are0131,SubArea Santander,Solar,No Despachado Centralmente,PRIG,2026-08-03,2026-08-03,SIMEM 0bfc9d + 841808 + 10F2C9,GD ALEJANDRIA I,SANTANDER,68655.0,SABANA DE TORRES,Oriente,-73.5715473572126,7.403029796330422,0.99,SOLAR,RAD SOLAR,ND,GEN. DISTRIBUIDA,OPERACIÓN,PROELECTRICA S.A.S E.S.P.,2025-08-21,2025.0,2026-08-03,0.0,SI,480.0,True,True,SIMEM + UPME
4YLC,GD ALEJANDRIA III,Are0012,Area Nordeste,Are0131,SubArea Santander,Solar,No Despachado Centralmente,PRIG,2026-08-03,2026-08-03,SIMEM 0bfc9d + 841808 + 10F2C9,GD ALEJANDRIA III,SANTANDER,68655.0,SABANA DE TORRES,Oriente,-73.5715473572126,7.403029796330422,0.99,SOLAR,RAD SOLAR,ND,GEN. DISTRIBUIDA,OPERACIÓN,PROELECTRICA S.A.S E.S.P.,2025-10-23,2025.0,2026-08-03,0.0,SI,482.0,True,True,SIMEM + UPME
4YLE,GD ALEJANDRIA II,Are0012,Area Nordeste,Are0131,SubArea Santander,Solar,No Despachado Centralmente,PRIG,2026-08-03,2026-08-03,SIMEM 0bfc9d + 841808 + 10F2C9,GD ALEJANDRIA II,SANTANDER,68655.0,SABANA DE TORRES,Oriente,-73.5715473572126,7.403029796330422,0.99,SOLAR,RAD SOLAR,ND,GEN. DISTRIBUIDA,OPERACIÓN,PROELECTRICA S.A.S E.S.P.,2025-10-23,2025.0,2026-08-03,0.0,SI,481.0,True,True,SIMEM + UPME
4YLG,AGPE ENRIQUE JOSE VEGA PINEDA,Are0127,Area Caribe,Are0021,SubArea Cordoba_Sucre,Solar,No Despachado Centralmente,SCEC,2026-08-03,2026-08-03,SIMEM 0bfc9d + 841808 + 10F2C9,,,,,,,,,,,,,,,,,,,,,True,False,Solo SIMEM
4YLI,AGPE GLORIA DEL CARMEN LACHARME ARTEAGA,Are0127,Area Caribe,Are0021,SubArea Cordoba_Sucre,Solar,No Despachado Centralmente,SCEC,2026-08-03,2026-08-03,SIMEM 0bfc9d + 841808 + 10F2C9,,,,,,,,,,,,,,,,,,,,,True,False,Solo SIMEM
4YLK,DELTA I,Are0128,Area Suroccidental,Are0019,SubArea Cauca-Narino,Solar,No Despachado Centralmente,UNGG,2026-08-03,2026-08-03,SIMEM 0bfc9d + 841808 + 10F2C9,DELTA I,NARIÑO,52786.0,TAMINANGO,Pacífico,-77.32523753901599,1.5916601918367703,0.99,SOLAR,RAD SOLAR,ND,GEN. DISTRIBUIDA,OPERACIÓN,UNERGY ENERGY DIGITAL S.A.S E.S.P,2025-07-12,2025.0,2026-08-03,0.0,SI,436.0,True,True,SIMEM + UPME
4YLM,POLARIS I,Are0128,Area Suroccidental,Are0019,SubArea Cauca-Narino,Solar,No Despachado Centralmente,UNGG,2026-08-03,2026-08-03,SIMEM 0bfc9d + 841808 + 10F2C9,POLARIS I,CAUCA,19450.0,MERCADERES,Pacífico,-77.18061737754445,1.7938202194624484,0.99,SOLAR,RAD SOLAR,ND,GEN. DISTRIBUIDA,OPERACIÓN,UNERGY ENERGY DIGITAL S.A.S E.S.P,2025-07-12,2025.0,2026-08-03,0.0,SI,247.0,True,True,SIMEM + UPME
4YLO,SAN ONOFRE,Are0127,Area Caribe,Are0021,SubArea Cordoba_Sucre,Solar,No Despachado Centralmente,UNGG,2026-08-03,2026-08-03,SIMEM 0bfc9d + 841808 + 10F2C9,SAN ONOFRE,SUCRE,70713.0,SAN ONOFRE,Caribe,-75.50522786680389,9.814574389240413,0.9,SOLAR,RAD SOLAR,ND,GEN. DISTRIBUIDA,OPERACIÓN,UNERGY ENERGY DIGITAL S.A.S E.S.P,2025-07-12,2025.0,2026-08-03,0.0,SI,519.0,True,True,SIMEM + UPME
4YOP,AGPE PAN SANTANA,Are0127,Area Caribe,Are0016,SubArea Atlantico,Solar,No Despachado Centralmente,GNCC,2026-08-03,2026-08-03,SIMEM 0bfc9d + 841808 + 10F2C9,,,,,,,,,,,,,,,,,,,,,True,False,Solo SIMEM
4YOR,AGPE TOPFLG1,Are0002,Area Antioquia,Are0015,SubArea Antioquia,Solar,No Despachado Centralmente,ETTC,2026-08-03,2026-08-03,SIMEM 0bfc9d + 841808 + 10F2C9,,,,,,,,,,,,,,,,,,,,,True,False,Solo SIMEM
4Z4G,AGPE PRIMAX DORADA,Are0128,Area Suroccidental,Are0022,SubArea CQR,Solar,No Despachado Centralmente,NEUC,2026-08-03,2026-08-03,SIMEM 0bfc9d + 841808 + 10F2C9,,,,,,,,,,,,,,,,,,,,,True,False,Solo SIMEM
4Z4I,AGPE AUTOGAS EDS COLTEJER,Are0002,Area Antioquia,Are0015,SubArea Antioquia,Solar,No Despachado Centralmente,NEUC,2026-08-03,2026-08-03,SIMEM 0bfc9d + 841808 + 10F2C9,,,,,,,,,,,,,,,,,,,,,True,False,Solo SIMEM
4Z63,AGPE PLANTA NELSON POLO,Are0127,Area Caribe,Are0016,SubArea Atlantico,Solar,No Despachado Centralmente,GNCC,2026-08-03,2026-08-03,SIMEM 0bfc9d + 841808 + 10F2C9,,,,,,,,,,,,,,,,,,,,,True,False,Solo SIMEM
4Z65,AGPE JERONIMO MARTINS COLOMBIA SAS TIENDA 130,Are0127,Area Caribe,Are0025,SubArea GCM,Solar,No Despachado Centralmente,GNCC,2026-08-03,2026-08-03,SIMEM 0bfc9d + 841808 + 10F2C9,,,,,,,,,,,,,,,,,,,,,True,False,Solo SIMEM
4Z69,AGPE FONDO DE EMPLEADOS BANCO BBVA,Are0127,Area Caribe,Are0021,SubArea Cordoba_Sucre,Solar,No Despachado Centralmente,NEUC,2026-08-03,2026-08-03,SIMEM 0bfc9d + 841808 + 10F2C9,,,,,,,,,,,,,,,,,,,,,True,False,Solo SIMEM
4Z6B,AGPE SUPERMERCADO PUNTO ROJO JD,Are0127,Area Caribe,Are0025,SubArea GCM,Solar,No Despachado Centralmente,NEUC,2026-08-03,2026-08-03,SIMEM 0bfc9d + 841808 + 10F2C9,,,,,,,,,,,,,,,,,,,,,True,False,Solo SIMEM
4Z6D,AGPE COLEGIO SMART,Are0127,Area Caribe,Are0025,SubArea GCM,Solar,No Despachado Centralmente,NEUC,2026-08-03,2026-08-03,SIMEM 0bfc9d + 841808 + 10F2C9,,,,,,,,,,,,,,,,,,,,,True,False,Solo SIMEM
4Z6F,AGPE ALEJANDRO HAGE TAFACHE LOCAL 2,Are0127,Area Caribe,Are0016,SubArea Atlantico,Solar,No Despachado Centralmente,ENBC,2026-08-03,2026-08-03,SIMEM 0bfc9d + 841808 + 10F2C9,,,,,,,,,,,,,,,,,,,,,True,False,Solo SIMEM
4Z6H,AGPE ALEJANDRO HAGE TAFACHE LOCAL 3,Are0127,Area Caribe,Are0016,SubArea Atlantico,Solar,No Despachado Centralmente,ENBC,2026-08-03,2026-08-03,SIMEM 0bfc9d + 841808 + 10F2C9,,,,,,,,,,,,,,,,,,,,,True,False,Solo SIMEM
4Z6J,AGPE MINERCONDOR SAS,Are0056,Area Oriental,Are0017,SubArea Bogota,Solar,No Despachado Centralmente,GNCC,2026-08-03,2026-08-03,SIMEM 0bfc9d + 841808 + 10F2C9,,,,,,,,,,,,,,,,,,,,,True,False,Solo SIMEM
4Z6L,AGPE INDUSTRIAS SAGA DE COLOMBIA SAS PROYECT 1,Are0012,Area Nordeste,Are0029,SubArea Norte de Santander,Solar,No Despachado Centralmente,GNCC,2026-08-03,2026-08-03,SIMEM 0bfc9d + 841808 + 10F2C9,,,,,,,,,,,,,,,,,,,,,True,False,Solo SIMEM
4Z6N,AGPE MOTEL PUNTO G,Are0127,Area Caribe,Are0016,SubArea Atlantico,Solar,No Despachado Centralmente,GNCC,2026-08-03,2026-08-03,SIMEM 0bfc9d + 841808 + 10F2C9,,,,,,,,,,,,,,,,,,,,,True,False,Solo SIMEM
4Z6P,AGPE PRIMAX BUCARAMANGA,Are0012,Area Nordeste,Are0131,SubArea Santander,Solar,No Despachado Centralmente,NEUC,2026-08-03,2026-08-03,SIMEM 0bfc9d + 841808 + 10F2C9,,,,,,,,,,,,,,,,,,,,,True,False,Solo SIMEM
4Z6R,AGPE FELIPE ANDRES PRIETO ARBELAEZ,Are0127,Area Caribe,Are0018,SubArea Bolivar,Solar,No Despachado Centralmente,ENBC,2026-08-03,2026-08-03,SIMEM 0bfc9d + 841808 + 10F2C9,,,,,,,,,,,,,,,,,,,,,True,False,Solo SIMEM
4Z8H,,,,,,,,,,,,ZAMBRANO II,BOLÍVAR,13894.0,ZAMBRANO,Caribe,-74.88066314753708,9.745141683103633,15.5,SOLAR,RAD SOLAR,ND,NORMAL,PRUEBAS,DEPI ENERGY S.A.S. E.S.P.,2025-09-20,2025.0,2026-08-03,0.0,SI,172.0,False,True,Solo UPME
4Z8J,AGPE SUZUKI MOTOR DE COLOMBIA SA,Are0128,Area Suroccidental,Are0022,SubArea CQR,Solar,No Despachado Centralmente,EEPC,2026-08-03,2026-08-03,SIMEM 0bfc9d + 841808 + 10F2C9,,,,,,,,,,,,,,,,,,,,,True,False,Solo SIMEM
4Z8L,MINIGRANJA SAN DIEGO SUR,Are0127,Area Caribe,Are0025,SubArea GCM,Solar,No Despachado Centralmente,UNGG,2026-08-03,2026-08-03,SIMEM 0bfc9d + 841808 + 10F2C9,MINIGRANJA SAN DIEGO SUR,CESAR,20750.0,SAN DIEGO,Caribe,-73.28805413567513,10.169512856483978,0.99,SOLAR,RAD SOLAR,ND,GEN. DISTRIBUIDA,OPERACIÓN,UNERGY ENERGY DIGITAL S.A.S E.S.P,2025-12-06,2025.0,2026-08-03,0.0,SI,280.0,True,True,SIMEM + UPME
4Z8N,MINIGRANJA EL JOROPO,Are0127,Area Caribe,Are0025,SubArea GCM,Solar,No Despachado Centralmente,UNGG,2026-08-03,2026-08-03,SIMEM 0bfc9d + 841808 + 10F2C9,MINIGRANJA EL JOROPO,CESAR,20001.0,VALLEDUPAR,Caribe,-73.46096446435115,10.216456883774852,0.99,SOLAR,RAD SOLAR,ND,GEN. DISTRIBUIDA,OPERACIÓN,UNERGY ENERGY DIGITAL S.A.S E.S.P,2026-06-19,2026.0,2026-08-03,0.0,SI,294.0,True,True,SIMEM + UPME
4Z8P,MINIGRANJA EL MAPALE,Are0127,Area Caribe,Are0025,SubArea GCM,Solar,No Despachado Centralmente,UNGG,2026-08-03,2026-08-03,SIMEM 0bfc9d + 841808 + 10F2C9,MINIGRANJA EL MAPALE,CESAR,20001.0,VALLEDUPAR,Caribe,-73.46096446435115,10.216456883774852,0.99,SOLAR,RAD SOLAR,ND,GEN. DISTRIBUIDA,OPERACIÓN,UNERGY ENERGY DIGITAL S.A.S E.S.P,2026-06-19,2026.0,2026-08-03,0.0,SI,290.0,True,True,SIMEM + UPME
4Z8R,AGPE APC FRIGORIFICO ZF,Are0127,Area Caribe,Are0018,SubArea Bolivar,Solar,No Despachado Centralmente,QIEC,2026-08-03,2026-08-03,SIMEM 0bfc9d + 841808 + 10F2C9,,,,,,,,,,,,,,,,,,,,,True,False,Solo SIMEM
4Z8T,GD ENCANTO,Are0127,Area Caribe,Are0016,SubArea Atlantico,Solar,No Despachado Centralmente,NTCG,2026-08-03,2026-08-03,SIMEM 0bfc9d + 841808 + 10F2C9,GD ENCANTO,ATLÁNTICO,8558.0,POLONUEVO,Caribe,-74.85414968731368,10.767399682900503,0.99,SOLAR,RAD SOLAR,ND,GEN. DISTRIBUIDA,OPERACIÓN,NITRO ENERGY COLOMBIA S.A.S. E.S.P.,2025-09-24,2025.0,2026-08-03,0.0,SI,145.0,True,True,SIMEM + UPME
4Z8V,AGPE COLEGIO COLOMBO ESPANOL DE BARRANQUILLA,Are0127,Area Caribe,Are0016,SubArea Atlantico,Solar,No Despachado Centralmente,SCEC,2026-08-03,2026-08-03,SIMEM 0bfc9d + 841808 + 10F2C9,,,,,,,,,,,,,,,,,,,,,True,False,Solo SIMEM
4Z95,AGPE LEOTECNICAS LTDA,Are0012,Area Nordeste,Are0131,SubArea Santander,Solar,No Despachado Centralmente,GNCC,2026-08-03,2026-08-03,SIMEM 0bfc9d + 841808 + 10F2C9,,,,,,,,,,,,,,,,,,,,,True,False,Solo SIMEM
4Z97,AGPE INDUSTRIAS SAGA DE COLOMBIA SAS PROYECTO,Are0012,Area Nordeste,Are0029,SubArea Norte de Santander,Solar,No Despachado Centralmente,GNCC,2026-08-03,2026-08-03,SIMEM 0bfc9d + 841808 + 10F2C9,,,,,,,,,,,,,,,,,,,,,True,False,Solo SIMEM
4Z9G,AGPE SUPERMERCADOS MAS POR MENOS SAS GUARIN,Are0012,Area Nordeste,Are0131,SubArea Santander,Solar,No Despachado Centralmente,GNCC,2026-08-03,2026-08-03,SIMEM 0bfc9d + 841808 + 10F2C9,,,,,,,,,,,,,,,,,,,,,True,False,Solo SIMEM
4Z9I,AGPE JERONIMO MARTINS COLOMBIA SAS TIENDA 792,Are0127,Area Caribe,Are0025,SubArea GCM,Solar,No Despachado Centralmente,GNCC,2026-08-03,2026-08-03,SIMEM 0bfc9d + 841808 + 10F2C9,,,,,,,,,,,,,,,,,,,,,True,False,Solo SIMEM
4Z9K,AGPE CARLOS BUITRAGO BUITRAGO,Are0056,Area Oriental,Are0017,SubArea Bogota,Solar,No Despachado Centralmente,GNCC,2026-08-03,2026-08-03,SIMEM 0bfc9d + 841808 + 10F2C9,,,,,,,,,,,,,,,,,,,,,True,False,Solo SIMEM
4Z9M,AGPE VALERIA HINCAPIE LOPEZ,Are0127,Area Caribe,Are0021,SubArea Cordoba_Sucre,Solar,No Despachado Centralmente,SCEC,2026-08-03,2026-08-03,SIMEM 0bfc9d + 841808 + 10F2C9,,,,,,,,,,,,,,,,,,,,,True,False,Solo SIMEM
4Z9O,AGPE PLASTICOS DEL GREMIO CAFETERO S A,Are0128,Area Suroccidental,Are0032,SubArea Valle,Solar,No Despachado Centralmente,EEPC,2026-08-03,2026-08-03,SIMEM 0bfc9d + 841808 + 10F2C9,,,,,,,,,,,,,,,,,,,,,True,False,Solo SIMEM
4Z9Q,SOLAR ARDOBELA I,Are0128,Area Suroccidental,Are0019,SubArea Cauca-Narino,Solar,No Despachado Centralmente,ECBG,2026-08-03,2026-08-03,SIMEM 0bfc9d + 841808 + 10F2C9,SOLAR ARDOBELA I,CAUCA,19698.0,SANTANDER DE QUILICHAO,Pacífico,-76.49874409423688,2.9844613545513328,9.9,SOLAR,RAD SOLAR,ND,NORMAL,OPERACIÓN,ECOARDOBELA I S.A.S. E.S.P.,2025-12-23,2025.0,2026-08-03,0.0,SI,226.0,True,True,SIMEM + UPME
4Z9S,SOLAR ARDOBELA II,Are0128,Area Suroccidental,Are0019,SubArea Cauca-Narino,Solar,No Despachado Centralmente,ECBG,2026-08-03,2026-08-03,SIMEM 0bfc9d + 841808 + 10F2C9,SOLAR ARDOBELA II,CAUCA,19698.0,SANTANDER DE QUILICHAO,Pacífico,-76.49874409423688,2.9844613545513328,9.9,SOLAR,RAD SOLAR,ND,NORMAL,OPERACIÓN,ECOARDOBELA I S.A.S. E.S.P.,2025-12-23,2025.0,2026-08-03,0.0,SI,227.0,True,True,SIMEM + UPME
4Z9U,AGPE CENTRO DE DIAGNOSTICO AUTOMOTOR PLANETA,Are0127,Area Caribe,Are0021,SubArea Cordoba_Sucre,Solar,No Despachado Centralmente,SCEC,2026-08-03,2026-08-03,SIMEM 0bfc9d + 841808 + 10F2C9,,,,,,,,,,,,,,,,,,,,,True,False,Solo SIMEM
4Z9W,AGPE MOTEL ALADDIN 4M,Are0127,Area Caribe,Are0025,SubArea GCM,Solar,No Despachado Centralmente,GNCC,2026-08-03,2026-08-03,SIMEM 0bfc9d + 841808 + 10F2C9,,,,,,,,,,,,,,,,,,,,,True,False,Solo SIMEM
4ZCO,AGPE AVICOLA LAS PALMAS,Are0128,Area Suroccidental,Are0031,SubArea Huila-Tolima,Solar,No Despachado Centralmente,EPSC,2026-08-03,2026-08-03,SIMEM 0bfc9d + 841808 + 10F2C9,,,,,,,,,,,,,,,,,,,,,True,False,Solo SIMEM
4ZCQ,AGPE TORRES DE COMFANDI,Are0128,Area Suroccidental,Are0032,SubArea Valle,Solar,No Despachado Centralmente,EPSC,2026-08-03,2026-08-03,SIMEM 0bfc9d + 841808 + 10F2C9,,,,,,,,,,,,,,,,,,,,,True,False,Solo SIMEM
4ZE5,AGPE DISPENSADORA DE COMBUSTIBLES SAS,Are0127,Area Caribe,Are0021,SubArea Cordoba_Sucre,Solar,No Despachado Centralmente,SCEC,2026-08-03,2026-08-03,SIMEM 0bfc9d + 841808 + 10F2C9,,,,,,,,,,,,,,,,,,,,,True,False,Solo SIMEM
4ZE7,AGPE LIA MARINA BAUTISTA MURCIA,Are0127,Area Caribe,Are0016,SubArea Atlantico,Solar,No Despachado Centralmente,ENBC,2026-08-03,2026-08-03,SIMEM 0bfc9d + 841808 + 10F2C9,,,,,,,,,,,,,,,,,,,,,True,False,Solo SIMEM
4ZE9,AGPE ESTADERO HOLLYWOOD 4M,Are0127,Area Caribe,Are0025,SubArea GCM,Solar,No Despachado Centralmente,GNCC,2026-08-03,2026-08-03,SIMEM 0bfc9d + 841808 + 10F2C9,,,,,,,,,,,,,,,,,,,,,True,False,Solo SIMEM
4ZEB,AGPE GRUPO DORISA SAS 41,Are0127,Area Caribe,Are0021,SubArea Cordoba_Sucre,Solar,No Despachado Centralmente,SCEC,2026-08-03,2026-08-03,SIMEM 0bfc9d + 841808 + 10F2C9,,,,,,,,,,,,,,,,,,,,,True,False,Solo SIMEM
4ZED,AGPE 455 ARA BARRANQUILLA LA VICTORIA,Are0127,Area Caribe,Are0016,SubArea Atlantico,Solar,No Despachado Centralmente,NEUC,2026-08-03,2026-08-03,SIMEM 0bfc9d + 841808 + 10F2C9,,,,,,,,,,,,,,,,,,,,,True,False,Solo SIMEM
4ZEF,AGPE 447 ARA BARRANQUILLA SANTUARIO,Are0127,Area Caribe,Are0016,SubArea Atlantico,Solar,No Despachado Centralmente,NEUC,2026-08-03,2026-08-03,SIMEM 0bfc9d + 841808 + 10F2C9,,,,,,,,,,,,,,,,,,,,,True,False,Solo SIMEM
4ZEH,AGPE SSFV HOTEL SAN FRANCISCO,Are0127,Area Caribe,Are0025,SubArea GCM,Solar,No Despachado Centralmente,GNCC,2026-08-03,2026-08-03,SIMEM 0bfc9d + 841808 + 10F2C9,,,,,,,,,,,,,,,,,,,,,True,False,Solo SIMEM
4ZEJ,AGPE COLEGIO COLOMBO BRITÁNICO,Are0128,Area Suroccidental,Are0032,SubArea Valle,Solar,No Despachado Centralmente,GNCC,2026-08-03,2026-08-03,SIMEM 0bfc9d + 841808 + 10F2C9,,,,,,,,,,,,,,,,,,,,,True,False,Solo SIMEM
4ZEL,AGPE JORGE A AGUILAR,Are0127,Area Caribe,Are0021,SubArea Cordoba_Sucre,Solar,No Despachado Centralmente,GNCC,2026-08-03,2026-08-03,SIMEM 0bfc9d + 841808 + 10F2C9,,,,,,,,,,,,,,,,,,,,,True,False,Solo SIMEM
4ZEN,AGPE ALMATEC,Are0128,Area Suroccidental,Are0032,SubArea Valle,Solar,No Despachado Centralmente,GNCC,2026-08-03,2026-08-03,SIMEM 0bfc9d + 841808 + 10F2C9,,,,,,,,,,,,,,,,,,,,,True,False,Solo SIMEM
4ZEP,GD ERCO MARIANGOLA,Are0127,Area Caribe,Are0025,SubArea GCM,Solar,No Despachado Centralmente,ERRG,2026-08-03,2026-08-03,SIMEM 0bfc9d + 841808 + 10F2C9,GD ERCO MARIANGOLA,CESAR,20001.0,VALLEDUPAR,Caribe,-73.46096446435115,10.216456883774852,0.99,SOLAR,RAD SOLAR,ND,GEN. DISTRIBUIDA,OPERACIÓN,ERCO GENERACION S.A.S. ESP,2025-08-12,2025.0,2026-08-03,0.0,SI,295.0,True,True,SIMEM + UPME
4ZHX,AGPE HIERBAS Y PLANTAS TROPICALES SAS,Are0002,Area Antioquia,Are0015,SubArea Antioquia,Solar,No Despachado Centralmente,GNCC,2026-08-03,2026-08-03,SIMEM 0bfc9d + 841808 + 10F2C9,,,,,,,,,,,,,,,,,,,,,True,False,Solo SIMEM
4ZIC,AGPE WILSON JARAMILLO GOMEZ,Are0127,Area Caribe,Are0021,SubArea Cordoba_Sucre,Solar,No Despachado Centralmente,SCEC,2026-08-03,2026-08-03,SIMEM 0bfc9d + 841808 + 10F2C9,,,,,,,,,,,,,,,,,,,,,True,False,Solo SIMEM
4ZIE,AGPE CAROLINA CIFUENTES ZULUAGA,Are0128,Area Suroccidental,Are0032,SubArea Valle,Solar,No Despachado Centralmente,ENBC,2026-08-03,2026-08-03,SIMEM 0bfc9d + 841808 + 10F2C9,,,,,,,,,,,,,,,,,,,,,True,False,Solo SIMEM
4ZIG,AGPE DIAZ CRISSIEN CORPORATION SAS,Are0127,Area Caribe,Are0016,SubArea Atlantico,Solar,No Despachado Centralmente,GNCC,2026-08-03,2026-08-03,SIMEM 0bfc9d + 841808 + 10F2C9,,,,,,,,,,,,,,,,,,,,,True,False,Solo SIMEM
4ZII,AGPE APC FRIGORIFICOS BODEGA 105,Are0128,Area Suroccidental,Are0032,SubArea Valle,Solar,No Despachado Centralmente,GNCC,2026-08-03,2026-08-03,SIMEM 0bfc9d + 841808 + 10F2C9,,,,,,,,,,,,,,,,,,,,,True,False,Solo SIMEM
4ZIK,AGPE STO 211 SANTA MARTA,Are0127,Area Caribe,Are0025,SubArea GCM,Solar,No Despachado Centralmente,GNCC,2026-08-03,2026-08-03,SIMEM 0bfc9d + 841808 + 10F2C9,,,,,,,,,,,,,,,,,,,,,True,False,Solo SIMEM
4ZIM,AGPE STO 226 MAICAO 2,Are0127,Area Caribe,Are0025,SubArea GCM,Solar,No Despachado Centralmente,GNCC,2026-08-03,2026-08-03,SIMEM 0bfc9d + 841808 + 10F2C9,,,,,,,,,,,,,,,,,,,,,True,False,Solo SIMEM
4ZIO,GD BLANCA ENERGY I,Are0127,Area Caribe,Are0025,SubArea GCM,Solar,No Despachado Centralmente,CTEG,2026-08-03,2026-08-03,SIMEM 0bfc9d + 841808 + 10F2C9,GD BLANCA ENERGY I,CESAR,20621.0,LA PAZ,Caribe,-73.078475713251,10.244460449569692,0.1,SOLAR,RAD SOLAR,ND,GEN. DISTRIBUIDA,OPERACIÓN,COENERGIA S.A.S. E.S.P.,2025-08-16,2025.0,2026-08-03,0.0,SI,257.0,True,True,SIMEM + UPME
4ZIQ,AGPE JAVIER ALBERTO BARRIOS VERHELST,Are0127,Area Caribe,Are0018,SubArea Bolivar,Solar,No Despachado Centralmente,ENBC,2026-08-03,2026-08-03,SIMEM 0bfc9d + 841808 + 10F2C9,,,,,,,,,,,,,,,,,,,,,True,False,Solo SIMEM
4ZIS,GD BLANCA ENERGY II,Are0127,Area Caribe,Are0025,SubArea GCM,Solar,No Despachado Centralmente,CTEG,2026-08-03,2026-08-03,SIMEM 0bfc9d + 841808 + 10F2C9,GD BLANCA ENERGY II,CESAR,20621.0,LA PAZ,Caribe,-73.078475713251,10.244460449569692,0.1,SOLAR,RAD SOLAR,ND,GEN. DISTRIBUIDA,OPERACIÓN,COENERGIA S.A.S. E.S.P.,2025-08-16,2025.0,2026-08-03,0.0,SI,258.0,True,True,SIMEM + UPME
5ACK,AGPE ROTOPLAST,Are0002,Area Antioquia,Are0015,SubArea Antioquia,Solar,No Despachado Centralmente,ISGC,2026-08-03,2026-08-03,SIMEM 0bfc9d + 841808 + 10F2C9,,,,,,,,,,,,,,,,,,,,,True,False,Solo SIMEM
5ACW,AGPE ERIS DAVID CACERES GOMEZ,Are0127,Area Caribe,Are0018,SubArea Bolivar,Solar,No Despachado Centralmente,ENBC,2026-08-03,2026-08-03,SIMEM 0bfc9d + 841808 + 10F2C9,,,,,,,,,,,,,,,,,,,,,True,False,Solo SIMEM
5ACZ,AGPE EXXON MOBIL,Are0056,Area Oriental,Are0017,SubArea Bogota,Solar,No Despachado Centralmente,EMIC,2026-08-03,2026-08-03,SIMEM 0bfc9d + 841808 + 10F2C9,,,,,,,,,,,,,,,,,,,,,True,False,Solo SIMEM
5AD2,AGPE LIGIA ROSA OLIVERA MONROY,Are0127,Area Caribe,Are0016,SubArea Atlantico,Solar,No Despachado Centralmente,ENBC,2026-08-03,2026-08-03,SIMEM 0bfc9d + 841808 + 10F2C9,,,,,,,,,,,,,,,,,,,,,True,False,Solo SIMEM
5AD4,,,,,,,,,,,,AUTOG CORONA SOPO,CUNDINAMARCA,25758.0,SOPÓ,Centro,-73.9658781572521,4.888050411714216,4.825,SOLAR,RAD SOLAR,ND,AUTOGENERADOR,PRUEBAS,ENEL COLOMBIA SA ESP,2025-08-22,2025.0,2026-08-03,0.0,NO,375.0,False,True,Solo UPME
5AD6,AGPE JAHNN HELMUTH SCHMALBACH ZABALETA,Are0127,Area Caribe,Are0016,SubArea Atlantico,Solar,No Despachado Centralmente,SCEC,2026-08-03,2026-08-03,SIMEM 0bfc9d + 841808 + 10F2C9,,,,,,,,,,,,,,,,,,,,,True,False,Solo SIMEM
5AD8,AGPE JERONIMO MARTINS CÚCUTA,Are0012,Area Nordeste,Are0029,SubArea Norte de Santander,Solar,No Despachado Centralmente,EEPC,2026-08-03,2026-08-03,SIMEM 0bfc9d + 841808 + 10F2C9,,,,,,,,,,,,,,,,,,,,,True,False,Solo SIMEM
5AMK,AGPE TIENDA ARA 1090,Are0127,Area Caribe,Are0018,SubArea Bolivar,Solar,No Despachado Centralmente,NEUC,2026-08-03,2026-08-03,SIMEM 0bfc9d + 841808 + 10F2C9,,,,,,,,,,,,,,,,,,,,,True,False,Solo SIMEM
5AMM,AGPE PRIMAX COLOMBIA SA 2,Are0002,Area Antioquia,Are0015,SubArea Antioquia,Solar,No Despachado Centralmente,NEUC,2026-08-03,2026-08-03,SIMEM 0bfc9d + 841808 + 10F2C9,,,,,,,,,,,,,,,,,,,,,True,False,Solo SIMEM
5AMO,AGPE SIRB SOCIEDAD INVERSORA DE RESTAURANTES,Are0127,Area Caribe,Are0025,SubArea GCM,Solar,No Despachado Centralmente,NEUC,2026-08-03,2026-08-03,SIMEM 0bfc9d + 841808 + 10F2C9,,,,,,,,,,,,,,,,,,,,,True,False,Solo SIMEM
5AMQ,AGPE TIENDA ARA 1010,Are0127,Area Caribe,Are0025,SubArea GCM,Solar,No Despachado Centralmente,NEUC,2026-08-03,2026-08-03,SIMEM 0bfc9d + 841808 + 10F2C9,,,,,,,,,,,,,,,,,,,,,True,False,Solo SIMEM
5AO5,AGPE  LIGIA ESTHER ANILLO DE ARGUELLO,Are0127,Area Caribe,Are0016,SubArea Atlantico,Solar,No Despachado Centralmente,ENBC,2026-08-03,2026-08-03,SIMEM 0bfc9d + 841808 + 10F2C9,,,,,,,,,,,,,,,,,,,,,True,False,Solo SIMEM
5AS5,AGPE DISTRIBUCIONES CASALINS AL SAS ZOMAC,Are0127,Area Caribe,Are0025,SubArea GCM,Solar,No Despachado Centralmente,GNCC,2026-08-03,2026-08-03,SIMEM 0bfc9d + 841808 + 10F2C9,,,,,,,,,,,,,,,,,,,,,True,False,Solo SIMEM
5AS7,AGPE LOCAL LUIS ALBERTO SALAZAR,Are0127,Area Caribe,Are0016,SubArea Atlantico,Solar,No Despachado Centralmente,BIAC,2026-08-03,2026-08-03,SIMEM 0bfc9d + 841808 + 10F2C9,,,,,,,,,,,,,,,,,,,,,True,False,Solo SIMEM
5AS9,AGPE AMARIA REPOSTERIA SAS,Are0127,Area Caribe,Are0016,SubArea Atlantico,Solar,No Despachado Centralmente,BIAC,2026-08-03,2026-08-03,SIMEM 0bfc9d + 841808 + 10F2C9,,,,,,,,,,,,,,,,,,,,,True,False,Solo SIMEM
5ASB,AGPE SEDE PRINCIPAL V Y A FASHION SAS,Are0127,Area Caribe,Are0016,SubArea Atlantico,Solar,No Despachado Centralmente,BIAC,2026-08-03,2026-08-03,SIMEM 0bfc9d + 841808 + 10F2C9,,,,,,,,,,,,,,,,,,,,,True,False,Solo SIMEM
5ASD,AGPE HL OPERADORES SAS,Are0127,Area Caribe,Are0025,SubArea GCM,Solar,No Despachado Centralmente,BIAC,2026-08-03,2026-08-03,SIMEM 0bfc9d + 841808 + 10F2C9,,,,,,,,,,,,,,,,,,,,,True,False,Solo SIMEM
5ASH,AGPE SUPERMERCADOS MAS POR MENOS SAS CR 27,Are0012,Area Nordeste,Are0131,SubArea Santander,Solar,No Despachado Centralmente,GNCC,2026-08-03,2026-08-03,SIMEM 0bfc9d + 841808 + 10F2C9,,,,,,,,,,,,,,,,,,,,,True,False,Solo SIMEM
5ASJ,AGPE JERONIMO MARTINS COLOMBIA SAS TIENDA 690,Are0127,Area Caribe,Are0016,SubArea Atlantico,Solar,No Despachado Centralmente,GNCC,2026-08-03,2026-08-03,SIMEM 0bfc9d + 841808 + 10F2C9,,,,,,,,,,,,,,,,,,,,,True,False,Solo SIMEM
5ASL,AGPE SISTEMA SOLAR FRISBY TULUA,Are0128,Area Suroccidental,Are0032,SubArea Valle,Solar,No Despachado Centralmente,GNCC,2026-08-03,2026-08-03,SIMEM 0bfc9d + 841808 + 10F2C9,,,,,,,,,,,,,,,,,,,,,True,False,Solo SIMEM
5ASN,AGPE ALMACENES PARAISO CRA19,Are0012,Area Nordeste,Are0130,SubArea Boyaca-Casanare,Solar,No Despachado Centralmente,GNCC,2026-08-03,2026-08-03,SIMEM 0bfc9d + 841808 + 10F2C9,,,,,,,,,,,,,,,,,,,,,True,False,Solo SIMEM
5ASP,AGPE NAUTICA INTEGRAL SAS,Are0127,Area Caribe,Are0018,SubArea Bolivar,Solar,No Despachado Centralmente,SCEC,2026-08-03,2026-08-03,SIMEM 0bfc9d + 841808 + 10F2C9,,,,,,,,,,,,,,,,,,,,,True,False,Solo SIMEM
5ASR,AGPE SUPERMERCADO TODO EN UNO PARQUE REAL,Are0012,Area Nordeste,Are0029,SubArea Norte de Santander,Solar,No Despachado Centralmente,GNCC,2026-08-03,2026-08-03,SIMEM 0bfc9d + 841808 + 10F2C9,,,,,,,,,,,,,,,,,,,,,True,False,Solo SIMEM
5AST,AGPE  SUPERMERCADO TODO EN UNO PLAYA HERMOSA,Are0012,Area Nordeste,Are0029,SubArea Norte de Santander,Solar,No Despachado Centralmente,GNCC,2026-08-03,2026-08-03,SIMEM 0bfc9d + 841808 + 10F2C9,,,,,,,,,,,,,,,,,,,,,True,False,Solo SIMEM
5ASV,AGPE CENTRO FRUVER DEL LLANO 3,Are0012,Area Nordeste,Are0130,SubArea Boyaca-Casanare,Solar,No Despachado Centralmente,GNCC,2026-08-03,2026-08-03,SIMEM 0bfc9d + 841808 + 10F2C9,,,,,,,,,,,,,,,,,,,,,True,False,Solo SIMEM
5ASX,AGPE STO 752 VALLEDUPAR,Are0127,Area Caribe,Are0025,SubArea GCM,Solar,No Despachado Centralmente,GNCC,2026-08-03,2026-08-03,SIMEM 0bfc9d + 841808 + 10F2C9,,,,,,,,,,,,,,,,,,,,,True,False,Solo SIMEM
5ATT,AGPE BIENTRA SAS,Are0127,Area Caribe,Are0021,SubArea Cordoba_Sucre,Solar,No Despachado Centralmente,SCEC,2026-08-03,2026-08-03,SIMEM 0bfc9d + 841808 + 10F2C9,,,,,,,,,,,,,,,,,,,,,True,False,Solo SIMEM
5ATU,AGPE HERMANAS TERCIARIAS CAPUCHINAS PROVINCIA,Are0127,Area Caribe,Are0021,SubArea Cordoba_Sucre,Solar,No Despachado Centralmente,SCEC,2026-08-03,2026-08-03,SIMEM 0bfc9d + 841808 + 10F2C9,,,,,,,,,,,,,,,,,,,,,True,False,Solo SIMEM
5ATZ,AGPE STO 352 DOS QUEBRADAS,Are0128,Area Suroccidental,Are0022,SubArea CQR,Solar,No Despachado Centralmente,GNCC,2026-08-03,2026-08-03,SIMEM 0bfc9d + 841808 + 10F2C9,,,,,,,,,,,,,,,,,,,,,True,False,Solo SIMEM
5AU2,AGPE ARA 178 COTA CENTRO,Are0056,Area Oriental,Are0017,SubArea Bogota,Solar,No Despachado Centralmente,GNCC,2026-08-03,2026-08-03,SIMEM 0bfc9d + 841808 + 10F2C9,,,,,,,,,,,,,,,,,,,,,True,False,Solo SIMEM
5AU4,AGPE GRANJA CARACOLI,Are0127,Area Caribe,Are0016,SubArea Atlantico,Solar,No Despachado Centralmente,GNCC,2026-08-03,2026-08-03,SIMEM 0bfc9d + 841808 + 10F2C9,,,,,,,,,,,,,,,,,,,,,True,False,Solo SIMEM
5AU6,AGPE SUPERMERCADO LOS MONTES CEIBA II,Are0012,Area Nordeste,Are0029,SubArea Norte de Santander,Solar,No Despachado Centralmente,GNCC,2026-08-03,2026-08-03,SIMEM 0bfc9d + 841808 + 10F2C9,,,,,,,,,,,,,,,,,,,,,True,False,Solo SIMEM
5AU8,AGPE ARA 307 BARRANCA DOS,Are0056,Area Oriental,Are0017,SubArea Bogota,Solar,No Despachado Centralmente,GNCC,2026-08-03,2026-08-03,SIMEM 0bfc9d + 841808 + 10F2C9,,,,,,,,,,,,,,,,,,,,,True,False,Solo SIMEM
5AUA,AGPE 276 MINUTO DE DIOS,Are0056,Area Oriental,Are0017,SubArea Bogota,Solar,No Despachado Centralmente,GNCC,2026-08-03,2026-08-03,SIMEM 0bfc9d + 841808 + 10F2C9,,,,,,,,,,,,,,,,,,,,,True,False,Solo SIMEM
5AUC,AGPE HOTELSH1,Are0002,Area Antioquia,Are0015,SubArea Antioquia,Solar,No Despachado Centralmente,ETTC,2026-08-03,2026-08-03,SIMEM 0bfc9d + 841808 + 10F2C9,,,,,,,,,,,,,,,,,,,,,True,False,Solo SIMEM
5AUE,GD PXV I,Are0012,Area Nordeste,Are0131,SubArea Santander,Solar,No Despachado Centralmente,ESNG,2026-08-03,2026-08-03,SIMEM 0bfc9d + 841808 + 10F2C9,GD PXV I,SANTANDER,68081.0,BARRANCABERMEJA,Oriente,-73.78214388864318,7.054058477215098,0.99,SOLAR,RAD SOLAR,ND,GEN. DISTRIBUIDA,OPERACIÓN,ES INVEST COLOMBIA S.A.S. ESP,2025-10-09,2025.0,2026-08-03,0.0,SI,492.0,True,True,SIMEM + UPME
5AUG,GD PXV IV,Are0012,Area Nordeste,Are0131,SubArea Santander,Solar,No Despachado Centralmente,ESNG,2026-08-03,2026-08-03,SIMEM 0bfc9d + 841808 + 10F2C9,GD PXV IV,SANTANDER,68081.0,BARRANCABERMEJA,Oriente,-73.78214388864318,7.054058477215098,0.99,SOLAR,RAD SOLAR,ND,GEN. DISTRIBUIDA,OPERACIÓN,ES INVEST COLOMBIA S.A.S. ESP,2025-10-09,2025.0,2026-08-03,0.0,SI,491.0,True,True,SIMEM + UPME
5AUI,AGPE RESTAURANTE LA MATRIARCA BQ,Are0127,Area Caribe,Are0016,SubArea Atlantico,Solar,No Despachado Centralmente,GNCC,2026-08-03,2026-08-03,SIMEM 0bfc9d + 841808 + 10F2C9,,,,,,,,,,,,,,,,,,,,,True,False,Solo SIMEM
5AUK,AGPE HOTEL SUITE IMPERIAL INN,Are0127,Area Caribe,Are0016,SubArea Atlantico,Solar,No Despachado Centralmente,GNCC,2026-08-03,2026-08-03,SIMEM 0bfc9d + 841808 + 10F2C9,,,,,,,,,,,,,,,,,,,,,True,False,Solo SIMEM
5AUM,GD GRANJA SAN PELAYO,Are0127,Area Caribe,Are0021,SubArea Cordoba_Sucre,Solar,No Despachado Centralmente,DUCG,2026-08-03,2026-08-03,SIMEM 0bfc9d + 841808 + 10F2C9,GD GRANJA SAN PELAYO,CÓRDOBA,23686.0,SAN PELAYO,Caribe,-75.90958071859738,8.987794233464697,0.99,SOLAR,RAD SOLAR,ND,GEN. DISTRIBUIDA,OPERACIÓN,DUCK ENERGY S.A.S. ESP,2025-10-16,2025.0,2026-08-03,0.0,SI,305.0,True,True,SIMEM + UPME
5AUO,AGPE FRANCISCO FRANCO RUEDA,Are0127,Area Caribe,Are0016,SubArea Atlantico,Solar,No Despachado Centralmente,ENBC,2026-08-03,2026-08-03,SIMEM 0bfc9d + 841808 + 10F2C9,,,,,,,,,,,,,,,,,,,,,True,False,Solo SIMEM
5AX2,AGPE STO 587 TULUA CANASTA,Are0128,Area Suroccidental,Are0032,SubArea Valle,Solar,No Despachado Centralmente,GNCC,2026-08-03,2026-08-03,SIMEM 0bfc9d + 841808 + 10F2C9,,,,,,,,,,,,,,,,,,,,,True,False,Solo SIMEM
5AX4,AGPE HOTLE MIRAVAL,Are0127,Area Caribe,Are0021,SubArea Cordoba_Sucre,Solar,No Despachado Centralmente,GNCC,2026-08-03,2026-08-03,SIMEM 0bfc9d + 841808 + 10F2C9,,,,,,,,,,,,,,,,,,,,,True,False,Solo SIMEM
5AX6,AGPE INVERSIONES YENC SAS,Are0128,Area Suroccidental,Are0032,SubArea Valle,Solar,No Despachado Centralmente,GNCC,2026-08-03,2026-08-03,SIMEM 0bfc9d + 841808 + 10F2C9,,,,,,,,,,,,,,,,,,,,,True,False,Solo SIMEM
5AX8,AGPE AVICOLA LA LIBERTAD SAS,Are0128,Area Suroccidental,Are0032,SubArea Valle,Solar,No Despachado Centralmente,GNCC,2026-08-03,2026-08-03,SIMEM 0bfc9d + 841808 + 10F2C9,,,,,,,,,,,,,,,,,,,,,True,False,Solo SIMEM
5AXA,AGPE HOTEL EL TESORO,Are0127,Area Caribe,Are0016,SubArea Atlantico,Solar,No Despachado Centralmente,GNCC,2026-08-03,2026-08-03,SIMEM 0bfc9d + 841808 + 10F2C9,,,,,,,,,,,,,,,,,,,,,True,False,Solo SIMEM
5AXC,,,,,,,,,,,,VALLEDUPAR II,CESAR,20001.0,VALLEDUPAR,Caribe,-73.46096446435115,10.216456883774852,19.9,SOLAR,RAD SOLAR,ND,NORMAL,PRUEBAS,CELSIA COLOMBIA S.A. E.S.P.,2026-01-25,2026.0,2026-08-03,0.0,SI,286.0,False,True,Solo UPME
5AXE,,,,,,,,,,,,VALLEDUPAR I,CESAR,20001.0,VALLEDUPAR,Caribe,-73.46096446435115,10.216456883774852,19.9,SOLAR,RAD SOLAR,ND,NORMAL,PRUEBAS,CELSIA COLOMBIA S.A. E.S.P.,2025-12-08,2025.0,2026-08-03,0.0,SI,285.0,False,True,Solo UPME
5AXG,,,,,,,,,,,,VALLEDUPAR III,CESAR,20001.0,VALLEDUPAR,Caribe,-73.46096446435115,10.216456883774852,19.9,SOLAR,RAD SOLAR,ND,NORMAL,PRUEBAS,CELSIA COLOMBIA S.A. E.S.P.,2026-03-15,2026.0,2026-08-03,0.0,SI,287.0,False,True,Solo UPME
5AXI,GD PARQUE SOLAR GRANADA I,Are0056,Area Oriental,Are0027,SubArea Meta,Solar,No Despachado Centralmente,EMSG,2026-08-03,2026-08-03,SIMEM 0bfc9d + 841808 + 10F2C9,GD PARQUE SOLAR GRANADA I,META,50313.0,GRANADA,Oriente,-73.76109098208737,3.4410026873768618,0.99,SOLAR,RAD SOLAR,ND,GEN. DISTRIBUIDA,OPERACIÓN,ELECTRIFICADORA DEL META S.A. E.S.P.,2025-09-13,2025.0,2026-08-03,0.0,SI,416.0,True,True,SIMEM + UPME
5AXM,AGPE COOPERATIVA MULTIACTIVA LOS FUNDADORES OFICINA,Are0128,Area Suroccidental,Are0032,SubArea Valle,Solar,No Despachado Centralmente,ENBC,2026-08-03,2026-08-03,SIMEM 0bfc9d + 841808 + 10F2C9,,,,,,,,,,,,,,,,,,,,,True,False,Solo SIMEM
5AXO,AGPE COOPERATIVA MULTIACTIVA LOS FUNDADORES,Are0128,Area Suroccidental,Are0032,SubArea Valle,Solar,No Despachado Centralmente,ENBC,2026-08-03,2026-08-03,SIMEM 0bfc9d + 841808 + 10F2C9,,,,,,,,,,,,,,,,,,,,,True,False,Solo SIMEM
5AXQ,AGPE RICARDO SOJO GUZMAN,Are0127,Area Caribe,Are0016,SubArea Atlantico,Solar,No Despachado Centralmente,ENBC,2026-08-03,2026-08-03,SIMEM 0bfc9d + 841808 + 10F2C9,,,,,,,,,,,,,,,,,,,,,True,False,Solo SIMEM
5AYB,AGPE FARMATODO AVENIDA CERO,Are0012,Area Nordeste,Are0029,SubArea Norte de Santander,Solar,No Despachado Centralmente,RTQC,2026-08-03,2026-08-03,SIMEM 0bfc9d + 841808 + 10F2C9,,,,,,,,,,,,,,,,,,,,,True,False,Solo SIMEM
5AYX,AGPE JAVIER MARTIN RUBIO RODRIGUEZ,Are0127,Area Caribe,Are0021,SubArea Cordoba_Sucre,Solar,No Despachado Centralmente,SCEC,2026-08-03,2026-08-03,SIMEM 0bfc9d + 841808 + 10F2C9,,,,,,,,,,,,,,,,,,,,,True,False,Solo SIMEM
5B15,GD MGS 0013 LA MESA,Are0012,Area Nordeste,Are0131,SubArea Santander,Solar,No Despachado Centralmente,UNGG,2026-08-03,2026-08-03,SIMEM 0bfc9d + 841808 + 10F2C9,GD MGS 0013 LA MESA,SANTANDER,68418.0,LOS SANTOS,Oriente,-73.1078522219046,6.812160346915275,0.99,SOLAR,RAD SOLAR,ND,GEN. DISTRIBUIDA,OPERACIÓN,UNERGY ENERGY DIGITAL S.A.S E.S.P,2026-02-25,2026.0,2026-08-03,0.0,SI,496.0,True,True,SIMEM + UPME
5BPN,AGPE HOSPITAL SAN RAFAEL PASTO,Are0128,Area Suroccidental,Are0019,SubArea Cauca-Narino,Solar,No Despachado Centralmente,ASCC,2026-08-03,2026-08-03,SIMEM 0bfc9d + 841808 + 10F2C9,,,,,,,,,,,,,,,,,,,,,True,False,Solo SIMEM
5BPT,GD DELTA II,Are0128,Area Suroccidental,Are0019,SubArea Cauca-Narino,Solar,No Despachado Centralmente,BIAG,2026-08-03,2026-08-03,SIMEM 0bfc9d + 841808 + 10F2C9,GD DELTA II,NARIÑO,52786.0,TAMINANGO,Pacífico,-77.32523753901599,1.5916601918367703,0.99,SOLAR,RAD SOLAR,ND,GEN. DISTRIBUIDA,OPERACIÓN,BIA ENERGY S.A.S. E.S.P,2025-09-20,2025.0,2026-08-03,0.0,SI,438.0,True,True,SIMEM + UPME
5BPV,AGPE COMFANDI MORICHAL,Are0128,Area Suroccidental,Are0032,SubArea Valle,Solar,No Despachado Centralmente,EPSC,2026-08-03,2026-08-03,SIMEM 0bfc9d + 841808 + 10F2C9,,,,,,,,,,,,,,,,,,,,,True,False,Solo SIMEM
5BPX,GD AGUSTIN I,Are0012,Area Nordeste,Are0029,SubArea Norte de Santander,Solar,No Despachado Centralmente,UNGG,2026-08-03,2026-08-03,SIMEM 0bfc9d + 841808 + 10F2C9,GD AGUSTIN I,NORTE DE SANTANDER,54001.0,SAN JOSÉ DE CÚCUTA,Oriente,-72.4886522050001,8.111911101392629,0.99,SOLAR,RAD SOLAR,ND,GEN. DISTRIBUIDA,OPERACIÓN,UNERGY ENERGY DIGITAL S.A.S E.S.P,2026-01-23,2026.0,2026-08-03,0.0,SI,450.0,True,True,SIMEM + UPME
5BPZ,AGPE ROYAL FILMS SAS BUGA,Are0128,Area Suroccidental,Are0032,SubArea Valle,Solar,No Despachado Centralmente,QIEC,2026-08-03,2026-08-03,SIMEM 0bfc9d + 841808 + 10F2C9,,,,,,,,,,,,,,,,,,,,,True,False,Solo SIMEM
5BQ2,AGPE AGRICOLA COLOMBIANA GRANJA EL LIMON,Are0128,Area Suroccidental,Are0019,SubArea Cauca-Narino,Solar,No Despachado Centralmente,EPSC,2026-08-03,2026-08-03,SIMEM 0bfc9d + 841808 + 10F2C9,,,,,,,,,,,,,,,,,,,,,True,False,Solo SIMEM
5BQ4,AGPE ROMARCO,Are0128,Area Suroccidental,Are0032,SubArea Valle,Solar,No Despachado Centralmente,EPSC,2026-08-03,2026-08-03,SIMEM 0bfc9d + 841808 + 10F2C9,,,,,,,,,,,,,,,,,,,,,True,False,Solo SIMEM
5BQ6,AGPE ELBA ESTELLA FABRA MEZA,Are0127,Area Caribe,Are0021,SubArea Cordoba_Sucre,Solar,No Despachado Centralmente,SCEC,2026-08-03,2026-08-03,SIMEM 0bfc9d + 841808 + 10F2C9,,,,,,,,,,,,,,,,,,,,,True,False,Solo SIMEM
5BQ8,AGPE ROYAL FILMS SAS LA 14,Are0128,Area Suroccidental,Are0032,SubArea Valle,Solar,No Despachado Centralmente,QIEC,2026-08-03,2026-08-03,SIMEM 0bfc9d + 841808 + 10F2C9,,,,,,,,,,,,,,,,,,,,,True,False,Solo SIMEM
5BQA,GD POLARIS II,Are0128,Area Suroccidental,Are0019,SubArea Cauca-Narino,Solar,No Despachado Centralmente,UNGG,2026-08-03,2026-08-03,SIMEM 0bfc9d + 841808 + 10F2C9,GD POLARIS II,CAUCA,19450.0,MERCADERES,Pacífico,-77.18061737754445,1.7938202194624484,0.99,SOLAR,RAD SOLAR,ND,GEN. DISTRIBUIDA,OPERACIÓN,UNERGY ENERGY DIGITAL S.A.S E.S.P,2025-09-20,2025.0,2026-08-03,0.0,SI,246.0,True,True,SIMEM + UPME
5C9H,AGPE 331 PARQUE CENTRAL,Are0128,Area Suroccidental,Are0031,SubArea Huila-Tolima,Solar,No Despachado Centralmente,GNCC,2026-08-03,2026-08-03,SIMEM 0bfc9d + 841808 + 10F2C9,,,,,,,,,,,,,,,,,,,,,True,False,Solo SIMEM
5C9J,AGPE ARA LAS DELICIAS,Are0127,Area Caribe,Are0025,SubArea GCM,Solar,No Despachado Centralmente,GNCC,2026-08-03,2026-08-03,SIMEM 0bfc9d + 841808 + 10F2C9,,,,,,,,,,,,,,,,,,,,,True,False,Solo SIMEM
5C9L,AGPE ARA SAN JOSE DE PRADERA,Are0128,Area Suroccidental,Are0032,SubArea Valle,Solar,No Despachado Centralmente,GNCC,2026-08-03,2026-08-03,SIMEM 0bfc9d + 841808 + 10F2C9,,,,,,,,,,,,,,,,,,,,,True,False,Solo SIMEM
5C9N,AGPE ARA RIO SUCIO,Are0128,Area Suroccidental,Are0022,SubArea CQR,Solar,No Despachado Centralmente,GNCC,2026-08-03,2026-08-03,SIMEM 0bfc9d + 841808 + 10F2C9,,,,,,,,,,,,,,,,,,,,,True,False,Solo SIMEM
5C9P,AGPE STO 547 PUERTO TEJADA,Are0128,Area Suroccidental,Are0019,SubArea Cauca-Narino,Solar,No Despachado Centralmente,GNCC,2026-08-03,2026-08-03,SIMEM 0bfc9d + 841808 + 10F2C9,,,,,,,,,,,,,,,,,,,,,True,False,Solo SIMEM
5C9R,AGPE CALZADO KONDOR,Are0002,Area Antioquia,Are0015,SubArea Antioquia,Solar,No Despachado Centralmente,EPMC,2026-08-03,2026-08-03,SIMEM 0bfc9d + 841808 + 10F2C9,,,,,,,,,,,,,,,,,,,,,True,False,Solo SIMEM
5C9T,AGPE FLORES SILVESTRES,Are0002,Area Antioquia,Are0015,SubArea Antioquia,Solar,No Despachado Centralmente,EPMC,2026-08-03,2026-08-03,SIMEM 0bfc9d + 841808 + 10F2C9,,,,,,,,,,,,,,,,,,,,,True,False,Solo SIMEM
5C9V,AGPE SYGLA COLOMBIA LTDA,Are0128,Area Suroccidental,Are0019,SubArea Cauca-Narino,Solar,No Despachado Centralmente,BIAC,2026-08-03,2026-08-03,SIMEM 0bfc9d + 841808 + 10F2C9,,,,,,,,,,,,,,,,,,,,,True,False,Solo SIMEM
5C9X,AGPE HUGO FERNANDO ARBOLEDA JIMENEZ,Are0128,Area Suroccidental,Are0032,SubArea Valle,Solar,No Despachado Centralmente,ENBC,2026-08-03,2026-08-03,SIMEM 0bfc9d + 841808 + 10F2C9,,,,,,,,,,,,,,,,,,,,,True,False,Solo SIMEM
5C9Z,AGPE YAMILE MARIA GANEM,Are0127,Area Caribe,Are0021,SubArea Cordoba_Sucre,Solar,No Despachado Centralmente,GNCC,2026-08-03,2026-08-03,SIMEM 0bfc9d + 841808 + 10F2C9,,,,,,,,,,,,,,,,,,,,,True,False,Solo SIMEM
5CA2,AGPE CARPE DIEM,Are0127,Area Caribe,Are0021,SubArea Cordoba_Sucre,Solar,No Despachado Centralmente,GNCC,2026-08-03,2026-08-03,SIMEM 0bfc9d + 841808 + 10F2C9,,,,,,,,,,,,,,,,,,,,,True,False,Solo SIMEM
5CA4,AGPE FRIGOCAFE SAS,Are0128,Area Suroccidental,Are0022,SubArea CQR,Solar,No Despachado Centralmente,GNCC,2026-08-03,2026-08-03,SIMEM 0bfc9d + 841808 + 10F2C9,,,,,,,,,,,,,,,,,,,,,True,False,Solo SIMEM
5CA6,AGPE RIBAI SAS,Are0127,Area Caribe,Are0025,SubArea GCM,Solar,No Despachado Centralmente,GNCC,2026-08-03,2026-08-03,SIMEM 0bfc9d + 841808 + 10F2C9,,,,,,,,,,,,,,,,,,,,,True,False,Solo SIMEM
5CA8,AGPE GIMNASIO VALLEGRANDE,Are0127,Area Caribe,Are0021,SubArea Cordoba_Sucre,Solar,No Despachado Centralmente,GNCC,2026-08-03,2026-08-03,SIMEM 0bfc9d + 841808 + 10F2C9,,,,,,,,,,,,,,,,,,,,,True,False,Solo SIMEM
5CAA,AGPE AGROPECUARIA FRIGORODEO,Are0127,Area Caribe,Are0016,SubArea Atlantico,Solar,No Despachado Centralmente,QIEC,2026-08-03,2026-08-03,SIMEM 0bfc9d + 841808 + 10F2C9,,,,,,,,,,,,,,,,,,,,,True,False,Solo SIMEM
5CAC,AGPE HOTEL EL PALMAR,Are0127,Area Caribe,Are0016,SubArea Atlantico,Solar,No Despachado Centralmente,QIEC,2026-08-03,2026-08-03,SIMEM 0bfc9d + 841808 + 10F2C9,,,,,,,,,,,,,,,,,,,,,True,False,Solo SIMEM
5CAE,AGPE TIENDAS ARA PALMIRA VERSALLES,Are0128,Area Suroccidental,Are0032,SubArea Valle,Solar,No Despachado Centralmente,GNCC,2026-08-03,2026-08-03,SIMEM 0bfc9d + 841808 + 10F2C9,,,,,,,,,,,,,,,,,,,,,True,False,Solo SIMEM
5CAG,AGPE HOTEL VIOLETTA,Are0127,Area Caribe,Are0021,SubArea Cordoba_Sucre,Solar,No Despachado Centralmente,GNCC,2026-08-03,2026-08-03,SIMEM 0bfc9d + 841808 + 10F2C9,,,,,,,,,,,,,,,,,,,,,True,False,Solo SIMEM
5CAI,AGPE SUPERMERCADOS MAS POR MENOS SAS FLORIDA,Are0012,Area Nordeste,Are0131,SubArea Santander,Solar,No Despachado Centralmente,GNCC,2026-08-03,2026-08-03,SIMEM 0bfc9d + 841808 + 10F2C9,,,,,,,,,,,,,,,,,,,,,True,False,Solo SIMEM
5CAK,AGPE ARA CHAPINERO,Are0128,Area Suroccidental,Are0032,SubArea Valle,Solar,No Despachado Centralmente,GNCC,2026-08-03,2026-08-03,SIMEM 0bfc9d + 841808 + 10F2C9,,,,,,,,,,,,,,,,,,,,,True,False,Solo SIMEM
5CAM,AGPE ANDRES FELIPE GONZALEZ OSORIO CASA NUEVA,Are0128,Area Suroccidental,Are0032,SubArea Valle,Solar,No Despachado Centralmente,ENBC,2026-08-03,2026-08-03,SIMEM 0bfc9d + 841808 + 10F2C9,,,,,,,,,,,,,,,,,,,,,True,False,Solo SIMEM
5CAO,AGPE LABORATORIOS RETY DE COLOMBIA SAS,Are0127,Area Caribe,Are0016,SubArea Atlantico,Solar,No Despachado Centralmente,BIAC,2026-08-03,2026-08-03,SIMEM 0bfc9d + 841808 + 10F2C9,,,,,,,,,,,,,,,,,,,,,True,False,Solo SIMEM
5CAQ,AGPE INDURAL GIRARDOTA,Are0002,Area Antioquia,Are0015,SubArea Antioquia,Solar,No Despachado Centralmente,EPMC,2026-08-03,2026-08-03,SIMEM 0bfc9d + 841808 + 10F2C9,,,,,,,,,,,,,,,,,,,,,True,False,Solo SIMEM
5CAS,AGPE GTDCOLOMBIA,Are0002,Area Antioquia,Are0015,SubArea Antioquia,Solar,No Despachado Centralmente,EPMC,2026-08-03,2026-08-03,SIMEM 0bfc9d + 841808 + 10F2C9,,,,,,,,,,,,,,,,,,,,,True,False,Solo SIMEM
5CAU,AGPE FIDUCAFE,Are0002,Area Antioquia,Are0015,SubArea Antioquia,Solar,No Despachado Centralmente,EPMC,2026-08-03,2026-08-03,SIMEM 0bfc9d + 841808 + 10F2C9,,,,,,,,,,,,,,,,,,,,,True,False,Solo SIMEM
5CAW,AGPE CELSA GUARNE,Are0002,Area Antioquia,Are0015,SubArea Antioquia,Solar,No Despachado Centralmente,EPMC,2026-08-03,2026-08-03,SIMEM 0bfc9d + 841808 + 10F2C9,,,,,,,,,,,,,,,,,,,,,True,False,Solo SIMEM
5CAY,AGPE TEXACO AGUACATALA,Are0002,Area Antioquia,Are0015,SubArea Antioquia,Solar,No Despachado Centralmente,EPMC,2026-08-03,2026-08-03,SIMEM 0bfc9d + 841808 + 10F2C9,,,,,,,,,,,,,,,,,,,,,True,False,Solo SIMEM
5CB1,AGPE AURALAC 3,Are0002,Area Antioquia,Are0015,SubArea Antioquia,Solar,No Despachado Centralmente,EPMC,2026-08-03,2026-08-03,SIMEM 0bfc9d + 841808 + 10F2C9,,,,,,,,,,,,,,,,,,,,,True,False,Solo SIMEM
5CEX,AGPE URIEL AUGUSTO CARVAJAL LOPEZ,Are0127,Area Caribe,Are0018,SubArea Bolivar,Solar,No Despachado Centralmente,SCEC,2026-08-03,2026-08-03,SIMEM 0bfc9d + 841808 + 10F2C9,,,,,,,,,,,,,,,,,,,,,True,False,Solo SIMEM
5CEZ,AGPE VALENTINA DURAN RUA,Are0127,Area Caribe,Are0021,SubArea Cordoba_Sucre,Solar,No Despachado Centralmente,SCEC,2026-08-03,2026-08-03,SIMEM 0bfc9d + 841808 + 10F2C9,,,,,,,,,,,,,,,,,,,,,True,False,Solo SIMEM
5CF2,AGPE SEBASTIAN EMILIANI ESPINOSA,Are0127,Area Caribe,Are0018,SubArea Bolivar,Solar,No Despachado Centralmente,ENBC,2026-08-03,2026-08-03,SIMEM 0bfc9d + 841808 + 10F2C9,,,,,,,,,,,,,,,,,,,,,True,False,Solo SIMEM
5CF4,AGPE SFV PRIMAX LA RIVIERA,Are0012,Area Nordeste,Are0131,SubArea Santander,Solar,No Despachado Centralmente,RTQC,2026-08-03,2026-08-03,SIMEM 0bfc9d + 841808 + 10F2C9,,,,,,,,,,,,,,,,,,,,,True,False,Solo SIMEM
5CF6,AGPE ANDRES FELIPE GONZALEZ OSORIO CASA TRASERA,Are0128,Area Suroccidental,Are0032,SubArea Valle,Solar,No Despachado Centralmente,ENBC,2026-08-03,2026-08-03,SIMEM 0bfc9d + 841808 + 10F2C9,,,,,,,,,,,,,,,,,,,,,True,False,Solo SIMEM
5CF9,AGPE MONASTERIO DE SANTA MARIA DEL ROSARIO DE,Are0127,Area Caribe,Are0021,SubArea Cordoba_Sucre,Solar,No Despachado Centralmente,SCEC,2026-08-03,2026-08-03,SIMEM 0bfc9d + 841808 + 10F2C9,,,,,,,,,,,,,,,,,,,,,True,False,Solo SIMEM
5COK,AGPE MINA MARGARITA,Are0002,Area Antioquia,Are0015,SubArea Antioquia,Solar,No Despachado Centralmente,EPMC,2026-08-03,2026-08-03,SIMEM 0bfc9d + 841808 + 10F2C9,,,,,,,,,,,,,,,,,,,,,True,False,Solo SIMEM
5COM,AGPE FULLER RIO,Are0002,Area Antioquia,Are0015,SubArea Antioquia,Solar,No Despachado Centralmente,EPMC,2026-08-03,2026-08-03,SIMEM 0bfc9d + 841808 + 10F2C9,,,,,,,,,,,,,,,,,,,,,True,False,Solo SIMEM
5COO,AGPE MIGUERIA EMNR,Are0002,Area Antioquia,Are0015,SubArea Antioquia,Solar,No Despachado Centralmente,EPMC,2026-08-03,2026-08-03,SIMEM 0bfc9d + 841808 + 10F2C9,,,,,,,,,,,,,,,,,,,,,True,False,Solo SIMEM
5COQ,AGPE GRUPO DORISA SAS,Are0127,Area Caribe,Are0021,SubArea Cordoba_Sucre,Solar,No Despachado Centralmente,SCEC,2026-08-03,2026-08-03,SIMEM 0bfc9d + 841808 + 10F2C9,,,,,,,,,,,,,,,,,,,,,True,False,Solo SIMEM
5COS,AGPE JUAN CARLOS MUNOZ FERNANDEZ,Are0128,Area Suroccidental,Are0032,SubArea Valle,Solar,No Despachado Centralmente,ENBC,2026-08-03,2026-08-03,SIMEM 0bfc9d + 841808 + 10F2C9,,,,,,,,,,,,,,,,,,,,,True,False,Solo SIMEM
5DVU,AGPE ESPUMADOS DEL LITORAL,Are0127,Area Caribe,Are0016,SubArea Atlantico,Solar,No Despachado Centralmente,EPSC,2026-08-03,2026-08-03,SIMEM 0bfc9d + 841808 + 10F2C9,,,,,,,,,,,,,,,,,,,,,True,False,Solo SIMEM
5DVV,AGPE ARA 972 EL PLACER,Are0128,Area Suroccidental,Are0019,SubArea Cauca-Narino,Solar,No Despachado Centralmente,GNCC,2026-08-03,2026-08-03,SIMEM 0bfc9d + 841808 + 10F2C9,,,,,,,,,,,,,,,,,,,,,True,False,Solo SIMEM
5DVW,AGPE DROGUERIA CERETE,Are0127,Area Caribe,Are0021,SubArea Cordoba_Sucre,Solar,No Despachado Centralmente,GNCC,2026-08-03,2026-08-03,SIMEM 0bfc9d + 841808 + 10F2C9,,,,,,,,,,,,,,,,,,,,,True,False,Solo SIMEM
5DVX,AGPE INVERCOMER DEL CARIBE,Are0127,Area Caribe,Are0016,SubArea Atlantico,Solar,No Despachado Centralmente,CMMC,2026-08-03,2026-08-03,SIMEM 0bfc9d + 841808 + 10F2C9,,,,,,,,,,,,,,,,,,,,,True,False,Solo SIMEM
5DVY,AGPE MOLINOS A,Are0002,Area Antioquia,Are0015,SubArea Antioquia,Solar,No Despachado Centralmente,EPMC,2026-08-03,2026-08-03,SIMEM 0bfc9d + 841808 + 10F2C9,,,,,,,,,,,,,,,,,,,,,True,False,Solo SIMEM
5DVZ,AGPE TP COLOMBIA,Are0002,Area Antioquia,Are0015,SubArea Antioquia,Solar,No Despachado Centralmente,EPMC,2026-08-03,2026-08-03,SIMEM 0bfc9d + 841808 + 10F2C9,,,,,,,,,,,,,,,,,,,,,True,False,Solo SIMEM
5DW1,AGPE MUSEOINTER,Are0002,Area Antioquia,Are0015,SubArea Antioquia,Solar,No Despachado Centralmente,EPMC,2026-08-03,2026-08-03,SIMEM 0bfc9d + 841808 + 10F2C9,,,,,,,,,,,,,,,,,,,,,True,False,Solo SIMEM
5DW2,AGPE MASIVO OCCIDENTE,Are0002,Area Antioquia,Are0015,SubArea Antioquia,Solar,No Despachado Centralmente,EPMC,2026-08-03,2026-08-03,SIMEM 0bfc9d + 841808 + 10F2C9,,,,,,,,,,,,,,,,,,,,,True,False,Solo SIMEM
5DW3,GD YURBAQUA,Are0127,Area Caribe,Are0018,SubArea Bolivar,Solar,No Despachado Centralmente,UNGG,2026-08-03,2026-08-03,SIMEM 0bfc9d + 841808 + 10F2C9,GD YURBAQUA,BOLÍVAR,13836.0,TURBACO,Caribe,-75.37971906688942,10.35293580292551,0.9,SOLAR,RAD SOLAR,ND,GEN. DISTRIBUIDA,OPERACIÓN,UNERGY ENERGY DIGITAL S.A.S E.S.P,2025-12-21,2025.0,2026-08-03,0.0,SI,173.0,True,True,SIMEM + UPME
5DW4,AGPE INCOLPA,Are0128,Area Suroccidental,Are0032,SubArea Valle,Solar,No Despachado Centralmente,GNCC,2026-08-03,2026-08-03,SIMEM 0bfc9d + 841808 + 10F2C9,,,,,,,,,,,,,,,,,,,,,True,False,Solo SIMEM
5DW5,AGPE MOLINOS D,Are0002,Area Antioquia,Are0015,SubArea Antioquia,Solar,No Despachado Centralmente,EPMC,2026-08-03,2026-08-03,SIMEM 0bfc9d + 841808 + 10F2C9,,,,,,,,,,,,,,,,,,,,,True,False,Solo SIMEM
5DW6,AGPE HERNANDO GABRIEL MARTINEZ VALLEJO,Are0127,Area Caribe,Are0021,SubArea Cordoba_Sucre,Solar,No Despachado Centralmente,SCEC,2026-08-03,2026-08-03,SIMEM 0bfc9d + 841808 + 10F2C9,,,,,,,,,,,,,,,,,,,,,True,False,Solo SIMEM
5DW7,AGPE CC SANTAFE,Are0056,Area Oriental,Are0017,SubArea Bogota,Solar,No Despachado Centralmente,EXEC,2026-08-03,2026-08-03,SIMEM 0bfc9d + 841808 + 10F2C9,,,,,,,,,,,,,,,,,,,,,True,False,Solo SIMEM
5DW8,GD SEMILLA DE GUACAMAYAL II,Are0127,Area Caribe,Are0025,SubArea GCM,Solar,No Despachado Centralmente,GNYG,2026-08-03,2026-08-03,SIMEM 0bfc9d + 841808 + 10F2C9,GD SEMILLA DE GUACAMAYAL II,MAGDALENA,47980.0,ZONA BANANERA,Caribe,-74.17798194509768,10.796331405554511,0.96,SOLAR,RAD SOLAR,ND,GEN. DISTRIBUIDA,OPERACIÓN,GREENYELLOW COMERCIALIZADORA S.A.S. E.S.P.,2025-10-11,2025.0,2026-08-03,0.0,SI,404.0,True,True,SIMEM + UPME
5DWA,,,,,,,,,,,,CELSIA SOLAR ESCOBAL IV,TOLIMA,73001.0,IBAGUÉ,Centro,-75.2526057216586,4.451927493294694,19.9,SOLAR,RAD SOLAR,ND,NORMAL,PRUEBAS,CELSIA COLOMBIA S.A. E.S.P.,2025-12-24,2025.0,2026-08-03,0.0,SI,579.0,False,True,Solo UPME
5DWB,AGPE COLCADENAS LTDA,Are0128,Area Suroccidental,Are0032,SubArea Valle,Solar,No Despachado Centralmente,GNCC,2026-08-03,2026-08-03,SIMEM 0bfc9d + 841808 + 10F2C9,,,,,,,,,,,,,,,,,,,,,True,False,Solo SIMEM
5E3E,AGPE FUNDACION CORAZON DE BELEN,Are0128,Area Suroccidental,Are0032,SubArea Valle,Solar,No Despachado Centralmente,ENBC,2026-08-03,2026-08-03,SIMEM 0bfc9d + 841808 + 10F2C9,,,,,,,,,,,,,,,,,,,,,True,False,Solo SIMEM
5E3F,MINIGRANJA VALENCIA ORIENTE II,Are0127,Area Caribe,Are0025,SubArea GCM,Solar,No Despachado Centralmente,UNGG,2026-08-03,2026-08-03,SIMEM 0bfc9d + 841808 + 10F2C9,MINIGRANJA VALENCIA ORIENTE II,CESAR,20001.0,VALLEDUPAR,Caribe,-73.46096446435115,10.216456883774852,0.99,SOLAR,RAD SOLAR,ND,GEN. DISTRIBUIDA,OPERACIÓN,UNERGY ENERGY DIGITAL S.A.S E.S.P,2026-02-23,2026.0,2026-08-03,0.0,SI,289.0,True,True,SIMEM + UPME
5E3G,AGPE RUBEN DARIO CORRALES BOSSIO,Are0127,Area Caribe,Are0021,SubArea Cordoba_Sucre,Solar,No Despachado Centralmente,SCEC,2026-08-03,2026-08-03,SIMEM 0bfc9d + 841808 + 10F2C9,,,,,,,,,,,,,,,,,,,,,True,False,Solo SIMEM
5E3H,AGPE SALAMANCA OLEAGINOSAS,Are0128,Area Suroccidental,Are0032,SubArea Valle,Solar,No Despachado Centralmente,ENBC,2026-08-03,2026-08-03,SIMEM 0bfc9d + 841808 + 10F2C9,,,,,,,,,,,,,,,,,,,,,True,False,Solo SIMEM
5E3I,AGPE FERROCONSTRUCTORES ALVER,Are0128,Area Suroccidental,Are0032,SubArea Valle,Solar,No Despachado Centralmente,ENBC,2026-08-03,2026-08-03,SIMEM 0bfc9d + 841808 + 10F2C9,,,,,,,,,,,,,,,,,,,,,True,False,Solo SIMEM
5E3J,,,,,,,,,,,,MINIGRANJA EL COPEY OCCIDENTE,CESAR,20238.0,EL COPEY,Caribe,-73.91284691348685,10.199930964845986,0.99,SOLAR,RAD SOLAR,ND,GEN. DISTRIBUIDA,PRUEBAS,UNERGY ENERGY DIGITAL S.A.S E.S.P,2026-01-24,2026.0,2026-08-03,0.0,SI,260.0,False,True,Solo UPME
5E3K,AGPE UFINET COLOMBIA SA NODO PLATO,Are0127,Area Caribe,Are0025,SubArea GCM,Solar,No Despachado Centralmente,ENBC,2026-08-03,2026-08-03,SIMEM 0bfc9d + 841808 + 10F2C9,,,,,,,,,,,,,,,,,,,,,True,False,Solo SIMEM
5E3L,AGPE CARLOS ALBERTO PERTUZ DURAN,Are0127,Area Caribe,Are0016,SubArea Atlantico,Solar,No Despachado Centralmente,ENBC,2026-08-03,2026-08-03,SIMEM 0bfc9d + 841808 + 10F2C9,,,,,,,,,,,,,,,,,,,,,True,False,Solo SIMEM
5E3M,AGPE HERWIN MARCOS VILLAMIL SALCEDO,Are0127,Area Caribe,Are0018,SubArea Bolivar,Solar,No Despachado Centralmente,ENBC,2026-08-03,2026-08-03,SIMEM 0bfc9d + 841808 + 10F2C9,,,,,,,,,,,,,,,,,,,,,True,False,Solo SIMEM
5E3N,,,,,,,,,,,,CELSIA SOLAR ESCOBAL V,TOLIMA,73001.0,IBAGUÉ,Centro,-75.2526057216586,4.451927493294694,19.9,SOLAR,RAD SOLAR,ND,NORMAL,PRUEBAS,CELSIA COLOMBIA S.A. E.S.P.,2025-12-24,2025.0,2026-08-03,0.0,SI,580.0,False,True,Solo UPME
5E3O,AGPE MARCO ANTONIO FLORES VILLALBA,Are0127,Area Caribe,Are0018,SubArea Bolivar,Solar,No Despachado Centralmente,ENBC,2026-08-03,2026-08-03,SIMEM 0bfc9d + 841808 + 10F2C9,,,,,,,,,,,,,,,,,,,,,True,False,Solo SIMEM
5E69,,,,,,,,,,,,TERMOSARAVENA 1,ARAUCA,81736.0,SARAVENA,Oriente,-71.85071352405885,6.906943255370339,4.9,TERMICA,GAS,ND,AUTOGENERADOR,PRUEBAS,GENERSA S.A.S. E.S.P.,2025-10-17,2025.0,2026-08-03,10.765,SI,87.0,False,True,Solo UPME
5E6I,AGPE DINISSAN1,Are0127,Area Caribe,Are0016,SubArea Atlantico,Solar,No Despachado Centralmente,ETTC,2026-08-03,2026-08-03,SIMEM 0bfc9d + 841808 + 10F2C9,,,,,,,,,,,,,,,,,,,,,True,False,Solo SIMEM
5E6J,AGPE SALAS Y ASOCIADOS ABOGADOS LIMITADA,Are0127,Area Caribe,Are0021,SubArea Cordoba_Sucre,Solar,No Despachado Centralmente,SCEC,2026-08-03,2026-08-03,SIMEM 0bfc9d + 841808 + 10F2C9,,,,,,,,,,,,,,,,,,,,,True,False,Solo SIMEM
5E6K,AGPE GUACARI PLANETA RICA SAS,Are0127,Area Caribe,Are0021,SubArea Cordoba_Sucre,Solar,No Despachado Centralmente,SCEC,2026-08-03,2026-08-03,SIMEM 0bfc9d + 841808 + 10F2C9,,,,,,,,,,,,,,,,,,,,,True,False,Solo SIMEM
5E6L,AGPE TIENDA ARA 802 CNTV,Are0127,Area Caribe,Are0025,SubArea GCM,Solar,No Despachado Centralmente,NEUC,2026-08-03,2026-08-03,SIMEM 0bfc9d + 841808 + 10F2C9,,,,,,,,,,,,,,,,,,,,,True,False,Solo SIMEM
5E6M,AGPE 572 ARA BARRANQUILLA SANTO DOMINGO,Are0127,Area Caribe,Are0016,SubArea Atlantico,Solar,No Despachado Centralmente,NEUC,2026-08-03,2026-08-03,SIMEM 0bfc9d + 841808 + 10F2C9,,,,,,,,,,,,,,,,,,,,,True,False,Solo SIMEM
5E6N,AGPE ALIMENTOS MUNOZ,Are0002,Area Antioquia,Are0015,SubArea Antioquia,Solar,No Despachado Centralmente,GNCC,2026-08-03,2026-08-03,SIMEM 0bfc9d + 841808 + 10F2C9,,,,,,,,,,,,,,,,,,,,,True,False,Solo SIMEM
5E6O,AGPE MONICA DEL SOCORRO URREA OSPINA,Are0127,Area Caribe,Are0016,SubArea Atlantico,Solar,No Despachado Centralmente,ENBC,2026-08-03,2026-08-03,SIMEM 0bfc9d + 841808 + 10F2C9,,,,,,,,,,,,,,,,,,,,,True,False,Solo SIMEM
5E6P,AGPE AUTOGAS TEXACO 28,Are0056,Area Oriental,Are0017,SubArea Bogota,Solar,No Despachado Centralmente,NEUC,2026-08-03,2026-08-03,SIMEM 0bfc9d + 841808 + 10F2C9,,,,,,,,,,,,,,,,,,,,,True,False,Solo SIMEM
5E6Q,AGPE GRIFFITH,Are0002,Area Antioquia,Are0015,SubArea Antioquia,Solar,No Despachado Centralmente,EPMC,2026-08-03,2026-08-03,SIMEM 0bfc9d + 841808 + 10F2C9,,,,,,,,,,,,,,,,,,,,,True,False,Solo SIMEM
5E6R,AGPE PLASTICORREA GIRARDO,Are0002,Area Antioquia,Are0015,SubArea Antioquia,Solar,No Despachado Centralmente,EPMC,2026-08-03,2026-08-03,SIMEM 0bfc9d + 841808 + 10F2C9,,,,,,,,,,,,,,,,,,,,,True,False,Solo SIMEM
5E6S,AGPE TERMILENIO,Are0002,Area Antioquia,Are0015,SubArea Antioquia,Solar,No Despachado Centralmente,EPMC,2026-08-03,2026-08-03,SIMEM 0bfc9d + 841808 + 10F2C9,,,,,,,,,,,,,,,,,,,,,True,False,Solo SIMEM
5E6T,SOL Y CIELO VII,Are0127,Area Caribe,Are0021,SubArea Cordoba_Sucre,Solar,No Despachado Centralmente,UNGG,2026-08-03,2026-08-03,SIMEM 0bfc9d + 841808 + 10F2C9,SOL Y CIELO VII,CÓRDOBA,23807.0,TIERRALTA,Caribe,-76.16860433354293,7.813718028791414,0.99,SOLAR,RAD SOLAR,ND,GEN. DISTRIBUIDA,OPERACIÓN,UNERGY ENERGY DIGITAL S.A.S E.S.P,2026-01-01,2026.0,2026-08-03,0.0,SI,306.0,True,True,SIMEM + UPME
5E6U,AGPE OMAR ENRIQUE HOYOS,Are0127,Area Caribe,Are0025,SubArea GCM,Solar,No Despachado Centralmente,NEUC,2026-08-03,2026-08-03,SIMEM 0bfc9d + 841808 + 10F2C9,,,,,,,,,,,,,,,,,,,,,True,False,Solo SIMEM
5E6V,AGPE AUTOGAS ERMITA,Are0056,Area Oriental,Are0017,SubArea Bogota,Solar,No Despachado Centralmente,NEUC,2026-08-03,2026-08-03,SIMEM 0bfc9d + 841808 + 10F2C9,,,,,,,,,,,,,,,,,,,,,True,False,Solo SIMEM
5E6W,AGPE AUTOGAS CALLE 49,Are0056,Area Oriental,Are0017,SubArea Bogota,Solar,No Despachado Centralmente,NEUC,2026-08-03,2026-08-03,SIMEM 0bfc9d + 841808 + 10F2C9,,,,,,,,,,,,,,,,,,,,,True,False,Solo SIMEM
5E6X,AGPE STO 693 BUENAVENTURA PACIFIC MALL,Are0128,Area Suroccidental,Are0032,SubArea Valle,Solar,No Despachado Centralmente,NEUC,2026-08-03,2026-08-03,SIMEM 0bfc9d + 841808 + 10F2C9,,,,,,,,,,,,,,,,,,,,,True,False,Solo SIMEM
5E6Y,AGPE 532 ARA CAMPO DE LA CRUZ CENTRO,Are0127,Area Caribe,Are0016,SubArea Atlantico,Solar,No Despachado Centralmente,NEUC,2026-08-03,2026-08-03,SIMEM 0bfc9d + 841808 + 10F2C9,,,,,,,,,,,,,,,,,,,,,True,False,Solo SIMEM
5E6Z,AGPE TIENDA ARA 729,Are0127,Area Caribe,Are0025,SubArea GCM,Solar,No Despachado Centralmente,NEUC,2026-08-03,2026-08-03,SIMEM 0bfc9d + 841808 + 10F2C9,,,,,,,,,,,,,,,,,,,,,True,False,Solo SIMEM
5E71,AGPE 573 ARA BARRANQUILLA LA MANGA,Are0127,Area Caribe,Are0016,SubArea Atlantico,Solar,No Despachado Centralmente,NEUC,2026-08-03,2026-08-03,SIMEM 0bfc9d + 841808 + 10F2C9,,,,,,,,,,,,,,,,,,,,,True,False,Solo SIMEM
5E72,AGPE AUTOGAS AVENIDA 68,Are0056,Area Oriental,Are0017,SubArea Bogota,Solar,No Despachado Centralmente,NEUC,2026-08-03,2026-08-03,SIMEM 0bfc9d + 841808 + 10F2C9,,,,,,,,,,,,,,,,,,,,,True,False,Solo SIMEM
5E73,AGPE BODEGA WILLIAM ALVARES LOGISTICS,Are0127,Area Caribe,Are0025,SubArea GCM,Solar,No Despachado Centralmente,RTQC,2026-08-03,2026-08-03,SIMEM 0bfc9d + 841808 + 10F2C9,,,,,,,,,,,,,,,,,,,,,True,False,Solo SIMEM
5E74,AGPE AUTOGAS SANTANDER GNC,Are0056,Area Oriental,Are0017,SubArea Bogota,Solar,No Despachado Centralmente,NEUC,2026-08-03,2026-08-03,SIMEM 0bfc9d + 841808 + 10F2C9,,,,,,,,,,,,,,,,,,,,,True,False,Solo SIMEM
5E75,AGPE AUTOGAS EDS BOLIVARIANA,Are0002,Area Antioquia,Are0015,SubArea Antioquia,Solar,No Despachado Centralmente,NEUC,2026-08-03,2026-08-03,SIMEM 0bfc9d + 841808 + 10F2C9,,,,,,,,,,,,,,,,,,,,,True,False,Solo SIMEM
5E76,AGPE PROTECCION CATODICA DE COLOMBIA SAS 3,Are0056,Area Oriental,Are0017,SubArea Bogota,Solar,No Despachado Centralmente,ENBC,2026-08-03,2026-08-03,SIMEM 0bfc9d + 841808 + 10F2C9,,,,,,,,,,,,,,,,,,,,,True,False,Solo SIMEM
5E77,AGPE PALERMO IMAGEN SAS,Are0128,Area Suroccidental,Are0019,SubArea Cauca-Narino,Solar,No Despachado Centralmente,GNCC,2026-08-03,2026-08-03,SIMEM 0bfc9d + 841808 + 10F2C9,,,,,,,,,,,,,,,,,,,,,True,False,Solo SIMEM
5E78,AGPE D1 SAS LA VEGA PLAZA,Are0056,Area Oriental,Are0017,SubArea Bogota,Solar,No Despachado Centralmente,GNCC,2026-08-03,2026-08-03,SIMEM 0bfc9d + 841808 + 10F2C9,,,,,,,,,,,,,,,,,,,,,True,False,Solo SIMEM
5EEC,AGPE PRODUSA ZF,Are0002,Area Antioquia,Are0015,SubArea Antioquia,Solar,No Despachado Centralmente,EPMC,2026-08-03,2026-08-03,SIMEM 0bfc9d + 841808 + 10F2C9,,,,,,,,,,,,,,,,,,,,,True,False,Solo SIMEM
5EED,AGPE NOEL,Are0002,Area Antioquia,Are0015,SubArea Antioquia,Solar,No Despachado Centralmente,EPMC,2026-08-03,2026-08-03,SIMEM 0bfc9d + 841808 + 10F2C9,,,,,,,,,,,,,,,,,,,,,True,False,Solo SIMEM
5EEE,AGPE ALEJANDRO HAGE TAFACHE,Are0127,Area Caribe,Are0016,SubArea Atlantico,Solar,No Despachado Centralmente,ENBC,2026-08-03,2026-08-03,SIMEM 0bfc9d + 841808 + 10F2C9,,,,,,,,,,,,,,,,,,,,,True,False,Solo SIMEM
5EEF,AGPE FLORHDA3,Are0056,Area Oriental,Are0017,SubArea Bogota,Solar,No Despachado Centralmente,ETTC,2026-08-03,2026-08-03,SIMEM 0bfc9d + 841808 + 10F2C9,,,,,,,,,,,,,,,,,,,,,True,False,Solo SIMEM
5EEG,AGPE FLORHDA2,Are0056,Area Oriental,Are0017,SubArea Bogota,Solar,No Despachado Centralmente,ETTC,2026-08-03,2026-08-03,SIMEM 0bfc9d + 841808 + 10F2C9,,,,,,,,,,,,,,,,,,,,,True,False,Solo SIMEM
5EEH,AGPE JOSE YESID RODRIGUEZ QUINTERO,Are0127,Area Caribe,Are0025,SubArea GCM,Solar,No Despachado Centralmente,NEUC,2026-08-03,2026-08-03,SIMEM 0bfc9d + 841808 + 10F2C9,,,,,,,,,,,,,,,,,,,,,True,False,Solo SIMEM
5EEI,AGPE CEDI ARA CIENAGA MNR,Are0127,Area Caribe,Are0021,SubArea Cordoba_Sucre,Solar,No Despachado Centralmente,NEUC,2026-08-03,2026-08-03,SIMEM 0bfc9d + 841808 + 10F2C9,,,,,,,,,,,,,,,,,,,,,True,False,Solo SIMEM
5EEJ,AGPE FLORHDA1,Are0056,Area Oriental,Are0017,SubArea Bogota,Solar,No Despachado Centralmente,ETTC,2026-08-03,2026-08-03,SIMEM 0bfc9d + 841808 + 10F2C9,,,,,,,,,,,,,,,,,,,,,True,False,Solo SIMEM
5EEK,AGPE ALBEIRO SERRANO OFICINA,Are0127,Area Caribe,Are0025,SubArea GCM,Solar,No Despachado Centralmente,NEUC,2026-08-03,2026-08-03,SIMEM 0bfc9d + 841808 + 10F2C9,,,,,,,,,,,,,,,,,,,,,True,False,Solo SIMEM
5EEL,AGPE SANTANDER ARAUJO CASTRO,Are0127,Area Caribe,Are0025,SubArea GCM,Solar,No Despachado Centralmente,NEUC,2026-08-03,2026-08-03,SIMEM 0bfc9d + 841808 + 10F2C9,,,,,,,,,,,,,,,,,,,,,True,False,Solo SIMEM
5EEM,AGPE 475 ARA BARRANQUILLA LA PAZ,Are0127,Area Caribe,Are0016,SubArea Atlantico,Solar,No Despachado Centralmente,NEUC,2026-08-03,2026-08-03,SIMEM 0bfc9d + 841808 + 10F2C9,,,,,,,,,,,,,,,,,,,,,True,False,Solo SIMEM
5EEN,AGPE CEDI ARA GALAPA MNR,Are0127,Area Caribe,Are0016,SubArea Atlantico,Solar,No Despachado Centralmente,NEUC,2026-08-03,2026-08-03,SIMEM 0bfc9d + 841808 + 10F2C9,,,,,,,,,,,,,,,,,,,,,True,False,Solo SIMEM
5EEO,AGPE AUTOGAS INDUSTRIAL GNC,Are0056,Area Oriental,Are0017,SubArea Bogota,Solar,No Despachado Centralmente,NEUC,2026-08-03,2026-08-03,SIMEM 0bfc9d + 841808 + 10F2C9,,,,,,,,,,,,,,,,,,,,,True,False,Solo SIMEM
5EEP,AGPE SARA LUZ PEREZ,Are0127,Area Caribe,Are0025,SubArea GCM,Solar,No Despachado Centralmente,NEUC,2026-08-03,2026-08-03,SIMEM 0bfc9d + 841808 + 10F2C9,,,,,,,,,,,,,,,,,,,,,True,False,Solo SIMEM
5EEQ,AGPE AGROFRUT,Are0002,Area Antioquia,Are0015,SubArea Antioquia,Solar,No Despachado Centralmente,EPMC,2026-08-03,2026-08-03,SIMEM 0bfc9d + 841808 + 10F2C9,,,,,,,,,,,,,,,,,,,,,True,False,Solo SIMEM
5EER,,,,,,,,,,,,CELSIA SOLAR ESCOBAL III,TOLIMA,73001.0,IBAGUÉ,Centro,-75.2526057216586,4.451927493294694,19.9,SOLAR,RAD SOLAR,ND,NORMAL,PRUEBAS,CELSIA COLOMBIA S.A. E.S.P.,2026-03-02,2026.0,2026-08-03,0.0,SI,578.0,False,True,Solo UPME
5EES,,,,,,,,,,,,CELSIA SOLAR ESCOBAL II,TOLIMA,73001.0,IBAGUÉ,Centro,-75.2526057216586,4.451927493294694,19.9,SOLAR,RAD SOLAR,ND,NORMAL,PRUEBAS,CELSIA COLOMBIA S.A. E.S.P.,2026-02-08,2026.0,2026-08-03,0.0,SI,577.0,False,True,Solo UPME
5F3A,AGPE H Y R DISTRIBUCIONES CONTRATO 9397836,Are0002,Area Antioquia,Are0015,SubArea Antioquia,Solar,No Despachado Centralmente,NEUC,2026-08-03,2026-08-03,SIMEM 0bfc9d + 841808 + 10F2C9,,,,,,,,,,,,,,,,,,,,,True,False,Solo SIMEM
5F3O,AGPE JAVIER OSVALDO RAMIREZ MARTINEZ SAS,Are0127,Area Caribe,Are0021,SubArea Cordoba_Sucre,Solar,No Despachado Centralmente,SCEC,2026-08-03,2026-08-03,SIMEM 0bfc9d + 841808 + 10F2C9,,,,,,,,,,,,,,,,,,,,,True,False,Solo SIMEM
5F3P,GD WE202,Are0127,Area Caribe,Are0025,SubArea GCM,Solar,No Despachado Centralmente,CERG,2026-08-03,2026-08-03,SIMEM 0bfc9d + 841808 + 10F2C9,GD WE202,LA GUAJIRA,44090.0,DIBULLA,Caribe,-73.43572377678287,11.090322650319312,0.99,SOLAR,RAD SOLAR,ND,GEN. DISTRIBUIDA,OPERACIÓN,CEE ENERGY SAS ESP,2025-11-08,2025.0,2026-08-03,0.0,SI,392.0,True,True,SIMEM + UPME
5F3Q,GD WE2021,Are0127,Area Caribe,Are0025,SubArea GCM,Solar,No Despachado Centralmente,CERG,2026-08-03,2026-08-03,SIMEM 0bfc9d + 841808 + 10F2C9,GD WE2021,LA GUAJIRA,44090.0,DIBULLA,Caribe,-73.43572377678287,11.090322650319312,0.99,SOLAR,RAD SOLAR,ND,GEN. DISTRIBUIDA,OPERACIÓN,CEE ENERGY SAS ESP,2025-11-08,2025.0,2026-08-03,0.0,SI,393.0,True,True,SIMEM + UPME
5F3R,AGPE PROVENSAS SAS,Are0127,Area Caribe,Are0018,SubArea Bolivar,Solar,No Despachado Centralmente,GNCC,2026-08-03,2026-08-03,SIMEM 0bfc9d + 841808 + 10F2C9,,,,,,,,,,,,,,,,,,,,,True,False,Solo SIMEM
5F3S,AGPE SELECTA CEREALES PLANTA BEBIDAS,Are0002,Area Antioquia,Are0015,SubArea Antioquia,Solar,No Despachado Centralmente,GNCC,2026-08-03,2026-08-03,SIMEM 0bfc9d + 841808 + 10F2C9,,,,,,,,,,,,,,,,,,,,,True,False,Solo SIMEM
5F3T,AGPE PLANTA KARULUZ 76,Are0127,Area Caribe,Are0016,SubArea Atlantico,Solar,No Despachado Centralmente,GNCC,2026-08-03,2026-08-03,SIMEM 0bfc9d + 841808 + 10F2C9,,,,,,,,,,,,,,,,,,,,,True,False,Solo SIMEM
5F3U,AGPE RELAX HOME,Are0127,Area Caribe,Are0016,SubArea Atlantico,Solar,No Despachado Centralmente,GNCC,2026-08-03,2026-08-03,SIMEM 0bfc9d + 841808 + 10F2C9,,,,,,,,,,,,,,,,,,,,,True,False,Solo SIMEM
5F3V,AGPE PROCEAL1,Are0128,Area Suroccidental,Are0031,SubArea Huila-Tolima,Solar,No Despachado Centralmente,ETTC,2026-08-03,2026-08-03,SIMEM 0bfc9d + 841808 + 10F2C9,,,,,,,,,,,,,,,,,,,,,True,False,Solo SIMEM
5F3W,AGPE FRIGOECOL,Are0127,Area Caribe,Are0016,SubArea Atlantico,Solar,No Despachado Centralmente,BIAC,2026-08-03,2026-08-03,SIMEM 0bfc9d + 841808 + 10F2C9,,,,,,,,,,,,,,,,,,,,,True,False,Solo SIMEM
5F3X,GD CARACOL III,Are0127,Area Caribe,Are0016,SubArea Atlantico,Solar,No Despachado Centralmente,OTAG,2026-08-03,2026-08-03,SIMEM 0bfc9d + 841808 + 10F2C9,GD CARACOL III,ATLÁNTICO,8758.0,SOLEDAD,Caribe,-74.77842616214787,10.90690738365588,0.99,SOLAR,RAD SOLAR,ND,GEN. DISTRIBUIDA,OPERACIÓN,OTACC GENERACION S.A.S. E.S.P.,2025-11-10,2025.0,2026-08-03,0.0,SI,131.0,True,True,SIMEM + UPME
5F3Y,GD CARACOL II,Are0127,Area Caribe,Are0016,SubArea Atlantico,Solar,No Despachado Centralmente,OTAG,2026-08-03,2026-08-03,SIMEM 0bfc9d + 841808 + 10F2C9,GD CARACOL II,ATLÁNTICO,8758.0,SOLEDAD,Caribe,-74.77842616214787,10.90690738365588,0.99,SOLAR,RAD SOLAR,ND,GEN. DISTRIBUIDA,OPERACIÓN,OTACC GENERACION S.A.S. E.S.P.,2025-11-10,2025.0,2026-08-03,0.0,SI,130.0,True,True,SIMEM + UPME
5F3Z,GD CADILLO II,Are0127,Area Caribe,Are0016,SubArea Atlantico,Solar,No Despachado Centralmente,OTAG,2026-08-03,2026-08-03,SIMEM 0bfc9d + 841808 + 10F2C9,GD CADILLO II,ATLÁNTICO,8758.0,SOLEDAD,Caribe,-74.77842616214787,10.90690738365588,0.99,SOLAR,RAD SOLAR,ND,GEN. DISTRIBUIDA,OPERACIÓN,OTACC GENERACION S.A.S. E.S.P.,2025-11-10,2025.0,2026-08-03,0.0,SI,128.0,True,True,SIMEM + UPME
5F41,GD CARACOL I,Are0127,Area Caribe,Are0016,SubArea Atlantico,Solar,No Despachado Centralmente,OTAG,2026-08-03,2026-08-03,SIMEM 0bfc9d + 841808 + 10F2C9,GD CARACOL I,ATLÁNTICO,8758.0,SOLEDAD,Caribe,-74.77842616214787,10.90690738365588,0.99,SOLAR,RAD SOLAR,ND,GEN. DISTRIBUIDA,OPERACIÓN,OTACC GENERACION S.A.S. E.S.P.,2025-11-10,2025.0,2026-08-03,0.0,SI,129.0,True,True,SIMEM + UPME
5F42,GD LAS MERCEDES I,Are0127,Area Caribe,Are0025,SubArea GCM,Solar,No Despachado Centralmente,FERG,2026-08-03,2026-08-03,SIMEM 0bfc9d + 841808 + 10F2C9,GD LAS MERCEDES I,MAGDALENA,47030.0,ALGARROBO,Caribe,-74.10323028302027,10.2535547447616,0.99,SOLAR,RAD SOLAR,ND,GEN. DISTRIBUIDA,OPERACIÓN,FUENTES DE ENERGIAS RENOVABLES S.A.S. E.S.P.,2026-01-01,2026.0,2026-08-03,0.0,SI,410.0,True,True,SIMEM + UPME
5F43,ALMA II,Are0012,Area Nordeste,Are0129,SubArea Arauca,Solar,No Despachado Centralmente,DEPG,2026-08-03,2026-08-03,SIMEM 0bfc9d + 841808 + 10F2C9,ALMA II,ARAUCA,81001.0,ARAUCA,Oriente,-70.5089334082614,6.796317563248927,9.8,SOLAR,RAD SOLAR,ND,NORMAL,OPERACIÓN,DEPI ENERGY S.A.S. E.S.P.,2025-12-22,2025.0,2026-08-03,0.0,SI,93.0,True,True,SIMEM + UPME
5F44,AGPE ANDRES ENRIQUE GONZALEZ ARBELAEZ,Are0127,Area Caribe,Are0021,SubArea Cordoba_Sucre,Solar,No Despachado Centralmente,SCEC,2026-08-03,2026-08-03,SIMEM 0bfc9d + 841808 + 10F2C9,,,,,,,,,,,,,,,,,,,,,True,False,Solo SIMEM
5F45,AGPE JORGE JAVIER ALMEIDA BURGOS,Are0127,Area Caribe,Are0016,SubArea Atlantico,Solar,No Despachado Centralmente,SCEC,2026-08-03,2026-08-03,SIMEM 0bfc9d + 841808 + 10F2C9,,,,,,,,,,,,,,,,,,,,,True,False,Solo SIMEM
5F46,,,,,,,,,,,,EL TAMARINDO I,BOLÍVAR,13430.0,MAGANGUÉ,Caribe,-74.82794219926623,9.244465025071884,9.9,SOLAR,RAD SOLAR,ND,NORMAL,PRUEBAS,EL TAMARINDO SOLAR S.A.S. E.S.P.,2026-01-23,2026.0,2026-08-03,0.0,SI,164.0,False,True,Solo UPME
5F47,,,,,,,,,,,,EL TAMARINDO II,BOLÍVAR,13430.0,MAGANGUÉ,Caribe,-74.82794219926623,9.244465025071884,9.9,SOLAR,RAD SOLAR,ND,NORMAL,PRUEBAS,EL TAMARINDO SOLAR S.A.S. E.S.P.,2026-01-23,2026.0,2026-08-03,0.0,SI,165.0,False,True,Solo UPME
5F48,AGPE GRUPO NONNA MALL DEL ESTE,Are0002,Area Antioquia,Are0015,SubArea Antioquia,Solar,No Despachado Centralmente,ENBC,2026-08-03,2026-08-03,SIMEM 0bfc9d + 841808 + 10F2C9,,,,,,,,,,,,,,,,,,,,,True,False,Solo SIMEM
5F49,,,,,,,,,,,,AUTOG CARVAJAL GINEBRA,VALLE DEL CAUCA,76306.0,GINEBRA,Pacífico,-76.19083210870257,3.7441031755635135,3.4,SOLAR,RAD SOLAR,ND,AUTOGENERADOR,PRUEBAS,ENEL COLOMBIA SA ESP,2025-11-14,2025.0,2026-08-03,0.0,SI,586.0,False,True,Solo UPME
5F6K,AGPE TRIPLE ALIANZA,Are0128,Area Suroccidental,Are0032,SubArea Valle,Solar,No Despachado Centralmente,BEIC,2026-08-03,2026-08-03,SIMEM 0bfc9d + 841808 + 10F2C9,,,,,,,,,,,,,,,,,,,,,True,False,Solo SIMEM
5F6U,AGPE ARVORE,Are0002,Area Antioquia,Are0015,SubArea Antioquia,Solar,No Despachado Centralmente,GNCC,2026-08-03,2026-08-03,SIMEM 0bfc9d + 841808 + 10F2C9,,,,,,,,,,,,,,,,,,,,,True,False,Solo SIMEM
5F6V,GD ESPERANZA II,Are0128,Area Suroccidental,Are0031,SubArea Huila-Tolima,Solar,No Despachado Centralmente,NEXG,2026-08-03,2026-08-03,SIMEM 0bfc9d + 841808 + 10F2C9,GD ESPERANZA II,HUILA,41524.0,PALERMO,Centro,-75.44066806617866,2.9144915020147724,0.96,SOLAR,RAD SOLAR,ND,GEN. DISTRIBUIDA,OPERACIÓN,NEXTGY S.A.S. E.S.P.,2026-02-06,2026.0,2026-08-03,0.0,SI,381.0,True,True,SIMEM + UPME
5F6W,GD ESPERANZA I,Are0128,Area Suroccidental,Are0031,SubArea Huila-Tolima,Solar,No Despachado Centralmente,NEXG,2026-08-03,2026-08-03,SIMEM 0bfc9d + 841808 + 10F2C9,GD ESPERANZA I,HUILA,41615.0,RIVERA,Centro,-75.23542057217867,2.792812123984558,0.96,SOLAR,RAD SOLAR,ND,GEN. DISTRIBUIDA,OPERACIÓN,NEXTGY S.A.S. E.S.P.,2026-02-06,2026.0,2026-08-03,0.0,SI,378.0,True,True,SIMEM + UPME
5F6X,AGPE SELECTA BODEGA 17,Are0002,Area Antioquia,Are0015,SubArea Antioquia,Solar,No Despachado Centralmente,GNCC,2026-08-03,2026-08-03,SIMEM 0bfc9d + 841808 + 10F2C9,,,,,,,,,,,,,,,,,,,,,True,False,Solo SIMEM
5F6Y,AGPE CONSTRUINMUNIZA,Are0002,Area Antioquia,Are0015,SubArea Antioquia,Solar,No Despachado Centralmente,GNCC,2026-08-03,2026-08-03,SIMEM 0bfc9d + 841808 + 10F2C9,,,,,,,,,,,,,,,,,,,,,True,False,Solo SIMEM
5F6Z,GD LAS MERCEDES II,Are0127,Area Caribe,Are0025,SubArea GCM,Solar,No Despachado Centralmente,FERG,2026-08-03,2026-08-03,SIMEM 0bfc9d + 841808 + 10F2C9,GD LAS MERCEDES II,MAGDALENA,47030.0,ALGARROBO,Caribe,-74.10323028302027,10.2535547447616,0.99,SOLAR,RAD SOLAR,ND,GEN. DISTRIBUIDA,OPERACIÓN,FUENTES DE ENERGIAS RENOVABLES S.A.S. E.S.P.,2026-01-01,2026.0,2026-08-03,0.0,SI,411.0,True,True,SIMEM + UPME
5F71,PCH LA NOQUE,Are0002,Area Antioquia,Are0015,SubArea Antioquia,Hidraulica,No Despachado Centralmente,NTCG,2026-08-03,2026-08-03,SIMEM 0bfc9d + 841808 + 10F2C9,PCH LA NOQUE,ANTIOQUIA,5042.0,SANTA FÉ DE ANTIOQUIA,Antioquia,-75.90427261197588,6.535703780959428,9.9,HIDRAULICA,AGUA,ND,NORMAL,OPERACIÓN,NITRO ENERGY COLOMBIA S.A.S. E.S.P.,2026-07-26,2026.0,2026-08-03,1.747,SI,75.0,True,True,SIMEM + UPME
5F72,AGPE FARMATODO BOG CL 140,Are0056,Area Oriental,Are0017,SubArea Bogota,Solar,No Despachado Centralmente,BIAC,2026-08-03,2026-08-03,SIMEM 0bfc9d + 841808 + 10F2C9,,,,,,,,,,,,,,,,,,,,,True,False,Solo SIMEM
5F73,AGPE FARMATODO COLOMBIA SA,Are0056,Area Oriental,Are0017,SubArea Bogota,Solar,No Despachado Centralmente,BIAC,2026-08-03,2026-08-03,SIMEM 0bfc9d + 841808 + 10F2C9,,,,,,,,,,,,,,,,,,,,,True,False,Solo SIMEM
5F74,GD SAN PELAYO,Are0127,Area Caribe,Are0021,SubArea Cordoba_Sucre,Solar,No Despachado Centralmente,UNGG,2026-08-03,2026-08-03,SIMEM 0bfc9d + 841808 + 10F2C9,GD SAN PELAYO,CÓRDOBA,23686.0,SAN PELAYO,Caribe,-75.90958071859738,8.987794233464697,0.99,SOLAR,RAD SOLAR,ND,GEN. DISTRIBUIDA,OPERACIÓN,UNERGY ENERGY DIGITAL S.A.S E.S.P,2026-04-10,2026.0,2026-08-03,0.0,SI,304.0,True,True,SIMEM + UPME
5F75,AGPE HOSPITAL SANTA MONICA,Are0128,Area Suroccidental,Are0022,SubArea CQR,Solar,No Despachado Centralmente,EEPC,2026-08-03,2026-08-03,SIMEM 0bfc9d + 841808 + 10F2C9,,,,,,,,,,,,,,,,,,,,,True,False,Solo SIMEM
5FLJ,AGPE DELICIAS NUTRICIONALES SAS,Are0127,Area Caribe,Are0025,SubArea GCM,Solar,No Despachado Centralmente,GNCC,2026-08-03,2026-08-03,SIMEM 0bfc9d + 841808 + 10F2C9,,,,,,,,,,,,,,,,,,,,,True,False,Solo SIMEM
5FOP,AGPE PINTUFLEX,Are0056,Area Oriental,Are0017,SubArea Bogota,Solar,No Despachado Centralmente,NEUC,2026-08-03,2026-08-03,SIMEM 0bfc9d + 841808 + 10F2C9,,,,,,,,,,,,,,,,,,,,,True,False,Solo SIMEM
5FOQ,AGPE 309 ARA SANTA MARTA GAIRA,Are0127,Area Caribe,Are0025,SubArea GCM,Solar,No Despachado Centralmente,NEUC,2026-08-03,2026-08-03,SIMEM 0bfc9d + 841808 + 10F2C9,,,,,,,,,,,,,,,,,,,,,True,False,Solo SIMEM
5FOT,AGPE 324 ARA SOLEDAD CENTRO CALLE 18,Are0127,Area Caribe,Are0016,SubArea Atlantico,Solar,No Despachado Centralmente,NEUC,2026-08-03,2026-08-03,SIMEM 0bfc9d + 841808 + 10F2C9,,,,,,,,,,,,,,,,,,,,,True,False,Solo SIMEM
5FOU,AGPE AUTOGAS MUZU GAS,Are0056,Area Oriental,Are0017,SubArea Bogota,Solar,No Despachado Centralmente,NEUC,2026-08-03,2026-08-03,SIMEM 0bfc9d + 841808 + 10F2C9,,,,,,,,,,,,,,,,,,,,,True,False,Solo SIMEM
5FOV,AGPE EKA CORPORACION,Are0128,Area Suroccidental,Are0032,SubArea Valle,Solar,No Despachado Centralmente,NEUC,2026-08-03,2026-08-03,SIMEM 0bfc9d + 841808 + 10F2C9,,,,,,,,,,,,,,,,,,,,,True,False,Solo SIMEM
5FOW,AGPE AGROTES VENECIA,Are0127,Area Caribe,Are0021,SubArea Cordoba_Sucre,Solar,No Despachado Centralmente,NEUC,2026-08-03,2026-08-03,SIMEM 0bfc9d + 841808 + 10F2C9,,,,,,,,,,,,,,,,,,,,,True,False,Solo SIMEM
5FOX,AGPE AUTOGAS EDS SANTA MARTA,Are0002,Area Antioquia,Are0015,SubArea Antioquia,Solar,No Despachado Centralmente,NEUC,2026-08-03,2026-08-03,SIMEM 0bfc9d + 841808 + 10F2C9,,,,,,,,,,,,,,,,,,,,,True,False,Solo SIMEM
5FPK,GD BIOSOLAR,Are0012,Area Nordeste,Are0029,SubArea Norte de Santander,Solar,No Despachado Centralmente,UNGG,2026-08-03,2026-08-03,SIMEM 0bfc9d + 841808 + 10F2C9,GD BIOSOLAR,NORTE DE SANTANDER,54673.0,SAN CAYETANO,Oriente,-72.6098482097734,7.847790343843861,0.5,SOLAR,RAD SOLAR,ND,GEN. DISTRIBUIDA,OPERACIÓN,UNERGY ENERGY DIGITAL S.A.S E.S.P,2026-03-19,2026.0,2026-08-03,0.0,SI,458.0,True,True,SIMEM + UPME
5FPL,GRANJA SOLAR LA GARITA,Are0012,Area Nordeste,Are0029,SubArea Norte de Santander,Solar,No Despachado Centralmente,UNGG,2026-08-03,2026-08-03,SIMEM 0bfc9d + 841808 + 10F2C9,GRANJA SOLAR LA GARITA,NORTE DE SANTANDER,54673.0,SAN CAYETANO,Oriente,-72.6098482097734,7.847790343843861,0.99,SOLAR,RAD SOLAR,ND,GEN. DISTRIBUIDA,OPERACIÓN,UNERGY ENERGY DIGITAL S.A.S E.S.P,2026-03-18,2026.0,2026-08-03,0.0,SI,455.0,True,True,SIMEM + UPME
5FPM,GD ASTROLUMEN LA GARITA,Are0012,Area Nordeste,Are0029,SubArea Norte de Santander,Solar,No Despachado Centralmente,UNGG,2026-08-03,2026-08-03,SIMEM 0bfc9d + 841808 + 10F2C9,GD ASTROLUMEN LA GARITA,NORTE DE SANTANDER,54405.0,LOS PATIOS,Oriente,-72.53397090981127,7.699659742715204,0.99,SOLAR,RAD SOLAR,ND,GEN. DISTRIBUIDA,OPERACIÓN,UNERGY ENERGY DIGITAL S.A.S E.S.P,2026-03-18,2026.0,2026-08-03,0.0,SI,449.0,True,True,SIMEM + UPME
5FPN,AGPE ARNOLDO SUAREZ,Are0127,Area Caribe,Are0025,SubArea GCM,Solar,No Despachado Centralmente,NEUC,2026-08-03,2026-08-03,SIMEM 0bfc9d + 841808 + 10F2C9,,,,,,,,,,,,,,,,,,,,,True,False,Solo SIMEM
5FPO,AGPE AVCH1,Are0056,Area Oriental,Are0017,SubArea Bogota,Solar,No Despachado Centralmente,ETTC,2026-08-03,2026-08-03,SIMEM 0bfc9d + 841808 + 10F2C9,,,,,,,,,,,,,,,,,,,,,True,False,Solo SIMEM
5FPP,AGPE AVCH2,Are0056,Area Oriental,Are0017,SubArea Bogota,Solar,No Despachado Centralmente,ETTC,2026-08-03,2026-08-03,SIMEM 0bfc9d + 841808 + 10F2C9,,,,,,,,,,,,,,,,,,,,,True,False,Solo SIMEM
5FPQ,AGPE AVCH3,Are0056,Area Oriental,Are0017,SubArea Bogota,Solar,No Despachado Centralmente,ETTC,2026-08-03,2026-08-03,SIMEM 0bfc9d + 841808 + 10F2C9,,,,,,,,,,,,,,,,,,,,,True,False,Solo SIMEM
5FPR,AGPE SUPERMERCADO BETEL CHINACOTA,Are0012,Area Nordeste,Are0029,SubArea Norte de Santander,Solar,No Despachado Centralmente,GNCC,2026-08-03,2026-08-03,SIMEM 0bfc9d + 841808 + 10F2C9,,,,,,,,,,,,,,,,,,,,,True,False,Solo SIMEM
5FPS,AGPE SAN CARLOS 2 ETAPA 6,Are0056,Area Oriental,Are0017,SubArea Bogota,Solar,No Despachado Centralmente,GNCC,2026-08-03,2026-08-03,SIMEM 0bfc9d + 841808 + 10F2C9,,,,,,,,,,,,,,,,,,,,,True,False,Solo SIMEM
5FPT,AGPE LA GRANJA TENJO SAS,Are0056,Area Oriental,Are0017,SubArea Bogota,Solar,No Despachado Centralmente,BIAC,2026-08-03,2026-08-03,SIMEM 0bfc9d + 841808 + 10F2C9,,,,,,,,,,,,,,,,,,,,,True,False,Solo SIMEM
5FPU,AGPE INVERSIONES LOS ACANTILADOS LONDONO Y CIA SCA,Are0127,Area Caribe,Are0021,SubArea Cordoba_Sucre,Solar,No Despachado Centralmente,SCEC,2026-08-03,2026-08-03,SIMEM 0bfc9d + 841808 + 10F2C9,,,,,,,,,,,,,,,,,,,,,True,False,Solo SIMEM
5FPV,GD ERCO PALMAS,Are0127,Area Caribe,Are0025,SubArea GCM,Solar,No Despachado Centralmente,ERRG,2026-08-03,2026-08-03,SIMEM 0bfc9d + 841808 + 10F2C9,GD ERCO PALMAS,CESAR,20787.0,TAMALAMEQUE,Caribe,-73.76338373446022,8.902068994332152,0.99,SOLAR,RAD SOLAR,ND,GEN. DISTRIBUIDA,OPERACIÓN,ERCO GENERACION S.A.S. ESP,2025-11-24,2025.0,2026-08-03,0.0,SI,302.0,True,True,SIMEM + UPME
5FPW,AGPE MARIA BERNARDA OTERO VELLOJIN,Are0127,Area Caribe,Are0021,SubArea Cordoba_Sucre,Solar,No Despachado Centralmente,SCEC,2026-08-03,2026-08-03,SIMEM 0bfc9d + 841808 + 10F2C9,,,,,,,,,,,,,,,,,,,,,True,False,Solo SIMEM
5FPX,AGPE FUNDACION PARA LA INTEGRACIÓN SOCIAL DE,Are0127,Area Caribe,Are0021,SubArea Cordoba_Sucre,Solar,No Despachado Centralmente,SCEC,2026-08-03,2026-08-03,SIMEM 0bfc9d + 841808 + 10F2C9,,,,,,,,,,,,,,,,,,,,,True,False,Solo SIMEM
5FPY,AGPE ELVIRA MARTINEZ MARRUGO,Are0127,Area Caribe,Are0018,SubArea Bolivar,Solar,No Despachado Centralmente,SCEC,2026-08-03,2026-08-03,SIMEM 0bfc9d + 841808 + 10F2C9,,,,,,,,,,,,,,,,,,,,,True,False,Solo SIMEM
5G1Q,AGPE SURA CORP,Are0002,Area Antioquia,Are0015,SubArea Antioquia,Solar,No Despachado Centralmente,EPMC,2026-08-03,2026-08-03,SIMEM 0bfc9d + 841808 + 10F2C9,,,,,,,,,,,,,,,,,,,,,True,False,Solo SIMEM
5G1R,AGPE CORBETA ENVIGADO,Are0002,Area Antioquia,Are0015,SubArea Antioquia,Solar,No Despachado Centralmente,EPMC,2026-08-03,2026-08-03,SIMEM 0bfc9d + 841808 + 10F2C9,,,,,,,,,,,,,,,,,,,,,True,False,Solo SIMEM
5G1S,AGPE H Y R DISTRIBUCIONES CONTRATO 604952,Are0002,Area Antioquia,Are0015,SubArea Antioquia,Solar,No Despachado Centralmente,NEUC,2026-08-03,2026-08-03,SIMEM 0bfc9d + 841808 + 10F2C9,,,,,,,,,,,,,,,,,,,,,True,False,Solo SIMEM
5G1T,AGPE LAD SANCRISTOBAL,Are0002,Area Antioquia,Are0015,SubArea Antioquia,Solar,No Despachado Centralmente,EPMC,2026-08-03,2026-08-03,SIMEM 0bfc9d + 841808 + 10F2C9,,,,,,,,,,,,,,,,,,,,,True,False,Solo SIMEM
5G27,AGPE LACTEOS DOS PALMAS,Are0128,Area Suroccidental,Are0019,SubArea Cauca-Narino,Solar,No Despachado Centralmente,ASCC,2026-08-03,2026-08-03,SIMEM 0bfc9d + 841808 + 10F2C9,,,,,,,,,,,,,,,,,,,,,True,False,Solo SIMEM
5G3O,,,,,,,,,,,,CELSIA SOLAR ESCOBAL I,TOLIMA,73001.0,IBAGUÉ,Centro,-75.2526057216586,4.451927493294694,19.9,SOLAR,RAD SOLAR,ND,NORMAL,PRUEBAS,CELSIA COLOMBIA S.A. E.S.P.,2025-12-24,2025.0,2026-08-03,0.0,SI,576.0,False,True,Solo UPME
5G3P,AGPE MOTEL POSADA,Are0127,Area Caribe,Are0016,SubArea Atlantico,Solar,No Despachado Centralmente,GNCC,2026-08-03,2026-08-03,SIMEM 0bfc9d + 841808 + 10F2C9,,,,,,,,,,,,,,,,,,,,,True,False,Solo SIMEM
5G3Q,AGPE ARA SEDE 406 AV LAS AMERICAS DUITAMA,Are0012,Area Nordeste,Are0130,SubArea Boyaca-Casanare,Solar,No Despachado Centralmente,GNCC,2026-08-03,2026-08-03,SIMEM 0bfc9d + 841808 + 10F2C9,,,,,,,,,,,,,,,,,,,,,True,False,Solo SIMEM
5G3R,AGPE PARROQUIA SANTA TERESITA DEL NINO JESUS,Are0127,Area Caribe,Are0016,SubArea Atlantico,Solar,No Despachado Centralmente,GNCC,2026-08-03,2026-08-03,SIMEM 0bfc9d + 841808 + 10F2C9,,,,,,,,,,,,,,,,,,,,,True,False,Solo SIMEM
5G3S,PARQUE SOLAR BUGAMBILES,Are0127,Area Caribe,Are0016,SubArea Atlantico,Solar,No Despachado Centralmente,FYRG,2026-08-03,2026-08-03,SIMEM 0bfc9d + 841808 + 10F2C9,PARQUE SOLAR BUGAMBILES,ATLÁNTICO,8078.0,BARANOA,Caribe,-74.92219610114647,10.793290323863562,9.9,SOLAR,RAD SOLAR,ND,NORMAL,OPERACIÓN,FOTOVOLTAICO EL YARUMO SAS ESP,2026-03-05,2026.0,2026-08-03,0.0,SI,112.0,True,True,SIMEM + UPME
5G3T,PARQUE SOLAR NISPEROS,Are0127,Area Caribe,Are0016,SubArea Atlantico,Solar,No Despachado Centralmente,FYRG,2026-08-03,2026-08-03,SIMEM 0bfc9d + 841808 + 10F2C9,PARQUE SOLAR NISPEROS,ATLÁNTICO,8078.0,BARANOA,Caribe,-74.92219610114647,10.793290323863562,19.9,SOLAR,RAD SOLAR,ND,NORMAL,OPERACIÓN,FOTOVOLTAICO EL YARUMO SAS ESP,2026-04-09,2026.0,2026-08-03,0.0,SI,111.0,True,True,SIMEM + UPME
5G3U,SOL DE ZAWADY,Are0127,Area Caribe,Are0025,SubArea GCM,Solar,No Despachado Centralmente,GRCG,2026-08-03,2026-08-03,SIMEM 0bfc9d + 841808 + 10F2C9,SOL DE ZAWADY,MAGDALENA,47980.0,ZONA BANANERA,Caribe,-74.17798194509768,10.796331405554511,9.9,SOLAR,RAD SOLAR,ND,NORMAL,OPERACIÓN,GR POWER COLOMBIA S.A.S E.S.P.,2026-07-10,2026.0,2026-08-03,0.0,SI,403.0,True,True,SIMEM + UPME
5G3V,AGPE FRIGORIDEO LA 30,Are0127,Area Caribe,Are0025,SubArea GCM,Solar,No Despachado Centralmente,QIEC,2026-08-03,2026-08-03,SIMEM 0bfc9d + 841808 + 10F2C9,,,,,,,,,,,,,,,,,,,,,True,False,Solo SIMEM
5G3W,AGPE ALCANOS FLANDES,Are0128,Area Suroccidental,Are0031,SubArea Huila-Tolima,Solar,No Despachado Centralmente,HLAC,2026-08-03,2026-08-03,SIMEM 0bfc9d + 841808 + 10F2C9,,,,,,,,,,,,,,,,,,,,,True,False,Solo SIMEM
5G3X,AGPE TAAU1,Are0056,Area Oriental,Are0017,SubArea Bogota,Solar,No Despachado Centralmente,ETTC,2026-08-03,2026-08-03,SIMEM 0bfc9d + 841808 + 10F2C9,,,,,,,,,,,,,,,,,,,,,True,False,Solo SIMEM
5G3Y,AGPE SERVIT1,Are0128,Area Suroccidental,Are0031,SubArea Huila-Tolima,Solar,No Despachado Centralmente,ETTC,2026-08-03,2026-08-03,SIMEM 0bfc9d + 841808 + 10F2C9,,,,,,,,,,,,,,,,,,,,,True,False,Solo SIMEM
5G3Z,AGPE COLOMBIANA DE PRODUCTOS DEL AGRO COLPAGRO SA,Are0002,Area Antioquia,Are0015,SubArea Antioquia,Solar,No Despachado Centralmente,GNCC,2026-08-03,2026-08-03,SIMEM 0bfc9d + 841808 + 10F2C9,,,,,,,,,,,,,,,,,,,,,True,False,Solo SIMEM
5G41,AGPE JERONIMO MARTINS COL SAS TIENDA 777 DINDALITO BOG,Are0056,Area Oriental,Are0017,SubArea Bogota,Solar,No Despachado Centralmente,GNCC,2026-08-03,2026-08-03,SIMEM 0bfc9d + 841808 + 10F2C9,,,,,,,,,,,,,,,,,,,,,True,False,Solo SIMEM
5GEV,AGPE CC EL PUENTE,Are0012,Area Nordeste,Are0131,SubArea Santander,Solar,No Despachado Centralmente,RTQC,2026-08-03,2026-08-03,SIMEM 0bfc9d + 841808 + 10F2C9,,,,,,,,,,,,,,,,,,,,,True,False,Solo SIMEM
5GEW,AGPE PROGEN,Are0056,Area Oriental,Are0017,SubArea Bogota,Solar,No Despachado Centralmente,RTQC,2026-08-03,2026-08-03,SIMEM 0bfc9d + 841808 + 10F2C9,,,,,,,,,,,,,,,,,,,,,True,False,Solo SIMEM
5GEX,AGPE CLAUDIA MARIA ELISA ROMERO VIVAS,Are0127,Area Caribe,Are0016,SubArea Atlantico,Solar,No Despachado Centralmente,ENBC,2026-08-03,2026-08-03,SIMEM 0bfc9d + 841808 + 10F2C9,,,,,,,,,,,,,,,,,,,,,True,False,Solo SIMEM
5GEY,AGPE PARQUES Y DEPORTES SAS,Are0128,Area Suroccidental,Are0032,SubArea Valle,Solar,No Despachado Centralmente,ENBC,2026-08-03,2026-08-03,SIMEM 0bfc9d + 841808 + 10F2C9,,,,,,,,,,,,,,,,,,,,,True,False,Solo SIMEM
5GEZ,AGPE CENTRO COMERCIAL Y DE SERVICIOS PLAZA BEILLIN PH ID,Are0002,Area Antioquia,Are0015,SubArea Antioquia,Solar,No Despachado Centralmente,GNCC,2026-08-03,2026-08-03,SIMEM 0bfc9d + 841808 + 10F2C9,,,,,,,,,,,,,,,,,,,,,True,False,Solo SIMEM
5GF1,AGPE GRUPO AGROBOX SAS ZOMAC,Are0056,Area Oriental,Are0027,SubArea Meta,Solar,No Despachado Centralmente,QIEC,2026-08-03,2026-08-03,SIMEM 0bfc9d + 841808 + 10F2C9,,,,,,,,,,,,,,,,,,,,,True,False,Solo SIMEM
5GF2,AGPE HERNANDO PAEZ REY,Are0056,Area Oriental,Are0017,SubArea Bogota,Solar,No Despachado Centralmente,ENBC,2026-08-03,2026-08-03,SIMEM 0bfc9d + 841808 + 10F2C9,,,,,,,,,,,,,,,,,,,,,True,False,Solo SIMEM
5GF3,AGPE PLEX CORPORATICO PH,Are0002,Area Antioquia,Are0015,SubArea Antioquia,Solar,No Despachado Centralmente,GNCC,2026-08-03,2026-08-03,SIMEM 0bfc9d + 841808 + 10F2C9,,,,,,,,,,,,,,,,,,,,,True,False,Solo SIMEM
5GF5,GD BLANCA ENERGY SOLAR 24,Are0127,Area Caribe,Are0025,SubArea GCM,Solar,No Despachado Centralmente,CTEG,2026-08-03,2026-08-03,SIMEM 0bfc9d + 841808 + 10F2C9,GD BLANCA ENERGY SOLAR 24,CESAR,20001.0,VALLEDUPAR,Caribe,-73.46096446435115,10.216456883774852,0.1,SOLAR,RAD SOLAR,ND,GEN. DISTRIBUIDA,OPERACIÓN,COENERGIA S.A.S. E.S.P.,2025-12-08,2025.0,2026-08-03,0.0,SI,300.0,True,True,SIMEM + UPME
5GF6,GD BLANCA ENERGY SOLAR 23,Are0127,Area Caribe,Are0025,SubArea GCM,Solar,No Despachado Centralmente,CTEG,2026-08-03,2026-08-03,SIMEM 0bfc9d + 841808 + 10F2C9,GD BLANCA ENERGY SOLAR 23,CESAR,20001.0,VALLEDUPAR,Caribe,-73.46096446435115,10.216456883774852,0.1,SOLAR,RAD SOLAR,ND,GEN. DISTRIBUIDA,OPERACIÓN,COENERGIA S.A.S. E.S.P.,2025-12-08,2025.0,2026-08-03,0.0,SI,299.0,True,True,SIMEM + UPME
5GF7,AGPE 108KW CC GRAN PLAZA BOSA,Are0056,Area Oriental,Are0017,SubArea Bogota,Solar,No Despachado Centralmente,EPSC,2026-08-03,2026-08-03,SIMEM 0bfc9d + 841808 + 10F2C9,,,,,,,,,,,,,,,,,,,,,True,False,Solo SIMEM
5GF8,AGPE SUBS CORP SAS BARRANQUILLA,Are0127,Area Caribe,Are0016,SubArea Atlantico,Solar,No Despachado Centralmente,BIAC,2026-08-03,2026-08-03,SIMEM 0bfc9d + 841808 + 10F2C9,,,,,,,,,,,,,,,,,,,,,True,False,Solo SIMEM
5GF9,AGPE KAMATI LTDA BIC,Are0128,Area Suroccidental,Are0032,SubArea Valle,Solar,No Despachado Centralmente,BIAC,2026-08-03,2026-08-03,SIMEM 0bfc9d + 841808 + 10F2C9,,,,,,,,,,,,,,,,,,,,,True,False,Solo SIMEM
5GFA,AGPE HENRY SILVA SARMIENTO,Are0127,Area Caribe,Are0021,SubArea Cordoba_Sucre,Solar,No Despachado Centralmente,SCEC,2026-08-03,2026-08-03,SIMEM 0bfc9d + 841808 + 10F2C9,,,,,,,,,,,,,,,,,,,,,True,False,Solo SIMEM
5GFB,GD JARDINCITO,Are0127,Area Caribe,Are0025,SubArea GCM,Solar,No Despachado Centralmente,GNYG,2026-08-03,2026-08-03,SIMEM 0bfc9d + 841808 + 10F2C9,GD JARDINCITO,CESAR,20001.0,VALLEDUPAR,Caribe,-73.46096446435115,10.216456883774852,0.99,SOLAR,RAD SOLAR,ND,GEN. DISTRIBUIDA,OPERACIÓN,GREENYELLOW COMERCIALIZADORA S.A.S. E.S.P.,2025-12-06,2025.0,2026-08-03,0.0,SI,298.0,True,True,SIMEM + UPME
5GFC,AGPE SARI MAGALY GUERRERO,Are0127,Area Caribe,Are0025,SubArea GCM,Solar,No Despachado Centralmente,NEUC,2026-08-03,2026-08-03,SIMEM 0bfc9d + 841808 + 10F2C9,,,,,,,,,,,,,,,,,,,,,True,False,Solo SIMEM
5H1F,MINIGRANJA VALENCIA ORIENTE I,Are0127,Area Caribe,Are0025,SubArea GCM,Solar,No Despachado Centralmente,UNGG,2026-08-03,2026-08-03,SIMEM 0bfc9d + 841808 + 10F2C9,MINIGRANJA VALENCIA ORIENTE I,CESAR,20001.0,VALLEDUPAR,Caribe,-73.46096446435115,10.216456883774852,0.99,SOLAR,RAD SOLAR,ND,GEN. DISTRIBUIDA,OPERACIÓN,UNERGY ENERGY DIGITAL S.A.S E.S.P,2026-02-12,2026.0,2026-08-03,0.0,SI,288.0,True,True,SIMEM + UPME
5H1G,AGPE YAMIL JOSE LLANOS,Are0127,Area Caribe,Are0016,SubArea Atlantico,Solar,No Despachado Centralmente,ENBC,2026-08-03,2026-08-03,SIMEM 0bfc9d + 841808 + 10F2C9,,,,,,,,,,,,,,,,,,,,,True,False,Solo SIMEM
5H1H,AGPE FRIGORIFICO RIOFRIO,Are0012,Area Nordeste,Are0131,SubArea Santander,Solar,No Despachado Centralmente,EPMC,2026-08-03,2026-08-03,SIMEM 0bfc9d + 841808 + 10F2C9,,,,,,,,,,,,,,,,,,,,,True,False,Solo SIMEM
5H1I,AGPE CENTRO FRUVER DEL LLANO,Are0012,Area Nordeste,Are0130,SubArea Boyaca-Casanare,Solar,No Despachado Centralmente,GNCC,2026-08-03,2026-08-03,SIMEM 0bfc9d + 841808 + 10F2C9,,,,,,,,,,,,,,,,,,,,,True,False,Solo SIMEM
5H1J,AGPE ANTENA RCN RADIO SORACA,Are0012,Area Nordeste,Are0130,SubArea Boyaca-Casanare,Solar,No Despachado Centralmente,GNCC,2026-08-03,2026-08-03,SIMEM 0bfc9d + 841808 + 10F2C9,,,,,,,,,,,,,,,,,,,,,True,False,Solo SIMEM
5H1K,AGPE PLAFECOL,Are0127,Area Caribe,Are0016,SubArea Atlantico,Solar,No Despachado Centralmente,GNCC,2026-08-03,2026-08-03,SIMEM 0bfc9d + 841808 + 10F2C9,,,,,,,,,,,,,,,,,,,,,True,False,Solo SIMEM
5H1L,AGPE RCN RADIO ANTENA CAJUCAL,Are0128,Area Suroccidental,Are0019,SubArea Cauca-Narino,Solar,No Despachado Centralmente,GNCC,2026-08-03,2026-08-03,SIMEM 0bfc9d + 841808 + 10F2C9,,,,,,,,,,,,,,,,,,,,,True,False,Solo SIMEM
5H1M,GD LA CACICA,Are0127,Area Caribe,Are0025,SubArea GCM,Solar,No Despachado Centralmente,UNGG,2026-08-03,2026-08-03,SIMEM 0bfc9d + 841808 + 10F2C9,GD LA CACICA,CESAR,20001.0,VALLEDUPAR,Caribe,-73.46096446435115,10.216456883774852,0.99,SOLAR,RAD SOLAR,ND,GEN. DISTRIBUIDA,OPERACIÓN,UNERGY ENERGY DIGITAL S.A.S E.S.P,2026-05-22,2026.0,2026-08-03,0.0,SI,301.0,True,True,SIMEM + UPME
5H1N,GD LAS PILONERAS,Are0127,Area Caribe,Are0025,SubArea GCM,Solar,No Despachado Centralmente,UNGG,2026-08-03,2026-08-03,SIMEM 0bfc9d + 841808 + 10F2C9,GD LAS PILONERAS,CESAR,20001.0,VALLEDUPAR,Caribe,-73.46096446435115,10.216456883774852,0.99,SOLAR,RAD SOLAR,ND,GEN. DISTRIBUIDA,OPERACIÓN,UNERGY ENERGY DIGITAL S.A.S E.S.P,2026-05-22,2026.0,2026-08-03,0.0,SI,297.0,True,True,SIMEM + UPME
5H1O,GD YUAN SOLAR,Are0056,Area Oriental,Are0027,SubArea Meta,Solar,No Despachado Centralmente,UNGG,2026-08-03,2026-08-03,SIMEM 0bfc9d + 841808 + 10F2C9,GD YUAN SOLAR,META,50110.0,BARRANCA DE UPÍA,Oriente,-72.99548375678266,4.51907212683085,0.99,SOLAR,RAD SOLAR,ND,GEN. DISTRIBUIDA,OPERACIÓN,UNERGY ENERGY DIGITAL S.A.S E.S.P,2025-12-15,2025.0,2026-08-03,0.0,SI,417.0,True,True,SIMEM + UPME
5H1P,AGPE JORGE ELIECER DORIA CORRALES,Are0127,Area Caribe,Are0021,SubArea Cordoba_Sucre,Solar,No Despachado Centralmente,SCEC,2026-08-03,2026-08-03,SIMEM 0bfc9d + 841808 + 10F2C9,,,,,,,,,,,,,,,,,,,,,True,False,Solo SIMEM
5H1Q,AGPE JONATHAN MORA MARTINEZ,Are0127,Area Caribe,Are0021,SubArea Cordoba_Sucre,Solar,No Despachado Centralmente,SCEC,2026-08-03,2026-08-03,SIMEM 0bfc9d + 841808 + 10F2C9,,,,,,,,,,,,,,,,,,,,,True,False,Solo SIMEM
5H1R,GD LA CATEDRAL,Are0127,Area Caribe,Are0018,SubArea Bolivar,Solar,No Despachado Centralmente,UNGG,2026-08-03,2026-08-03,SIMEM 0bfc9d + 841808 + 10F2C9,GD LA CATEDRAL,BOLÍVAR,13647.0,SAN ESTANISLAO,Caribe,-75.20523843863491,10.364677519552943,0.99,SOLAR,RAD SOLAR,ND,GEN. DISTRIBUIDA,OPERACIÓN,UNERGY ENERGY DIGITAL S.A.S E.S.P,2026-01-30,2026.0,2026-08-03,0.0,SI,168.0,True,True,SIMEM + UPME
5H1S,AGPE COMERCIALIZADORA LOS MONTES DE COLOMBIA SAS SEDE TRAPICHES,Are0012,Area Nordeste,Are0029,SubArea Norte de Santander,Solar,No Despachado Centralmente,GNCC,2026-08-03,2026-08-03,SIMEM 0bfc9d + 841808 + 10F2C9,,,,,,,,,,,,,,,,,,,,,True,False,Solo SIMEM
5H1T,AGPE PSFV COMPRESORA LA PAZ,Are0127,Area Caribe,Are0025,SubArea GCM,Solar,No Despachado Centralmente,GNCC,2026-08-03,2026-08-03,SIMEM 0bfc9d + 841808 + 10F2C9,,,,,,,,,,,,,,,,,,,,,True,False,Solo SIMEM
5H1U,AGPE PIVETTE SAS,Are0127,Area Caribe,Are0025,SubArea GCM,Solar,No Despachado Centralmente,QIEC,2026-08-03,2026-08-03,SIMEM 0bfc9d + 841808 + 10F2C9,,,,,,,,,,,,,,,,,,,,,True,False,Solo SIMEM
5H1V,AGPE CONVAA1,Are0128,Area Suroccidental,Are0019,SubArea Cauca-Narino,Solar,No Despachado Centralmente,ETTC,2026-08-03,2026-08-03,SIMEM 0bfc9d + 841808 + 10F2C9,,,,,,,,,,,,,,,,,,,,,True,False,Solo SIMEM
5H1W,AGPE LUIS GABRIEL MORA GUILLEN,Are0127,Area Caribe,Are0021,SubArea Cordoba_Sucre,Solar,No Despachado Centralmente,SCEC,2026-08-03,2026-08-03,SIMEM 0bfc9d + 841808 + 10F2C9,,,,,,,,,,,,,,,,,,,,,True,False,Solo SIMEM
5ID7,AGPE GEN PQA 1,Are0128,Area Suroccidental,Are0022,SubArea CQR,Solar,No Despachado Centralmente,ISGC,2026-08-03,2026-08-03,SIMEM 0bfc9d + 841808 + 10F2C9,,,,,,,,,,,,,,,,,,,,,True,False,Solo SIMEM
5IG3,AGPE SILVANA MARGARITA FRANCESCHI,Are0127,Area Caribe,Are0016,SubArea Atlantico,Solar,No Despachado Centralmente,ENBC,2026-08-03,2026-08-03,SIMEM 0bfc9d + 841808 + 10F2C9,,,,,,,,,,,,,,,,,,,,,True,False,Solo SIMEM
5IH1,AGPE SURTIDELICIAS FOOD SERVICE SAS CERETE,Are0127,Area Caribe,Are0021,SubArea Cordoba_Sucre,Solar,No Despachado Centralmente,SCEC,2026-08-03,2026-08-03,SIMEM 0bfc9d + 841808 + 10F2C9,,,,,,,,,,,,,,,,,,,,,True,False,Solo SIMEM
5IJ8,AGPE PECU1,Are0128,Area Suroccidental,Are0019,SubArea Cauca-Narino,Solar,No Despachado Centralmente,ETTC,2026-08-03,2026-08-03,SIMEM 0bfc9d + 841808 + 10F2C9,,,,,,,,,,,,,,,,,,,,,True,False,Solo SIMEM
5IJ9,AGPE JAMOGA1,Are0128,Area Suroccidental,Are0031,SubArea Huila-Tolima,Solar,No Despachado Centralmente,ETTC,2026-08-03,2026-08-03,SIMEM 0bfc9d + 841808 + 10F2C9,,,,,,,,,,,,,,,,,,,,,True,False,Solo SIMEM
5IKR,GD LYRA,Are0128,Area Suroccidental,Are0019,SubArea Cauca-Narino,Solar,No Despachado Centralmente,BIAG,2026-08-03,2026-08-03,SIMEM 0bfc9d + 841808 + 10F2C9,GD LYRA,CAUCA,19450.0,MERCADERES,Pacífico,-77.18061737754445,1.7938202194624484,0.99,SOLAR,RAD SOLAR,ND,GEN. DISTRIBUIDA,OPERACIÓN,BIA ENERGY S.A.S. E.S.P,2026-05-06,2026.0,2026-08-03,0.0,SI,248.0,True,True,SIMEM + UPME
5IKS,AGPE SG SAN CHARBEL DE LA FE SAS,Are0002,Area Antioquia,Are0015,SubArea Antioquia,Solar,No Despachado Centralmente,ENBC,2026-08-03,2026-08-03,SIMEM 0bfc9d + 841808 + 10F2C9,,,,,,,,,,,,,,,,,,,,,True,False,Solo SIMEM
5IKT,GD SEMILLAS MONTERIA I,Are0127,Area Caribe,Are0021,SubArea Cordoba_Sucre,Solar,No Despachado Centralmente,SNCG,2026-08-03,2026-08-03,SIMEM 0bfc9d + 841808 + 10F2C9,GD SEMILLAS MONTERIA I,CÓRDOBA,23001.0,MONTERÍA,Caribe,-75.95052937682705,8.584659059910113,0.99,SOLAR,RAD SOLAR,ND,GEN. DISTRIBUIDA,OPERACIÓN,SUNCOLOMBIA GENERACIÓN S.A.S E.S.P,2026-01-11,2026.0,2026-08-03,0.0,SI,331.0,True,True,SIMEM + UPME
5IKU,GD SEMILLAS MONTERIA II,Are0127,Area Caribe,Are0021,SubArea Cordoba_Sucre,Solar,No Despachado Centralmente,SNCG,2026-08-03,2026-08-03,SIMEM 0bfc9d + 841808 + 10F2C9,GD SEMILLAS MONTERIA II,CÓRDOBA,23001.0,MONTERÍA,Caribe,-75.95052937682705,8.584659059910113,0.99,SOLAR,RAD SOLAR,ND,GEN. DISTRIBUIDA,OPERACIÓN,SUNCOLOMBIA GENERACIÓN S.A.S E.S.P,2026-01-11,2026.0,2026-08-03,0.0,SI,332.0,True,True,SIMEM + UPME
5IL7,AGPE PLASTIRED SAS,Are0002,Area Antioquia,Are0015,SubArea Antioquia,Solar,No Despachado Centralmente,GNCC,2026-08-03,2026-08-03,SIMEM 0bfc9d + 841808 + 10F2C9,,,,,,,,,,,,,,,,,,,,,True,False,Solo SIMEM
5ILE,AGPE CENTRO COMERCIAL BUGA PLAZA,Are0128,Area Suroccidental,Are0032,SubArea Valle,Solar,No Despachado Centralmente,BIAC,2026-08-03,2026-08-03,SIMEM 0bfc9d + 841808 + 10F2C9,,,,,,,,,,,,,,,,,,,,,True,False,Solo SIMEM
5ILK,AGPE COLEGIO HACIENDA LOS ALCAPARROS,Are0056,Area Oriental,Are0017,SubArea Bogota,Solar,No Despachado Centralmente,NEUC,2026-08-03,2026-08-03,SIMEM 0bfc9d + 841808 + 10F2C9,,,,,,,,,,,,,,,,,,,,,True,False,Solo SIMEM
5ILL,AGPE PAOLA VANESA VELILLA,Are0127,Area Caribe,Are0025,SubArea GCM,Solar,No Despachado Centralmente,NEUC,2026-08-03,2026-08-03,SIMEM 0bfc9d + 841808 + 10F2C9,,,,,,,,,,,,,,,,,,,,,True,False,Solo SIMEM
5ILM,AGPE GRUPO DECOR BARRANQUILLA,Are0127,Area Caribe,Are0016,SubArea Atlantico,Solar,No Despachado Centralmente,NEUC,2026-08-03,2026-08-03,SIMEM 0bfc9d + 841808 + 10F2C9,,,,,,,,,,,,,,,,,,,,,True,False,Solo SIMEM
5ILX,AGPE JERONIMO MARTINS COLOMBIA SAS TIENDA 636 LA CHUCUA BOGOTA,Are0056,Area Oriental,Are0017,SubArea Bogota,Solar,No Despachado Centralmente,GNCC,2026-08-03,2026-08-03,SIMEM 0bfc9d + 841808 + 10F2C9,,,,,,,,,,,,,,,,,,,,,True,False,Solo SIMEM
5ILY,AGPE SAN CARLOS 2 ETAPA 4,Are0056,Area Oriental,Are0017,SubArea Bogota,Solar,No Despachado Centralmente,GNCC,2026-08-03,2026-08-03,SIMEM 0bfc9d + 841808 + 10F2C9,,,,,,,,,,,,,,,,,,,,,True,False,Solo SIMEM
5ILZ,AGPE TIENDA ARA MADRID,Are0056,Area Oriental,Are0017,SubArea Bogota,Solar,No Despachado Centralmente,GNCC,2026-08-03,2026-08-03,SIMEM 0bfc9d + 841808 + 10F2C9,,,,,,,,,,,,,,,,,,,,,True,False,Solo SIMEM
5IM1,AGPE WOODPECKER,Are0056,Area Oriental,Are0017,SubArea Bogota,Solar,No Despachado Centralmente,NEUC,2026-08-03,2026-08-03,SIMEM 0bfc9d + 841808 + 10F2C9,,,,,,,,,,,,,,,,,,,,,True,False,Solo SIMEM
5IM2,AGPE TIENDA ARA TOCANCIPA,Are0056,Area Oriental,Are0017,SubArea Bogota,Solar,No Despachado Centralmente,GNCC,2026-08-03,2026-08-03,SIMEM 0bfc9d + 841808 + 10F2C9,,,,,,,,,,,,,,,,,,,,,True,False,Solo SIMEM
5IM3,AGPE TIENDA ARA SOACHA,Are0056,Area Oriental,Are0017,SubArea Bogota,Solar,No Despachado Centralmente,GNCC,2026-08-03,2026-08-03,SIMEM 0bfc9d + 841808 + 10F2C9,,,,,,,,,,,,,,,,,,,,,True,False,Solo SIMEM
5IM4,AGPE TIENDA ARA FUNZA,Are0056,Area Oriental,Are0017,SubArea Bogota,Solar,No Despachado Centralmente,GNCC,2026-08-03,2026-08-03,SIMEM 0bfc9d + 841808 + 10F2C9,,,,,,,,,,,,,,,,,,,,,True,False,Solo SIMEM
5IM5,AGPE SUPERMERCADO BETEL CHAPINERO,Are0012,Area Nordeste,Are0029,SubArea Norte de Santander,Solar,No Despachado Centralmente,GNCC,2026-08-03,2026-08-03,SIMEM 0bfc9d + 841808 + 10F2C9,,,,,,,,,,,,,,,,,,,,,True,False,Solo SIMEM
5IM6,AGPE SUPERMERCADO BETEL BOCONO,Are0012,Area Nordeste,Are0029,SubArea Norte de Santander,Solar,No Despachado Centralmente,GNCC,2026-08-03,2026-08-03,SIMEM 0bfc9d + 841808 + 10F2C9,,,,,,,,,,,,,,,,,,,,,True,False,Solo SIMEM
5IM7,GD ORBIS,Are0128,Area Suroccidental,Are0019,SubArea Cauca-Narino,Solar,No Despachado Centralmente,BIAG,2026-08-03,2026-08-03,SIMEM 0bfc9d + 841808 + 10F2C9,GD ORBIS,CAUCA,19450.0,MERCADERES,Pacífico,-77.18061737754445,1.7938202194624484,0.99,SOLAR,RAD SOLAR,ND,GEN. DISTRIBUIDA,OPERACIÓN,BIA ENERGY S.A.S. E.S.P,2026-05-06,2026.0,2026-08-03,0.0,SI,249.0,True,True,SIMEM + UPME
5IM9,AGPE SUPERMERCADO BETEL LA FLORESTA,Are0012,Area Nordeste,Are0029,SubArea Norte de Santander,Solar,No Despachado Centralmente,GNCC,2026-08-03,2026-08-03,SIMEM 0bfc9d + 841808 + 10F2C9,,,,,,,,,,,,,,,,,,,,,True,False,Solo SIMEM
5IMA,AGPE STO 88 REDONDA,Are0127,Area Caribe,Are0016,SubArea Atlantico,Solar,No Despachado Centralmente,GNCC,2026-08-03,2026-08-03,SIMEM 0bfc9d + 841808 + 10F2C9,,,,,,,,,,,,,,,,,,,,,True,False,Solo SIMEM
5IMB,AGPE CEDILLANOS,Are0002,Area Antioquia,Are0015,SubArea Antioquia,Solar,No Despachado Centralmente,UNGG,2026-08-03,2026-08-03,SIMEM 0bfc9d + 841808 + 10F2C9,,,,,,,,,,,,,,,,,,,,,True,False,Solo SIMEM
5IMC,AGPE AVICOLA COMERCIAL L SAS RIOSUCIO,Are0128,Area Suroccidental,Are0022,SubArea CQR,Solar,No Despachado Centralmente,GNCC,2026-08-03,2026-08-03,SIMEM 0bfc9d + 841808 + 10F2C9,,,,,,,,,,,,,,,,,,,,,True,False,Solo SIMEM
5IMD,AGPE COOPIMAR,Are0002,Area Antioquia,Are0015,SubArea Antioquia,Solar,No Despachado Centralmente,GNCC,2026-08-03,2026-08-03,SIMEM 0bfc9d + 841808 + 10F2C9,,,,,,,,,,,,,,,,,,,,,True,False,Solo SIMEM
5IME,,,,,,,,,,,,PARQUE SOLAR SABANA,CESAR,20178.0,CHIRIGUANÁ,Caribe,-73.54798201163547,9.426660756061144,9.9,SOLAR,RAD SOLAR,ND,NORMAL,PRUEBAS,ATLÁNTICA COLOMBIA S.A.S. E.S.P.,2026-03-26,2026.0,2026-08-03,0.0,SI,268.0,False,True,Solo UPME
5IMF,AGPE GLADYS MARIA ANGARITA AZUERO,Are0127,Area Caribe,Are0021,SubArea Cordoba_Sucre,Solar,No Despachado Centralmente,SCEC,2026-08-03,2026-08-03,SIMEM 0bfc9d + 841808 + 10F2C9,,,,,,,,,,,,,,,,,,,,,True,False,Solo SIMEM
5IMG,AGPE STO 678 AMERICAS,Are0128,Area Suroccidental,Are0032,SubArea Valle,Solar,No Despachado Centralmente,GNCC,2026-08-03,2026-08-03,SIMEM 0bfc9d + 841808 + 10F2C9,,,,,,,,,,,,,,,,,,,,,True,False,Solo SIMEM
5ISK,GD PALMERAS I,Are0127,Area Caribe,Are0016,SubArea Atlantico,Solar,No Despachado Centralmente,OTAG,2026-08-03,2026-08-03,SIMEM 0bfc9d + 841808 + 10F2C9,GD PALMERAS I,ATLÁNTICO,8758.0,SOLEDAD,Caribe,-74.77842616214787,10.90690738365588,0.99,SOLAR,RAD SOLAR,ND,GEN. DISTRIBUIDA,OPERACIÓN,OTACC GENERACION S.A.S. E.S.P.,2026-01-05,2026.0,2026-08-03,0.0,SI,132.0,True,True,SIMEM + UPME
5ISL,GD PALMERAS III,Are0127,Area Caribe,Are0016,SubArea Atlantico,Solar,No Despachado Centralmente,OTAG,2026-08-03,2026-08-03,SIMEM 0bfc9d + 841808 + 10F2C9,GD PALMERAS III,ATLÁNTICO,8758.0,SOLEDAD,Caribe,-74.77842616214787,10.90690738365588,0.99,SOLAR,RAD SOLAR,ND,GEN. DISTRIBUIDA,OPERACIÓN,OTACC GENERACION S.A.S. E.S.P.,2026-01-05,2026.0,2026-08-03,0.0,SI,134.0,True,True,SIMEM + UPME
5ISM,GD PALMERAS IV,Are0127,Area Caribe,Are0016,SubArea Atlantico,Solar,No Despachado Centralmente,OTAG,2026-08-03,2026-08-03,SIMEM 0bfc9d + 841808 + 10F2C9,GD PALMERAS IV,ATLÁNTICO,8758.0,SOLEDAD,Caribe,-74.77842616214787,10.90690738365588,0.99,SOLAR,RAD SOLAR,ND,GEN. DISTRIBUIDA,OPERACIÓN,OTACC GENERACION S.A.S. E.S.P.,2026-01-05,2026.0,2026-08-03,0.0,SI,135.0,True,True,SIMEM + UPME
5ISN,GD CSF ARENALES I,Are0002,Area Antioquia,Are0015,SubArea Antioquia,Solar,No Despachado Centralmente,GCYG,2026-08-03,2026-08-03,SIMEM 0bfc9d + 841808 + 10F2C9,GD CSF ARENALES I,ANTIOQUIA,5101.0,CIUDAD BOLÍVAR,Antioquia,-76.0093780890909,5.840843569541615,0.99,SOLAR,RAD SOLAR,ND,GEN. DISTRIBUIDA,OPERACIÓN,GENERADORA CANTAYÚS S.A.S E.S.P,2026-03-19,2026.0,2026-08-03,0.0,SI,18.0,True,True,SIMEM + UPME
5ISO,GD PALMERAS II,Are0127,Area Caribe,Are0016,SubArea Atlantico,Solar,No Despachado Centralmente,OTAG,2026-08-03,2026-08-03,SIMEM 0bfc9d + 841808 + 10F2C9,GD PALMERAS II,ATLÁNTICO,8758.0,SOLEDAD,Caribe,-74.77842616214787,10.90690738365588,0.99,SOLAR,RAD SOLAR,ND,GEN. DISTRIBUIDA,OPERACIÓN,OTACC GENERACION S.A.S. E.S.P.,2026-01-05,2026.0,2026-08-03,0.0,SI,133.0,True,True,SIMEM + UPME
5ISP,AGPE VEROCAVI JOSE ALBERTO CALDERON,Are0127,Area Caribe,Are0025,SubArea GCM,Solar,No Despachado Centralmente,NEUC,2026-08-03,2026-08-03,SIMEM 0bfc9d + 841808 + 10F2C9,,,,,,,,,,,,,,,,,,,,,True,False,Solo SIMEM
5ISQ,AGPE HACIENDA EL TREBOL,Are0128,Area Suroccidental,Are0032,SubArea Valle,Solar,No Despachado Centralmente,GNCC,2026-08-03,2026-08-03,SIMEM 0bfc9d + 841808 + 10F2C9,,,,,,,,,,,,,,,,,,,,,True,False,Solo SIMEM
5ISR,GD LA MACANA,Are0128,Area Suroccidental,Are0022,SubArea CQR,Solar,No Despachado Centralmente,SUNG,2026-08-03,2026-08-03,SIMEM 0bfc9d + 841808 + 10F2C9,GD LA MACANA,QUINDIO,63001.0,ARMENIA,Eje Cafetero,-75.72489253188779,4.499513704450664,0.99,SOLAR,RAD SOLAR,ND,GEN. DISTRIBUIDA,OPERACIÓN,SUNO S.A.S. ESP,2026-01-15,2026.0,2026-08-03,0.0,SI,467.0,True,True,SIMEM + UPME
5ISS,GD PARQUE SOLAR GRANADA II,Are0056,Area Oriental,Are0027,SubArea Meta,Solar,No Despachado Centralmente,EMSG,2026-08-03,2026-08-03,SIMEM 0bfc9d + 841808 + 10F2C9,GD PARQUE SOLAR GRANADA II,META,50313.0,GRANADA,Oriente,-73.76109098208737,3.4410026873768618,0.99,SOLAR,RAD SOLAR,ND,GEN. DISTRIBUIDA,OPERACIÓN,ELECTRIFICADORA DEL META S.A. E.S.P.,2026-01-04,2026.0,2026-08-03,0.0,SI,415.0,True,True,SIMEM + UPME
5IST,AGPE SAFELA,Are0127,Area Caribe,Are0016,SubArea Atlantico,Solar,No Despachado Centralmente,GNCC,2026-08-03,2026-08-03,SIMEM 0bfc9d + 841808 + 10F2C9,,,,,,,,,,,,,,,,,,,,,True,False,Solo SIMEM
5ISU,AGPE JERONIMO MARTINS COLOMBIA SAS TIENDA 944 TRONCAL PIVIJAY,Are0127,Area Caribe,Are0025,SubArea GCM,Solar,No Despachado Centralmente,GNCC,2026-08-03,2026-08-03,SIMEM 0bfc9d + 841808 + 10F2C9,,,,,,,,,,,,,,,,,,,,,True,False,Solo SIMEM
5ISV,AGPE JERONIMO MARTINS COLOMBIA SAS TIENDA 633 PARAISO BARRANQUILLA,Are0127,Area Caribe,Are0016,SubArea Atlantico,Solar,No Despachado Centralmente,GNCC,2026-08-03,2026-08-03,SIMEM 0bfc9d + 841808 + 10F2C9,,,,,,,,,,,,,,,,,,,,,True,False,Solo SIMEM
5ISW,AGPE JERONIMO MARTINS COLOMBIA SAS TIENDA 591 BUENOS AIRES BARRANQUILLA,Are0127,Area Caribe,Are0016,SubArea Atlantico,Solar,No Despachado Centralmente,GNCC,2026-08-03,2026-08-03,SIMEM 0bfc9d + 841808 + 10F2C9,,,,,,,,,,,,,,,,,,,,,True,False,Solo SIMEM
5ISX,PLANTA SOLAR SAN FRANCISCO,Are0128,Area Suroccidental,Are0022,SubArea CQR,Solar,No Despachado Centralmente,EPMG,2026-08-03,2026-08-03,SIMEM 0bfc9d + 841808 + 10F2C9,PLANTA SOLAR SAN FRANCISCO,CALDAS,17524.0,PALESTINA,Eje Cafetero,-75.66177303311336,5.05034935370412,4.9,SOLAR,RAD SOLAR,ND,NORMAL,OPERACIÓN,EMPRESAS PUBLICAS DE MEDELLIN E.S.P.,2026-07-26,2026.0,2026-08-03,0.0,SI,200.0,True,True,SIMEM + UPME
5ISY,GD BLANCA ENERGY III,Are0127,Area Caribe,Are0025,SubArea GCM,Solar,No Despachado Centralmente,NEUC,2026-08-03,2026-08-03,SIMEM 0bfc9d + 841808 + 10F2C9,GD BLANCA ENERGY III,CESAR,20001.0,VALLEDUPAR,Caribe,-73.46096446435115,10.216456883774852,0.99,SOLAR,RAD SOLAR,ND,GEN. DISTRIBUIDA,OPERACIÓN,DUCK ENERGY S.A.S. ESP,2026-02-07,2026.0,2026-08-03,0.0,SI,284.0,True,True,SIMEM + UPME
5ISZ,AGPE COMPANIA DE FINANCIAMIENTO LEASING ITAU SA SOLICITUD 25283,Are0127,Area Caribe,Are0018,SubArea Bolivar,Solar,No Despachado Centralmente,GNCC,2026-08-03,2026-08-03,SIMEM 0bfc9d + 841808 + 10F2C9,,,,,,,,,,,,,,,,,,,,,True,False,Solo SIMEM
5IT1,GD ALAMO SOLAR,Are0002,Area Antioquia,Are0015,SubArea Antioquia,Solar,No Despachado Centralmente,ERRG,2026-08-03,2026-08-03,SIMEM 0bfc9d + 841808 + 10F2C9,GD ALAMO SOLAR,ANTIOQUIA,5615.0,RIONEGRO,Antioquia,-75.41076171261174,6.150795092971707,0.99,SOLAR,RAD SOLAR,ND,GEN. DISTRIBUIDA,OPERACIÓN,ERCO GENERACION S.A.S. ESP,2026-01-29,2026.0,2026-08-03,0.0,SI,56.0,True,True,SIMEM + UPME
5IT2,GD SEMILLA DEL PASO IA,Are0127,Area Caribe,Are0025,SubArea GCM,Solar,No Despachado Centralmente,ERRG,2026-08-03,2026-08-03,SIMEM 0bfc9d + 841808 + 10F2C9,GD SEMILLA DEL PASO IA,CESAR,20250.0,EL PASO,Caribe,-73.7382619683179,9.683721170835586,0.99,SOLAR,RAD SOLAR,ND,GEN. DISTRIBUIDA,OPERACIÓN,ERCO GENERACION S.A.S. ESP,2026-01-08,2026.0,2026-08-03,0.0,SI,271.0,True,True,SIMEM + UPME
5IT3,GD SEMILLA DEL PASO III,Are0127,Area Caribe,Are0025,SubArea GCM,Solar,No Despachado Centralmente,ERRG,2026-08-03,2026-08-03,SIMEM 0bfc9d + 841808 + 10F2C9,GD SEMILLA DEL PASO III,CESAR,20250.0,EL PASO,Caribe,-73.7382619683179,9.683721170835586,0.99,SOLAR,RAD SOLAR,ND,GEN. DISTRIBUIDA,OPERACIÓN,ERCO GENERACION S.A.S. ESP,2026-01-08,2026.0,2026-08-03,0.0,SI,272.0,True,True,SIMEM + UPME
5IT4,AGPE LASMA1,Are0128,Area Suroccidental,Are0032,SubArea Valle,Solar,No Despachado Centralmente,ETTC,2026-08-03,2026-08-03,SIMEM 0bfc9d + 841808 + 10F2C9,,,,,,,,,,,,,,,,,,,,,True,False,Solo SIMEM
5IT5,AGPE LADRILLERA SANTALUCIA,Are0128,Area Suroccidental,Are0019,SubArea Cauca-Narino,Solar,No Despachado Centralmente,GNCC,2026-08-03,2026-08-03,SIMEM 0bfc9d + 841808 + 10F2C9,,,,,,,,,,,,,,,,,,,,,True,False,Solo SIMEM
5IVU,AGPE ALTIPAL SAS,Are0127,Area Caribe,Are0021,SubArea Cordoba_Sucre,Solar,No Despachado Centralmente,BIAC,2026-08-03,2026-08-03,SIMEM 0bfc9d + 841808 + 10F2C9,,,,,,,,,,,,,,,,,,,,,True,False,Solo SIMEM
5IVV,AGPE LADRILLERA LA TOSCANA,Are0056,Area Oriental,Are0017,SubArea Bogota,Solar,No Despachado Centralmente,BIAC,2026-08-03,2026-08-03,SIMEM 0bfc9d + 841808 + 10F2C9,,,,,,,,,,,,,,,,,,,,,True,False,Solo SIMEM
5IVZ,GD CORALITO,Are0127,Area Caribe,Are0021,SubArea Cordoba_Sucre,Solar,No Despachado Centralmente,SNCG,2026-08-03,2026-08-03,SIMEM 0bfc9d + 841808 + 10F2C9,GD CORALITO,SUCRE,70215.0,COROZAL,Caribe,-75.23880115686353,9.16060259796556,0.99,SOLAR,RAD SOLAR,ND,GEN. DISTRIBUIDA,OPERACIÓN,SUNCOLOMBIA GENERACIÓN S.A.S E.S.P,2026-01-17,2026.0,2026-08-03,0.0,SI,513.0,True,True,SIMEM + UPME
5IW1,GD EMPERATRIZ I,Are0127,Area Caribe,Are0021,SubArea Cordoba_Sucre,Solar,No Despachado Centralmente,SNCG,2026-08-03,2026-08-03,SIMEM 0bfc9d + 841808 + 10F2C9,GD EMPERATRIZ I,CÓRDOBA,23001.0,MONTERÍA,Caribe,-75.95052937682705,8.584659059910113,0.96,SOLAR,RAD SOLAR,ND,GEN. DISTRIBUIDA,OPERACIÓN,SUNCOLOMBIA GENERACIÓN S.A.S E.S.P,2026-02-18,2026.0,2026-08-03,0.0,SI,333.0,True,True,SIMEM + UPME
5J84,AGPE ACEIS FIC48 ZC,Are0002,Area Antioquia,Are0015,SubArea Antioquia,Solar,No Despachado Centralmente,NEUC,2026-08-03,2026-08-03,SIMEM 0bfc9d + 841808 + 10F2C9,,,,,,,,,,,,,,,,,,,,,True,False,Solo SIMEM
5J85,AGPE OPAV LA SEMILLA,Are0128,Area Suroccidental,Are0032,SubArea Valle,Solar,No Despachado Centralmente,EPMC,2026-08-03,2026-08-03,SIMEM 0bfc9d + 841808 + 10F2C9,,,,,,,,,,,,,,,,,,,,,True,False,Solo SIMEM
5J86,AGPE MARIA ANGELICA BORJA RUEDA,Are0127,Area Caribe,Are0016,SubArea Atlantico,Solar,No Despachado Centralmente,ENBC,2026-08-03,2026-08-03,SIMEM 0bfc9d + 841808 + 10F2C9,,,,,,,,,,,,,,,,,,,,,True,False,Solo SIMEM
5J87,AGPE SOLO MODAS BAZURTO,Are0127,Area Caribe,Are0018,SubArea Bolivar,Solar,No Despachado Centralmente,GNCC,2026-08-03,2026-08-03,SIMEM 0bfc9d + 841808 + 10F2C9,,,,,,,,,,,,,,,,,,,,,True,False,Solo SIMEM
5J88,AGPE CIA DE FINANCIAMIENTO LEASING ITAU SA SOLICITUD 21875,Are0127,Area Caribe,Are0016,SubArea Atlantico,Solar,No Despachado Centralmente,GNCC,2026-08-03,2026-08-03,SIMEM 0bfc9d + 841808 + 10F2C9,,,,,,,,,,,,,,,,,,,,,True,False,Solo SIMEM
5J89,AGPE JERONIMO MARTINS COLOMBIA SAS TIENDA 945 SANTA MARTA GAIRA CENTRO,Are0127,Area Caribe,Are0025,SubArea GCM,Solar,No Despachado Centralmente,GNCC,2026-08-03,2026-08-03,SIMEM 0bfc9d + 841808 + 10F2C9,,,,,,,,,,,,,,,,,,,,,True,False,Solo SIMEM
5J8A,AGPE JERONIMO MARTINS COLOMBIA SAS TIENDA 649 BOSTON BARRANQUILLA,Are0127,Area Caribe,Are0016,SubArea Atlantico,Solar,No Despachado Centralmente,GNCC,2026-08-03,2026-08-03,SIMEM 0bfc9d + 841808 + 10F2C9,,,,,,,,,,,,,,,,,,,,,True,False,Solo SIMEM
5J8B,AGPE JERONIMO MARTINS COLOMBIA SAS TIENDA 810 VILLA TAREL BARRANQUILLA,Are0127,Area Caribe,Are0016,SubArea Atlantico,Solar,No Despachado Centralmente,GNCC,2026-08-03,2026-08-03,SIMEM 0bfc9d + 841808 + 10F2C9,,,,,,,,,,,,,,,,,,,,,True,False,Solo SIMEM
5J8C,AGPE JERONIMO MARTINS COLOMBIA SAS TIENDA 1091 CENTRO FONSECA,Are0127,Area Caribe,Are0025,SubArea GCM,Solar,No Despachado Centralmente,GNCC,2026-08-03,2026-08-03,SIMEM 0bfc9d + 841808 + 10F2C9,,,,,,,,,,,,,,,,,,,,,True,False,Solo SIMEM
5J8D,AGPE CORPLASTICOS,Are0056,Area Oriental,Are0017,SubArea Bogota,Solar,No Despachado Centralmente,GNCC,2026-08-03,2026-08-03,SIMEM 0bfc9d + 841808 + 10F2C9,,,,,,,,,,,,,,,,,,,,,True,False,Solo SIMEM
5J8E,AGPE LABORATORIOS ASEPTIC SAS,Are0127,Area Caribe,Are0016,SubArea Atlantico,Solar,No Despachado Centralmente,GNCC,2026-08-03,2026-08-03,SIMEM 0bfc9d + 841808 + 10F2C9,,,,,,,,,,,,,,,,,,,,,True,False,Solo SIMEM
5J8F,AGPE EDIFICIO MIRADOR DE SANTA MARIA SAS HOTEL QUO,Are0128,Area Suroccidental,Are0022,SubArea CQR,Solar,No Despachado Centralmente,GNCC,2026-08-03,2026-08-03,SIMEM 0bfc9d + 841808 + 10F2C9,,,,,,,,,,,,,,,,,,,,,True,False,Solo SIMEM
5J8G,AGPE SSFV INCOLAB SERVICES COLOMBIA SAS,Are0127,Area Caribe,Are0025,SubArea GCM,Solar,No Despachado Centralmente,GNCC,2026-08-03,2026-08-03,SIMEM 0bfc9d + 841808 + 10F2C9,,,,,,,,,,,,,,,,,,,,,True,False,Solo SIMEM
5J8H,,,,,,,,,,,,GRANJA SOLAR ASTURIAS,CESAR,20250.0,EL PASO,Caribe,-73.7382619683179,9.683721170835586,9.9,SOLAR,RAD SOLAR,ND,NORMAL,PRUEBAS,GR POWER COLOMBIA S.A.S E.S.P.,2026-06-15,2026.0,2026-08-03,0.0,SI,269.0,False,True,Solo UPME
5J8I,GD GOLONDRINA,Are0127,Area Caribe,Are0021,SubArea Cordoba_Sucre,Solar,No Despachado Centralmente,SNCG,2026-08-03,2026-08-03,SIMEM 0bfc9d + 841808 + 10F2C9,GD GOLONDRINA,SUCRE,70215.0,COROZAL,Caribe,-75.23880115686353,9.16060259796556,0.99,SOLAR,RAD SOLAR,ND,GEN. DISTRIBUIDA,OPERACIÓN,SUNCOLOMBIA GENERACIÓN S.A.S E.S.P,2026-01-17,2026.0,2026-08-03,0.0,SI,514.0,True,True,SIMEM + UPME
5J8J,GD EMPERATRIZ II,Are0127,Area Caribe,Are0021,SubArea Cordoba_Sucre,Solar,No Despachado Centralmente,SNCG,2026-08-03,2026-08-03,SIMEM 0bfc9d + 841808 + 10F2C9,GD EMPERATRIZ II,CÓRDOBA,23001.0,MONTERÍA,Caribe,-75.95052937682705,8.584659059910113,0.96,SOLAR,RAD SOLAR,ND,GEN. DISTRIBUIDA,OPERACIÓN,SUNCOLOMBIA GENERACIÓN S.A.S E.S.P,2026-02-18,2026.0,2026-08-03,0.0,SI,334.0,True,True,SIMEM + UPME
5J8K,,,,,,,,,,,,PARQUE SOLAR HATO GRANDE,CUNDINAMARCA,25183.0,CHOCONTÁ,Centro,-73.68067750463969,5.118446689682417,9.4,SOLAR,RAD SOLAR,ND,NORMAL,PRUEBAS,GREENYELLOW COMERCIALIZADORA S.A.S. E.S.P.,2026-03-24,2026.0,2026-08-03,0.0,SI,353.0,False,True,Solo UPME
5J8L,AGPE GRUPO FIRENZE SAS,Are0127,Area Caribe,Are0021,SubArea Cordoba_Sucre,Solar,No Despachado Centralmente,SCEC,2026-08-03,2026-08-03,SIMEM 0bfc9d + 841808 + 10F2C9,,,,,,,,,,,,,,,,,,,,,True,False,Solo SIMEM
5J8M,AGPE FRASSER DEL FUTURO SAS,Are0127,Area Caribe,Are0021,SubArea Cordoba_Sucre,Solar,No Despachado Centralmente,SCEC,2026-08-03,2026-08-03,SIMEM 0bfc9d + 841808 + 10F2C9,,,,,,,,,,,,,,,,,,,,,True,False,Solo SIMEM
5J8N,AGPE CACOM NO6 FAC,Are0128,Area Suroccidental,Are0026,SubArea Caqueta,Solar,No Despachado Centralmente,EPMC,2026-08-03,2026-08-03,SIMEM 0bfc9d + 841808 + 10F2C9,,,,,,,,,,,,,,,,,,,,,True,False,Solo SIMEM
5JDI,AGPE ALFONSO JOSE GOMEZ GALLON,Are0127,Area Caribe,Are0021,SubArea Cordoba_Sucre,Solar,No Despachado Centralmente,SCEC,2026-08-03,2026-08-03,SIMEM 0bfc9d + 841808 + 10F2C9,,,,,,,,,,,,,,,,,,,,,True,False,Solo SIMEM
5JDJ,AGPE SABAR1,Are0127,Area Caribe,Are0016,SubArea Atlantico,Solar,No Despachado Centralmente,ETTC,2026-08-03,2026-08-03,SIMEM 0bfc9d + 841808 + 10F2C9,,,,,,,,,,,,,,,,,,,,,True,False,Solo SIMEM
5JDK,AGPE ABRLIN1,Are0056,Area Oriental,Are0017,SubArea Bogota,Solar,No Despachado Centralmente,ETTC,2026-08-03,2026-08-03,SIMEM 0bfc9d + 841808 + 10F2C9,,,,,,,,,,,,,,,,,,,,,True,False,Solo SIMEM
5JDL,,,,,,,,,,,,PARQUE SOLAR EL JARDIN,CESAR,20001.0,VALLEDUPAR,Caribe,-73.46096446435115,10.216456883774852,9.0,SOLAR,RAD SOLAR,ND,NORMAL,PRUEBAS,GREENYELLOW COMERCIALIZADORA S.A.S. E.S.P.,2026-03-16,2026.0,2026-08-03,0.0,SI,283.0,False,True,Solo UPME
5JDM,AGPE TUCURINCA MOBILIARIOS SAS,Are0127,Area Caribe,Are0025,SubArea GCM,Solar,No Despachado Centralmente,BIAC,2026-08-03,2026-08-03,SIMEM 0bfc9d + 841808 + 10F2C9,,,,,,,,,,,,,,,,,,,,,True,False,Solo SIMEM
5JG6,GD SOLYCIELO 9,Are0127,Area Caribe,Are0021,SubArea Cordoba_Sucre,Solar,No Despachado Centralmente,UNGG,2026-08-03,2026-08-03,SIMEM 0bfc9d + 841808 + 10F2C9,GD SOLYCIELO 9,CÓRDOBA,23189.0,CIÉNAGA DE ORO,Caribe,-75.60778143094583,8.841793847590948,0.99,SOLAR,RAD SOLAR,ND,GEN. DISTRIBUIDA,OPERACIÓN,UNERGY ENERGY DIGITAL S.A.S E.S.P,2026-02-19,2026.0,2026-08-03,0.0,SI,322.0,True,True,SIMEM + UPME
5JG7,AGPE PATRICIA BRAVO ARIZA,Are0127,Area Caribe,Are0025,SubArea GCM,Solar,No Despachado Centralmente,NEUC,2026-08-03,2026-08-03,SIMEM 0bfc9d + 841808 + 10F2C9,,,,,,,,,,,,,,,,,,,,,True,False,Solo SIMEM
5JG8,AGPE EDGAR RICARDO ROJAS ECHEVERRY,Are0056,Area Oriental,Are0017,SubArea Bogota,Solar,No Despachado Centralmente,ENBC,2026-08-03,2026-08-03,SIMEM 0bfc9d + 841808 + 10F2C9,,,,,,,,,,,,,,,,,,,,,True,False,Solo SIMEM
5JG9,AGPE NELSON ALBERTO HENAO MAYA,Are0002,Area Antioquia,Are0015,SubArea Antioquia,Solar,No Despachado Centralmente,ENBC,2026-08-03,2026-08-03,SIMEM 0bfc9d + 841808 + 10F2C9,,,,,,,,,,,,,,,,,,,,,True,False,Solo SIMEM
5JGA,AGPE ANTENA RCN RADIO SAN JOSE,Are0012,Area Nordeste,Are0131,SubArea Santander,Solar,No Despachado Centralmente,GNCC,2026-08-03,2026-08-03,SIMEM 0bfc9d + 841808 + 10F2C9,,,,,,,,,,,,,,,,,,,,,True,False,Solo SIMEM
5JGC,AGPE SODETRANS,Are0127,Area Caribe,Are0016,SubArea Atlantico,Solar,No Despachado Centralmente,RTQC,2026-08-03,2026-08-03,SIMEM 0bfc9d + 841808 + 10F2C9,,,,,,,,,,,,,,,,,,,,,True,False,Solo SIMEM
5JGD,AGPE INVERSIONES NASCAR Y ASOCIADOS SAS,Are0012,Area Nordeste,Are0029,SubArea Norte de Santander,Solar,No Despachado Centralmente,SCEC,2026-08-03,2026-08-03,SIMEM 0bfc9d + 841808 + 10F2C9,,,,,,,,,,,,,,,,,,,,,True,False,Solo SIMEM
5JGE,GD ERCO LAS PIEDRAS II,Are0127,Area Caribe,Are0021,SubArea Cordoba_Sucre,Solar,No Despachado Centralmente,ERRG,2026-08-03,2026-08-03,SIMEM 0bfc9d + 841808 + 10F2C9,GD ERCO LAS PIEDRAS II,SUCRE,70670.0,SAMPUÉS,Caribe,-75.36027027089045,9.165182859935902,0.99,SOLAR,RAD SOLAR,ND,GEN. DISTRIBUIDA,OPERACIÓN,ERCO GENERACION S.A.S. ESP,2026-01-30,2026.0,2026-08-03,0.0,SI,518.0,True,True,SIMEM + UPME
5JJA,GD CHIRIGUANA NORTE I,Are0127,Area Caribe,Are0025,SubArea GCM,Solar,No Despachado Centralmente,COXG,2026-08-03,2026-08-03,SIMEM 0bfc9d + 841808 + 10F2C9,GD CHIRIGUANA NORTE I,CESAR,20178.0,CHIRIGUANÁ,Caribe,-73.54798201163547,9.426660756061144,0.99,SOLAR,RAD SOLAR,ND,GEN. DISTRIBUIDA,OPERACIÓN,COX ENERGY COMERCIALIZADORA SAS ESP,2026-06-22,2026.0,2026-08-03,0.0,SI,267.0,True,True,SIMEM + UPME
5JJB,AGPE VICAFRM1,Are0056,Area Oriental,Are0017,SubArea Bogota,Solar,No Despachado Centralmente,ETTC,2026-08-03,2026-08-03,SIMEM 0bfc9d + 841808 + 10F2C9,,,,,,,,,,,,,,,,,,,,,True,False,Solo SIMEM
5JJC,GD ERCO LAS PIEDRAS I,Are0127,Area Caribe,Are0021,SubArea Cordoba_Sucre,Solar,No Despachado Centralmente,ERRG,2026-08-03,2026-08-03,SIMEM 0bfc9d + 841808 + 10F2C9,GD ERCO LAS PIEDRAS I,SUCRE,70670.0,SAMPUÉS,Caribe,-75.36027027089045,9.165182859935902,0.99,SOLAR,RAD SOLAR,ND,GEN. DISTRIBUIDA,OPERACIÓN,ERCO GENERACION S.A.S. ESP,2026-02-18,2026.0,2026-08-03,0.0,SI,517.0,True,True,SIMEM + UPME
5JJE,AGPE AGRICOLA CACTUS FINCA 2 75 POSTCOSECHA,Are0012,Area Nordeste,Are0130,SubArea Boyaca-Casanare,Solar,No Despachado Centralmente,GNCC,2026-08-03,2026-08-03,SIMEM 0bfc9d + 841808 + 10F2C9,,,,,,,,,,,,,,,,,,,,,True,False,Solo SIMEM
5JJF,AGPE CARNES SANTACRUZ EL CONCORD MALAMBO,Are0127,Area Caribe,Are0016,SubArea Atlantico,Solar,No Despachado Centralmente,GNCC,2026-08-03,2026-08-03,SIMEM 0bfc9d + 841808 + 10F2C9,,,,,,,,,,,,,,,,,,,,,True,False,Solo SIMEM
5JJG,AGPE TECNOGRANJAS POLO NUEVO,Are0127,Area Caribe,Are0016,SubArea Atlantico,Solar,No Despachado Centralmente,GNCC,2026-08-03,2026-08-03,SIMEM 0bfc9d + 841808 + 10F2C9,,,,,,,,,,,,,,,,,,,,,True,False,Solo SIMEM
5JJH,AGPE AGRICOLA CACTUS FINCA 2 30 BOMBAS,Are0012,Area Nordeste,Are0130,SubArea Boyaca-Casanare,Solar,No Despachado Centralmente,GNCC,2026-08-03,2026-08-03,SIMEM 0bfc9d + 841808 + 10F2C9,,,,,,,,,,,,,,,,,,,,,True,False,Solo SIMEM
5JQL,GD POLARIS III,Are0128,Area Suroccidental,Are0019,SubArea Cauca-Narino,Solar,No Despachado Centralmente,BIAG,2026-08-03,2026-08-03,SIMEM 0bfc9d + 841808 + 10F2C9,GD POLARIS III,CAUCA,19450.0,MERCADERES,Pacífico,-77.18061737754445,1.7938202194624484,0.99,SOLAR,RAD SOLAR,ND,GEN. DISTRIBUIDA,OPERACIÓN,BIA ENERGY S.A.S. E.S.P,2026-02-05,2026.0,2026-08-03,0.0,SI,245.0,True,True,SIMEM + UPME
5JR6,AGPE IDM SOLAR BOGOTA,Are0056,Area Oriental,Are0017,SubArea Bogota,Solar,No Despachado Centralmente,ENDC,2026-08-03,2026-08-03,SIMEM 0bfc9d + 841808 + 10F2C9,,,,,,,,,,,,,,,,,,,,,True,False,Solo SIMEM
5JR7,AGPE AVICOLA DEL MAGDALENA SA,Are0056,Area Oriental,Are0017,SubArea Bogota,Solar,No Despachado Centralmente,EXEC,2026-08-03,2026-08-03,SIMEM 0bfc9d + 841808 + 10F2C9,,,,,,,,,,,,,,,,,,,,,True,False,Solo SIMEM
5JR8,AGPE INDUCON,Are0056,Area Oriental,Are0017,SubArea Bogota,Solar,No Despachado Centralmente,EXEC,2026-08-03,2026-08-03,SIMEM 0bfc9d + 841808 + 10F2C9,,,,,,,,,,,,,,,,,,,,,True,False,Solo SIMEM
5JR9,AGPE VANTI SAN ANDRES,Are0056,Area Oriental,Are0017,SubArea Bogota,Termica,No Despachado Centralmente,ENDC,2026-08-03,2026-08-03,SIMEM 0bfc9d + 841808 + 10F2C9,,,,,,,,,,,,,,,,,,,,,True,False,Solo SIMEM
5JRA,AGPE VANTI PROSPERIDAD,Are0056,Area Oriental,Are0017,SubArea Bogota,Termica,No Despachado Centralmente,ENDC,2026-08-03,2026-08-03,SIMEM 0bfc9d + 841808 + 10F2C9,,,,,,,,,,,,,,,,,,,,,True,False,Solo SIMEM
5JRB,AGPE VANTI SAN BERNARDINO,Are0056,Area Oriental,Are0017,SubArea Bogota,Termica,No Despachado Centralmente,ENDC,2026-08-03,2026-08-03,SIMEM 0bfc9d + 841808 + 10F2C9,,,,,,,,,,,,,,,,,,,,,True,False,Solo SIMEM
5JRO,GD EDEQ SOLAR LA TEBAIDA,Are0128,Area Suroccidental,Are0022,SubArea CQR,Solar,No Despachado Centralmente,EDQG,2026-08-03,2026-08-03,SIMEM 0bfc9d + 841808 + 10F2C9,GD EDEQ SOLAR LA TEBAIDA,QUINDIO,63401.0,LA TEBAIDA,Eje Cafetero,-75.81916520366627,4.42688633444252,0.12,SOLAR,RAD SOLAR,ND,GEN. DISTRIBUIDA,OPERACIÓN,EMPRESA DE ENERGIA DEL QUINDIO S.A. E.S.P.,2026-02-09,2026.0,2026-08-03,0.0,SI,466.0,True,True,SIMEM + UPME
5JRP,GD EDEQ SOLAR MONTENEGRO,Are0128,Area Suroccidental,Are0022,SubArea CQR,Solar,No Despachado Centralmente,EDQG,2026-08-03,2026-08-03,SIMEM 0bfc9d + 841808 + 10F2C9,GD EDEQ SOLAR MONTENEGRO,QUINDIO,63470.0,MONTENEGRO,Eje Cafetero,-75.81808126568117,4.521886076704574,0.105,SOLAR,RAD SOLAR,ND,GEN. DISTRIBUIDA,OPERACIÓN,EMPRESA DE ENERGIA DEL QUINDIO S.A. E.S.P.,2026-02-09,2026.0,2026-08-03,0.0,SI,465.0,True,True,SIMEM + UPME
5JRW,AGPE JERONIMO MARTINS COLOMBIA SAS TIENDA 357 CHIA VARIANTE,Are0056,Area Oriental,Are0017,SubArea Bogota,Solar,No Despachado Centralmente,GNCC,2026-08-03,2026-08-03,SIMEM 0bfc9d + 841808 + 10F2C9,,,,,,,,,,,,,,,,,,,,,True,False,Solo SIMEM
5JRX,AGPE TIENDA ARA MOSQUERA,Are0056,Area Oriental,Are0017,SubArea Bogota,Solar,No Despachado Centralmente,GNCC,2026-08-03,2026-08-03,SIMEM 0bfc9d + 841808 + 10F2C9,,,,,,,,,,,,,,,,,,,,,True,False,Solo SIMEM
5JRY,AGPE TRANSDIAZ,Are0127,Area Caribe,Are0016,SubArea Atlantico,Solar,No Despachado Centralmente,RTQC,2026-08-03,2026-08-03,SIMEM 0bfc9d + 841808 + 10F2C9,,,,,,,,,,,,,,,,,,,,,True,False,Solo SIMEM
5JRZ,AGPE MARIA EMILIA GARCIA MENDEZ,Are0127,Area Caribe,Are0021,SubArea Cordoba_Sucre,Solar,No Despachado Centralmente,SCEC,2026-08-03,2026-08-03,SIMEM 0bfc9d + 841808 + 10F2C9,,,,,,,,,,,,,,,,,,,,,True,False,Solo SIMEM
5JS1,AGPE JERONIMO MARTINS COL SAS TIENDA 279 LUCERO BAJO BOG,Are0056,Area Oriental,Are0017,SubArea Bogota,Solar,No Despachado Centralmente,GNCC,2026-08-03,2026-08-03,SIMEM 0bfc9d + 841808 + 10F2C9,,,,,,,,,,,,,,,,,,,,,True,False,Solo SIMEM
5JS2,AGPE PROTECCION CATODICA DE COLOMBIA SAS 1,Are0056,Area Oriental,Are0017,SubArea Bogota,Solar,No Despachado Centralmente,ENBC,2026-08-03,2026-08-03,SIMEM 0bfc9d + 841808 + 10F2C9,,,,,,,,,,,,,,,,,,,,,True,False,Solo SIMEM
5JS3,AGPE TEMPLAR SAS,Are0127,Area Caribe,Are0016,SubArea Atlantico,Solar,No Despachado Centralmente,BIAC,2026-08-03,2026-08-03,SIMEM 0bfc9d + 841808 + 10F2C9,,,,,,,,,,,,,,,,,,,,,True,False,Solo SIMEM
5JS4,AGPE PLANTA TEMPLAR SEDE CARACOLI,Are0127,Area Caribe,Are0016,SubArea Atlantico,Solar,No Despachado Centralmente,BIAC,2026-08-03,2026-08-03,SIMEM 0bfc9d + 841808 + 10F2C9,,,,,,,,,,,,,,,,,,,,,True,False,Solo SIMEM
5JS5,AGPE CUCINARE SAS,Are0127,Area Caribe,Are0016,SubArea Atlantico,Solar,No Despachado Centralmente,BIAC,2026-08-03,2026-08-03,SIMEM 0bfc9d + 841808 + 10F2C9,,,,,,,,,,,,,,,,,,,,,True,False,Solo SIMEM
5JS6,AGPE FARMATODO HAYUELOS,Are0056,Area Oriental,Are0017,SubArea Bogota,Solar,No Despachado Centralmente,BIAC,2026-08-03,2026-08-03,SIMEM 0bfc9d + 841808 + 10F2C9,,,,,,,,,,,,,,,,,,,,,True,False,Solo SIMEM
5JS7,AGPE SURTIDELICIAS FOOD SERVICE SAS MONTERIA,Are0127,Area Caribe,Are0021,SubArea Cordoba_Sucre,Solar,No Despachado Centralmente,SCEC,2026-08-03,2026-08-03,SIMEM 0bfc9d + 841808 + 10F2C9,,,,,,,,,,,,,,,,,,,,,True,False,Solo SIMEM
5JS8,AGPE SURTIDELICIAS FOOD SERVICE SAS DORADO,Are0127,Area Caribe,Are0021,SubArea Cordoba_Sucre,Solar,No Despachado Centralmente,SCEC,2026-08-03,2026-08-03,SIMEM 0bfc9d + 841808 + 10F2C9,,,,,,,,,,,,,,,,,,,,,True,False,Solo SIMEM
5JS9,AGPE PUERTO 125 ZC,Are0128,Area Suroccidental,Are0032,SubArea Valle,Solar,No Despachado Centralmente,ENBC,2026-08-03,2026-08-03,SIMEM 0bfc9d + 841808 + 10F2C9,,,,,,,,,,,,,,,,,,,,,True,False,Solo SIMEM
5JSA,AGPE AVICOLA COMERCIAL L SAS MANIZALES,Are0128,Area Suroccidental,Are0022,SubArea CQR,Solar,No Despachado Centralmente,GNCC,2026-08-03,2026-08-03,SIMEM 0bfc9d + 841808 + 10F2C9,,,,,,,,,,,,,,,,,,,,,True,False,Solo SIMEM
5JSB,AGPE SOLUCIONES INFORMATICAS CORPORATIVAS SIC SAS,Are0127,Area Caribe,Are0021,SubArea Cordoba_Sucre,Solar,No Despachado Centralmente,SCEC,2026-08-03,2026-08-03,SIMEM 0bfc9d + 841808 + 10F2C9,,,,,,,,,,,,,,,,,,,,,True,False,Solo SIMEM
5JSC,AGPE PROYECTO SEVILLANA SAS CASA 45,Are0127,Area Caribe,Are0021,SubArea Cordoba_Sucre,Solar,No Despachado Centralmente,SCEC,2026-08-03,2026-08-03,SIMEM 0bfc9d + 841808 + 10F2C9,,,,,,,,,,,,,,,,,,,,,True,False,Solo SIMEM
5JSD,AGPE PROYECTO SEVILLANA SAS CASA 47,Are0127,Area Caribe,Are0021,SubArea Cordoba_Sucre,Solar,No Despachado Centralmente,SCEC,2026-08-03,2026-08-03,SIMEM 0bfc9d + 841808 + 10F2C9,,,,,,,,,,,,,,,,,,,,,True,False,Solo SIMEM
5JSE,AGPE PROYECTO SEVILLANA SAS CASA 46,Are0127,Area Caribe,Are0021,SubArea Cordoba_Sucre,Solar,No Despachado Centralmente,SCEC,2026-08-03,2026-08-03,SIMEM 0bfc9d + 841808 + 10F2C9,,,,,,,,,,,,,,,,,,,,,True,False,Solo SIMEM
5JSF,AGPE TIENDA ARA CHOCONTA,Are0056,Area Oriental,Are0017,SubArea Bogota,Solar,No Despachado Centralmente,GNCC,2026-08-03,2026-08-03,SIMEM 0bfc9d + 841808 + 10F2C9,,,,,,,,,,,,,,,,,,,,,True,False,Solo SIMEM
5JSG,AGPE PROYECTO SEVILLANA SAS CASA 31,Are0127,Area Caribe,Are0021,SubArea Cordoba_Sucre,Solar,No Despachado Centralmente,SCEC,2026-08-03,2026-08-03,SIMEM 0bfc9d + 841808 + 10F2C9,,,,,,,,,,,,,,,,,,,,,True,False,Solo SIMEM
5JSH,AGPE PROYECTO SEVILLANA SAS CASA 50,Are0127,Area Caribe,Are0021,SubArea Cordoba_Sucre,Solar,No Despachado Centralmente,SCEC,2026-08-03,2026-08-03,SIMEM 0bfc9d + 841808 + 10F2C9,,,,,,,,,,,,,,,,,,,,,True,False,Solo SIMEM
5JSI,AGPE PROYECTO SEVILLANA SAS CASA 48,Are0127,Area Caribe,Are0021,SubArea Cordoba_Sucre,Solar,No Despachado Centralmente,SCEC,2026-08-03,2026-08-03,SIMEM 0bfc9d + 841808 + 10F2C9,,,,,,,,,,,,,,,,,,,,,True,False,Solo SIMEM
5JSJ,AGPE PAOLA ALEXANDRA GUARNIZO SOTOMAYOR,Are0127,Area Caribe,Are0021,SubArea Cordoba_Sucre,Solar,No Despachado Centralmente,SCEC,2026-08-03,2026-08-03,SIMEM 0bfc9d + 841808 + 10F2C9,,,,,,,,,,,,,,,,,,,,,True,False,Solo SIMEM
5JSK,AGPE PROYECTO SEVILLANA SAS CASA 33,Are0127,Area Caribe,Are0021,SubArea Cordoba_Sucre,Solar,No Despachado Centralmente,SCEC,2026-08-03,2026-08-03,SIMEM 0bfc9d + 841808 + 10F2C9,,,,,,,,,,,,,,,,,,,,,True,False,Solo SIMEM
5K7C,AGPE DEPOTR1,Are0127,Area Caribe,Are0021,SubArea Cordoba_Sucre,Solar,No Despachado Centralmente,ETTC,2026-08-03,2026-08-03,SIMEM 0bfc9d + 841808 + 10F2C9,,,,,,,,,,,,,,,,,,,,,True,False,Solo SIMEM
5K7D,AGPE FARMATODO 1018544,Are0128,Area Suroccidental,Are0032,SubArea Valle,Solar,No Despachado Centralmente,NEUC,2026-08-03,2026-08-03,SIMEM 0bfc9d + 841808 + 10F2C9,,,,,,,,,,,,,,,,,,,,,True,False,Solo SIMEM
5K7E,AGPE VITELSA118,Are0012,Area Nordeste,Are0131,SubArea Santander,Solar,No Despachado Centralmente,EPMC,2026-08-03,2026-08-03,SIMEM 0bfc9d + 841808 + 10F2C9,,,,,,,,,,,,,,,,,,,,,True,False,Solo SIMEM
5K7F,AGPE IPS MOLINOS,Are0002,Area Antioquia,Are0015,SubArea Antioquia,Solar,No Despachado Centralmente,EPMC,2026-08-03,2026-08-03,SIMEM 0bfc9d + 841808 + 10F2C9,,,,,,,,,,,,,,,,,,,,,True,False,Solo SIMEM
5K7G,AGPE STO 689 PEPE SIERRA,Are0056,Area Oriental,Are0017,SubArea Bogota,Solar,No Despachado Centralmente,NEUC,2026-08-03,2026-08-03,SIMEM 0bfc9d + 841808 + 10F2C9,,,,,,,,,,,,,,,,,,,,,True,False,Solo SIMEM
5K7H,GD PEGASUS SOLAR,Are0127,Area Caribe,Are0021,SubArea Cordoba_Sucre,Solar,No Despachado Centralmente,GNYG,2026-08-03,2026-08-03,SIMEM 0bfc9d + 841808 + 10F2C9,GD PEGASUS SOLAR,SUCRE,70215.0,COROZAL,Caribe,-75.23880115686353,9.16060259796556,0.999,SOLAR,RAD SOLAR,ND,GEN. DISTRIBUIDA,OPERACIÓN,GREENYELLOW COMERCIALIZADORA S.A.S. E.S.P.,2026-03-02,2026.0,2026-08-03,0.0,SI,511.0,True,True,SIMEM + UPME
5K7I,GD PARQUE SOLAR LA ESPERANZA,Are0056,Area Oriental,Are0027,SubArea Meta,Solar,No Despachado Centralmente,EMSG,2026-08-03,2026-08-03,SIMEM 0bfc9d + 841808 + 10F2C9,GD PARQUE SOLAR LA ESPERANZA,META,50313.0,GRANADA,Oriente,-73.76109098208737,3.4410026873768618,0.99,SOLAR,RAD SOLAR,ND,GEN. DISTRIBUIDA,OPERACIÓN,ELECTRIFICADORA DEL META S.A. E.S.P.,2026-02-19,2026.0,2026-08-03,0.0,SI,413.0,True,True,SIMEM + UPME
5K7J,AGPE UNAL MINAS,Are0002,Area Antioquia,Are0015,SubArea Antioquia,Solar,No Despachado Centralmente,EPMC,2026-08-03,2026-08-03,SIMEM 0bfc9d + 841808 + 10F2C9,,,,,,,,,,,,,,,,,,,,,True,False,Solo SIMEM
5K7K,AGPE SCALPI,Are0056,Area Oriental,Are0017,SubArea Bogota,Solar,No Despachado Centralmente,EPMC,2026-08-03,2026-08-03,SIMEM 0bfc9d + 841808 + 10F2C9,,,,,,,,,,,,,,,,,,,,,True,False,Solo SIMEM
5K7L,AGPE COLEGIO PANAMERICANO,Are0012,Area Nordeste,Are0131,SubArea Santander,Solar,No Despachado Centralmente,RTQC,2026-08-03,2026-08-03,SIMEM 0bfc9d + 841808 + 10F2C9,,,,,,,,,,,,,,,,,,,,,True,False,Solo SIMEM
5K7M,AGPE KFC GIRARDOT EL LEON,Are0056,Area Oriental,Are0017,SubArea Bogota,Solar,No Despachado Centralmente,EXEC,2026-08-03,2026-08-03,SIMEM 0bfc9d + 841808 + 10F2C9,,,,,,,,,,,,,,,,,,,,,True,False,Solo SIMEM
5K7N,GD SEMILLA DE EL PASO IVA,Are0127,Area Caribe,Are0025,SubArea GCM,Solar,No Despachado Centralmente,ERRG,2026-08-03,2026-08-03,SIMEM 0bfc9d + 841808 + 10F2C9,GD SEMILLA DE EL PASO IVA,CESAR,20250.0,EL PASO,Caribe,-73.7382619683179,9.683721170835586,0.99,SOLAR,RAD SOLAR,ND,GEN. DISTRIBUIDA,OPERACIÓN,ERCO GENERACION S.A.S. ESP,2026-02-19,2026.0,2026-08-03,0.0,SI,275.0,True,True,SIMEM + UPME
5K7O,GD SEMILLA DE EL PASO IIIA,Are0127,Area Caribe,Are0025,SubArea GCM,Solar,No Despachado Centralmente,ERRG,2026-08-03,2026-08-03,SIMEM 0bfc9d + 841808 + 10F2C9,GD SEMILLA DE EL PASO IIIA,CESAR,20250.0,EL PASO,Caribe,-73.7382619683179,9.683721170835586,0.99,SOLAR,RAD SOLAR,ND,GEN. DISTRIBUIDA,OPERACIÓN,ERCO GENERACION S.A.S. ESP,2026-02-19,2026.0,2026-08-03,0.0,SI,274.0,True,True,SIMEM + UPME
5L9R,AGPE PRT100,Are0056,Area Oriental,Are0017,SubArea Bogota,Solar,No Despachado Centralmente,ETTC,2026-08-03,2026-08-03,SIMEM 0bfc9d + 841808 + 10F2C9,,,,,,,,,,,,,,,,,,,,,True,False,Solo SIMEM
5L9S,AGPE COSIM1,Are0128,Area Suroccidental,Are0032,SubArea Valle,Solar,No Despachado Centralmente,ETTC,2026-08-03,2026-08-03,SIMEM 0bfc9d + 841808 + 10F2C9,,,,,,,,,,,,,,,,,,,,,True,False,Solo SIMEM
5L9T,GD PARQUE SOLAR TRONCAL,Are0056,Area Oriental,Are0027,SubArea Meta,Solar,No Despachado Centralmente,EMSG,2026-08-03,2026-08-03,SIMEM 0bfc9d + 841808 + 10F2C9,GD PARQUE SOLAR TRONCAL,META,50313.0,GRANADA,Oriente,-73.76109098208737,3.4410026873768618,0.99,SOLAR,RAD SOLAR,ND,GEN. DISTRIBUIDA,OPERACIÓN,ELECTRIFICADORA DEL META S.A. E.S.P.,2026-02-21,2026.0,2026-08-03,0.0,SI,414.0,True,True,SIMEM + UPME
5L9U,AGPE PROYECTO SEVILLANA SAS CASA 41,Are0127,Area Caribe,Are0021,SubArea Cordoba_Sucre,Solar,No Despachado Centralmente,SCEC,2026-08-03,2026-08-03,SIMEM 0bfc9d + 841808 + 10F2C9,,,,,,,,,,,,,,,,,,,,,True,False,Solo SIMEM
5L9V,AGPE PROYECTO SEVILLANA SAS CASA 53,Are0127,Area Caribe,Are0021,SubArea Cordoba_Sucre,Solar,No Despachado Centralmente,SCEC,2026-08-03,2026-08-03,SIMEM 0bfc9d + 841808 + 10F2C9,,,,,,,,,,,,,,,,,,,,,True,False,Solo SIMEM
5L9W,AGPE PROYECTO SEVILLANA SAS CASA 52,Are0127,Area Caribe,Are0021,SubArea Cordoba_Sucre,Solar,No Despachado Centralmente,SCEC,2026-08-03,2026-08-03,SIMEM 0bfc9d + 841808 + 10F2C9,,,,,,,,,,,,,,,,,,,,,True,False,Solo SIMEM
5L9X,AGPE JESUS ANTONIO PEREZ GARCIA,Are0127,Area Caribe,Are0016,SubArea Atlantico,Solar,No Despachado Centralmente,ENBC,2026-08-03,2026-08-03,SIMEM 0bfc9d + 841808 + 10F2C9,,,,,,,,,,,,,,,,,,,,,True,False,Solo SIMEM
5L9Z,AGPE 567 ARA ORIHUECA CALLE 5,Are0127,Area Caribe,Are0025,SubArea GCM,Solar,No Despachado Centralmente,NEUC,2026-08-03,2026-08-03,SIMEM 0bfc9d + 841808 + 10F2C9,,,,,,,,,,,,,,,,,,,,,True,False,Solo SIMEM
5LA1,AGPE ARA SEDE 344 PLAZA SIMON BOLIVAR,Are0012,Area Nordeste,Are0130,SubArea Boyaca-Casanare,Solar,No Despachado Centralmente,GNCC,2026-08-03,2026-08-03,SIMEM 0bfc9d + 841808 + 10F2C9,,,,,,,,,,,,,,,,,,,,,True,False,Solo SIMEM
5LA2,AGPE JERONIMO MARTINS COLOMBIA SAS TIENDA 907 SAN JUAN DE BETULIA,Are0127,Area Caribe,Are0021,SubArea Cordoba_Sucre,Solar,No Despachado Centralmente,GNCC,2026-08-03,2026-08-03,SIMEM 0bfc9d + 841808 + 10F2C9,,,,,,,,,,,,,,,,,,,,,True,False,Solo SIMEM
5LA3,AGPE COMBITA 2 BODEGA,Are0127,Area Caribe,Are0025,SubArea GCM,Solar,No Despachado Centralmente,GNCC,2026-08-03,2026-08-03,SIMEM 0bfc9d + 841808 + 10F2C9,,,,,,,,,,,,,,,,,,,,,True,False,Solo SIMEM
5LA4,AGPE CC PLAZA 90,Are0127,Area Caribe,Are0018,SubArea Bolivar,Solar,No Despachado Centralmente,GNCC,2026-08-03,2026-08-03,SIMEM 0bfc9d + 841808 + 10F2C9,,,,,,,,,,,,,,,,,,,,,True,False,Solo SIMEM
5LA9,AGPE 524 ARA PALMAR DE LA VARELA CENTRO,Are0127,Area Caribe,Are0016,SubArea Atlantico,Solar,No Despachado Centralmente,NEUC,2026-08-03,2026-08-03,SIMEM 0bfc9d + 841808 + 10F2C9,,,,,,,,,,,,,,,,,,,,,True,False,Solo SIMEM
5LAA,GD SEVILLANO RURAL II,Are0127,Area Caribe,Are0025,SubArea GCM,Solar,No Despachado Centralmente,GNYG,2026-08-03,2026-08-03,SIMEM 0bfc9d + 841808 + 10F2C9,GD SEVILLANO RURAL II,MAGDALENA,47980.0,ZONA BANANERA,Caribe,-74.17798194509768,10.796331405554511,0.99,SOLAR,RAD SOLAR,ND,GEN. DISTRIBUIDA,OPERACIÓN,GREENYELLOW COMERCIALIZADORA S.A.S. E.S.P.,2026-02-26,2026.0,2026-08-03,0.0,SI,406.0,True,True,SIMEM + UPME
5LAB,AGPE PROYECTO SEVILLANA SAS CASA 51,Are0127,Area Caribe,Are0021,SubArea Cordoba_Sucre,Solar,No Despachado Centralmente,SCEC,2026-08-03,2026-08-03,SIMEM 0bfc9d + 841808 + 10F2C9,,,,,,,,,,,,,,,,,,,,,True,False,Solo SIMEM
5LAC,AGPE RAFAEL CESAR SANTIAGO NAAR,Are0127,Area Caribe,Are0021,SubArea Cordoba_Sucre,Solar,No Despachado Centralmente,SCEC,2026-08-03,2026-08-03,SIMEM 0bfc9d + 841808 + 10F2C9,,,,,,,,,,,,,,,,,,,,,True,False,Solo SIMEM
5LAD,AGPE SHARON ELIZABETH NISPERUZA LLORENTE,Are0127,Area Caribe,Are0021,SubArea Cordoba_Sucre,Solar,No Despachado Centralmente,SCEC,2026-08-03,2026-08-03,SIMEM 0bfc9d + 841808 + 10F2C9,,,,,,,,,,,,,,,,,,,,,True,False,Solo SIMEM
5LAE,AGPE SUGEY ELENA NADER ALEMAN,Are0127,Area Caribe,Are0021,SubArea Cordoba_Sucre,Solar,No Despachado Centralmente,SCEC,2026-08-03,2026-08-03,SIMEM 0bfc9d + 841808 + 10F2C9,,,,,,,,,,,,,,,,,,,,,True,False,Solo SIMEM
5LNV,AGPE INVERSIONES ZULUAGA RUEDA,Are0012,Area Nordeste,Are0131,SubArea Santander,Solar,No Despachado Centralmente,RTQC,2026-08-03,2026-08-03,SIMEM 0bfc9d + 841808 + 10F2C9,,,,,,,,,,,,,,,,,,,,,True,False,Solo SIMEM
5LNW,AGPE FARMATODO LIBERTADORES,Are0012,Area Nordeste,Are0029,SubArea Norte de Santander,Solar,No Despachado Centralmente,RTQC,2026-08-03,2026-08-03,SIMEM 0bfc9d + 841808 + 10F2C9,,,,,,,,,,,,,,,,,,,,,True,False,Solo SIMEM
5LOL,AGPE LADRILLERA LOS IKA,Are0128,Area Suroccidental,Are0032,SubArea Valle,Solar,No Despachado Centralmente,EPSC,2026-08-03,2026-08-03,SIMEM 0bfc9d + 841808 + 10F2C9,,,,,,,,,,,,,,,,,,,,,True,False,Solo SIMEM
5LOM,AGPE FUNTEC2,Are0127,Area Caribe,Are0021,SubArea Cordoba_Sucre,Solar,No Despachado Centralmente,ETTC,2026-08-03,2026-08-03,SIMEM 0bfc9d + 841808 + 10F2C9,,,,,,,,,,,,,,,,,,,,,True,False,Solo SIMEM
5LON,GD MEISSA II,Are0127,Area Caribe,Are0020,SubArea Cerromatoso,Solar,No Despachado Centralmente,GNYG,2026-08-03,2026-08-03,SIMEM 0bfc9d + 841808 + 10F2C9,GD MEISSA II,CÓRDOBA,23555.0,PLANETA RICA,Caribe,-75.68911038737392,8.181193052658834,0.96,SOLAR,RAD SOLAR,ND,GEN. DISTRIBUIDA,OPERACIÓN,GREENYELLOW COMERCIALIZADORA S.A.S. E.S.P.,2026-03-19,2026.0,2026-08-03,0.0,SI,319.0,True,True,SIMEM + UPME
5LOO,GD SEVILLANO RURAL I,Are0127,Area Caribe,Are0025,SubArea GCM,Solar,No Despachado Centralmente,GNYG,2026-08-03,2026-08-03,SIMEM 0bfc9d + 841808 + 10F2C9,GD SEVILLANO RURAL I,MAGDALENA,47980.0,ZONA BANANERA,Caribe,-74.17798194509768,10.796331405554511,0.99,SOLAR,RAD SOLAR,ND,GEN. DISTRIBUIDA,OPERACIÓN,GREENYELLOW COMERCIALIZADORA S.A.S. E.S.P.,2026-03-02,2026.0,2026-08-03,0.0,SI,405.0,True,True,SIMEM + UPME
5LOP,AGPE TERPEL PIEDECUESTA,Are0012,Area Nordeste,Are0131,SubArea Santander,Solar,No Despachado Centralmente,BIAC,2026-08-03,2026-08-03,SIMEM 0bfc9d + 841808 + 10F2C9,,,,,,,,,,,,,,,,,,,,,True,False,Solo SIMEM
5LOQ,AGPE HOTEL CORAL SANTA MARTA,Are0127,Area Caribe,Are0025,SubArea GCM,Solar,No Despachado Centralmente,BIAC,2026-08-03,2026-08-03,SIMEM 0bfc9d + 841808 + 10F2C9,,,,,,,,,,,,,,,,,,,,,True,False,Solo SIMEM
5LOR,AGPE TERPEL EL RECREO,Are0128,Area Suroccidental,Are0032,SubArea Valle,Solar,No Despachado Centralmente,BIAC,2026-08-03,2026-08-03,SIMEM 0bfc9d + 841808 + 10F2C9,,,,,,,,,,,,,,,,,,,,,True,False,Solo SIMEM
5LOS,AGPE FERNANDO MUNARRIZ SALCEDO CASA 20,Are0127,Area Caribe,Are0016,SubArea Atlantico,Solar,No Despachado Centralmente,ENBC,2026-08-03,2026-08-03,SIMEM 0bfc9d + 841808 + 10F2C9,,,,,,,,,,,,,,,,,,,,,True,False,Solo SIMEM
5LOT,AGPE DIANA AMPARO BRITTO,Are0128,Area Suroccidental,Are0032,SubArea Valle,Solar,No Despachado Centralmente,ENBC,2026-08-03,2026-08-03,SIMEM 0bfc9d + 841808 + 10F2C9,,,,,,,,,,,,,,,,,,,,,True,False,Solo SIMEM
5LQS,AGPE AGROPECUARIA TABAIDA SAS SANTA MARTA,Are0127,Area Caribe,Are0021,SubArea Cordoba_Sucre,Solar,No Despachado Centralmente,SCEC,2026-08-03,2026-08-03,SIMEM 0bfc9d + 841808 + 10F2C9,,,,,,,,,,,,,,,,,,,,,True,False,Solo SIMEM
5LQT,AGPE SS LA SANTA VM SAS,Are0127,Area Caribe,Are0018,SubArea Bolivar,Solar,No Despachado Centralmente,SCEC,2026-08-03,2026-08-03,SIMEM 0bfc9d + 841808 + 10F2C9,,,,,,,,,,,,,,,,,,,,,True,False,Solo SIMEM
5LQU,AGPE MARIA OLINDA VEGA MILANE,Are0127,Area Caribe,Are0021,SubArea Cordoba_Sucre,Solar,No Despachado Centralmente,SCEC,2026-08-03,2026-08-03,SIMEM 0bfc9d + 841808 + 10F2C9,,,,,,,,,,,,,,,,,,,,,True,False,Solo SIMEM
5LRE,AGPE EDUARDO PATRON PEREZ,Are0127,Area Caribe,Are0021,SubArea Cordoba_Sucre,Solar,No Despachado Centralmente,SCEC,2026-08-03,2026-08-03,SIMEM 0bfc9d + 841808 + 10F2C9,,,,,,,,,,,,,,,,,,,,,True,False,Solo SIMEM
5LRF,AGPE TIENDA ARA ZIPAQUIRA,Are0056,Area Oriental,Are0017,SubArea Bogota,Solar,No Despachado Centralmente,GNCC,2026-08-03,2026-08-03,SIMEM 0bfc9d + 841808 + 10F2C9,,,,,,,,,,,,,,,,,,,,,True,False,Solo SIMEM
5LRG,AGPE FRIGORIFICO LA PARISIENE,Are0127,Area Caribe,Are0016,SubArea Atlantico,Solar,No Despachado Centralmente,GNCC,2026-08-03,2026-08-03,SIMEM 0bfc9d + 841808 + 10F2C9,,,,,,,,,,,,,,,,,,,,,True,False,Solo SIMEM
5LRH,AGPE SOCIAL SOLAR SAS,Are0012,Area Nordeste,Are0130,SubArea Boyaca-Casanare,Solar,No Despachado Centralmente,GNCC,2026-08-03,2026-08-03,SIMEM 0bfc9d + 841808 + 10F2C9,,,,,,,,,,,,,,,,,,,,,True,False,Solo SIMEM
5LRI,AGPE NEUROAVACES ELITE,Are0127,Area Caribe,Are0016,SubArea Atlantico,Solar,No Despachado Centralmente,GNCC,2026-08-03,2026-08-03,SIMEM 0bfc9d + 841808 + 10F2C9,,,,,,,,,,,,,,,,,,,,,True,False,Solo SIMEM
5LRJ,AGPE SUIMTEC SAS,Are0128,Area Suroccidental,Are0022,SubArea CQR,Solar,No Despachado Centralmente,GNCC,2026-08-03,2026-08-03,SIMEM 0bfc9d + 841808 + 10F2C9,,,,,,,,,,,,,,,,,,,,,True,False,Solo SIMEM
5LSN,GD CHIRIGUANA NORTE II,Are0127,Area Caribe,Are0025,SubArea GCM,Solar,No Despachado Centralmente,UNGG,2026-08-03,2026-08-03,SIMEM 0bfc9d + 841808 + 10F2C9,GD CHIRIGUANA NORTE II,CESAR,20178.0,CHIRIGUANÁ,Caribe,-73.54798201163547,9.426660756061144,0.99,SOLAR,RAD SOLAR,ND,GEN. DISTRIBUIDA,OPERACIÓN,UNERGY ENERGY DIGITAL S.A.S E.S.P,2026-05-22,2026.0,2026-08-03,0.0,SI,265.0,True,True,SIMEM + UPME
5LSO,GD CHIRIGUANA NORTE IV,Are0127,Area Caribe,Are0025,SubArea GCM,Solar,No Despachado Centralmente,UNGG,2026-08-03,2026-08-03,SIMEM 0bfc9d + 841808 + 10F2C9,GD CHIRIGUANA NORTE IV,CESAR,20178.0,CHIRIGUANÁ,Caribe,-73.54798201163547,9.426660756061144,0.99,SOLAR,RAD SOLAR,ND,GEN. DISTRIBUIDA,OPERACIÓN,UNERGY ENERGY DIGITAL S.A.S E.S.P,2026-05-22,2026.0,2026-08-03,0.0,SI,266.0,True,True,SIMEM + UPME
5LSP,AGPE PROYECTO SEVILLANA SAS CASA 49,Are0127,Area Caribe,Are0021,SubArea Cordoba_Sucre,Solar,No Despachado Centralmente,SCEC,2026-08-03,2026-08-03,SIMEM 0bfc9d + 841808 + 10F2C9,,,,,,,,,,,,,,,,,,,,,True,False,Solo SIMEM
5LSQ,AGPE WIEDII SAS,Are0012,Area Nordeste,Are0029,SubArea Norte de Santander,Solar,No Despachado Centralmente,GNCC,2026-08-03,2026-08-03,SIMEM 0bfc9d + 841808 + 10F2C9,,,,,,,,,,,,,,,,,,,,,True,False,Solo SIMEM
5LSR,AGPE AMANDA LUCIA ACEVEDO ROJAS,Are0012,Area Nordeste,Are0029,SubArea Norte de Santander,Solar,No Despachado Centralmente,SCEC,2026-08-03,2026-08-03,SIMEM 0bfc9d + 841808 + 10F2C9,,,,,,,,,,,,,,,,,,,,,True,False,Solo SIMEM
5LSS,AGPE COLEGIO DIVINO NINO JESUS,Are0012,Area Nordeste,Are0131,SubArea Santander,Solar,No Despachado Centralmente,GNCC,2026-08-03,2026-08-03,SIMEM 0bfc9d + 841808 + 10F2C9,,,,,,,,,,,,,,,,,,,,,True,False,Solo SIMEM
5LST,AGPE HENRY MEDINA TORRES Y CIA SAS,Are0127,Area Caribe,Are0021,SubArea Cordoba_Sucre,Solar,No Despachado Centralmente,SCEC,2026-08-03,2026-08-03,SIMEM 0bfc9d + 841808 + 10F2C9,,,,,,,,,,,,,,,,,,,,,True,False,Solo SIMEM
5LSU,AGPE ELENA IVETTE DIAZ DE BOOM,Are0127,Area Caribe,Are0021,SubArea Cordoba_Sucre,Solar,No Despachado Centralmente,SCEC,2026-08-03,2026-08-03,SIMEM 0bfc9d + 841808 + 10F2C9,,,,,,,,,,,,,,,,,,,,,True,False,Solo SIMEM
5LSV,AGPE SSFV OZONO STORE 5,Are0128,Area Suroccidental,Are0032,SubArea Valle,Solar,No Despachado Centralmente,GNCC,2026-08-03,2026-08-03,SIMEM 0bfc9d + 841808 + 10F2C9,,,,,,,,,,,,,,,,,,,,,True,False,Solo SIMEM
5LSW,AGPE CLARA INES OCHOA,Are0128,Area Suroccidental,Are0032,SubArea Valle,Solar,No Despachado Centralmente,ENBC,2026-08-03,2026-08-03,SIMEM 0bfc9d + 841808 + 10F2C9,,,,,,,,,,,,,,,,,,,,,True,False,Solo SIMEM
5LSX,AGPE SSFV MADECENTRO CLL 19,Are0128,Area Suroccidental,Are0032,SubArea Valle,Solar,No Despachado Centralmente,GNCC,2026-08-03,2026-08-03,SIMEM 0bfc9d + 841808 + 10F2C9,,,,,,,,,,,,,,,,,,,,,True,False,Solo SIMEM
5LSY,AGPE LAB FARMACEUTICO Y COSMETICA PINEDA DE COLOMBIA SAS,Are0127,Area Caribe,Are0016,SubArea Atlantico,Solar,No Despachado Centralmente,GNCC,2026-08-03,2026-08-03,SIMEM 0bfc9d + 841808 + 10F2C9,,,,,,,,,,,,,,,,,,,,,True,False,Solo SIMEM
5LSZ,AGPE ARA SEDE 356 CR10 CHIQUINQUIRA PLAZA SOGAMOSO,Are0012,Area Nordeste,Are0130,SubArea Boyaca-Casanare,Solar,No Despachado Centralmente,GNCC,2026-08-03,2026-08-03,SIMEM 0bfc9d + 841808 + 10F2C9,,,,,,,,,,,,,,,,,,,,,True,False,Solo SIMEM
5LT1,AGPE AGRINSA,Are0128,Area Suroccidental,Are0022,SubArea CQR,Solar,No Despachado Centralmente,EPMC,2026-08-03,2026-08-03,SIMEM 0bfc9d + 841808 + 10F2C9,,,,,,,,,,,,,,,,,,,,,True,False,Solo SIMEM
5LT2,AGPE YOHANNA RODRIGUEZ GONZALEZ,Are0127,Area Caribe,Are0021,SubArea Cordoba_Sucre,Solar,No Despachado Centralmente,SCEC,2026-08-03,2026-08-03,SIMEM 0bfc9d + 841808 + 10F2C9,,,,,,,,,,,,,,,,,,,,,True,False,Solo SIMEM
5LT3,AGPE MEDINA JULIO PROFESIONALES EN C,Are0127,Area Caribe,Are0021,SubArea Cordoba_Sucre,Solar,No Despachado Centralmente,SCEC,2026-08-03,2026-08-03,SIMEM 0bfc9d + 841808 + 10F2C9,,,,,,,,,,,,,,,,,,,,,True,False,Solo SIMEM
5LT4,AGPE SOLOCAUCHO2,Are0128,Area Suroccidental,Are0022,SubArea CQR,Solar,No Despachado Centralmente,EPMC,2026-08-03,2026-08-03,SIMEM 0bfc9d + 841808 + 10F2C9,,,,,,,,,,,,,,,,,,,,,True,False,Solo SIMEM
5LT5,AGPE CC SAN FERNANDO,Are0127,Area Caribe,Are0018,SubArea Bolivar,Solar,No Despachado Centralmente,BIAC,2026-08-03,2026-08-03,SIMEM 0bfc9d + 841808 + 10F2C9,,,,,,,,,,,,,,,,,,,,,True,False,Solo SIMEM
5LT6,PLANTA FV DONA JUANA,Are0128,Area Suroccidental,Are0022,SubArea CQR,Solar,No Despachado Centralmente,EPMG,2026-08-03,2026-08-03,SIMEM 0bfc9d + 841808 + 10F2C9,PLANTA FV DONA JUANA,CALDAS,17380.0,LA DORADA,Eje Cafetero,-74.72047678624584,5.410655327766446,4.3,SOLAR,RAD SOLAR,ND,NORMAL,OPERACIÓN,EMPRESAS PUBLICAS DE MEDELLIN E.S.P.,2026-07-02,2026.0,2026-08-03,0.0,SI,193.0,True,True,SIMEM + UPME
5LT7,AGPE CCPA ETAPA 3,Are0056,Area Oriental,Are0017,SubArea Bogota,Solar,No Despachado Centralmente,EXEC,2026-08-03,2026-08-03,SIMEM 0bfc9d + 841808 + 10F2C9,,,,,,,,,,,,,,,,,,,,,True,False,Solo SIMEM
5LT8,AGPE CCPA ETAPA 8,Are0056,Area Oriental,Are0017,SubArea Bogota,Solar,No Despachado Centralmente,EXEC,2026-08-03,2026-08-03,SIMEM 0bfc9d + 841808 + 10F2C9,,,,,,,,,,,,,,,,,,,,,True,False,Solo SIMEM
5LT9,AGPE RANSA CALDAS,Are0002,Area Antioquia,Are0015,SubArea Antioquia,Solar,No Despachado Centralmente,ENDC,2026-08-03,2026-08-03,SIMEM 0bfc9d + 841808 + 10F2C9,,,,,,,,,,,,,,,,,,,,,True,False,Solo SIMEM
5LTA,,,,,,,,,,,,GD ERCO GOLONDRINA I,SUCRE,70708.0,SAN MARCOS,Caribe,-75.17250267808815,8.589218973474024,0.99,SOLAR,RAD SOLAR,ND,GEN. DISTRIBUIDA,PRUEBAS,ERCO GENERACION S.A.S. ESP,2026-07-29,2026.0,2026-08-03,0.0,SI,526.0,False,True,Solo UPME
5LTB,GD ERCO ISIDORI,Are0012,Area Nordeste,Are0029,SubArea Norte de Santander,Solar,No Despachado Centralmente,ERRG,2026-08-03,2026-08-03,SIMEM 0bfc9d + 841808 + 10F2C9,GD ERCO ISIDORI,CESAR,20383.0,LA GLORIA,Caribe,-73.615842734481,8.588082789891736,0.99,SOLAR,RAD SOLAR,ND,GEN. DISTRIBUIDA,OPERACIÓN,ERCO GENERACION S.A.S. ESP,2026-03-12,2026.0,2026-08-03,0.0,SI,263.0,True,True,SIMEM + UPME
5LTC,AGPE CCPA ETAPA 9,Are0056,Area Oriental,Are0017,SubArea Bogota,Solar,No Despachado Centralmente,EXEC,2026-08-03,2026-08-03,SIMEM 0bfc9d + 841808 + 10F2C9,,,,,,,,,,,,,,,,,,,,,True,False,Solo SIMEM
5M9V,AGPE MALL ZONA DOS SUR,Are0002,Area Antioquia,Are0015,SubArea Antioquia,Solar,No Despachado Centralmente,GNCC,2026-08-03,2026-08-03,SIMEM 0bfc9d + 841808 + 10F2C9,,,,,,,,,,,,,,,,,,,,,True,False,Solo SIMEM
5M9X,AGPE SOCIEDAD EDUCAR SAS,Are0127,Area Caribe,Are0021,SubArea Cordoba_Sucre,Solar,No Despachado Centralmente,SCEC,2026-08-03,2026-08-03,SIMEM 0bfc9d + 841808 + 10F2C9,,,,,,,,,,,,,,,,,,,,,True,False,Solo SIMEM
5MA2,AGPE INES ELVIRA HOLGUIN RAMOS,Are0128,Area Suroccidental,Are0032,SubArea Valle,Solar,No Despachado Centralmente,DLRC,2026-08-03,2026-08-03,SIMEM 0bfc9d + 841808 + 10F2C9,,,,,,,,,,,,,,,,,,,,,True,False,Solo SIMEM
5MA4,GD GALILEO SOLAR,Are0127,Area Caribe,Are0021,SubArea Cordoba_Sucre,Solar,No Despachado Centralmente,GNYG,2026-08-03,2026-08-03,SIMEM 0bfc9d + 841808 + 10F2C9,GD GALILEO SOLAR,SUCRE,70215.0,COROZAL,Caribe,-75.23880115686353,9.16060259796556,0.999,SOLAR,RAD SOLAR,ND,GEN. DISTRIBUIDA,OPERACIÓN,GREENYELLOW COMERCIALIZADORA S.A.S. E.S.P.,2026-03-16,2026.0,2026-08-03,0.0,SI,512.0,True,True,SIMEM + UPME
5MA5,AGPE MARMISOL SAS,Are0056,Area Oriental,Are0017,SubArea Bogota,Solar,No Despachado Centralmente,BIAC,2026-08-03,2026-08-03,SIMEM 0bfc9d + 841808 + 10F2C9,,,,,,,,,,,,,,,,,,,,,True,False,Solo SIMEM
5MA6,AGPE DEPOSITOS URBANOS SAS CLL 144,Are0056,Area Oriental,Are0017,SubArea Bogota,Solar,No Despachado Centralmente,BIAC,2026-08-03,2026-08-03,SIMEM 0bfc9d + 841808 + 10F2C9,,,,,,,,,,,,,,,,,,,,,True,False,Solo SIMEM
5MA7,AGPE SAN RAFAEL CLINICA VETERINARIA,Are0127,Area Caribe,Are0025,SubArea GCM,Solar,No Despachado Centralmente,BIAC,2026-08-03,2026-08-03,SIMEM 0bfc9d + 841808 + 10F2C9,,,,,,,,,,,,,,,,,,,,,True,False,Solo SIMEM
5MA8,AGPE DEPOSITOS URBANOS SAS,Are0056,Area Oriental,Are0017,SubArea Bogota,Solar,No Despachado Centralmente,BIAC,2026-08-03,2026-08-03,SIMEM 0bfc9d + 841808 + 10F2C9,,,,,,,,,,,,,,,,,,,,,True,False,Solo SIMEM
5MA9,AGPE CARTONAL,Are0056,Area Oriental,Are0017,SubArea Bogota,Solar,No Despachado Centralmente,EPSC,2026-08-03,2026-08-03,SIMEM 0bfc9d + 841808 + 10F2C9,,,,,,,,,,,,,,,,,,,,,True,False,Solo SIMEM
5MAA,AGPE STEVE1,Are0002,Area Antioquia,Are0015,SubArea Antioquia,Solar,No Despachado Centralmente,ETTC,2026-08-03,2026-08-03,SIMEM 0bfc9d + 841808 + 10F2C9,,,,,,,,,,,,,,,,,,,,,True,False,Solo SIMEM
5MAB,AGPE GRANJA AVICOLA EL CALAMAR,Are0128,Area Suroccidental,Are0022,SubArea CQR,Solar,No Despachado Centralmente,RTQC,2026-08-03,2026-08-03,SIMEM 0bfc9d + 841808 + 10F2C9,,,,,,,,,,,,,,,,,,,,,True,False,Solo SIMEM
5MAC,AGPE COMPLASESA SAS,Are0056,Area Oriental,Are0017,SubArea Bogota,Solar,No Despachado Centralmente,FERC,2026-08-03,2026-08-03,SIMEM 0bfc9d + 841808 + 10F2C9,,,,,,,,,,,,,,,,,,,,,True,False,Solo SIMEM
5MAD,GD BONILLA A III,Are0127,Area Caribe,Are0016,SubArea Atlantico,Solar,No Despachado Centralmente,OTAG,2026-08-03,2026-08-03,SIMEM 0bfc9d + 841808 + 10F2C9,GD BONILLA A III,ATLÁNTICO,8141.0,CANDELARIA,Caribe,-74.87756739700241,10.48901564135493,0.99,SOLAR,RAD SOLAR,ND,GEN. DISTRIBUIDA,OPERACIÓN,OTACC GENERACION S.A.S. E.S.P.,2026-03-16,2026.0,2026-08-03,0.0,SI,116.0,True,True,SIMEM + UPME
5MAE,GD BONILLA A I,Are0127,Area Caribe,Are0016,SubArea Atlantico,Solar,No Despachado Centralmente,OTAG,2026-08-03,2026-08-03,SIMEM 0bfc9d + 841808 + 10F2C9,GD BONILLA A I,ATLÁNTICO,8141.0,CANDELARIA,Caribe,-74.87756739700241,10.48901564135493,0.99,SOLAR,RAD SOLAR,ND,GEN. DISTRIBUIDA,OPERACIÓN,OTACC GENERACION S.A.S. E.S.P.,2026-03-16,2026.0,2026-08-03,0.0,SI,114.0,True,True,SIMEM + UPME
5MAF,GD BONILLA A V,Are0127,Area Caribe,Are0016,SubArea Atlantico,Solar,No Despachado Centralmente,OTAG,2026-08-03,2026-08-03,SIMEM 0bfc9d + 841808 + 10F2C9,GD BONILLA A V,ATLÁNTICO,8141.0,CANDELARIA,Caribe,-74.87756739700241,10.48901564135493,0.99,SOLAR,RAD SOLAR,ND,GEN. DISTRIBUIDA,OPERACIÓN,OTACC GENERACION S.A.S. E.S.P.,2026-03-16,2026.0,2026-08-03,0.0,SI,117.0,True,True,SIMEM + UPME
5MAG,GD BONILLA A II,Are0127,Area Caribe,Are0016,SubArea Atlantico,Solar,No Despachado Centralmente,OTAG,2026-08-03,2026-08-03,SIMEM 0bfc9d + 841808 + 10F2C9,GD BONILLA A II,ATLÁNTICO,8141.0,CANDELARIA,Caribe,-74.87756739700241,10.48901564135493,0.99,SOLAR,RAD SOLAR,ND,GEN. DISTRIBUIDA,OPERACIÓN,OTACC GENERACION S.A.S. E.S.P.,2026-03-16,2026.0,2026-08-03,0.0,SI,115.0,True,True,SIMEM + UPME
5MAH,GD BONILLA A IV,Are0127,Area Caribe,Are0016,SubArea Atlantico,Solar,No Despachado Centralmente,OTAG,2026-08-03,2026-08-03,SIMEM 0bfc9d + 841808 + 10F2C9,GD BONILLA A IV,ATLÁNTICO,8141.0,CANDELARIA,Caribe,-74.87756739700241,10.48901564135493,0.99,SOLAR,RAD SOLAR,ND,GEN. DISTRIBUIDA,OPERACIÓN,OTACC GENERACION S.A.S. E.S.P.,2026-03-16,2026.0,2026-08-03,0.0,SI,118.0,True,True,SIMEM + UPME
5MAI,AGPE CAJASAN LAGOS,Are0012,Area Nordeste,Are0131,SubArea Santander,Solar,No Despachado Centralmente,RTQC,2026-08-03,2026-08-03,SIMEM 0bfc9d + 841808 + 10F2C9,,,,,,,,,,,,,,,,,,,,,True,False,Solo SIMEM
5MAJ,AGPE JUAN CARLOS DEGIOVANNI BEHAINE,Are0127,Area Caribe,Are0021,SubArea Cordoba_Sucre,Solar,No Despachado Centralmente,SCEC,2026-08-03,2026-08-03,SIMEM 0bfc9d + 841808 + 10F2C9,,,,,,,,,,,,,,,,,,,,,True,False,Solo SIMEM
5MAK,GD SINAI,Are0128,Area Suroccidental,Are0031,SubArea Huila-Tolima,Solar,No Despachado Centralmente,NEXG,2026-08-03,2026-08-03,SIMEM 0bfc9d + 841808 + 10F2C9,GD SINAI,HUILA,41524.0,PALERMO,Centro,-75.44066806617866,2.9144915020147724,0.96,SOLAR,RAD SOLAR,ND,GEN. DISTRIBUIDA,OPERACIÓN,NEXTGY S.A.S. E.S.P.,2026-06-21,2026.0,2026-08-03,0.0,SI,380.0,True,True,SIMEM + UPME
5MAL,AGPE CECH1,Are0056,Area Oriental,Are0017,SubArea Bogota,Solar,No Despachado Centralmente,ETTC,2026-08-03,2026-08-03,SIMEM 0bfc9d + 841808 + 10F2C9,,,,,,,,,,,,,,,,,,,,,True,False,Solo SIMEM
5MSD,AGPE OPORTUNIDAD DE CASINO ESPANA FUNDACION,Are0127,Area Caribe,Are0025,SubArea GCM,Solar,No Despachado Centralmente,BIAC,2026-08-03,2026-08-03,SIMEM 0bfc9d + 841808 + 10F2C9,,,,,,,,,,,,,,,,,,,,,True,False,Solo SIMEM
5MSE,AGPE SERVIBARRAS SAS,Are0002,Area Antioquia,Are0015,SubArea Antioquia,Solar,No Despachado Centralmente,BIAC,2026-08-03,2026-08-03,SIMEM 0bfc9d + 841808 + 10F2C9,,,,,,,,,,,,,,,,,,,,,True,False,Solo SIMEM
5MSF,AGPE HOTEL MACONDO MAG,Are0127,Area Caribe,Are0025,SubArea GCM,Solar,No Despachado Centralmente,BIAC,2026-08-03,2026-08-03,SIMEM 0bfc9d + 841808 + 10F2C9,,,,,,,,,,,,,,,,,,,,,True,False,Solo SIMEM
5MSG,AGPE BURICA SA CR 60 CL 77 21,Are0127,Area Caribe,Are0016,SubArea Atlantico,Solar,No Despachado Centralmente,BIAC,2026-08-03,2026-08-03,SIMEM 0bfc9d + 841808 + 10F2C9,,,,,,,,,,,,,,,,,,,,,True,False,Solo SIMEM
5MSH,AGPE INVERAL SAS,Are0127,Area Caribe,Are0016,SubArea Atlantico,Solar,No Despachado Centralmente,BIAC,2026-08-03,2026-08-03,SIMEM 0bfc9d + 841808 + 10F2C9,,,,,,,,,,,,,,,,,,,,,True,False,Solo SIMEM
5MUX,AGPE HARRY ETHIEL BEJARANO ARROYO,Are0127,Area Caribe,Are0021,SubArea Cordoba_Sucre,Solar,No Despachado Centralmente,SCEC,2026-08-03,2026-08-03,SIMEM 0bfc9d + 841808 + 10F2C9,,,,,,,,,,,,,,,,,,,,,True,False,Solo SIMEM
5MUY,AGPE PROYECTO SEVILLANA SAS CASA 38,Are0127,Area Caribe,Are0021,SubArea Cordoba_Sucre,Solar,No Despachado Centralmente,SCEC,2026-08-03,2026-08-03,SIMEM 0bfc9d + 841808 + 10F2C9,,,,,,,,,,,,,,,,,,,,,True,False,Solo SIMEM
5MUZ,AGPE LILIAN ESTHER ESPITIA CONTRERAS,Are0127,Area Caribe,Are0021,SubArea Cordoba_Sucre,Solar,No Despachado Centralmente,SCEC,2026-08-03,2026-08-03,SIMEM 0bfc9d + 841808 + 10F2C9,,,,,,,,,,,,,,,,,,,,,True,False,Solo SIMEM
5MV1,AGPE PROYECTO SEVILLANA SAS CASA 36,Are0127,Area Caribe,Are0021,SubArea Cordoba_Sucre,Solar,No Despachado Centralmente,SCEC,2026-08-03,2026-08-03,SIMEM 0bfc9d + 841808 + 10F2C9,,,,,,,,,,,,,,,,,,,,,True,False,Solo SIMEM
5MV2,AGPE PROYECTO SEVILLANA SAS CASA 44,Are0127,Area Caribe,Are0021,SubArea Cordoba_Sucre,Solar,No Despachado Centralmente,SCEC,2026-08-03,2026-08-03,SIMEM 0bfc9d + 841808 + 10F2C9,,,,,,,,,,,,,,,,,,,,,True,False,Solo SIMEM
5MV3,AGPE PROYECTO SEVILLANA SAS CASA 55,Are0127,Area Caribe,Are0021,SubArea Cordoba_Sucre,Solar,No Despachado Centralmente,SCEC,2026-08-03,2026-08-03,SIMEM 0bfc9d + 841808 + 10F2C9,,,,,,,,,,,,,,,,,,,,,True,False,Solo SIMEM
5MV4,AGPE PROYECTO SEVILLANA SAS CASA 56,Are0127,Area Caribe,Are0021,SubArea Cordoba_Sucre,Solar,No Despachado Centralmente,SCEC,2026-08-03,2026-08-03,SIMEM 0bfc9d + 841808 + 10F2C9,,,,,,,,,,,,,,,,,,,,,True,False,Solo SIMEM
5MWW,AGPE DINIS1,Are0127,Area Caribe,Are0025,SubArea GCM,Solar,No Despachado Centralmente,ETTC,2026-08-03,2026-08-03,SIMEM 0bfc9d + 841808 + 10F2C9,,,,,,,,,,,,,,,,,,,,,True,False,Solo SIMEM
5MXY,AGPE VP GLOBAL BAQ,Are0127,Area Caribe,Are0016,SubArea Atlantico,Solar,No Despachado Centralmente,BIAC,2026-08-03,2026-08-03,SIMEM 0bfc9d + 841808 + 10F2C9,,,,,,,,,,,,,,,,,,,,,True,False,Solo SIMEM
5MY6,GD SOL Y CIELO X,Are0127,Area Caribe,Are0021,SubArea Cordoba_Sucre,Solar,No Despachado Centralmente,SCEG,2026-08-03,2026-08-03,SIMEM 0bfc9d + 841808 + 10F2C9,GD SOL Y CIELO X,CÓRDOBA,23672.0,SAN ANTERO,Caribe,-75.78700185406036,9.359670042167748,0.9,SOLAR,RAD SOLAR,ND,GEN. DISTRIBUIDA,OPERACIÓN,SOL & CIELO ENERGIA S.A.S. E.S.P,2026-06-03,2026.0,2026-08-03,0.0,SI,310.0,True,True,SIMEM + UPME
5N1H,AGPE NATURAL BODY LUISA LOZANO SAS,Are0127,Area Caribe,Are0021,SubArea Cordoba_Sucre,Solar,No Despachado Centralmente,SCEC,2026-08-03,2026-08-03,SIMEM 0bfc9d + 841808 + 10F2C9,,,,,,,,,,,,,,,,,,,,,True,False,Solo SIMEM
5N1I,AGPE MEDIMARCAS SAS,Are0127,Area Caribe,Are0021,SubArea Cordoba_Sucre,Solar,No Despachado Centralmente,SCEC,2026-08-03,2026-08-03,SIMEM 0bfc9d + 841808 + 10F2C9,,,,,,,,,,,,,,,,,,,,,True,False,Solo SIMEM
5N1Z,AGPE LLANTAS Y FILTROS SINU SAS,Are0127,Area Caribe,Are0021,SubArea Cordoba_Sucre,Solar,No Despachado Centralmente,SCEC,2026-08-03,2026-08-03,SIMEM 0bfc9d + 841808 + 10F2C9,,,,,,,,,,,,,,,,,,,,,True,False,Solo SIMEM
5N2D,AGPE LUIS EDUARDO GARCIA CARDENAS,Are0127,Area Caribe,Are0021,SubArea Cordoba_Sucre,Solar,No Despachado Centralmente,SCEC,2026-08-03,2026-08-03,SIMEM 0bfc9d + 841808 + 10F2C9,,,,,,,,,,,,,,,,,,,,,True,False,Solo SIMEM
5N2I,AGPE MARIA INES PINEDA CONTRERAS,Are0127,Area Caribe,Are0021,SubArea Cordoba_Sucre,Solar,No Despachado Centralmente,SCEC,2026-08-03,2026-08-03,SIMEM 0bfc9d + 841808 + 10F2C9,,,,,,,,,,,,,,,,,,,,,True,False,Solo SIMEM
5NK2,,,,,,,,,,,,GD LA HORMIGUITA,ATLÁNTICO,8634.0,SABANAGRANDE,Caribe,-74.76879731980958,10.798940291371595,0.99,SOLAR,RAD SOLAR,ND,GEN. DISTRIBUIDA,PRUEBAS,UNERGY ENERGY DIGITAL S.A.S E.S.P,2026-08-03,2026.0,2026-08-03,0.0,SI,138.0,False,True,Solo UPME
5NK3,AGPE CL 9D CR 7 45 NOVALITO VALLEDUPAR,Are0127,Area Caribe,Are0025,SubArea GCM,Solar,No Despachado Centralmente,NEUC,2026-08-03,2026-08-03,SIMEM 0bfc9d + 841808 + 10F2C9,,,,,,,,,,,,,,,,,,,,,True,False,Solo SIMEM
5NK4,AGPE ZULMA CRISTINA USTARIZ MORA,Are0127,Area Caribe,Are0025,SubArea GCM,Solar,No Despachado Centralmente,NEUC,2026-08-03,2026-08-03,SIMEM 0bfc9d + 841808 + 10F2C9,,,,,,,,,,,,,,,,,,,,,True,False,Solo SIMEM
5NKA,AGPE CR 6A 9A 74 NOVALITO VALLEDUPAR,Are0127,Area Caribe,Are0025,SubArea GCM,Solar,No Despachado Centralmente,NEUC,2026-08-03,2026-08-03,SIMEM 0bfc9d + 841808 + 10F2C9,,,,,,,,,,,,,,,,,,,,,True,False,Solo SIMEM
5NKL,AGPE EDUARDO CADAVID,Are0127,Area Caribe,Are0016,SubArea Atlantico,Solar,No Despachado Centralmente,GNCC,2026-08-03,2026-08-03,SIMEM 0bfc9d + 841808 + 10F2C9,,,,,,,,,,,,,,,,,,,,,True,False,Solo SIMEM
5NKM,AGPE AVICOLA EL MADRONO FINCA TORCOROMA,Are0012,Area Nordeste,Are0131,SubArea Santander,Solar,No Despachado Centralmente,GNCC,2026-08-03,2026-08-03,SIMEM 0bfc9d + 841808 + 10F2C9,,,,,,,,,,,,,,,,,,,,,True,False,Solo SIMEM
5NKN,AGPE SSCR 1469 ESPUMAS DE SANTANDER PLANTA,Are0012,Area Nordeste,Are0131,SubArea Santander,Solar,No Despachado Centralmente,GNCC,2026-08-03,2026-08-03,SIMEM 0bfc9d + 841808 + 10F2C9,,,,,,,,,,,,,,,,,,,,,True,False,Solo SIMEM
5NKP,AGPE TECNOGRANJAS COLOMBIA SAS BIOAGRO INDUAGRICOLA,Are0127,Area Caribe,Are0016,SubArea Atlantico,Solar,No Despachado Centralmente,GNCC,2026-08-03,2026-08-03,SIMEM 0bfc9d + 841808 + 10F2C9,,,,,,,,,,,,,,,,,,,,,True,False,Solo SIMEM
5NKQ,AGPE EVELIO COY CARO,Are0128,Area Suroccidental,Are0031,SubArea Huila-Tolima,Solar,No Despachado Centralmente,GNCC,2026-08-03,2026-08-03,SIMEM 0bfc9d + 841808 + 10F2C9,,,,,,,,,,,,,,,,,,,,,True,False,Solo SIMEM
5NKR,AGPE TIENDA ARA FUSAGASUGA,Are0056,Area Oriental,Are0017,SubArea Bogota,Solar,No Despachado Centralmente,GNCC,2026-08-03,2026-08-03,SIMEM 0bfc9d + 841808 + 10F2C9,,,,,,,,,,,,,,,,,,,,,True,False,Solo SIMEM
5NKV,AGPE MARIO SEBASTIAN VIERA,Are0127,Area Caribe,Are0016,SubArea Atlantico,Solar,No Despachado Centralmente,GNCC,2026-08-03,2026-08-03,SIMEM 0bfc9d + 841808 + 10F2C9,,,,,,,,,,,,,,,,,,,,,True,False,Solo SIMEM
5NKZ,AGPE CC CANAVERAL,Are0012,Area Nordeste,Are0131,SubArea Santander,Solar,No Despachado Centralmente,RTQC,2026-08-03,2026-08-03,SIMEM 0bfc9d + 841808 + 10F2C9,,,,,,,,,,,,,,,,,,,,,True,False,Solo SIMEM
5NPR,AGPE UNICENTRO PALMIRA,Are0128,Area Suroccidental,Are0032,SubArea Valle,Solar,No Despachado Centralmente,EPSC,2026-08-03,2026-08-03,SIMEM 0bfc9d + 841808 + 10F2C9,,,,,,,,,,,,,,,,,,,,,True,False,Solo SIMEM
5NPS,AGPE AVICOLA PILENA,Are0128,Area Suroccidental,Are0032,SubArea Valle,Solar,No Despachado Centralmente,EPSC,2026-08-03,2026-08-03,SIMEM 0bfc9d + 841808 + 10F2C9,,,,,,,,,,,,,,,,,,,,,True,False,Solo SIMEM
5NPT,GD SUAMOX,Are0012,Area Nordeste,Are0130,SubArea Boyaca-Casanare,Solar,No Despachado Centralmente,EBSG,2026-08-03,2026-08-03,SIMEM 0bfc9d + 841808 + 10F2C9,GD SUAMOX,BOYACÁ,15491.0,NOBSA,Centro,-72.93268457223792,5.778728527445844,0.925,SOLAR,RAD SOLAR,ND,GEN. DISTRIBUIDA,OPERACIÓN,EMPRESA DE ENERGIA DE BOYACA S.A. E.S.P.,2026-04-07,2026.0,2026-08-03,0.0,SI,185.0,True,True,SIMEM + UPME
5NPU,AGPE GERMANIA ZONAS COMUNES,Are0012,Area Nordeste,Are0131,SubArea Santander,Solar,No Despachado Centralmente,RTQC,2026-08-03,2026-08-03,SIMEM 0bfc9d + 841808 + 10F2C9,,,,,,,,,,,,,,,,,,,,,True,False,Solo SIMEM
5NPV,AGPE BODEGA 5C APC,Are0128,Area Suroccidental,Are0032,SubArea Valle,Solar,No Despachado Centralmente,GNCC,2026-08-03,2026-08-03,SIMEM 0bfc9d + 841808 + 10F2C9,,,,,,,,,,,,,,,,,,,,,True,False,Solo SIMEM
5NPW,AGPE NELLY BAYONA,Are0012,Area Nordeste,Are0029,SubArea Norte de Santander,Solar,No Despachado Centralmente,GNCC,2026-08-03,2026-08-03,SIMEM 0bfc9d + 841808 + 10F2C9,,,,,,,,,,,,,,,,,,,,,True,False,Solo SIMEM
5NPX,AGPE BURICA SA SIMAN H SIMAN,Are0127,Area Caribe,Are0016,SubArea Atlantico,Solar,No Despachado Centralmente,BIAC,2026-08-03,2026-08-03,SIMEM 0bfc9d + 841808 + 10F2C9,,,,,,,,,,,,,,,,,,,,,True,False,Solo SIMEM
5NPY,AGPE TRANSPORTES EXPRESO PALMIRA,Are0128,Area Suroccidental,Are0032,SubArea Valle,Solar,No Despachado Centralmente,BIAC,2026-08-03,2026-08-03,SIMEM 0bfc9d + 841808 + 10F2C9,,,,,,,,,,,,,,,,,,,,,True,False,Solo SIMEM
5NPZ,AGPE HABITAT ADULTO MAYOR SAS BERNAL,Are0002,Area Antioquia,Are0015,SubArea Antioquia,Solar,No Despachado Centralmente,ENBC,2026-08-03,2026-08-03,SIMEM 0bfc9d + 841808 + 10F2C9,,,,,,,,,,,,,,,,,,,,,True,False,Solo SIMEM
5NQ1,AGPE JORGE ELIECER VILLALBA ARRIETA,Are0127,Area Caribe,Are0021,SubArea Cordoba_Sucre,Solar,No Despachado Centralmente,SCEC,2026-08-03,2026-08-03,SIMEM 0bfc9d + 841808 + 10F2C9,,,,,,,,,,,,,,,,,,,,,True,False,Solo SIMEM
5NQ2,AGPE MARIA CECILIA REVUELTAS GONZALEZ,Are0127,Area Caribe,Are0021,SubArea Cordoba_Sucre,Solar,No Despachado Centralmente,SCEC,2026-08-03,2026-08-03,SIMEM 0bfc9d + 841808 + 10F2C9,,,,,,,,,,,,,,,,,,,,,True,False,Solo SIMEM
5NQ3,AGPE SOLYCIELO SAS OFICINAS NUEVAS,Are0127,Area Caribe,Are0021,SubArea Cordoba_Sucre,Solar,No Despachado Centralmente,SCEC,2026-08-03,2026-08-03,SIMEM 0bfc9d + 841808 + 10F2C9,,,,,,,,,,,,,,,,,,,,,True,False,Solo SIMEM
5NQ4,AGPE JOHN JAIRO MEJIA MOLINA,Are0127,Area Caribe,Are0021,SubArea Cordoba_Sucre,Solar,No Despachado Centralmente,SCEC,2026-08-03,2026-08-03,SIMEM 0bfc9d + 841808 + 10F2C9,,,,,,,,,,,,,,,,,,,,,True,False,Solo SIMEM
5NQ5,AGPE LILIANA CAROLINA CALA CASTRO,Are0127,Area Caribe,Are0021,SubArea Cordoba_Sucre,Solar,No Despachado Centralmente,SCEC,2026-08-03,2026-08-03,SIMEM 0bfc9d + 841808 + 10F2C9,,,,,,,,,,,,,,,,,,,,,True,False,Solo SIMEM
5NQ6,AGPE CARTAGENA INTERNACIONAL SCHOOL Y CIA LTD,Are0127,Area Caribe,Are0018,SubArea Bolivar,Solar,No Despachado Centralmente,SCEC,2026-08-03,2026-08-03,SIMEM 0bfc9d + 841808 + 10F2C9,,,,,,,,,,,,,,,,,,,,,True,False,Solo SIMEM
5NQ7,AGPE EDIFICIO VIVENZA PROPIEDAD HORIZONTAL,Are0127,Area Caribe,Are0021,SubArea Cordoba_Sucre,Solar,No Despachado Centralmente,SCEC,2026-08-03,2026-08-03,SIMEM 0bfc9d + 841808 + 10F2C9,,,,,,,,,,,,,,,,,,,,,True,False,Solo SIMEM
5NQ8,AGPE DORIS ESTHER BENAVIDES TIRADO,Are0127,Area Caribe,Are0021,SubArea Cordoba_Sucre,Solar,No Despachado Centralmente,SCEC,2026-08-03,2026-08-03,SIMEM 0bfc9d + 841808 + 10F2C9,,,,,,,,,,,,,,,,,,,,,True,False,Solo SIMEM
5O12,AGPE PRODUCTOS FORESTALES,Are0128,Area Suroccidental,Are0032,SubArea Valle,Solar,No Despachado Centralmente,EPSC,2026-08-03,2026-08-03,SIMEM 0bfc9d + 841808 + 10F2C9,,,,,,,,,,,,,,,,,,,,,True,False,Solo SIMEM
5O13,AGPE CL 12 8 42 OFICINA 221 NOVALITO VALLEDUPAR,Are0127,Area Caribe,Are0025,SubArea GCM,Solar,No Despachado Centralmente,NEUC,2026-08-03,2026-08-03,SIMEM 0bfc9d + 841808 + 10F2C9,,,,,,,,,,,,,,,,,,,,,True,False,Solo SIMEM
5O14,,,,,,,,,,,,GD EL PASO NORTE,CESAR,20250.0,EL PASO,Caribe,-73.7382619683179,9.683721170835586,0.99,SOLAR,RAD SOLAR,ND,GEN. DISTRIBUIDA,PRUEBAS,COX ENERGY COMERCIALIZADORA SAS ESP,2026-05-10,2026.0,2026-08-03,0.0,SI,273.0,False,True,Solo UPME
5O15,GD EL CASTILLO I,Are0127,Area Caribe,Are0021,SubArea Cordoba_Sucre,Solar,No Despachado Centralmente,OTAG,2026-08-03,2026-08-03,SIMEM 0bfc9d + 841808 + 10F2C9,GD EL CASTILLO I,SUCRE,70400.0,LA UNIÓN,Caribe,-75.28322635914475,8.811992691471307,0.96,SOLAR,RAD SOLAR,ND,GEN. DISTRIBUIDA,OPERACIÓN,OTACC GENERACION S.A.S. E.S.P.,2026-06-19,2026.0,2026-08-03,0.0,SI,507.0,True,True,SIMEM + UPME
5O16,GD EL CASTILLO III,Are0127,Area Caribe,Are0021,SubArea Cordoba_Sucre,Solar,No Despachado Centralmente,OTAG,2026-08-03,2026-08-03,SIMEM 0bfc9d + 841808 + 10F2C9,GD EL CASTILLO III,SUCRE,70400.0,LA UNIÓN,Caribe,-75.28322635914475,8.811992691471307,0.96,SOLAR,RAD SOLAR,ND,GEN. DISTRIBUIDA,OPERACIÓN,OTACC GENERACION S.A.S. E.S.P.,2026-06-19,2026.0,2026-08-03,0.0,SI,508.0,True,True,SIMEM + UPME
5O17,GD EL CASTILLO V,Are0127,Area Caribe,Are0021,SubArea Cordoba_Sucre,Solar,No Despachado Centralmente,OTAG,2026-08-03,2026-08-03,SIMEM 0bfc9d + 841808 + 10F2C9,GD EL CASTILLO V,SUCRE,70400.0,LA UNIÓN,Caribe,-75.28322635914475,8.811992691471307,0.96,SOLAR,RAD SOLAR,ND,GEN. DISTRIBUIDA,OPERACIÓN,OTACC GENERACION S.A.S. E.S.P.,2026-06-19,2026.0,2026-08-03,0.0,SI,510.0,True,True,SIMEM + UPME
5O18,AGPE PERFIACEROS BODEGA 4,Are0056,Area Oriental,Are0017,SubArea Bogota,Solar,No Despachado Centralmente,GNCC,2026-08-03,2026-08-03,SIMEM 0bfc9d + 841808 + 10F2C9,,,,,,,,,,,,,,,,,,,,,True,False,Solo SIMEM
5O19,AGPE PERFIACEROS BODEGA 5,Are0056,Area Oriental,Are0017,SubArea Bogota,Solar,No Despachado Centralmente,GNCC,2026-08-03,2026-08-03,SIMEM 0bfc9d + 841808 + 10F2C9,,,,,,,,,,,,,,,,,,,,,True,False,Solo SIMEM
5O1A,GD EL CASTILLO II,Are0127,Area Caribe,Are0021,SubArea Cordoba_Sucre,Solar,No Despachado Centralmente,OTAG,2026-08-03,2026-08-03,SIMEM 0bfc9d + 841808 + 10F2C9,GD EL CASTILLO II,SUCRE,70400.0,LA UNIÓN,Caribe,-75.28322635914475,8.811992691471307,0.96,SOLAR,RAD SOLAR,ND,GEN. DISTRIBUIDA,OPERACIÓN,OTACC GENERACION S.A.S. E.S.P.,2026-06-19,2026.0,2026-08-03,0.0,SI,506.0,True,True,SIMEM + UPME
5O1B,AGPE RUBEN DARIO MARTINEZ ESPARZA,Are0127,Area Caribe,Are0016,SubArea Atlantico,Solar,No Despachado Centralmente,SCEC,2026-08-03,2026-08-03,SIMEM 0bfc9d + 841808 + 10F2C9,,,,,,,,,,,,,,,,,,,,,True,False,Solo SIMEM
5O1C,GD EL CASTILLO IV,Are0127,Area Caribe,Are0021,SubArea Cordoba_Sucre,Solar,No Despachado Centralmente,OTAG,2026-08-03,2026-08-03,SIMEM 0bfc9d + 841808 + 10F2C9,GD EL CASTILLO IV,SUCRE,70400.0,LA UNIÓN,Caribe,-75.28322635914475,8.811992691471307,0.96,SOLAR,RAD SOLAR,ND,GEN. DISTRIBUIDA,OPERACIÓN,OTACC GENERACION S.A.S. E.S.P.,2026-06-19,2026.0,2026-08-03,0.0,SI,509.0,True,True,SIMEM + UPME
5O1R,AGPE COMFANDI GUADALUPE,Are0128,Area Suroccidental,Are0032,SubArea Valle,Solar,No Despachado Centralmente,EPSC,2026-08-03,2026-08-03,SIMEM 0bfc9d + 841808 + 10F2C9,,,,,,,,,,,,,,,,,,,,,True,False,Solo SIMEM
5O1S,AGPE BLUEBERRIES,Are0056,Area Oriental,Are0017,SubArea Bogota,Solar,No Despachado Centralmente,GNCC,2026-08-03,2026-08-03,SIMEM 0bfc9d + 841808 + 10F2C9,,,,,,,,,,,,,,,,,,,,,True,False,Solo SIMEM
5O1T,AGPE ARA SEDE 339 SUAREZ RENDON TUNJA,Are0012,Area Nordeste,Are0130,SubArea Boyaca-Casanare,Solar,No Despachado Centralmente,GNCC,2026-08-03,2026-08-03,SIMEM 0bfc9d + 841808 + 10F2C9,,,,,,,,,,,,,,,,,,,,,True,False,Solo SIMEM
5O1U,GD CANARIOS I,Are0127,Area Caribe,Are0021,SubArea Cordoba_Sucre,Solar,No Despachado Centralmente,OTAG,2026-08-03,2026-08-03,SIMEM 0bfc9d + 841808 + 10F2C9,GD CANARIOS I,SUCRE,70708.0,SAN MARCOS,Caribe,-75.17250267808815,8.589218973474024,0.96,SOLAR,RAD SOLAR,ND,GEN. DISTRIBUIDA,OPERACIÓN,OTACC GENERACION S.A.S. E.S.P.,2026-06-19,2026.0,2026-08-03,0.0,SI,525.0,True,True,SIMEM + UPME
5O1V,GD LOS MANGOS I,Are0127,Area Caribe,Are0021,SubArea Cordoba_Sucre,Solar,No Despachado Centralmente,OTAG,2026-08-03,2026-08-03,SIMEM 0bfc9d + 841808 + 10F2C9,GD LOS MANGOS I,SUCRE,70708.0,SAN MARCOS,Caribe,-75.17250267808815,8.589218973474024,0.96,SOLAR,RAD SOLAR,ND,GEN. DISTRIBUIDA,OPERACIÓN,OTACC GENERACION S.A.S. E.S.P.,2026-07-21,2026.0,2026-08-03,0.0,SI,529.0,True,True,SIMEM + UPME
5O1W,GD CANARIOS II,Are0127,Area Caribe,Are0021,SubArea Cordoba_Sucre,Solar,No Despachado Centralmente,OTAG,2026-08-03,2026-08-03,SIMEM 0bfc9d + 841808 + 10F2C9,GD CANARIOS II,SUCRE,70708.0,SAN MARCOS,Caribe,-75.17250267808815,8.589218973474024,0.96,SOLAR,RAD SOLAR,ND,GEN. DISTRIBUIDA,OPERACIÓN,OTACC GENERACION S.A.S. E.S.P.,2026-06-19,2026.0,2026-08-03,0.0,SI,527.0,True,True,SIMEM + UPME
5OFX,AGPE ARA SEDE 316 CENTRO DUITAMA,Are0012,Area Nordeste,Are0130,SubArea Boyaca-Casanare,Solar,No Despachado Centralmente,GNCC,2026-08-03,2026-08-03,SIMEM 0bfc9d + 841808 + 10F2C9,,,,,,,,,,,,,,,,,,,,,True,False,Solo SIMEM
5OFY,AGPE CC EJECUTIVOS 2,Are0127,Area Caribe,Are0018,SubArea Bolivar,Solar,No Despachado Centralmente,GNCC,2026-08-03,2026-08-03,SIMEM 0bfc9d + 841808 + 10F2C9,,,,,,,,,,,,,,,,,,,,,True,False,Solo SIMEM
5OFZ,AGPE RIBAI SAS 2,Are0127,Area Caribe,Are0025,SubArea GCM,Solar,No Despachado Centralmente,GNCC,2026-08-03,2026-08-03,SIMEM 0bfc9d + 841808 + 10F2C9,,,,,,,,,,,,,,,,,,,,,True,False,Solo SIMEM
5OG1,AGPE OPERACIONES 4M 1 SAS MOTEL CAPRI 4M,Are0127,Area Caribe,Are0025,SubArea GCM,Solar,No Despachado Centralmente,GNCC,2026-08-03,2026-08-03,SIMEM 0bfc9d + 841808 + 10F2C9,,,,,,,,,,,,,,,,,,,,,True,False,Solo SIMEM
5OWK,GD LOS MANGOS II,Are0127,Area Caribe,Are0021,SubArea Cordoba_Sucre,Solar,No Despachado Centralmente,OTAG,2026-08-03,2026-08-03,SIMEM 0bfc9d + 841808 + 10F2C9,GD LOS MANGOS II,SUCRE,70708.0,SAN MARCOS,Caribe,-75.17250267808815,8.589218973474024,0.96,SOLAR,RAD SOLAR,ND,GEN. DISTRIBUIDA,OPERACIÓN,OTACC GENERACION S.A.S. E.S.P.,2026-07-21,2026.0,2026-08-03,0.0,SI,530.0,True,True,SIMEM + UPME
5OWN,GD LOS MANGOS III,Are0127,Area Caribe,Are0021,SubArea Cordoba_Sucre,Solar,No Despachado Centralmente,OTAG,2026-08-03,2026-08-03,SIMEM 0bfc9d + 841808 + 10F2C9,GD LOS MANGOS III,SUCRE,70708.0,SAN MARCOS,Caribe,-75.17250267808815,8.589218973474024,0.96,SOLAR,RAD SOLAR,ND,GEN. DISTRIBUIDA,OPERACIÓN,OTACC GENERACION S.A.S. E.S.P.,2026-07-21,2026.0,2026-08-03,0.0,SI,523.0,True,True,SIMEM + UPME
5OWO,AGPE GABRIEL ALBERTO JIMENEZ ALVAREZ,Are0127,Area Caribe,Are0016,SubArea Atlantico,Solar,No Despachado Centralmente,ENBC,2026-08-03,2026-08-03,SIMEM 0bfc9d + 841808 + 10F2C9,,,,,,,,,,,,,,,,,,,,,True,False,Solo SIMEM
5OWP,AGPE ISMAEL BARRIOS BARRIO,Are0127,Area Caribe,Are0016,SubArea Atlantico,Solar,No Despachado Centralmente,SCEC,2026-08-03,2026-08-03,SIMEM 0bfc9d + 841808 + 10F2C9,,,,,,,,,,,,,,,,,,,,,True,False,Solo SIMEM
5OWQ,AGPE JOHN JAIRO CIFUENTES SARRIA,Are0128,Area Suroccidental,Are0032,SubArea Valle,Solar,No Despachado Centralmente,ENBC,2026-08-03,2026-08-03,SIMEM 0bfc9d + 841808 + 10F2C9,,,,,,,,,,,,,,,,,,,,,True,False,Solo SIMEM
5OWY,GD CANARIOS III,Are0127,Area Caribe,Are0021,SubArea Cordoba_Sucre,Solar,No Despachado Centralmente,OTAG,2026-08-03,2026-08-03,SIMEM 0bfc9d + 841808 + 10F2C9,GD CANARIOS III,SUCRE,70708.0,SAN MARCOS,Caribe,-75.17250267808815,8.589218973474024,0.96,SOLAR,RAD SOLAR,ND,GEN. DISTRIBUIDA,OPERACIÓN,OTACC GENERACION S.A.S. E.S.P.,2026-06-19,2026.0,2026-08-03,0.0,SI,528.0,True,True,SIMEM + UPME
5OZV,AGPE MONICA ANDREA PINEROS CORREA MONTEVERDE,Are0127,Area Caribe,Are0021,SubArea Cordoba_Sucre,Solar,No Despachado Centralmente,SCEC,2026-08-03,2026-08-03,SIMEM 0bfc9d + 841808 + 10F2C9,,,,,,,,,,,,,,,,,,,,,True,False,Solo SIMEM
5P1I,AGPE CUCINARE SAS 2,Are0127,Area Caribe,Are0016,SubArea Atlantico,Solar,No Despachado Centralmente,BIAC,2026-08-03,2026-08-03,SIMEM 0bfc9d + 841808 + 10F2C9,,,,,,,,,,,,,,,,,,,,,True,False,Solo SIMEM
5P1J,AGPE PRODE1,Are0056,Area Oriental,Are0017,SubArea Bogota,Solar,No Despachado Centralmente,ETTC,2026-08-03,2026-08-03,SIMEM 0bfc9d + 841808 + 10F2C9,,,,,,,,,,,,,,,,,,,,,True,False,Solo SIMEM
5P43,AGPE LA CONCEPCION,Are0128,Area Suroccidental,Are0032,SubArea Valle,Solar,No Despachado Centralmente,EPSC,2026-08-03,2026-08-03,SIMEM 0bfc9d + 841808 + 10F2C9,,,,,,,,,,,,,,,,,,,,,True,False,Solo SIMEM
5P44,,,,,,,,,,,,AUTOG CELSIA SOLAR TQ TECNOSUR,CAUCA,19845.0,VILLA RICA,Pacífico,-76.46449374990074,3.1805735176748984,4.08,SOLAR,RAD SOLAR,ND,AUTOGENERADOR,PRUEBAS,CELSIA COLOMBIA S.A. E.S.P.,2026-04-30,2026.0,2026-08-03,0.0,NO,225.0,False,True,Solo UPME
5P45,AGPE ABASTECIMIENTOS INDUSTRIALES SAS,Are0128,Area Suroccidental,Are0032,SubArea Valle,Solar,No Despachado Centralmente,EPSC,2026-08-03,2026-08-03,SIMEM 0bfc9d + 841808 + 10F2C9,,,,,,,,,,,,,,,,,,,,,True,False,Solo SIMEM
5P46,AGPE ANDRES HOLGUIN RAMOS,Are0128,Area Suroccidental,Are0032,SubArea Valle,Solar,No Despachado Centralmente,DLRC,2026-08-03,2026-08-03,SIMEM 0bfc9d + 841808 + 10F2C9,,,,,,,,,,,,,,,,,,,,,True,False,Solo SIMEM
5P47,AGPE NAVITRANS AMERICAS 2,Are0056,Area Oriental,Are0017,SubArea Bogota,Solar,No Despachado Centralmente,NEUC,2026-08-03,2026-08-03,SIMEM 0bfc9d + 841808 + 10F2C9,,,,,,,,,,,,,,,,,,,,,True,False,Solo SIMEM
5P48,AGPE JORGE ANDRES BALLESTEROS VALDIVIESO,Are0127,Area Caribe,Are0025,SubArea GCM,Solar,No Despachado Centralmente,GNCC,2026-08-03,2026-08-03,SIMEM 0bfc9d + 841808 + 10F2C9,,,,,,,,,,,,,,,,,,,,,True,False,Solo SIMEM
5P49,AGPE GRANJA PORVENIR NUCLEO 2,Are0127,Area Caribe,Are0016,SubArea Atlantico,Solar,No Despachado Centralmente,GNCC,2026-08-03,2026-08-03,SIMEM 0bfc9d + 841808 + 10F2C9,,,,,,,,,,,,,,,,,,,,,True,False,Solo SIMEM
5P4B,AGPE JUAN JOSE VARGAS VERGARA,Are0127,Area Caribe,Are0021,SubArea Cordoba_Sucre,Solar,No Despachado Centralmente,SCEC,2026-08-03,2026-08-03,SIMEM 0bfc9d + 841808 + 10F2C9,,,,,,,,,,,,,,,,,,,,,True,False,Solo SIMEM
5P4C,AGPE HOUSEGRES,Are0128,Area Suroccidental,Are0022,SubArea CQR,Solar,No Despachado Centralmente,EPMC,2026-08-03,2026-08-03,SIMEM 0bfc9d + 841808 + 10F2C9,,,,,,,,,,,,,,,,,,,,,True,False,Solo SIMEM
5P4D,AGPE TEJARES TERRACOTA,Are0128,Area Suroccidental,Are0022,SubArea CQR,Solar,No Despachado Centralmente,EPMC,2026-08-03,2026-08-03,SIMEM 0bfc9d + 841808 + 10F2C9,,,,,,,,,,,,,,,,,,,,,True,False,Solo SIMEM
5P4E,AGPE AEROPUERTO CUCUTA,Are0012,Area Nordeste,Are0029,SubArea Norte de Santander,Solar,No Despachado Centralmente,EPMC,2026-08-03,2026-08-03,SIMEM 0bfc9d + 841808 + 10F2C9,,,,,,,,,,,,,,,,,,,,,True,False,Solo SIMEM
5P4F,AGPE CR QUINTAS DEL LILI,Are0128,Area Suroccidental,Are0032,SubArea Valle,Solar,No Despachado Centralmente,ENBC,2026-08-03,2026-08-03,SIMEM 0bfc9d + 841808 + 10F2C9,,,,,,,,,,,,,,,,,,,,,True,False,Solo SIMEM
5P4G,AGPE UFINET SAN JUAN DEL CESAR,Are0127,Area Caribe,Are0025,SubArea GCM,Solar,No Despachado Centralmente,ENBC,2026-08-03,2026-08-03,SIMEM 0bfc9d + 841808 + 10F2C9,,,,,,,,,,,,,,,,,,,,,True,False,Solo SIMEM
5P4H,AGPE IVAN ALBERTO JIMENEZ AGUIRRE,Are0127,Area Caribe,Are0016,SubArea Atlantico,Solar,No Despachado Centralmente,ENBC,2026-08-03,2026-08-03,SIMEM 0bfc9d + 841808 + 10F2C9,,,,,,,,,,,,,,,,,,,,,True,False,Solo SIMEM
5P4I,AGPE AGOFER,Are0127,Area Caribe,Are0016,SubArea Atlantico,Solar,No Despachado Centralmente,EXEC,2026-08-03,2026-08-03,SIMEM 0bfc9d + 841808 + 10F2C9,,,,,,,,,,,,,,,,,,,,,True,False,Solo SIMEM
5P4J,AGPE INMOBILIARIA CASAS MARIN,Are0127,Area Caribe,Are0025,SubArea GCM,Solar,No Despachado Centralmente,RTQC,2026-08-03,2026-08-03,SIMEM 0bfc9d + 841808 + 10F2C9,,,,,,,,,,,,,,,,,,,,,True,False,Solo SIMEM
5P4K,AGPE JACAR1,Are0002,Area Antioquia,Are0015,SubArea Antioquia,Solar,No Despachado Centralmente,ETTC,2026-08-03,2026-08-03,SIMEM 0bfc9d + 841808 + 10F2C9,,,,,,,,,,,,,,,,,,,,,True,False,Solo SIMEM
5P4L,AGPE FARMATODO 7702318,Are0127,Area Caribe,Are0016,SubArea Atlantico,Solar,No Despachado Centralmente,NEUC,2026-08-03,2026-08-03,SIMEM 0bfc9d + 841808 + 10F2C9,,,,,,,,,,,,,,,,,,,,,True,False,Solo SIMEM
5P4M,AGPE QUESERA LA PAZ,Are0127,Area Caribe,Are0025,SubArea GCM,Solar,No Despachado Centralmente,NEUC,2026-08-03,2026-08-03,SIMEM 0bfc9d + 841808 + 10F2C9,,,,,,,,,,,,,,,,,,,,,True,False,Solo SIMEM
5P4N,AGPE 488 ARA MALAMBO EL CARMEN,Are0127,Area Caribe,Are0016,SubArea Atlantico,Solar,No Despachado Centralmente,NEUC,2026-08-03,2026-08-03,SIMEM 0bfc9d + 841808 + 10F2C9,,,,,,,,,,,,,,,,,,,,,True,False,Solo SIMEM
5P4O,AGPE 582 ARA BARRANQUILLA LA CAMPINA,Are0127,Area Caribe,Are0016,SubArea Atlantico,Solar,No Despachado Centralmente,NEUC,2026-08-03,2026-08-03,SIMEM 0bfc9d + 841808 + 10F2C9,,,,,,,,,,,,,,,,,,,,,True,False,Solo SIMEM
5PNS,AGPE LICEO BENALCAZAR,Are0128,Area Suroccidental,Are0032,SubArea Valle,Solar,No Despachado Centralmente,ENBC,2026-08-03,2026-08-03,SIMEM 0bfc9d + 841808 + 10F2C9,,,,,,,,,,,,,,,,,,,,,True,False,Solo SIMEM
5PNT,AGPE ARROCERA LA ESMERALDA,Are0012,Area Nordeste,Are0130,SubArea Boyaca-Casanare,Solar,No Despachado Centralmente,EPSC,2026-08-03,2026-08-03,SIMEM 0bfc9d + 841808 + 10F2C9,,,,,,,,,,,,,,,,,,,,,True,False,Solo SIMEM
5PNU,AGPE ANDRES HERALDO PATINO CASTRO,Are0128,Area Suroccidental,Are0032,SubArea Valle,Solar,No Despachado Centralmente,ENBC,2026-08-03,2026-08-03,SIMEM 0bfc9d + 841808 + 10F2C9,,,,,,,,,,,,,,,,,,,,,True,False,Solo SIMEM
5PNW,AGPE LORENA RANGEL ARISTIZABAL,Are0127,Area Caribe,Are0021,SubArea Cordoba_Sucre,Solar,No Despachado Centralmente,SCEC,2026-08-03,2026-08-03,SIMEM 0bfc9d + 841808 + 10F2C9,,,,,,,,,,,,,,,,,,,,,True,False,Solo SIMEM
5PNX,AGPE JOSE ANTONIO LOPEZ BULA,Are0127,Area Caribe,Are0021,SubArea Cordoba_Sucre,Solar,No Despachado Centralmente,SCEC,2026-08-03,2026-08-03,SIMEM 0bfc9d + 841808 + 10F2C9,,,,,,,,,,,,,,,,,,,,,True,False,Solo SIMEM
5PNY,AGPE STO 798 OLIMPICA CARMEN DE BOLIVAR,Are0127,Area Caribe,Are0018,SubArea Bolivar,Solar,No Despachado Centralmente,RTQC,2026-08-03,2026-08-03,SIMEM 0bfc9d + 841808 + 10F2C9,,,,,,,,,,,,,,,,,,,,,True,False,Solo SIMEM
5PNZ,AGPE COUNTRY MOTORS LEASING COLOMBIA,Are0127,Area Caribe,Are0016,SubArea Atlantico,Solar,No Despachado Centralmente,RTQC,2026-08-03,2026-08-03,SIMEM 0bfc9d + 841808 + 10F2C9,,,,,,,,,,,,,,,,,,,,,True,False,Solo SIMEM
5PO1,,,,,,,,,,,,GD VITERBO I,CALDAS,17877.0,VITERBO,Eje Cafetero,-75.87930686947288,5.047806796000324,0.97,SOLAR,RAD SOLAR,ND,GEN. DISTRIBUIDA,PRUEBAS,ENERGIA LIMPIA Y EFICIENTE S.A.S ESP,2026-05-16,2026.0,2026-08-03,0.0,SI,204.0,False,True,Solo UPME
5PO2,,,,,,,,,,,,GD VITERBO II,CALDAS,17877.0,VITERBO,Eje Cafetero,-75.87930686947288,5.047806796000324,0.97,SOLAR,RAD SOLAR,ND,GEN. DISTRIBUIDA,PRUEBAS,ENERGIA LIMPIA Y EFICIENTE S.A.S ESP,2026-05-16,2026.0,2026-08-03,0.0,SI,205.0,False,True,Solo UPME
5PO3,AGPE SERVICIOS DE ALIMENTACION NP SAS,Are0127,Area Caribe,Are0016,SubArea Atlantico,Solar,No Despachado Centralmente,RTQC,2026-08-03,2026-08-03,SIMEM 0bfc9d + 841808 + 10F2C9,,,,,,,,,,,,,,,,,,,,,True,False,Solo SIMEM
5PSP,AGPE FARMATODO CEIBA II,Are0012,Area Nordeste,Are0029,SubArea Norte de Santander,Solar,No Despachado Centralmente,RTQC,2026-08-03,2026-08-03,SIMEM 0bfc9d + 841808 + 10F2C9,,,,,,,,,,,,,,,,,,,,,True,False,Solo SIMEM
5PTB,AGPE INVERSIONES LA GRAN FAMILIA,Are0056,Area Oriental,Are0017,SubArea Bogota,Solar,No Despachado Centralmente,QIEC,2026-08-03,2026-08-03,SIMEM 0bfc9d + 841808 + 10F2C9,,,,,,,,,,,,,,,,,,,,,True,False,Solo SIMEM
5PTH,AGPE PRODUNOVA,Are0056,Area Oriental,Are0027,SubArea Meta,Solar,No Despachado Centralmente,QIEC,2026-08-03,2026-08-03,SIMEM 0bfc9d + 841808 + 10F2C9,,,,,,,,,,,,,,,,,,,,,True,False,Solo SIMEM
5PTJ,AGPE MANUFACTURAS REYMON SA,Are0056,Area Oriental,Are0017,SubArea Bogota,Solar,No Despachado Centralmente,QIEC,2026-08-03,2026-08-03,SIMEM 0bfc9d + 841808 + 10F2C9,,,,,,,,,,,,,,,,,,,,,True,False,Solo SIMEM
5PTL,AGPE PLASTICOS FENIX SAS,Are0128,Area Suroccidental,Are0022,SubArea CQR,Solar,No Despachado Centralmente,GNCC,2026-08-03,2026-08-03,SIMEM 0bfc9d + 841808 + 10F2C9,,,,,,,,,,,,,,,,,,,,,True,False,Solo SIMEM
5PTN,AGPE MORICHAL PLAZA CENTRO COMERCIAL,Are0012,Area Nordeste,Are0130,SubArea Boyaca-Casanare,Solar,No Despachado Centralmente,QIEC,2026-08-03,2026-08-03,SIMEM 0bfc9d + 841808 + 10F2C9,,,,,,,,,,,,,,,,,,,,,True,False,Solo SIMEM
5PTP,AGPE SUPER MODA SABANALARGA SAS,Are0127,Area Caribe,Are0016,SubArea Atlantico,Solar,No Despachado Centralmente,GNCC,2026-08-03,2026-08-03,SIMEM 0bfc9d + 841808 + 10F2C9,,,,,,,,,,,,,,,,,,,,,True,False,Solo SIMEM
5PTS,AGPE TIENDA ARA SOGAMOSO,Are0012,Area Nordeste,Are0130,SubArea Boyaca-Casanare,Solar,No Despachado Centralmente,GNCC,2026-08-03,2026-08-03,SIMEM 0bfc9d + 841808 + 10F2C9,,,,,,,,,,,,,,,,,,,,,True,False,Solo SIMEM
5PTU,GD SAN ONOFRE III,Are0127,Area Caribe,Are0021,SubArea Cordoba_Sucre,Solar,No Despachado Centralmente,DUCG,2026-08-03,2026-08-03,SIMEM 0bfc9d + 841808 + 10F2C9,GD SAN ONOFRE III,SUCRE,70713.0,SAN ONOFRE,Caribe,-75.50522786680389,9.814574389240413,0.9,SOLAR,RAD SOLAR,ND,GEN. DISTRIBUIDA,OPERACIÓN,DUCK ENERGY S.A.S. ESP,2026-05-27,2026.0,2026-08-03,0.0,SI,522.0,True,True,SIMEM + UPME
5PTW,GD SAN ONOFRE II,Are0127,Area Caribe,Are0021,SubArea Cordoba_Sucre,Solar,No Despachado Centralmente,DUCG,2026-08-03,2026-08-03,SIMEM 0bfc9d + 841808 + 10F2C9,GD SAN ONOFRE II,SUCRE,70713.0,SAN ONOFRE,Caribe,-75.50522786680389,9.814574389240413,0.9,SOLAR,RAD SOLAR,ND,GEN. DISTRIBUIDA,OPERACIÓN,DUCK ENERGY S.A.S. ESP,2026-05-27,2026.0,2026-08-03,0.0,SI,521.0,True,True,SIMEM + UPME
5PTY,AGPE CC EJECUTIVOS 1,Are0127,Area Caribe,Are0018,SubArea Bolivar,Solar,No Despachado Centralmente,GNCC,2026-08-03,2026-08-03,SIMEM 0bfc9d + 841808 + 10F2C9,,,,,,,,,,,,,,,,,,,,,True,False,Solo SIMEM
5PU1,GD SAN ONOFRE I,Are0127,Area Caribe,Are0021,SubArea Cordoba_Sucre,Solar,No Despachado Centralmente,DUCG,2026-08-03,2026-08-03,SIMEM 0bfc9d + 841808 + 10F2C9,GD SAN ONOFRE I,SUCRE,70713.0,SAN ONOFRE,Caribe,-75.50522786680389,9.814574389240413,0.9,SOLAR,RAD SOLAR,ND,GEN. DISTRIBUIDA,OPERACIÓN,DUCK ENERGY S.A.S. ESP,2026-05-27,2026.0,2026-08-03,0.0,SI,520.0,True,True,SIMEM + UPME
5PU3,AGPE CLUB CAMPESTRE PALMIRA,Are0128,Area Suroccidental,Are0032,SubArea Valle,Solar,No Despachado Centralmente,CETC,2026-08-03,2026-08-03,SIMEM 0bfc9d + 841808 + 10F2C9,,,,,,,,,,,,,,,,,,,,,True,False,Solo SIMEM
5PU9,AGPE BIGSIGNS PUBLICIDAD SAS,Are0127,Area Caribe,Are0021,SubArea Cordoba_Sucre,Solar,No Despachado Centralmente,SCEC,2026-08-03,2026-08-03,SIMEM 0bfc9d + 841808 + 10F2C9,,,,,,,,,,,,,,,,,,,,,True,False,Solo SIMEM
5PUC,AGPE OMAR DAVID GHISAYS MARTINEZ,Are0127,Area Caribe,Are0021,SubArea Cordoba_Sucre,Solar,No Despachado Centralmente,SCEC,2026-08-03,2026-08-03,SIMEM 0bfc9d + 841808 + 10F2C9,,,,,,,,,,,,,,,,,,,,,True,False,Solo SIMEM
5PUE,AGPE ELDER JOSE OYOLA ADANA,Are0127,Area Caribe,Are0021,SubArea Cordoba_Sucre,Solar,No Despachado Centralmente,SCEC,2026-08-03,2026-08-03,SIMEM 0bfc9d + 841808 + 10F2C9,,,,,,,,,,,,,,,,,,,,,True,False,Solo SIMEM
5PUH,AGPE LUIS CARLOS MANOTAS RODRIGUEZ,Are0127,Area Caribe,Are0021,SubArea Cordoba_Sucre,Solar,No Despachado Centralmente,SCEC,2026-08-03,2026-08-03,SIMEM 0bfc9d + 841808 + 10F2C9,,,,,,,,,,,,,,,,,,,,,True,False,Solo SIMEM
5PUJ,AGPE RUBEN DARIO SUAREZ MORA,Are0127,Area Caribe,Are0021,SubArea Cordoba_Sucre,Solar,No Despachado Centralmente,SCEC,2026-08-03,2026-08-03,SIMEM 0bfc9d + 841808 + 10F2C9,,,,,,,,,,,,,,,,,,,,,True,False,Solo SIMEM
5PUL,AGPE GLEINER SOFIA PEREZ SAENZ,Are0127,Area Caribe,Are0021,SubArea Cordoba_Sucre,Solar,No Despachado Centralmente,SCEC,2026-08-03,2026-08-03,SIMEM 0bfc9d + 841808 + 10F2C9,,,,,,,,,,,,,,,,,,,,,True,False,Solo SIMEM
5PUN,,,,,,,,,,,,LA PAZ,CESAR,20621.0,LA PAZ,Caribe,-73.078475713251,10.244460449569692,9.9,SOLAR,RAD SOLAR,ND,NORMAL,PRUEBAS,GR POWER COLOMBIA S.A.S E.S.P.,2026-06-08,2026.0,2026-08-03,0.0,SI,252.0,False,True,Solo UPME
5PUP,,,,,,,,,,,,GD ESPERANZA I ETAPA II,HUILA,41615.0,RIVERA,Centro,-75.23542057217867,2.792812123984558,0.96,SOLAR,RAD SOLAR,ND,GEN. DISTRIBUIDA,PRUEBAS,NEXTGY S.A.S. E.S.P.,2026-07-10,2026.0,2026-08-03,0.0,SI,379.0,False,True,Solo UPME
5QF4,AGPE CARLOS ALBERTO MEDRANO ARAUJO,Are0128,Area Suroccidental,Are0032,SubArea Valle,Solar,No Despachado Centralmente,ENBC,2026-08-03,2026-08-03,SIMEM 0bfc9d + 841808 + 10F2C9,,,,,,,,,,,,,,,,,,,,,True,False,Solo SIMEM
5QFE,,,,,,,,,,,,GD SABANA DE TORRES,SANTANDER,68655.0,SABANA DE TORRES,Oriente,-73.5715473572126,7.403029796330422,0.99,SOLAR,RAD SOLAR,ND,GEN. DISTRIBUIDA,PRUEBAS,UNERGY ENERGY DIGITAL S.A.S E.S.P,2026-05-21,2026.0,2026-08-03,0.0,SI,483.0,False,True,Solo UPME
5QFG,,,,,,,,,,,,GD TAURUS VIII,BOLÍVAR,13647.0,SAN ESTANISLAO,Caribe,-75.20523843863491,10.364677519552943,0.96,SOLAR,RAD SOLAR,ND,GEN. DISTRIBUIDA,PRUEBAS,UNERGY ENERGY DIGITAL S.A.S E.S.P,2026-06-19,2026.0,2026-08-03,0.0,SI,169.0,False,True,Solo UPME
5QFI,,,,,,,,,,,,GD TAURUS IX,BOLÍVAR,13647.0,SAN ESTANISLAO,Caribe,-75.20523843863491,10.364677519552943,0.96,SOLAR,RAD SOLAR,ND,GEN. DISTRIBUIDA,PRUEBAS,UNERGY ENERGY DIGITAL S.A.S E.S.P,2026-06-19,2026.0,2026-08-03,0.0,SI,170.0,False,True,Solo UPME
5QFK,,,,,,,,,,,,GD TAURUS X,BOLÍVAR,13647.0,SAN ESTANISLAO,Caribe,-75.20523843863491,10.364677519552943,0.96,SOLAR,RAD SOLAR,ND,GEN. DISTRIBUIDA,PRUEBAS,UNERGY ENERGY DIGITAL S.A.S E.S.P,2026-06-19,2026.0,2026-08-03,0.0,SI,171.0,False,True,Solo UPME
5QFM,GD AGUSTIN II,Are0012,Area Nordeste,Are0029,SubArea Norte de Santander,Solar,No Despachado Centralmente,UNGG,2026-08-03,2026-08-03,SIMEM 0bfc9d + 841808 + 10F2C9,GD AGUSTIN II,NORTE DE SANTANDER,54001.0,SAN JOSÉ DE CÚCUTA,Oriente,-72.4886522050001,8.111911101392629,0.99,SOLAR,RAD SOLAR,ND,GEN. DISTRIBUIDA,OPERACIÓN,UNERGY ENERGY DIGITAL S.A.S E.S.P,2026-06-18,2026.0,2026-08-03,0.0,SI,451.0,True,True,SIMEM + UPME
5QFQ,AGPE DANIEL JOSE VILLEGAS VEGA,Are0127,Area Caribe,Are0021,SubArea Cordoba_Sucre,Solar,No Despachado Centralmente,SCEC,2026-08-03,2026-08-03,SIMEM 0bfc9d + 841808 + 10F2C9,,,,,,,,,,,,,,,,,,,,,True,False,Solo SIMEM
5QFS,AGPE DEYSI ROCIO LONDONO MILLAN,Are0127,Area Caribe,Are0016,SubArea Atlantico,Solar,No Despachado Centralmente,ENBC,2026-08-03,2026-08-03,SIMEM 0bfc9d + 841808 + 10F2C9,,,,,,,,,,,,,,,,,,,,,True,False,Solo SIMEM
5QFU,AGPE ANDRES EDUARDO HERRERA ALVAREZ,Are0127,Area Caribe,Are0018,SubArea Bolivar,Solar,No Despachado Centralmente,ENBC,2026-08-03,2026-08-03,SIMEM 0bfc9d + 841808 + 10F2C9,,,,,,,,,,,,,,,,,,,,,True,False,Solo SIMEM
5QQB,AGPE STO 264 EL COPEY,Are0127,Area Caribe,Are0025,SubArea GCM,Solar,No Despachado Centralmente,NEUC,2026-08-03,2026-08-03,SIMEM 0bfc9d + 841808 + 10F2C9,,,,,,,,,,,,,,,,,,,,,True,False,Solo SIMEM
5QQF,AGPE NORGAS YUMBO,Are0128,Area Suroccidental,Are0032,SubArea Valle,Solar,No Despachado Centralmente,NEUC,2026-08-03,2026-08-03,SIMEM 0bfc9d + 841808 + 10F2C9,,,,,,,,,,,,,,,,,,,,,True,False,Solo SIMEM
5QQH,AGPE NAZLY FLOREZ PEREZ,Are0127,Area Caribe,Are0021,SubArea Cordoba_Sucre,Solar,No Despachado Centralmente,ENBC,2026-08-03,2026-08-03,SIMEM 0bfc9d + 841808 + 10F2C9,,,,,,,,,,,,,,,,,,,,,True,False,Solo SIMEM
5QQL,AGPE COMERCIALIZADORA FRESMAR SAS,Are0128,Area Suroccidental,Are0022,SubArea CQR,Solar,No Despachado Centralmente,EEPC,2026-08-03,2026-08-03,SIMEM 0bfc9d + 841808 + 10F2C9,,,,,,,,,,,,,,,,,,,,,True,False,Solo SIMEM
5QQN,AGPE SENOR BROCHETA SAS,Are0127,Area Caribe,Are0025,SubArea GCM,Solar,No Despachado Centralmente,NEUC,2026-08-03,2026-08-03,SIMEM 0bfc9d + 841808 + 10F2C9,,,,,,,,,,,,,,,,,,,,,True,False,Solo SIMEM
5QQP,AGPE FARMATODO AVENIDA DEL RIO,Are0128,Area Suroccidental,Are0032,SubArea Valle,Solar,No Despachado Centralmente,BIAC,2026-08-03,2026-08-03,SIMEM 0bfc9d + 841808 + 10F2C9,,,,,,,,,,,,,,,,,,,,,True,False,Solo SIMEM
5QQT,AGPE MERCALDAS LA FUENTE,Are0128,Area Suroccidental,Are0022,SubArea CQR,Solar,No Despachado Centralmente,EEPC,2026-08-03,2026-08-03,SIMEM 0bfc9d + 841808 + 10F2C9,,,,,,,,,,,,,,,,,,,,,True,False,Solo SIMEM
5QQV,AGPE MARTHA ROSA MAYA,Are0127,Area Caribe,Are0025,SubArea GCM,Solar,No Despachado Centralmente,NEUC,2026-08-03,2026-08-03,SIMEM 0bfc9d + 841808 + 10F2C9,,,,,,,,,,,,,,,,,,,,,True,False,Solo SIMEM
5QQX,AGPE CARIBE BROCHAS Y HERRAMIENTAS SAS,Are0056,Area Oriental,Are0017,SubArea Bogota,Solar,No Despachado Centralmente,BIAC,2026-08-03,2026-08-03,SIMEM 0bfc9d + 841808 + 10F2C9,,,,,,,,,,,,,,,,,,,,,True,False,Solo SIMEM
5QQZ,AGPE FARMATODO GRANADA,Are0128,Area Suroccidental,Are0032,SubArea Valle,Solar,No Despachado Centralmente,BIAC,2026-08-03,2026-08-03,SIMEM 0bfc9d + 841808 + 10F2C9,,,,,,,,,,,,,,,,,,,,,True,False,Solo SIMEM
5QR2,AGPE MERCALDAS LA ENEA,Are0128,Area Suroccidental,Are0022,SubArea CQR,Solar,No Despachado Centralmente,EEPC,2026-08-03,2026-08-03,SIMEM 0bfc9d + 841808 + 10F2C9,,,,,,,,,,,,,,,,,,,,,True,False,Solo SIMEM
5QR4,AGPE DISPOR1,Are0056,Area Oriental,Are0017,SubArea Bogota,Solar,No Despachado Centralmente,ETTC,2026-08-03,2026-08-03,SIMEM 0bfc9d + 841808 + 10F2C9,,,,,,,,,,,,,,,,,,,,,True,False,Solo SIMEM
5QSP,AGPE VICAR 1,Are0056,Area Oriental,Are0017,SubArea Bogota,Solar,No Despachado Centralmente,ETTC,2026-08-03,2026-08-03,SIMEM 0bfc9d + 841808 + 10F2C9,,,,,,,,,,,,,,,,,,,,,True,False,Solo SIMEM
5QSR,AGPE PENAL2,Are0056,Area Oriental,Are0017,SubArea Bogota,Solar,No Despachado Centralmente,ETTC,2026-08-03,2026-08-03,SIMEM 0bfc9d + 841808 + 10F2C9,,,,,,,,,,,,,,,,,,,,,True,False,Solo SIMEM
5QST,AGPE ALIGRAF1,Are0128,Area Suroccidental,Are0019,SubArea Cauca-Narino,Solar,No Despachado Centralmente,ETTC,2026-08-03,2026-08-03,SIMEM 0bfc9d + 841808 + 10F2C9,,,,,,,,,,,,,,,,,,,,,True,False,Solo SIMEM
5QSV,AGPE COFLO 1,Are0056,Area Oriental,Are0017,SubArea Bogota,Solar,No Despachado Centralmente,ETTC,2026-08-03,2026-08-03,SIMEM 0bfc9d + 841808 + 10F2C9,,,,,,,,,,,,,,,,,,,,,True,False,Solo SIMEM
5QSX,AGPE MANUEL ENRIQUE GOLZALEZ FERNANDEZ,Are0127,Area Caribe,Are0021,SubArea Cordoba_Sucre,Solar,No Despachado Centralmente,SCEC,2026-08-03,2026-08-03,SIMEM 0bfc9d + 841808 + 10F2C9,,,,,,,,,,,,,,,,,,,,,True,False,Solo SIMEM
5QSZ,AGPE PETROLEOS DEL SINU SAS,Are0127,Area Caribe,Are0021,SubArea Cordoba_Sucre,Solar,No Despachado Centralmente,SCEC,2026-08-03,2026-08-03,SIMEM 0bfc9d + 841808 + 10F2C9,,,,,,,,,,,,,,,,,,,,,True,False,Solo SIMEM
5QT2,AGPE ANTONIO MARIA ESCALANTE PINEDA,Are0012,Area Nordeste,Are0029,SubArea Norte de Santander,Solar,No Despachado Centralmente,SCEC,2026-08-03,2026-08-03,SIMEM 0bfc9d + 841808 + 10F2C9,,,,,,,,,,,,,,,,,,,,,True,False,Solo SIMEM
5QT4,AGPE JOSE ARGEMIRO ANDRADE ANDRADE,Are0127,Area Caribe,Are0021,SubArea Cordoba_Sucre,Solar,No Despachado Centralmente,SCEC,2026-08-03,2026-08-03,SIMEM 0bfc9d + 841808 + 10F2C9,,,,,,,,,,,,,,,,,,,,,True,False,Solo SIMEM
5QT6,,,,,,,,,,,,DRUMMOND,CESAR,20250.0,EL PASO,Caribe,-73.7382619683179,9.683721170835586,80.0,TERMICA,ACPM,DC,NORMAL,PRUEBAS,DRUMMOND POWER S.A.S. E.S.P.,2026-05-31,2026.0,2026-08-03,8.7613,NO,270.0,False,True,Solo UPME
5QT8,AGPE CRISTIAN PRETELT EVENTOS SAS,Are0127,Area Caribe,Are0021,SubArea Cordoba_Sucre,Solar,No Despachado Centralmente,SCEC,2026-08-03,2026-08-03,SIMEM 0bfc9d + 841808 + 10F2C9,,,,,,,,,,,,,,,,,,,,,True,False,Solo SIMEM
5QTA,GD AGUSTIN III,Are0012,Area Nordeste,Are0029,SubArea Norte de Santander,Solar,No Despachado Centralmente,UNGG,2026-08-03,2026-08-03,SIMEM 0bfc9d + 841808 + 10F2C9,GD AGUSTIN III,NORTE DE SANTANDER,54001.0,SAN JOSÉ DE CÚCUTA,Oriente,-72.4886522050001,8.111911101392629,0.99,SOLAR,RAD SOLAR,ND,GEN. DISTRIBUIDA,OPERACIÓN,UNERGY ENERGY DIGITAL S.A.S E.S.P,2026-06-18,2026.0,2026-08-03,0.0,SI,452.0,True,True,SIMEM + UPME
5QTJ,GD GRANJA SOLAR SAN AGUSTIN,Are0012,Area Nordeste,Are0029,SubArea Norte de Santander,Solar,No Despachado Centralmente,UNGG,2026-08-03,2026-08-03,SIMEM 0bfc9d + 841808 + 10F2C9,GD GRANJA SOLAR SAN AGUSTIN,NORTE DE SANTANDER,54673.0,SAN CAYETANO,Oriente,-72.6098482097734,7.847790343843861,0.99,SOLAR,RAD SOLAR,ND,GEN. DISTRIBUIDA,OPERACIÓN,UNERGY ENERGY DIGITAL S.A.S E.S.P,2026-06-18,2026.0,2026-08-03,0.0,SI,456.0,True,True,SIMEM + UPME
5QUC,AGPE METROGAS SA ESP,Are0012,Area Nordeste,Are0130,SubArea Boyaca-Casanare,Solar,No Despachado Centralmente,BIAC,2026-08-03,2026-08-03,SIMEM 0bfc9d + 841808 + 10F2C9,,,,,,,,,,,,,,,,,,,,,True,False,Solo SIMEM
5QUE,,,,,,,,,,,,GD ERCO PALMAS II,CESAR,20787.0,TAMALAMEQUE,Caribe,-73.76338373446022,8.902068994332152,0.99,SOLAR,RAD SOLAR,ND,GEN. DISTRIBUIDA,PRUEBAS,ERCO GENERACION S.A.S. ESP,2026-07-23,2026.0,2026-08-03,0.0,SI,303.0,False,True,Solo UPME
5QUK,AGPE JASSIR SAIEH SAS CC PLAZA 59,Are0127,Area Caribe,Are0016,SubArea Atlantico,Solar,No Despachado Centralmente,ENBC,2026-08-03,2026-08-03,SIMEM 0bfc9d + 841808 + 10F2C9,,,,,,,,,,,,,,,,,,,,,True,False,Solo SIMEM
5QUM,AGPE INVERSIONES INT COLOMBIA SOCIEDAD POR ACCIONES SIMPLIFICADA,Are0127,Area Caribe,Are0016,SubArea Atlantico,Solar,No Despachado Centralmente,BIAC,2026-08-03,2026-08-03,SIMEM 0bfc9d + 841808 + 10F2C9,,,,,,,,,,,,,,,,,,,,,True,False,Solo SIMEM
5QUO,AGPE GRUPO HJM SAS,Are0127,Area Caribe,Are0021,SubArea Cordoba_Sucre,Solar,No Despachado Centralmente,SCEC,2026-08-03,2026-08-03,SIMEM 0bfc9d + 841808 + 10F2C9,,,,,,,,,,,,,,,,,,,,,True,False,Solo SIMEM
5QUQ,AGPE AQUAOCCIDENTE,Are0128,Area Suroccidental,Are0032,SubArea Valle,Solar,No Despachado Centralmente,EPSC,2026-08-03,2026-08-03,SIMEM 0bfc9d + 841808 + 10F2C9,,,,,,,,,,,,,,,,,,,,,True,False,Solo SIMEM
5QUS,AGPE DENISSE TEHERAN BENAVIDES,Are0127,Area Caribe,Are0021,SubArea Cordoba_Sucre,Solar,No Despachado Centralmente,SCEC,2026-08-03,2026-08-03,SIMEM 0bfc9d + 841808 + 10F2C9,,,,,,,,,,,,,,,,,,,,,True,False,Solo SIMEM
5QUU,AGPE CARNES Y DERIVADOS,Are0128,Area Suroccidental,Are0032,SubArea Valle,Solar,No Despachado Centralmente,EPSC,2026-08-03,2026-08-03,SIMEM 0bfc9d + 841808 + 10F2C9,,,,,,,,,,,,,,,,,,,,,True,False,Solo SIMEM
5SCK,GD VEGA II,Are0128,Area Suroccidental,Are0019,SubArea Cauca-Narino,Solar,No Despachado Centralmente,BIAG,2026-08-03,2026-08-03,SIMEM 0bfc9d + 841808 + 10F2C9,GD VEGA II,CAUCA,19532.0,PATÍA,Pacífico,-77.04684557984892,2.158148058676977,0.99,SOLAR,RAD SOLAR,ND,GEN. DISTRIBUIDA,OPERACIÓN,BIA ENERGY S.A.S. E.S.P,2026-07-08,2026.0,2026-08-03,0.0,SI,236.0,True,True,SIMEM + UPME
5SCX,GD VEGA I,Are0128,Area Suroccidental,Are0019,SubArea Cauca-Narino,Solar,No Despachado Centralmente,BIAG,2026-08-03,2026-08-03,SIMEM 0bfc9d + 841808 + 10F2C9,GD VEGA I,CAUCA,19532.0,PATÍA,Pacífico,-77.04684557984892,2.158148058676977,0.99,SOLAR,RAD SOLAR,ND,GEN. DISTRIBUIDA,OPERACIÓN,BIA ENERGY S.A.S. E.S.P,2026-07-08,2026.0,2026-08-03,0.0,SI,235.0,True,True,SIMEM + UPME
5SCZ,AGPE KFC CELTA 47 2,Are0056,Area Oriental,Are0017,SubArea Bogota,Solar,No Despachado Centralmente,EXEC,2026-08-03,2026-08-03,SIMEM 0bfc9d + 841808 + 10F2C9,,,,,,,,,,,,,,,,,,,,,True,False,Solo SIMEM
5SD2,AGPE KFC BODEGA A 115,Are0056,Area Oriental,Are0017,SubArea Bogota,Solar,No Despachado Centralmente,EXEC,2026-08-03,2026-08-03,SIMEM 0bfc9d + 841808 + 10F2C9,,,,,,,,,,,,,,,,,,,,,True,False,Solo SIMEM
5SE7,GD SOL Y CIELO XII,Are0127,Area Caribe,Are0021,SubArea Cordoba_Sucre,Solar,No Despachado Centralmente,EYCG,2026-08-03,2026-08-03,SIMEM 0bfc9d + 841808 + 10F2C9,GD SOL Y CIELO XII,CÓRDOBA,23660.0,SAHAGÚN,Caribe,-75.42925783426087,8.798980558495005,0.9,SOLAR,RAD SOLAR,ND,GEN. DISTRIBUIDA,OPERACIÓN,ENERGIA Y GAS DE COLOMBIA SAS ESP,2026-07-11,2026.0,2026-08-03,0.0,SI,315.0,True,True,SIMEM + UPME
5SE9,GD SOL Y CIELO XIII,Are0127,Area Caribe,Are0021,SubArea Cordoba_Sucre,Solar,No Despachado Centralmente,EYCG,2026-08-03,2026-08-03,SIMEM 0bfc9d + 841808 + 10F2C9,GD SOL Y CIELO XIII,CÓRDOBA,23001.0,MONTERÍA,Caribe,-75.95052937682705,8.584659059910113,0.9,SOLAR,RAD SOLAR,ND,GEN. DISTRIBUIDA,PRUEBAS,ENERGIA Y GAS DE COLOMBIA SAS ESP,2026-08-01,2026.0,2026-08-03,0.0,SI,335.0,True,True,SIMEM + UPME
5SEB,GD SOL Y CIELO XI,Are0127,Area Caribe,Are0021,SubArea Cordoba_Sucre,Solar,No Despachado Centralmente,EYCG,2026-08-03,2026-08-03,SIMEM 0bfc9d + 841808 + 10F2C9,GD SOL Y CIELO XI,CÓRDOBA,23660.0,SAHAGÚN,Caribe,-75.42925783426087,8.798980558495005,0.9,SOLAR,RAD SOLAR,ND,GEN. DISTRIBUIDA,OPERACIÓN,ENERGIA Y GAS DE COLOMBIA SAS ESP,2026-07-11,2026.0,2026-08-03,0.0,SI,314.0,True,True,SIMEM + UPME
5SED,GD SOL Y CIELO XIV,Are0127,Area Caribe,Are0021,SubArea Cordoba_Sucre,Solar,No Despachado Centralmente,EYCG,2026-08-03,2026-08-03,SIMEM 0bfc9d + 841808 + 10F2C9,GD SOL Y CIELO XIV,CÓRDOBA,23001.0,MONTERÍA,Caribe,-75.95052937682705,8.584659059910113,0.9,SOLAR,RAD SOLAR,ND,GEN. DISTRIBUIDA,PRUEBAS,ENERGIA Y GAS DE COLOMBIA SAS ESP,2026-08-01,2026.0,2026-08-03,0.0,SI,336.0,True,True,SIMEM + UPME
5SEF,,,,,,,,,,,,CHENCHE PURIFICACION,TOLIMA,73585.0,PURIFICACIÓN,Centro,-74.87451916378946,3.8542834829993184,9.9,SOLAR,RAD SOLAR,ND,NORMAL,PRUEBAS,ERCO GENERACION S.A.S. ESP,2026-06-19,2026.0,2026-08-03,0.0,SI,543.0,False,True,Solo UPME
5SEL,GD PISINGO II,Are0127,Area Caribe,Are0018,SubArea Bolivar,Solar,No Despachado Centralmente,GNCG,2026-08-03,2026-08-03,SIMEM 0bfc9d + 841808 + 10F2C9,,,,,,,,,,,,,,,,,,,,,True,False,Solo SIMEM
5SEN,GD PISINGO I,Are0127,Area Caribe,Are0018,SubArea Bolivar,Solar,No Despachado Centralmente,GNCG,2026-08-03,2026-08-03,SIMEM 0bfc9d + 841808 + 10F2C9,,,,,,,,,,,,,,,,,,,,,True,False,Solo SIMEM
5SEP,AGPE FAHILOS,Are0002,Area Antioquia,Are0015,SubArea Antioquia,Solar,No Despachado Centralmente,EPMC,2026-08-03,2026-08-03,SIMEM 0bfc9d + 841808 + 10F2C9,,,,,,,,,,,,,,,,,,,,,True,False,Solo SIMEM
5SER,AGPE DONEUS1,Are0056,Area Oriental,Are0017,SubArea Bogota,Solar,No Despachado Centralmente,ETTC,2026-08-03,2026-08-03,SIMEM 0bfc9d + 841808 + 10F2C9,,,,,,,,,,,,,,,,,,,,,True,False,Solo SIMEM
5SEV,AGPE ENERAM1,Are0128,Area Suroccidental,Are0031,SubArea Huila-Tolima,Solar,No Despachado Centralmente,ETTC,2026-08-03,2026-08-03,SIMEM 0bfc9d + 841808 + 10F2C9,,,,,,,,,,,,,,,,,,,,,True,False,Solo SIMEM
5SEX,AGPE TOFEIN1,Are0127,Area Caribe,Are0016,SubArea Atlantico,Solar,No Despachado Centralmente,ETTC,2026-08-03,2026-08-03,SIMEM 0bfc9d + 841808 + 10F2C9,,,,,,,,,,,,,,,,,,,,,True,False,Solo SIMEM
5SEZ,AGPE BETHE1,Are0127,Area Caribe,Are0021,SubArea Cordoba_Sucre,Solar,No Despachado Centralmente,ETTC,2026-08-03,2026-08-03,SIMEM 0bfc9d + 841808 + 10F2C9,,,,,,,,,,,,,,,,,,,,,True,False,Solo SIMEM
5SF2,AGPE GUSTAVO ADOLFO BARROS ORTIZ,Are0127,Area Caribe,Are0021,SubArea Cordoba_Sucre,Solar,No Despachado Centralmente,SCEC,2026-08-03,2026-08-03,SIMEM 0bfc9d + 841808 + 10F2C9,,,,,,,,,,,,,,,,,,,,,True,False,Solo SIMEM
5SF4,AGPE JOHN FREDY PENA BERNAL,Are0127,Area Caribe,Are0016,SubArea Atlantico,Solar,No Despachado Centralmente,SCEC,2026-08-03,2026-08-03,SIMEM 0bfc9d + 841808 + 10F2C9,,,,,,,,,,,,,,,,,,,,,True,False,Solo SIMEM
5SF6,AGPE JAIDER OVIDIO VARGAS KERGUELEN,Are0127,Area Caribe,Are0021,SubArea Cordoba_Sucre,Solar,No Despachado Centralmente,SCEC,2026-08-03,2026-08-03,SIMEM 0bfc9d + 841808 + 10F2C9,,,,,,,,,,,,,,,,,,,,,True,False,Solo SIMEM
5SF8,AGPE JULIO ROBERTO RUIZ CHICA,Are0127,Area Caribe,Are0021,SubArea Cordoba_Sucre,Solar,No Despachado Centralmente,SCEC,2026-08-03,2026-08-03,SIMEM 0bfc9d + 841808 + 10F2C9,,,,,,,,,,,,,,,,,,,,,True,False,Solo SIMEM
5SFA,AGPE RICARDO ALBERTO ORTIZ GONZALEZ,Are0127,Area Caribe,Are0018,SubArea Bolivar,Solar,No Despachado Centralmente,ENBC,2026-08-03,2026-08-03,SIMEM 0bfc9d + 841808 + 10F2C9,,,,,,,,,,,,,,,,,,,,,True,False,Solo SIMEM
5SFY,AGPE MAYAGUEZ S A,Are0128,Area Suroccidental,Are0032,SubArea Valle,Solar,No Despachado Centralmente,BIAC,2026-08-03,2026-08-03,SIMEM 0bfc9d + 841808 + 10F2C9,,,,,,,,,,,,,,,,,,,,,True,False,Solo SIMEM
5SG8,AGPE BASCULAS PROMETALICOS SA,Are0128,Area Suroccidental,Are0022,SubArea CQR,Solar,No Despachado Centralmente,GNCC,2026-08-03,2026-08-03,SIMEM 0bfc9d + 841808 + 10F2C9,,,,,,,,,,,,,,,,,,,,,True,False,Solo SIMEM
5SH1,AGPE OHANA SAS MOTEL DUBAI,Are0127,Area Caribe,Are0025,SubArea GCM,Solar,No Despachado Centralmente,GNCC,2026-08-03,2026-08-03,SIMEM 0bfc9d + 841808 + 10F2C9,,,,,,,,,,,,,,,,,,,,,True,False,Solo SIMEM
5SH3,AGPE GLADYS SOFIA MORALES BERRIO,Are0127,Area Caribe,Are0016,SubArea Atlantico,Solar,No Despachado Centralmente,GNCC,2026-08-03,2026-08-03,SIMEM 0bfc9d + 841808 + 10F2C9,,,,,,,,,,,,,,,,,,,,,True,False,Solo SIMEM
5SH5,AGPE TIENDA ARA VILLETA,Are0056,Area Oriental,Are0017,SubArea Bogota,Solar,No Despachado Centralmente,GNCC,2026-08-03,2026-08-03,SIMEM 0bfc9d + 841808 + 10F2C9,,,,,,,,,,,,,,,,,,,,,True,False,Solo SIMEM
5SHL,AGPE CLUB CAZADORES SA,Are0012,Area Nordeste,Are0029,SubArea Norte de Santander,Solar,No Despachado Centralmente,EPMC,2026-08-03,2026-08-03,SIMEM 0bfc9d + 841808 + 10F2C9,,,,,,,,,,,,,,,,,,,,,True,False,Solo SIMEM
5SHN,GD PIEDECUESTA II,Are0127,Area Caribe,Are0021,SubArea Cordoba_Sucre,Solar,No Despachado Centralmente,DEPG,2026-08-03,2026-08-03,SIMEM 0bfc9d + 841808 + 10F2C9,GD PIEDECUESTA II,ANTIOQUIA,5837.0,TURBO,Antioquia,-76.57404476828336,8.174014978822882,0.99,SOLAR,RAD SOLAR,ND,GEN. DISTRIBUIDA,OPERACIÓN,DEPI ENERGY S.A.S. E.S.P.,2026-07-30,2026.0,2026-08-03,0.0,SI,84.0,True,True,SIMEM + UPME
5SHP,AGPE MAURICIO RAMOS HURTADO,Are0002,Area Antioquia,Are0015,SubArea Antioquia,Solar,No Despachado Centralmente,ENBC,2026-08-03,2026-08-03,SIMEM 0bfc9d + 841808 + 10F2C9,,,,,,,,,,,,,,,,,,,,,True,False,Solo SIMEM
5SHR,AGPE HODIA1,Are0127,Area Caribe,Are0025,SubArea GCM,Solar,No Despachado Centralmente,ETTC,2026-08-03,2026-08-03,SIMEM 0bfc9d + 841808 + 10F2C9,,,,,,,,,,,,,,,,,,,,,True,False,Solo SIMEM
5SHV,GD PIEDECUESTA I,Are0127,Area Caribe,Are0021,SubArea Cordoba_Sucre,Solar,No Despachado Centralmente,DEPG,2026-08-03,2026-08-03,SIMEM 0bfc9d + 841808 + 10F2C9,GD PIEDECUESTA I,ANTIOQUIA,5837.0,TURBO,Antioquia,-76.57404476828336,8.174014978822882,0.99,SOLAR,RAD SOLAR,ND,GEN. DISTRIBUIDA,OPERACIÓN,DEPI ENERGY S.A.S. E.S.P.,2026-07-30,2026.0,2026-08-03,0.0,SI,83.0,True,True,SIMEM + UPME
5SHW,AGPE RYMEL COPA,Are0002,Area Antioquia,Are0015,SubArea Antioquia,Solar,No Despachado Centralmente,EPMC,2026-08-03,2026-08-03,SIMEM 0bfc9d + 841808 + 10F2C9,,,,,,,,,,,,,,,,,,,,,True,False,Solo SIMEM
5SHZ,AGPE AQUAOCCIDENTE1,Are0128,Area Suroccidental,Are0032,SubArea Valle,Solar,No Despachado Centralmente,EPSC,2026-08-03,2026-08-03,SIMEM 0bfc9d + 841808 + 10F2C9,,,,,,,,,,,,,,,,,,,,,True,False,Solo SIMEM
5SI2,AGPE GLENIS OCON BLANCO,Are0127,Area Caribe,Are0021,SubArea Cordoba_Sucre,Solar,No Despachado Centralmente,SCEC,2026-08-03,2026-08-03,SIMEM 0bfc9d + 841808 + 10F2C9,,,,,,,,,,,,,,,,,,,,,True,False,Solo SIMEM
5SI4,AGPE JUAN PABLO PEREZ CANO,Are0127,Area Caribe,Are0021,SubArea Cordoba_Sucre,Solar,No Despachado Centralmente,SCEC,2026-08-03,2026-08-03,SIMEM 0bfc9d + 841808 + 10F2C9,,,,,,,,,,,,,,,,,,,,,True,False,Solo SIMEM
5SI6,AGPE ROKY DAYAM GOMEZ ARDILA,Are0127,Area Caribe,Are0021,SubArea Cordoba_Sucre,Solar,No Despachado Centralmente,SCEC,2026-08-03,2026-08-03,SIMEM 0bfc9d + 841808 + 10F2C9,,,,,,,,,,,,,,,,,,,,,True,False,Solo SIMEM
5SI8,AGPE SERVITECA LAVACOSTA SAS,Are0127,Area Caribe,Are0021,SubArea Cordoba_Sucre,Solar,No Despachado Centralmente,SCEC,2026-08-03,2026-08-03,SIMEM 0bfc9d + 841808 + 10F2C9,,,,,,,,,,,,,,,,,,,,,True,False,Solo SIMEM
5TEC,AGPE JORGE ANTONIO OVALLE HERNANDEZ,Are0127,Area Caribe,Are0025,SubArea GCM,Solar,No Despachado Centralmente,ENBC,2026-08-03,2026-08-03,SIMEM 0bfc9d + 841808 + 10F2C9,,,,,,,,,,,,,,,,,,,,,True,False,Solo SIMEM
5TEI,AGPE CASA GATTAS GARCES,Are0127,Area Caribe,Are0021,SubArea Cordoba_Sucre,Solar,No Despachado Centralmente,GNCC,2026-08-03,2026-08-03,SIMEM 0bfc9d + 841808 + 10F2C9,,,,,,,,,,,,,,,,,,,,,True,False,Solo SIMEM
5TFG,AGPE DIVERSION DE OCCIDENTE CUENTA 3,Are0127,Area Caribe,Are0016,SubArea Atlantico,Solar,No Despachado Centralmente,GNCC,2026-08-03,2026-08-03,SIMEM 0bfc9d + 841808 + 10F2C9,,,,,,,,,,,,,,,,,,,,,True,False,Solo SIMEM
5TFI,AGPE REDCOL HOLDING NEWPORT SCHOOL,Are0012,Area Nordeste,Are0131,SubArea Santander,Solar,No Despachado Centralmente,GNCC,2026-08-03,2026-08-03,SIMEM 0bfc9d + 841808 + 10F2C9,,,,,,,,,,,,,,,,,,,,,True,False,Solo SIMEM
5TFK,AGPE GRANJA PORVENIR NUCLEO 3,Are0127,Area Caribe,Are0016,SubArea Atlantico,Solar,No Despachado Centralmente,GNCC,2026-08-03,2026-08-03,SIMEM 0bfc9d + 841808 + 10F2C9,,,,,,,,,,,,,,,,,,,,,True,False,Solo SIMEM
5TFM,AGPE LILIAN SOFIA LOPEZ SEPULVEDA,Are0127,Area Caribe,Are0021,SubArea Cordoba_Sucre,Solar,No Despachado Centralmente,GNCC,2026-08-03,2026-08-03,SIMEM 0bfc9d + 841808 + 10F2C9,,,,,,,,,,,,,,,,,,,,,True,False,Solo SIMEM
5TFO,AGPE ANA CANDELARIA MARTINEZ MARMOL,Are0127,Area Caribe,Are0021,SubArea Cordoba_Sucre,Solar,No Despachado Centralmente,GNCC,2026-08-03,2026-08-03,SIMEM 0bfc9d + 841808 + 10F2C9,,,,,,,,,,,,,,,,,,,,,True,False,Solo SIMEM
5TG8,,,,,,,,,,,,GD ERCO GOLONDRINA II,SUCRE,70708.0,SAN MARCOS,Caribe,-75.17250267808815,8.589218973474024,0.99,SOLAR,RAD SOLAR,ND,GEN. DISTRIBUIDA,PRUEBAS,ERCO GENERACION S.A.S. ESP,2026-07-29,2026.0,2026-08-03,0.0,SI,524.0,False,True,Solo UPME
5TGX,AGPE HILARIO PULIDO VARGAS,Are0012,Area Nordeste,Are0130,SubArea Boyaca-Casanare,Solar,No Despachado Centralmente,GNCC,2026-08-03,2026-08-03,SIMEM 0bfc9d + 841808 + 10F2C9,,,,,,,,,,,,,,,,,,,,,True,False,Solo SIMEM
5THM,AGPE OSTEONORTE SAS,Are0127,Area Caribe,Are0016,SubArea Atlantico,Solar,No Despachado Centralmente,GNCC,2026-08-03,2026-08-03,SIMEM 0bfc9d + 841808 + 10F2C9,,,,,,,,,,,,,,,,,,,,,True,False,Solo SIMEM
5THO,AGPE ARA SEDE 306 PLAZA SOGAMOSO,Are0012,Area Nordeste,Are0130,SubArea Boyaca-Casanare,Solar,No Despachado Centralmente,GNCC,2026-08-03,2026-08-03,SIMEM 0bfc9d + 841808 + 10F2C9,,,,,,,,,,,,,,,,,,,,,True,False,Solo SIMEM
5THQ,AGPE TIENDA ARA SAN BERNARDO,Are0056,Area Oriental,Are0017,SubArea Bogota,Solar,No Despachado Centralmente,GNCC,2026-08-03,2026-08-03,SIMEM 0bfc9d + 841808 + 10F2C9,,,,,,,,,,,,,,,,,,,,,True,False,Solo SIMEM
5THS,AGPE PLANTA MARIA RINCON,Are0127,Area Caribe,Are0016,SubArea Atlantico,Solar,No Despachado Centralmente,GNCC,2026-08-03,2026-08-03,SIMEM 0bfc9d + 841808 + 10F2C9,,,,,,,,,,,,,,,,,,,,,True,False,Solo SIMEM
5THU,AGPE JERONIMO MARTINS COLOMBIA SAS TIENDA 211 SALITRE SUBA,Are0056,Area Oriental,Are0017,SubArea Bogota,Solar,No Despachado Centralmente,GNCC,2026-08-03,2026-08-03,SIMEM 0bfc9d + 841808 + 10F2C9,,,,,,,,,,,,,,,,,,,,,True,False,Solo SIMEM
5THW,AGPE JERONIMO MARTINS COLOMBIA SAS TIENDA 250 BELMIRA BOGOTA,Are0056,Area Oriental,Are0017,SubArea Bogota,Solar,No Despachado Centralmente,GNCC,2026-08-03,2026-08-03,SIMEM 0bfc9d + 841808 + 10F2C9,,,,,,,,,,,,,,,,,,,,,True,False,Solo SIMEM
5THY,AGPE TIENDA ARA MADRID SIBATE,Are0056,Area Oriental,Are0017,SubArea Bogota,Solar,No Despachado Centralmente,GNCC,2026-08-03,2026-08-03,SIMEM 0bfc9d + 841808 + 10F2C9,,,,,,,,,,,,,,,,,,,,,True,False,Solo SIMEM
5TI1,AGPE  TIENDA ARA LA MESA,Are0056,Area Oriental,Are0017,SubArea Bogota,Solar,No Despachado Centralmente,GNCC,2026-08-03,2026-08-03,SIMEM 0bfc9d + 841808 + 10F2C9,,,,,,,,,,,,,,,,,,,,,True,False,Solo SIMEM
5TI3,AGPE GRECO 959761827,Are0056,Area Oriental,Are0017,SubArea Bogota,Solar,No Despachado Centralmente,GNCC,2026-08-03,2026-08-03,SIMEM 0bfc9d + 841808 + 10F2C9,,,,,,,,,,,,,,,,,,,,,True,False,Solo SIMEM
5TI5,AGPE MILONGA FLOWERS CUENTA 3,Are0056,Area Oriental,Are0017,SubArea Bogota,Solar,No Despachado Centralmente,GNCC,2026-08-03,2026-08-03,SIMEM 0bfc9d + 841808 + 10F2C9,,,,,,,,,,,,,,,,,,,,,True,False,Solo SIMEM
5TI7,AGPE CDA LA 79,Are0127,Area Caribe,Are0016,SubArea Atlantico,Solar,No Despachado Centralmente,GNCC,2026-08-03,2026-08-03,SIMEM 0bfc9d + 841808 + 10F2C9,,,,,,,,,,,,,,,,,,,,,True,False,Solo SIMEM
5TI9,AGPE GRUPO VIRANERO,Are0127,Area Caribe,Are0016,SubArea Atlantico,Solar,No Despachado Centralmente,GNCC,2026-08-03,2026-08-03,SIMEM 0bfc9d + 841808 + 10F2C9,,,,,,,,,,,,,,,,,,,,,True,False,Solo SIMEM
5TIB,AGPE CESAR ALONSO RIOS NIETO,Are0127,Area Caribe,Are0021,SubArea Cordoba_Sucre,Solar,No Despachado Centralmente,SCEC,2026-08-03,2026-08-03,SIMEM 0bfc9d + 841808 + 10F2C9,,,,,,,,,,,,,,,,,,,,,True,False,Solo SIMEM
5TIX,AGPE CENTRO COMERCIAL VALLE PLAZA,Are0127,Area Caribe,Are0025,SubArea GCM,Solar,No Despachado Centralmente,RTQC,2026-08-03,2026-08-03,SIMEM 0bfc9d + 841808 + 10F2C9,,,,,,,,,,,,,,,,,,,,,True,False,Solo SIMEM
5TIZ,AGPE LAD URABA,Are0127,Area Caribe,Are0021,SubArea Cordoba_Sucre,Solar,No Despachado Centralmente,EPMC,2026-08-03,2026-08-03,SIMEM 0bfc9d + 841808 + 10F2C9,,,,,,,,,,,,,,,,,,,,,True,False,Solo SIMEM
5TJ2,AGPE RIMOPLA2 ESTRELLA,Are0002,Area Antioquia,Are0015,SubArea Antioquia,Solar,No Despachado Centralmente,EPMC,2026-08-03,2026-08-03,SIMEM 0bfc9d + 841808 + 10F2C9,,,,,,,,,,,,,,,,,,,,,True,False,Solo SIMEM
5TJ4,AGPE FUERZA AEREA COLOMBIA CATAM,Are0056,Area Oriental,Are0017,SubArea Bogota,Solar,No Despachado Centralmente,EPMC,2026-08-03,2026-08-03,SIMEM 0bfc9d + 841808 + 10F2C9,,,,,,,,,,,,,,,,,,,,,True,False,Solo SIMEM
5TJN,GD SEMILLAS DE CERETE II,Are0127,Area Caribe,Are0021,SubArea Cordoba_Sucre,Solar,No Despachado Centralmente,GYPG,2026-08-03,2026-08-03,SIMEM 0bfc9d + 841808 + 10F2C9,GD SEMILLAS DE CERETE II,CÓRDOBA,23162.0,CERETÉ,Caribe,-75.87803578437642,8.895975861842974,0.9,SOLAR,RAD SOLAR,ND,GEN. DISTRIBUIDA,OPERACIÓN,GREENDIPITY SAS BIC ESP,2026-07-28,2026.0,2026-08-03,0.0,SI,321.0,True,True,SIMEM + UPME
5TN8,AGPE YURIS YULIETH MORA ESPITIA,Are0127,Area Caribe,Are0021,SubArea Cordoba_Sucre,Solar,No Despachado Centralmente,GNCC,2026-08-03,2026-08-03,SIMEM 0bfc9d + 841808 + 10F2C9,,,,,,,,,,,,,,,,,,,,,True,False,Solo SIMEM
5TNA,AGPE MARIA CAROLINA Y HNOS SAS,Are0128,Area Suroccidental,Are0031,SubArea Huila-Tolima,Solar,No Despachado Centralmente,GNCC,2026-08-03,2026-08-03,SIMEM 0bfc9d + 841808 + 10F2C9,,,,,,,,,,,,,,,,,,,,,True,False,Solo SIMEM
5TNC,AGPE SOCIEDAD ALIANZA DE TRANSPORTE SAS,Are0128,Area Suroccidental,Are0032,SubArea Valle,Solar,No Despachado Centralmente,GNCC,2026-08-03,2026-08-03,SIMEM 0bfc9d + 841808 + 10F2C9,,,,,,,,,,,,,,,,,,,,,True,False,Solo SIMEM
5TNE,AGPE GRAPAS Y PUNTILLAS EL CABALLO,Are0012,Area Nordeste,Are0130,SubArea Boyaca-Casanare,Solar,No Despachado Centralmente,BIAC,2026-08-03,2026-08-03,SIMEM 0bfc9d + 841808 + 10F2C9,,,,,,,,,,,,,,,,,,,,,True,False,Solo SIMEM
5TNG,AGPE COLEGIO MONTESSORI SAS,Are0127,Area Caribe,Are0018,SubArea Bolivar,Solar,No Despachado Centralmente,BIAC,2026-08-03,2026-08-03,SIMEM 0bfc9d + 841808 + 10F2C9,,,,,,,,,,,,,,,,,,,,,True,False,Solo SIMEM
5TNI,AGPE G SPATH SAS,Are0127,Area Caribe,Are0018,SubArea Bolivar,Solar,No Despachado Centralmente,BIAC,2026-08-03,2026-08-03,SIMEM 0bfc9d + 841808 + 10F2C9,,,,,,,,,,,,,,,,,,,,,True,False,Solo SIMEM
5TNL,,,,,,,,,,,,GD PXV II,SANTANDER,68081.0,BARRANCABERMEJA,Oriente,-73.78214388864318,7.054058477215098,0.99,SOLAR,RAD SOLAR,ND,GEN. DISTRIBUIDA,PRUEBAS,ES INVEST COLOMBIA S.A.S. ESP,2026-07-12,2026.0,2026-08-03,0.0,SI,486.0,False,True,Solo UPME
5TNM,,,,,,,,,,,,GD LYRA II,CAUCA,19450.0,MERCADERES,Pacífico,-77.18061737754445,1.7938202194624484,0.99,SOLAR,RAD SOLAR,ND,GEN. DISTRIBUIDA,PRUEBAS,BIA ENERGY S.A.S. E.S.P,2026-07-03,2026.0,2026-08-03,0.0,SI,250.0,False,True,Solo UPME
5TNO,AGPE PREMIUM DISTRIBUCIONES SAS,Are0128,Area Suroccidental,Are0031,SubArea Huila-Tolima,Solar,No Despachado Centralmente,BIAC,2026-08-03,2026-08-03,SIMEM 0bfc9d + 841808 + 10F2C9,,,,,,,,,,,,,,,,,,,,,True,False,Solo SIMEM
5TNQ,AGPE ICOFORMAS SAS BODEGA 2,Are0056,Area Oriental,Are0017,SubArea Bogota,Solar,No Despachado Centralmente,BIAC,2026-08-03,2026-08-03,SIMEM 0bfc9d + 841808 + 10F2C9,,,,,,,,,,,,,,,,,,,,,True,False,Solo SIMEM
5TNT,AGPE JABIR1,Are0128,Area Suroccidental,Are0031,SubArea Huila-Tolima,Solar,No Despachado Centralmente,ETTC,2026-08-03,2026-08-03,SIMEM 0bfc9d + 841808 + 10F2C9,,,,,,,,,,,,,,,,,,,,,True,False,Solo SIMEM
5TNV,,,,,,,,,,,,GD NAOS V,CAUCA,19532.0,PATÍA,Pacífico,-77.04684557984892,2.158148058676977,0.99,SOLAR,RAD SOLAR,ND,GEN. DISTRIBUIDA,PRUEBAS,BIA ENERGY S.A.S. E.S.P,2026-07-10,2026.0,2026-08-03,0.0,SI,237.0,False,True,Solo UPME
5TNZ,AGPE DISTRIBUIDORA Y SUPERMERCADO RAPIMAS PLANETA RICA,Are0127,Area Caribe,Are0021,SubArea Cordoba_Sucre,Solar,No Despachado Centralmente,SCEC,2026-08-03,2026-08-03,SIMEM 0bfc9d + 841808 + 10F2C9,,,,,,,,,,,,,,,,,,,,,True,False,Solo SIMEM
5TO2,,,,,,,,,,,,GD NAOS IV,CAUCA,19532.0,PATÍA,Pacífico,-77.04684557984892,2.158148058676977,0.99,SOLAR,RAD SOLAR,ND,GEN. DISTRIBUIDA,PRUEBAS,BIA ENERGY S.A.S. E.S.P,2026-07-03,2026.0,2026-08-03,0.0,SI,234.0,False,True,Solo UPME
5TO4,AGPE LA GLORIOSA CENTRO,Are0127,Area Caribe,Are0025,SubArea GCM,Solar,No Despachado Centralmente,GNCC,2026-08-03,2026-08-03,SIMEM 0bfc9d + 841808 + 10F2C9,,,,,,,,,,,,,,,,,,,,,True,False,Solo SIMEM
5TO6,AGPE PEMEL SAS,Are0127,Area Caribe,Are0018,SubArea Bolivar,Solar,No Despachado Centralmente,SCEC,2026-08-03,2026-08-03,SIMEM 0bfc9d + 841808 + 10F2C9,,,,,,,,,,,,,,,,,,,,,True,False,Solo SIMEM
5TO8,AGPE HITACHI ENERGY COLOMBIA SAS,Are0128,Area Suroccidental,Are0022,SubArea CQR,Solar,No Despachado Centralmente,EEPC,2026-08-03,2026-08-03,SIMEM 0bfc9d + 841808 + 10F2C9,,,,,,,,,,,,,,,,,,,,,True,False,Solo SIMEM
5TQN,,,,,,,,,,,,GD NOVA I,NARIÑO,52240.0,CHACHAGÜÍ,Pacífico,-77.26968941535999,1.3864980677478622,0.99,SOLAR,RAD SOLAR,ND,GEN. DISTRIBUIDA,PRUEBAS,BIA ENERGY S.A.S. E.S.P,2026-07-09,2026.0,2026-08-03,0.0,SI,445.0,False,True,Solo UPME
5TQO,AGPE KAREN JIMENA PALACIO BAYONA,Are0127,Area Caribe,Are0016,SubArea Atlantico,Solar,No Despachado Centralmente,ENBC,2026-08-03,2026-08-03,SIMEM 0bfc9d + 841808 + 10F2C9,,,,,,,,,,,,,,,,,,,,,True,False,Solo SIMEM
5TQS,AGPE CALIDRA COLOMBIA SAS,Are0056,Area Oriental,Are0017,SubArea Bogota,Solar,No Despachado Centralmente,EPMC,2026-08-03,2026-08-03,SIMEM 0bfc9d + 841808 + 10F2C9,,,,,,,,,,,,,,,,,,,,,True,False,Solo SIMEM
5TQU,AGPE CAPRI 2,Are0056,Area Oriental,Are0017,SubArea Bogota,Solar,No Despachado Centralmente,EPMC,2026-08-03,2026-08-03,SIMEM 0bfc9d + 841808 + 10F2C9,,,,,,,,,,,,,,,,,,,,,True,False,Solo SIMEM
5TQW,AGPE PRODISPEL,Are0128,Area Suroccidental,Are0019,SubArea Cauca-Narino,Solar,No Despachado Centralmente,EMIC,2026-08-03,2026-08-03,SIMEM 0bfc9d + 841808 + 10F2C9,,,,,,,,,,,,,,,,,,,,,True,False,Solo SIMEM
5TQY,AGPE ALFREDO BAYTER JELKH,Are0127,Area Caribe,Are0025,SubArea GCM,Solar,No Despachado Centralmente,ENBC,2026-08-03,2026-08-03,SIMEM 0bfc9d + 841808 + 10F2C9,,,,,,,,,,,,,,,,,,,,,True,False,Solo SIMEM
5TRJ,AGPE CAMARA DE COMERCIO DE CASANARE,Are0012,Area Nordeste,Are0130,SubArea Boyaca-Casanare,Solar,No Despachado Centralmente,RTQC,2026-08-03,2026-08-03,SIMEM 0bfc9d + 841808 + 10F2C9,,,,,,,,,,,,,,,,,,,,,True,False,Solo SIMEM
5TRL,AGPE DIEGO FERNANDO ZUTTA ORTEGA,Are0056,Area Oriental,Are0017,SubArea Bogota,Solar,No Despachado Centralmente,ENBC,2026-08-03,2026-08-03,SIMEM 0bfc9d + 841808 + 10F2C9,,,,,,,,,,,,,,,,,,,,,True,False,Solo SIMEM
5U9S,,,,,,,,,,,,GD SAN MARTIN I,MAGDALENA,47189.0,CIÉNAGA,Caribe,-74.02495478771974,10.857323271982969,0.99,SOLAR,RAD SOLAR,ND,GEN. DISTRIBUIDA,PRUEBAS,GREENYELLOW COMERCIALIZADORA S.A.S. E.S.P.,2026-07-29,2026.0,2026-08-03,0.0,SI,408.0,False,True,Solo UPME
5U9W,,,,,,,,,,,,SUAREZ,TOLIMA,73770.0,SUÁREZ,Centro,-74.84433286678554,3.969162826058917,8.0,SOLAR,RAD SOLAR,ND,NORMAL,PRUEBAS,ERCO GENERACION S.A.S. ESP,2026-07-17,2026.0,2026-08-03,0.0,SI,534.0,False,True,Solo UPME
5U9Y,AGPE COBRL1,Are0056,Area Oriental,Are0017,SubArea Bogota,Solar,No Despachado Centralmente,ETTC,2026-08-03,2026-08-03,SIMEM 0bfc9d + 841808 + 10F2C9,,,,,,,,,,,,,,,,,,,,,True,False,Solo SIMEM
5UAC,AGPE CAMARA DE COMERCIO DE MONTERIA,Are0127,Area Caribe,Are0021,SubArea Cordoba_Sucre,Solar,No Despachado Centralmente,SCEC,2026-08-03,2026-08-03,SIMEM 0bfc9d + 841808 + 10F2C9,,,,,,,,,,,,,,,,,,,,,True,False,Solo SIMEM
5UAE,AGPE DISMAIZ DEL SINU SAS,Are0127,Area Caribe,Are0021,SubArea Cordoba_Sucre,Solar,No Despachado Centralmente,SCEC,2026-08-03,2026-08-03,SIMEM 0bfc9d + 841808 + 10F2C9,,,,,,,,,,,,,,,,,,,,,True,False,Solo SIMEM
5UAL,AGPE JERONIMO MARTINS COLOMBIA SAS TIENDA 1013 31 DE OCTUBRE,Are0127,Area Caribe,Are0025,SubArea GCM,Solar,No Despachado Centralmente,GNCC,2026-08-03,2026-08-03,SIMEM 0bfc9d + 841808 + 10F2C9,,,,,,,,,,,,,,,,,,,,,True,False,Solo SIMEM
5UAN,AGPE MAZKO NORTE,Are0128,Area Suroccidental,Are0032,SubArea Valle,Solar,No Despachado Centralmente,GNCC,2026-08-03,2026-08-03,SIMEM 0bfc9d + 841808 + 10F2C9,,,,,,,,,,,,,,,,,,,,,True,False,Solo SIMEM
5UAW,AGPE COMBITA RIOHACHA,Are0127,Area Caribe,Are0025,SubArea GCM,Solar,No Despachado Centralmente,GNCC,2026-08-03,2026-08-03,SIMEM 0bfc9d + 841808 + 10F2C9,,,,,,,,,,,,,,,,,,,,,True,False,Solo SIMEM
5UCT,AGPE JERONIMO MARTINS COLOMBIA SAS TIENDA 179 VILLA DEL RIO BOGOTA,Are0056,Area Oriental,Are0017,SubArea Bogota,Solar,No Despachado Centralmente,GNCC,2026-08-03,2026-08-03,SIMEM 0bfc9d + 841808 + 10F2C9,,,,,,,,,,,,,,,,,,,,,True,False,Solo SIMEM
5UCV,AGPE JERONIMO MARTINS COLOMBIA SAS TIENDA 635,Are0127,Area Caribe,Are0016,SubArea Atlantico,Solar,No Despachado Centralmente,GNCC,2026-08-03,2026-08-03,SIMEM 0bfc9d + 841808 + 10F2C9,,,,,,,,,,,,,,,,,,,,,True,False,Solo SIMEM
5UCX,AGPE JERONIMO MARTINS COLOMBIA SAS TIENDA 932 MAICAO MAREYGUA,Are0127,Area Caribe,Are0025,SubArea GCM,Solar,No Despachado Centralmente,GNCC,2026-08-03,2026-08-03,SIMEM 0bfc9d + 841808 + 10F2C9,,,,,,,,,,,,,,,,,,,,,True,False,Solo SIMEM
5UCZ,AGPE ESTRENO LA PAZ,Are0127,Area Caribe,Are0016,SubArea Atlantico,Solar,No Despachado Centralmente,GNCC,2026-08-03,2026-08-03,SIMEM 0bfc9d + 841808 + 10F2C9,,,,,,,,,,,,,,,,,,,,,True,False,Solo SIMEM
5UDP,AGPE FUNDACION CENTRO CULTURAL COLOMBO AMERIC,Are0128,Area Suroccidental,Are0032,SubArea Valle,Solar,No Despachado Centralmente,GNCC,2026-08-03,2026-08-03,SIMEM 0bfc9d + 841808 + 10F2C9,,,,,,,,,,,,,,,,,,,,,True,False,Solo SIMEM
5UGT,AGPE CINES UNIDOS SAS,Are0127,Area Caribe,Are0025,SubArea GCM,Solar,No Despachado Centralmente,QIEC,2026-08-03,2026-08-03,SIMEM 0bfc9d + 841808 + 10F2C9,,,,,,,,,,,,,,,,,,,,,True,False,Solo SIMEM
5UH3,AGPE DIANA PAOLA ZAKZUK DAGUER,Are0127,Area Caribe,Are0021,SubArea Cordoba_Sucre,Solar,No Despachado Centralmente,SCEC,2026-08-03,2026-08-03,SIMEM 0bfc9d + 841808 + 10F2C9,,,,,,,,,,,,,,,,,,,,,True,False,Solo SIMEM
5UHB,AGPE JORGE MARIO GALOFRE RUGELES,Are0127,Area Caribe,Are0021,SubArea Cordoba_Sucre,Solar,No Despachado Centralmente,SCEC,2026-08-03,2026-08-03,SIMEM 0bfc9d + 841808 + 10F2C9,,,,,,,,,,,,,,,,,,,,,True,False,Solo SIMEM
5UHD,AGPE GRUPO SAMATA SAS 4482836,Are0127,Area Caribe,Are0021,SubArea Cordoba_Sucre,Solar,No Despachado Centralmente,SCEC,2026-08-03,2026-08-03,SIMEM 0bfc9d + 841808 + 10F2C9,,,,,,,,,,,,,,,,,,,,,True,False,Solo SIMEM
5UHF,AGPE PENAL1,Are0056,Area Oriental,Are0017,SubArea Bogota,Solar,No Despachado Centralmente,ETTC,2026-08-03,2026-08-03,SIMEM 0bfc9d + 841808 + 10F2C9,,,,,,,,,,,,,,,,,,,,,True,False,Solo SIMEM
5UHH,AGPE ORLANDO MANUEL PENA DIMARE,Are0127,Area Caribe,Are0021,SubArea Cordoba_Sucre,Solar,No Despachado Centralmente,SCEC,2026-08-03,2026-08-03,SIMEM 0bfc9d + 841808 + 10F2C9,,,,,,,,,,,,,,,,,,,,,True,False,Solo SIMEM
5UHJ,AGPE AVICOLA EL GUAMITO SAS,Are0127,Area Caribe,Are0016,SubArea Atlantico,Solar,No Despachado Centralmente,BIAC,2026-08-03,2026-08-03,SIMEM 0bfc9d + 841808 + 10F2C9,,,,,,,,,,,,,,,,,,,,,True,False,Solo SIMEM
5UHL,AGPE COCREANDO SA,Are0127,Area Caribe,Are0016,SubArea Atlantico,Solar,No Despachado Centralmente,BIAC,2026-08-03,2026-08-03,SIMEM 0bfc9d + 841808 + 10F2C9,,,,,,,,,,,,,,,,,,,,,True,False,Solo SIMEM
5UHN,AGPE COEXITO ARROYOHONDO,Are0128,Area Suroccidental,Are0032,SubArea Valle,Solar,No Despachado Centralmente,EPSC,2026-08-03,2026-08-03,SIMEM 0bfc9d + 841808 + 10F2C9,,,,,,,,,,,,,,,,,,,,,True,False,Solo SIMEM
5UU4,AGPE EDS SERVI MENGA,Are0128,Area Suroccidental,Are0032,SubArea Valle,Solar,No Despachado Centralmente,GNCC,2026-08-03,2026-08-03,SIMEM 0bfc9d + 841808 + 10F2C9,,,,,,,,,,,,,,,,,,,,,True,False,Solo SIMEM
5UV1,AGPE GEXA MANGUERAS FLEXIBLES SAS,Are0012,Area Nordeste,Are0029,SubArea Norte de Santander,Solar,No Despachado Centralmente,GNCC,2026-08-03,2026-08-03,SIMEM 0bfc9d + 841808 + 10F2C9,,,,,,,,,,,,,,,,,,,,,True,False,Solo SIMEM
5UV3,AGPE ZONA COMUN EDIFICIO CENTRO MEDICO CLINICA,Are0012,Area Nordeste,Are0131,SubArea Santander,Solar,No Despachado Centralmente,GNCC,2026-08-03,2026-08-03,SIMEM 0bfc9d + 841808 + 10F2C9,,,,,,,,,,,,,,,,,,,,,True,False,Solo SIMEM
5UV5,AGPE SISTEMA FV ROCAPAN,Are0127,Area Caribe,Are0016,SubArea Atlantico,Solar,No Despachado Centralmente,GNCC,2026-08-03,2026-08-03,SIMEM 0bfc9d + 841808 + 10F2C9,,,,,,,,,,,,,,,,,,,,,True,False,Solo SIMEM
5UV7,AGPE  IGLESIA BAUTISTA CENTRAL,Are0127,Area Caribe,Are0016,SubArea Atlantico,Solar,No Despachado Centralmente,GNCC,2026-08-03,2026-08-03,SIMEM 0bfc9d + 841808 + 10F2C9,,,,,,,,,,,,,,,,,,,,,True,False,Solo SIMEM
5UV9,AGPE PESQUERA TUMACO,Are0127,Area Caribe,Are0021,SubArea Cordoba_Sucre,Solar,No Despachado Centralmente,GNCC,2026-08-03,2026-08-03,SIMEM 0bfc9d + 841808 + 10F2C9,,,,,,,,,,,,,,,,,,,,,True,False,Solo SIMEM
5UVB,AGPE ALIANZA SURTIDORA SAS,Are0127,Area Caribe,Are0025,SubArea GCM,Solar,No Despachado Centralmente,GNCC,2026-08-03,2026-08-03,SIMEM 0bfc9d + 841808 + 10F2C9,,,,,,,,,,,,,,,,,,,,,True,False,Solo SIMEM
5UVD,AGPE BIOMAX PEREIRA,Are0128,Area Suroccidental,Are0022,SubArea CQR,Solar,No Despachado Centralmente,GNCC,2026-08-03,2026-08-03,SIMEM 0bfc9d + 841808 + 10F2C9,,,,,,,,,,,,,,,,,,,,,True,False,Solo SIMEM
5UVF,AGPE ECOOELSA,Are0002,Area Antioquia,Are0015,SubArea Antioquia,Solar,No Despachado Centralmente,GNCC,2026-08-03,2026-08-03,SIMEM 0bfc9d + 841808 + 10F2C9,,,,,,,,,,,,,,,,,,,,,True,False,Solo SIMEM
5UVH,AGPE INDUSTRIA DE ALIMENTOS DON PANCITO,Are0127,Area Caribe,Are0016,SubArea Atlantico,Solar,No Despachado Centralmente,RTQC,2026-08-03,2026-08-03,SIMEM 0bfc9d + 841808 + 10F2C9,,,,,,,,,,,,,,,,,,,,,True,False,Solo SIMEM
5UW7,AGPE LABVET1,Are0056,Area Oriental,Are0017,SubArea Bogota,Solar,No Despachado Centralmente,ETTC,2026-08-03,2026-08-03,SIMEM 0bfc9d + 841808 + 10F2C9,,,,,,,,,,,,,,,,,,,,,True,False,Solo SIMEM
5UWD,AGPE SURTIDELICIAS FOOD SERVICE SAS COVENA,Are0127,Area Caribe,Are0021,SubArea Cordoba_Sucre,Solar,No Despachado Centralmente,SCEC,2026-08-03,2026-08-03,SIMEM 0bfc9d + 841808 + 10F2C9,,,,,,,,,,,,,,,,,,,,,True,False,Solo SIMEM
5VWW,AGPE JERONIMO MARTINS COLOMBIA SAS TIENDA 191 SOACHA LA DESPENSA,Are0056,Area Oriental,Are0017,SubArea Bogota,Solar,No Despachado Centralmente,GNCC,2026-08-03,2026-08-03,SIMEM 0bfc9d + 841808 + 10F2C9,,,,,,,,,,,,,,,,,,,,,True,False,Solo SIMEM
5VXA,AGPE CINELANDIA MULTIPLEX SAS,Are0012,Area Nordeste,Are0130,SubArea Boyaca-Casanare,Solar,No Despachado Centralmente,QIEC,2026-08-03,2026-08-03,SIMEM 0bfc9d + 841808 + 10F2C9,,,,,,,,,,,,,,,,,,,,,True,False,Solo SIMEM
5VXC,AGPE JERONIMO MARTINS COLOMBIA SAS TIENDA 170 PARQUE OSPINA CHIA,Are0056,Area Oriental,Are0017,SubArea Bogota,Solar,No Despachado Centralmente,GNCC,2026-08-03,2026-08-03,SIMEM 0bfc9d + 841808 + 10F2C9,,,,,,,,,,,,,,,,,,,,,True,False,Solo SIMEM
5VXE,AGPE JERONIMO MARTINS COLOMBIA SAS TIENDA 277 LAS NIEVES BOGOTA,Are0056,Area Oriental,Are0017,SubArea Bogota,Solar,No Despachado Centralmente,GNCC,2026-08-03,2026-08-03,SIMEM 0bfc9d + 841808 + 10F2C9,,,,,,,,,,,,,,,,,,,,,True,False,Solo SIMEM
5VXG,AGPE CLINICA DE LA VISION OAB SAS,Are0127,Area Caribe,Are0025,SubArea GCM,Solar,No Despachado Centralmente,GNCC,2026-08-03,2026-08-03,SIMEM 0bfc9d + 841808 + 10F2C9,,,,,,,,,,,,,,,,,,,,,True,False,Solo SIMEM
5VZ2,AGPE JOSEFINA RUIZ DE PINEDA,Are0127,Area Caribe,Are0021,SubArea Cordoba_Sucre,Solar,No Despachado Centralmente,ENBC,2026-08-03,2026-08-03,SIMEM 0bfc9d + 841808 + 10F2C9,,,,,,,,,,,,,,,,,,,,,True,False,Solo SIMEM
5W4C,AGPE SILVANA ECHEVERRY ECHEVERRY FEGALY,Are0127,Area Caribe,Are0018,SubArea Bolivar,Solar,No Despachado Centralmente,ENBC,2026-08-03,2026-08-03,SIMEM 0bfc9d + 841808 + 10F2C9,,,,,,,,,,,,,,,,,,,,,True,False,Solo SIMEM
5W4E,AGPE PRROC1,Are0056,Area Oriental,Are0017,SubArea Bogota,Solar,No Despachado Centralmente,ETTC,2026-08-03,2026-08-03,SIMEM 0bfc9d + 841808 + 10F2C9,,,,,,,,,,,,,,,,,,,,,True,False,Solo SIMEM
5W4I,AGPE LA CARAMELA,Are0128,Area Suroccidental,Are0032,SubArea Valle,Solar,No Despachado Centralmente,EPMC,2026-08-03,2026-08-03,SIMEM 0bfc9d + 841808 + 10F2C9,,,,,,,,,,,,,,,,,,,,,True,False,Solo SIMEM
5W4M,AGPE CENTRO CARDIOLOGICO DE CORDOBA SAS,Are0127,Area Caribe,Are0021,SubArea Cordoba_Sucre,Solar,No Despachado Centralmente,SCEC,2026-08-03,2026-08-03,SIMEM 0bfc9d + 841808 + 10F2C9,,,,,,,,,,,,,,,,,,,,,True,False,Solo SIMEM
5WSM,AGPE DISTRIBUIDORA BETMAN SAS,Are0012,Area Nordeste,Are0029,SubArea Norte de Santander,Solar,No Despachado Centralmente,GNCC,2026-08-03,2026-08-03,SIMEM 0bfc9d + 841808 + 10F2C9,,,,,,,,,,,,,,,,,,,,,True,False,Solo SIMEM
5WT1,AGPE PRODUCTOS ALIMENTICIOS LA LOCURA PLANTA SA,Are0128,Area Suroccidental,Are0032,SubArea Valle,Solar,No Despachado Centralmente,GNCC,2026-08-03,2026-08-03,SIMEM 0bfc9d + 841808 + 10F2C9,,,,,,,,,,,,,,,,,,,,,True,False,Solo SIMEM
5WT3,AGPE SUPERMERCADO JM PLUS SAS,Are0012,Area Nordeste,Are0029,SubArea Norte de Santander,Solar,No Despachado Centralmente,GNCC,2026-08-03,2026-08-03,SIMEM 0bfc9d + 841808 + 10F2C9,,,,,,,,,,,,,,,,,,,,,True,False,Solo SIMEM
5WT5,AGPE JULIO CONTRERAS,Are0127,Area Caribe,Are0016,SubArea Atlantico,Solar,No Despachado Centralmente,GNCC,2026-08-03,2026-08-03,SIMEM 0bfc9d + 841808 + 10F2C9,,,,,,,,,,,,,,,,,,,,,True,False,Solo SIMEM
5WT7,AGPE COLEGIO LA MERCED,Are0012,Area Nordeste,Are0131,SubArea Santander,Solar,No Despachado Centralmente,GNCC,2026-08-03,2026-08-03,SIMEM 0bfc9d + 841808 + 10F2C9,,,,,,,,,,,,,,,,,,,,,True,False,Solo SIMEM
ABJ1,LA CASCADA ( ABEJORRAL),Are0002,Area Antioquia,Are0015,SubArea Antioquia,Hidraulica,No Despachado Centralmente,GPEG,2026-08-03,2026-08-03,SIMEM 0bfc9d + 841808 + 10F2C9,LA CASCADA ( ABEJORRAL),ANTIOQUIA,5002.0,ABEJORRAL,Antioquia,-75.43848561982001,5.803723882899126,3.0,HIDRAULICA,AGUA,ND,NORMAL,OPERACIÓN,EMPRESA DE GENERACION Y PROMOCION DE ENERGIA DE ANTIOQUIA S.A. E.S.P.,2007-09-16,2007.0,2026-08-03,0.0,SI,1.0,True,True,SIMEM + UPME
AFR1,AGUA FRESCA,Are0002,Area Antioquia,Are0015,SubArea Antioquia,Hidraulica,No Despachado Centralmente,ADCG,2026-08-03,2026-08-03,SIMEM 0bfc9d + 841808 + 10F2C9,AGUA FRESCA,ANTIOQUIA,5368.0,JERICÓ,Antioquia,-75.7648876440231,5.769816302545644,7.29,HIDRAULICA,AGUA,ND,NORMAL,OPERACIÓN,ENERGIA DEL RIO PIEDRAS S.A. E.S.P,2008-04-09,2008.0,2026-08-03,0.0,SI,38.0,True,True,SIMEM + UPME
ALBG,ALBAN,Are0128,Area Suroccidental,Are0032,SubArea Valle,Hidraulica,Despachado Centralmente,EPSG,2026-08-03,2026-08-03,SIMEM 0bfc9d + 841808 + 10F2C9,ALBAN,VALLE DEL CAUCA,76109.0,BUENAVENTURA,Pacífico,-77.11964363190235,3.4935464101400964,427.0,HIDRAULICA,AGUA,DC,NORMAL,OPERACIÓN,CELSIA COLOMBIA S.A. E.S.P.,2000-12-14,2000.0,2026-08-03,4.0997,NO,592.0,True,True,SIMEM + UPME
ALTG,ALTO TULUA,Are0128,Area Suroccidental,Are0032,SubArea Valle,Hidraulica,No Despachado Centralmente,EPSG,2026-08-03,2026-08-03,SIMEM 0bfc9d + 841808 + 10F2C9,ALTO TULUA,VALLE DEL CAUCA,76834.0,TULUÁ,Pacífico,-76.0325294150837,4.028420260976358,19.9,HIDRAULICA,AGUA,ND,NORMAL,OPERACIÓN,CELSIA COLOMBIA S.A. E.S.P.,2012-05-27,2012.0,2026-08-03,2.23,SI,629.0,True,True,SIMEM + UPME
AMA1,AMAIME,Are0128,Area Suroccidental,Are0032,SubArea Valle,Hidraulica,No Despachado Centralmente,EPSG,2026-08-03,2026-08-03,SIMEM 0bfc9d + 841808 + 10F2C9,AMAIME,VALLE DEL CAUCA,76520.0,PALMIRA,Pacífico,-76.22786086762281,3.558395439731676,19.17,HIDRAULICA,AGUA,ND,NORMAL,OPERACIÓN,CELSIA COLOMBIA S.A. E.S.P.,2011-01-05,2011.0,2026-08-03,1.55,SI,622.0,True,True,SIMEM + UPME
AMF1,AMALFI,Are0002,Area Antioquia,Are0015,SubArea Antioquia,Hidraulica,No Despachado Centralmente,HZEG,2026-08-03,2026-08-03,SIMEM 0bfc9d + 841808 + 10F2C9,AMALFI,ANTIOQUIA,5031.0,AMALFI,Antioquia,-74.98129809431317,6.977657056943432,0.81,HIDRAULICA,AGUA,ND,GEN. DISTRIBUIDA,OPERACIÓN,HZ ENERGY S.A.S. E.S.P.,2007-08-04,2007.0,2026-08-03,0.0,SI,5.0,True,True,SIMEM + UPME
AMR1,AMERICA,Are0002,Area Antioquia,Are0015,SubArea Antioquia,Hidraulica,No Despachado Centralmente,EPMG,2026-08-03,2026-08-03,SIMEM 0bfc9d + 841808 + 10F2C9,AMERICA,ANTIOQUIA,5001.0,MEDELLÍN,Antioquia,-75.6110393232332,6.257590449778692,0.41,HIDRAULICA,AGUA,ND,GEN. DISTRIBUIDA,OPERACIÓN,EMPRESAS PUBLICAS DE MEDELLIN E.S.P.,1996-12-31,1997.0,2026-08-03,0.0,SI,47.0,True,True,SIMEM + UPME
ARG1,TERMOFENIX I 1,Are0127,Area Caribe,Are0018,SubArea Bolivar,Termica,No Despachado Centralmente,DEPG,2026-08-03,2026-08-03,SIMEM 0bfc9d + 841808 + 10F2C9,TERMOFENIX I 1,BOLÍVAR,13001.0,CARTAGENA DE INDIAS,Caribe,-75.45921916563543,10.46297167339698,15.0,TERMICA,GAS,ND,NORMAL,OPERACIÓN,DEPI ENERGY S.A.S. E.S.P.,2016-03-14,2016.0,2026-08-03,8.95,SI,162.0,True,True,SIMEM + UPME
ASN1,ASNAZU,Are0128,Area Suroccidental,Are0032,SubArea Valle,Hidraulica,No Despachado Centralmente,CDIG,2026-08-03,2026-08-03,SIMEM 0bfc9d + 841808 + 10F2C9,ASNAZU,CAUCA,19780.0,SUÁREZ,Pacífico,-76.74582692780312,2.936863439479108,0.45,HIDRAULICA,AGUA,ND,NORMAL,OPERACIÓN,CENTRALES ELECTRICAS DEL CAUCA S.A. E.S.P.,1933-12-31,1934.0,2026-08-03,0.0,SI,222.0,True,True,SIMEM + UPME
ATLP,,,,,,,,,,,,ATLANTICO,ATLÁNTICO,8849.0,USIACURÍ,Caribe,-74.98267500042255,10.740522017556282,180.0,SOLAR,RAD SOLAR,DC,NORMAL,PRUEBAS,ENEL COLOMBIA SA ESP,2026-02-24,2026.0,2026-08-03,0.0,NO,137.0,False,True,Solo UPME
AYR1,AUTOG AYURA,Are0002,Area Antioquia,Are0015,SubArea Antioquia,Hidraulica,No Despachado Centralmente,EPMG,2026-08-03,2026-08-03,SIMEM 0bfc9d + 841808 + 10F2C9,AUTOG AYURA,ANTIOQUIA,5266.0,ENVIGADO,Antioquia,-75.5465078187818,6.1540026312566525,16.7,HIDRAULICA,AGUA,ND,AUTOGENERADOR,OPERACIÓN,EMPRESAS PUBLICAS DE MEDELLIN E.S.P.,1983-10-25,1983.0,2026-08-03,2.437,NO,28.0,True,True,SIMEM + UPME
BAR1,BARROSO,Are0002,Area Antioquia,Are0015,SubArea Antioquia,Hidraulica,No Despachado Centralmente,ISGG,2026-08-03,2026-08-03,SIMEM 0bfc9d + 841808 + 10F2C9,BARROSO,ANTIOQUIA,5642.0,SALGAR,Antioquia,-75.98137361130038,5.970504589312747,19.9,HIDRAULICA,AGUA,ND,NORMAL,OPERACIÓN,ISAGEN S.A. E.S.P.,2012-11-29,2012.0,2026-08-03,3.2097,SI,60.0,True,True,SIMEM + UPME
BIOE,,,,,,,,,,,,COGENERADOR BIOAISE 1,BOLÍVAR,13001.0,CARTAGENA DE INDIAS,Caribe,-75.45921916563543,10.46297167339698,1.0,COGENERADOR,GAS,ND,COGENERADOR,INACTIVO,BIOAISE S.A.,1998-07-31,1998.0,2026-08-03,0.0,NO,158.0,False,True,Solo UPME
BLL1,,,,,,,,,,,,BALLENA 1,LA GUAJIRA,44001.0,RIOHACHA,Caribe,-72.95884811048109,11.24294815602286,13.0,TERMICA,GAS,DC,NORMAL,INACTIVO,CORPORACION ELECTRICA DE LA COSTA ATLANTICA S.A. E.S.P.,1982-12-31,1983.0,2026-08-03,0.0,NO,395.0,False,True,Solo UPME
BLL2,,,,,,,,,,,,BALLENA 2,LA GUAJIRA,44001.0,RIOHACHA,Caribe,-72.95884811048109,11.24294815602286,13.0,TERMICA,GAS,DC,NORMAL,INACTIVO,CORPORACION ELECTRICA DE LA COSTA ATLANTICA S.A. E.S.P.,1982-12-31,1983.0,2026-08-03,0.0,NO,396.0,False,True,Solo UPME
BLL3,BELLO,Are0002,Area Antioquia,Are0015,SubArea Antioquia,Hidraulica,No Despachado Centralmente,EPMG,2026-08-03,2026-08-03,SIMEM 0bfc9d + 841808 + 10F2C9,BELLO,ANTIOQUIA,5088.0,BELLO,Antioquia,-75.58977499936405,6.358885308060002,0.35,HIDRAULICA,AGUA,ND,GEN. DISTRIBUIDA,OPERACIÓN,EMPRESAS PUBLICAS DE MEDELLIN E.S.P.,1996-12-31,1997.0,2026-08-03,1.0,SI,11.0,True,True,SIMEM + UPME
BLM1,BELMONTE,Are0128,Area Suroccidental,Are0022,SubArea CQR,Hidraulica,No Despachado Centralmente,EEPG,2026-08-03,2026-08-03,SIMEM 0bfc9d + 841808 + 10F2C9,BELMONTE,RISARALDA,66001.0,PEREIRA,Eje Cafetero,-75.79580494960125,4.803591185489485,3.4,HIDRAULICA,AGUA,ND,NORMAL,OPERACIÓN,EMPRESA DE ENERGIA DE PEREIRA S.A. E.S.P.,1938-12-31,1939.0,2026-08-03,0.0,SI,477.0,True,True,SIMEM + UPME
BRN1,,,,,,,,,,,,BARRANCA 1,SANTANDER,68081.0,BARRANCABERMEJA,Oriente,-73.78214388864318,7.054058477215098,12.0,TERMICA,ACPM,DC,NORMAL,INACTIVO,EMPRESAS PUBLICAS DE MEDELLIN E.S.P.,2016-03-19,2016.0,2026-08-03,13.26,SI,487.0,False,True,Solo UPME
BRN2,,,,,,,,,,,,BARRANCA 2,SANTANDER,68081.0,BARRANCABERMEJA,Oriente,-73.78214388864318,7.054058477215098,12.0,TERMICA,GAS,DC,NORMAL,INACTIVO,EMPRESAS PUBLICAS DE MEDELLIN E.S.P.,2016-01-31,2016.0,2026-08-03,0.0,SI,488.0,False,True,Solo UPME
BRN3,,,,,,,,,,,,BARRANCA 3,SANTANDER,68081.0,BARRANCABERMEJA,Oriente,-73.78214388864318,7.054058477215098,24.0,TERMICA,ACPM,DC,NORMAL,INACTIVO,EMPRESAS PUBLICAS DE MEDELLIN E.S.P.,2016-03-19,2016.0,2026-08-03,0.0,NO,489.0,False,True,Solo UPME
BSQ1,EL BOSQUE,Are0128,Area Suroccidental,Are0022,SubArea CQR,Hidraulica,No Despachado Centralmente,ERCG,2026-08-03,2026-08-03,SIMEM 0bfc9d + 841808 + 10F2C9,EL BOSQUE,QUINDIO,63001.0,ARMENIA,Eje Cafetero,-75.72489253188779,4.499513704450664,2.28,HIDRAULICA,AGUA,ND,NORMAL,OPERACIÓN,ENERGIA RENOVABLE DE COLOMBIA S.A.S E.S.P.,1934-12-31,1935.0,2026-08-03,0.0,SI,468.0,True,True,SIMEM + UPME
BYN1,BAYONA,Are0128,Area Suroccidental,Are0022,SubArea CQR,Hidraulica,No Despachado Centralmente,CALG,2026-08-03,2026-08-03,SIMEM 0bfc9d + 841808 + 10F2C9,BAYONA,QUINDIO,63130.0,CALARCÁ,Eje Cafetero,-75.65675520435025,4.467876840557189,0.6,HIDRAULICA,AGUA,ND,GEN. DISTRIBUIDA,OPERACIÓN,EMPRESAS PUBLICAS DE CALARCA ESP,1942-12-31,1943.0,2026-08-03,0.001,SI,469.0,True,True,SIMEM + UPME
CAS1,CENTRAL CASTILLA 1,Are0128,Area Suroccidental,Are0032,SubArea Valle,Termica,No Despachado Centralmente,RPEG,2026-08-03,2026-08-03,SIMEM 0bfc9d + 841808 + 10F2C9,CENTRAL CASTILLA 1,VALLE DEL CAUCA,76563.0,PRADERA,Pacífico,-76.17843338959086,3.420637821398278,3.0,COGENERADOR,BAGAZO,ND,COGENERADOR,OPERACIÓN,RIOPAILA ENERGÍA S.A.S. E.S.P.,2004-08-14,2004.0,2026-08-03,0.0,NO,612.0,True,True,SIMEM + UPME
CCN1,COCONUCO,Are0128,Area Suroccidental,Are0019,SubArea Cauca-Narino,Hidraulica,No Despachado Centralmente,EMEG,2026-08-03,2026-08-03,SIMEM 0bfc9d + 841808 + 10F2C9,COCONUCO,CAUCA,19001.0,POPAYÁN,Pacífico,-76.59196294974929,2.4717135479762526,4.5,HIDRAULICA,AGUA,ND,NORMAL,OPERACIÓN,EMPRESA MUNICIPAL DE ENERGIA ELECTRICA S.A. E.S.P.,2000-09-26,2000.0,2026-08-03,0.0,SI,231.0,True,True,SIMEM + UPME
CGM1,MAYAGUEZ 1,Are0128,Area Suroccidental,Are0032,SubArea Valle,Termica,No Despachado Centralmente,ECNG,2026-08-03,2026-08-03,SIMEM 0bfc9d + 841808 + 10F2C9,MAYAGUEZ 1,VALLE DEL CAUCA,76130.0,CANDELARIA,Pacífico,-76.3831796990501,3.382093001984256,19.9,COGENERADOR,BAGAZO,ND,COGENERADOR,OPERACIÓN,ECOGENERATION S.A.S. E.S.P.,2010-08-16,2010.0,2026-08-03,0.0,NO,607.0,True,True,SIMEM + UPME
CHBG,BETANIA,Are0128,Area Suroccidental,Are0031,SubArea Huila-Tolima,Hidraulica,Despachado Centralmente,ENDG,2026-08-03,2026-08-03,SIMEM 0bfc9d + 841808 + 10F2C9,BETANIA,HUILA,41885.0,YAGUARÁ,Centro,-75.5159306248652,2.6465570393618,540.0,HIDRAULICA,AGUA,DC,NORMAL,OPERACIÓN,ENEL COLOMBIA SA ESP,1987-10-31,1987.0,2026-08-03,0.5895,NO,377.0,True,True,SIMEM + UPME
CHVR,CHIVOR,Are0012,Area Nordeste,Are0130,SubArea Boyaca-Casanare,Hidraulica,Despachado Centralmente,CHVG,2026-08-03,2026-08-03,SIMEM 0bfc9d + 841808 + 10F2C9,CHIVOR,BOYACÁ,15690.0,SANTA MARÍA,Centro,-73.25377493708915,4.822997506952486,1000.0,HIDRAULICA,AGUA,DC,NORMAL,OPERACIÓN,AES COLOMBIA & CIA. S.C.A. E.S.P.,1977-05-22,1977.0,2026-08-03,6.9551,NO,176.0,True,True,SIMEM + UPME
CIMR,,,,,,,,,,,,CIMARRON,CASANARE,85001.0,YOPAL,Oriente,-72.25798324179046,5.242711687577748,19.9,TERMICA,GAS,ND,NORMAL,INACTIVO,TERMOYOPAL GENERACION 2 S.A.S E.S.P.,2007-08-17,2007.0,2026-08-03,13.5,SI,207.0,False,True,Solo UPME
CIP1,INGENIO PROVIDENCIA 2,Are0128,Area Suroccidental,Are0032,SubArea Valle,Termica,No Despachado Centralmente,NTCG,2026-08-03,2026-08-03,SIMEM 0bfc9d + 841808 + 10F2C9,INGENIO PROVIDENCIA 2,VALLE DEL CAUCA,76248.0,EL CERRITO,Pacífico,-76.30827903788563,3.655974686880742,19.9,COGENERADOR,BAGAZO,ND,COGENERADOR,OPERACIÓN,NITRO ENERGY COLOMBIA S.A.S. E.S.P.,2009-05-17,2009.0,2026-08-03,0.0,NO,610.0,True,True,SIMEM + UPME
CIS1,INGENIO SAN CARLOS 1,Are0128,Area Suroccidental,Are0032,SubArea Valle,Termica,No Despachado Centralmente,ECNG,2026-08-03,2026-08-03,SIMEM 0bfc9d + 841808 + 10F2C9,INGENIO SAN CARLOS 1,VALLE DEL CAUCA,76834.0,TULUÁ,Pacífico,-76.0325294150837,4.028420260976358,2.0,COGENERADOR,BAGAZO,ND,COGENERADOR,OPERACIÓN,ECOGENERATION S.A.S. E.S.P.,2011-07-22,2011.0,2026-08-03,29.26,NO,632.0,True,True,SIMEM + UPME
CLDR,CALDERAS,Are0002,Area Antioquia,Are0015,SubArea Antioquia,Hidraulica,No Despachado Centralmente,ISGG,2026-08-03,2026-08-03,SIMEM 0bfc9d + 841808 + 10F2C9,CALDERAS,ANTIOQUIA,5649.0,SAN CARLOS,Antioquia,-74.90721931184886,6.193890354630417,19.9,HIDRAULICA,AGUA,ND,NORMAL,OPERACIÓN,ISAGEN S.A. E.S.P.,2006-06-29,2006.0,2026-08-03,1.3143,SI,65.0,True,True,SIMEM + UPME
CLL1,CARLOS LLERAS,Are0002,Area Antioquia,Are0015,SubArea Antioquia,Hidraulica,Despachado Centralmente,HDPG,2026-08-03,2026-08-03,SIMEM 0bfc9d + 841808 + 10F2C9,CARLOS LLERAS,ANTIOQUIA,5308.0,GIRARDOTA,Antioquia,-75.44794124338054,6.3797529997366285,78.0,HIDRAULICA,AGUA,DC,FILO AGUA ESPECIAL,OPERACIÓN,HIDROELECTRICA DEL ALTO PORCE S.A.S. E.S.P.,2015-11-21,2015.0,2026-08-03,1.2048,NO,30.0,True,True,SIMEM + UPME
CLMG,CALIMA,Are0128,Area Suroccidental,Are0032,SubArea Valle,Hidraulica,Despachado Centralmente,EPSG,2026-08-03,2026-08-03,SIMEM 0bfc9d + 841808 + 10F2C9,CALIMA,VALLE DEL CAUCA,76126.0,CALIMA,Pacífico,-76.64236819829615,3.923293334832259,132.0,HIDRAULICA,AGUA,DC,NORMAL,OPERACIÓN,CELSIA COLOMBIA S.A. E.S.P.,1966-12-31,1967.0,2026-08-03,1.9765,NO,599.0,True,True,SIMEM + UPME
CLTJ,,,,,,,,,,,,COGENERADOR COLTEJER 1,ANTIOQUIA,5360.0,ITAGÜÍ,Antioquia,-75.61420431179603,6.179279232331661,9.4,COGENERADOR,CARBON,ND,COGENERADOR,INACTIVO,EMPRESAS PUBLICAS DE MEDELLIN E.S.P.,2013-12-18,2013.0,2026-08-03,0.0,NO,35.0,False,True,Solo UPME
CMN1,AUTOG CEMENTOS DEL NARE,Are0002,Area Antioquia,Are0015,SubArea Antioquia,Hidraulica,No Despachado Centralmente,SOCG,2026-08-03,2026-08-03,SIMEM 0bfc9d + 841808 + 10F2C9,AUTOG CEMENTOS DEL NARE,ANTIOQUIA,5585.0,PUERTO NARE,Antioquia,-74.68409214760523,6.139168288565218,9.0,HIDRAULICA,AGUA,ND,AUTOGENERADOR,OPERACIÓN,COMPAÑÍA ELÉCTRICA DE SOCHAGOTA  S.A.S. E.S.P.,2004-08-31,2004.0,2026-08-03,0.0,NO,51.0,True,True,SIMEM + UPME
CMP2,CAMPESTRE (EPM),Are0002,Area Antioquia,Are0015,SubArea Antioquia,Hidraulica,No Despachado Centralmente,EPMG,2026-08-03,2026-08-03,SIMEM 0bfc9d + 841808 + 10F2C9,CAMPESTRE (EPM),ANTIOQUIA,5001.0,MEDELLÍN,Antioquia,-75.6110393232332,6.257590449778692,0.87,HIDRAULICA,AGUA,ND,GEN. DISTRIBUIDA,OPERACIÓN,EMPRESAS PUBLICAS DE MEDELLIN E.S.P.,1996-12-31,1997.0,2026-08-03,0.875,SI,48.0,True,True,SIMEM + UPME
COE1,COELLO,Are0128,Area Suroccidental,Are0031,SubArea Huila-Tolima,Hidraulica,No Despachado Centralmente,ENGG,2026-08-03,2026-08-03,SIMEM 0bfc9d + 841808 + 10F2C9,COELLO,TOLIMA,73200.0,COELLO,Centro,-74.97459964305963,4.2781733129152615,1.2,HIDRAULICA,AGUA,ND,NORMAL,OPERACIÓN,ENERGETICA S.A. E.S.P.,2016-12-09,2016.0,2026-08-03,0.001,SI,548.0,True,True,SIMEM + UPME
CPT1,CAMPESTRE (CALARCA),Are0128,Area Suroccidental,Are0022,SubArea CQR,Hidraulica,No Despachado Centralmente,CALG,2026-08-03,2026-08-03,SIMEM 0bfc9d + 841808 + 10F2C9,CAMPESTRE (CALARCA),QUINDIO,63130.0,CALARCÁ,Eje Cafetero,-75.65675520435025,4.467876840557189,0.7,HIDRAULICA,AGUA,ND,GEN. DISTRIBUIDA,OPERACIÓN,EMPRESAS PUBLICAS DE CALARCA ESP,1955-12-31,1956.0,2026-08-03,0.001,SI,470.0,True,True,SIMEM + UPME
CQT1,CHARQUITO,Are0056,Area Oriental,Are0017,SubArea Bogota,Hidraulica,No Despachado Centralmente,ENDG,2026-08-03,2026-08-03,SIMEM 0bfc9d + 841808 + 10F2C9,CHARQUITO,CUNDINAMARCA,25754.0,SOACHA,Centro,-74.2403087460268,4.582030218417292,19.4,HIDRAULICA,AGUA,ND,NORMAL,OPERACIÓN,ENEL COLOMBIA SA ESP,2003-08-21,2003.0,2026-08-03,1.1483,SI,374.0,True,True,SIMEM + UPME
CRC1,CARACOLI,Are0002,Area Antioquia,Are0015,SubArea Antioquia,Hidraulica,No Despachado Centralmente,EPMG,2026-08-03,2026-08-03,SIMEM 0bfc9d + 841808 + 10F2C9,CARACOLI,ANTIOQUIA,5142.0,CARACOLÍ,Antioquia,-74.73354418180044,6.337973572690631,3.75,HIDRAULICA,AGUA,ND,NORMAL,OPERACIÓN,EMPRESAS PUBLICAS DE MEDELLIN E.S.P.,1934-12-31,1935.0,2026-08-03,0.8011,SI,16.0,True,True,SIMEM + UPME
CSC1,CASCADA,Are0012,Area Nordeste,Are0131,SubArea Santander,Hidraulica,No Despachado Centralmente,EPMG,2026-08-03,2026-08-03,SIMEM 0bfc9d + 841808 + 10F2C9,CASCADA,SANTANDER,68001.0,BUCARAMANGA,Oriente,-73.11178713645104,7.155386898226814,3.0,HIDRAULICA,AGUA,ND,NORMAL,OPERACIÓN,EMPRESAS PUBLICAS DE MEDELLIN E.S.P.,1953-12-31,1954.0,2026-08-03,0.0,SI,494.0,True,True,SIMEM + UPME
CTG1,CARTAGENA 1,Are0127,Area Caribe,Are0018,SubArea Bolivar,Termica,Despachado Centralmente,NTCG,2026-08-03,2026-08-03,SIMEM 0bfc9d + 841808 + 10F2C9,CARTAGENA 1,BOLÍVAR,13001.0,CARTAGENA DE INDIAS,Caribe,-75.45921916563543,10.46297167339698,52.0,TERMICA,COMBUSTOLEO,DC,NORMAL,OPERACIÓN,NITRO ENERGY COLOMBIA S.A.S. E.S.P.,1995-07-19,1995.0,2026-08-03,13.665,NO,155.0,True,True,SIMEM + UPME
CTG2,CARTAGENA 2,Are0127,Area Caribe,Are0018,SubArea Bolivar,Termica,Despachado Centralmente,NTCG,2026-08-03,2026-08-03,SIMEM 0bfc9d + 841808 + 10F2C9,CARTAGENA 2,BOLÍVAR,13001.0,CARTAGENA DE INDIAS,Caribe,-75.45921916563543,10.46297167339698,60.0,TERMICA,GAS,DC,NORMAL,OPERACIÓN,NITRO ENERGY COLOMBIA S.A.S. E.S.P.,1979-12-31,1980.0,2026-08-03,11.8104,NO,156.0,True,True,SIMEM + UPME
CTG3,CARTAGENA 3,Are0127,Area Caribe,Are0018,SubArea Bolivar,Termica,Despachado Centralmente,NTCG,2026-08-03,2026-08-03,SIMEM 0bfc9d + 841808 + 10F2C9,CARTAGENA 3,BOLÍVAR,13001.0,CARTAGENA DE INDIAS,Caribe,-75.45921916563543,10.46297167339698,66.0,TERMICA,COMBUSTOLEO,DC,NORMAL,OPERACIÓN,NITRO ENERGY COLOMBIA S.A.S. E.S.P.,1979-12-31,1980.0,2026-08-03,11.522,NO,157.0,True,True,SIMEM + UPME
CTM1,,,,,,,,,,,,EL MORRO 1,CASANARE,85001.0,YOPAL,Oriente,-72.25798324179046,5.242711687577748,19.9,TERMICA,GAS,ND,NORMAL,INACTIVO,TERMOYOPAL GENERACION 2 S.A.S E.S.P.,2007-05-22,2007.0,2026-08-03,12.4,SI,209.0,False,True,Solo UPME
CTM2,,,,,,,,,,,,EL MORRO 2,CASANARE,85001.0,YOPAL,Oriente,-72.25798324179046,5.242711687577748,19.9,TERMICA,GAS,ND,NORMAL,INACTIVO,TERMOYOPAL GENERACION 2 S.A.S E.S.P.,2007-08-08,2007.0,2026-08-03,13.84,SI,208.0,False,True,Solo UPME
CTMO,,,,,,,,,,,,CENTRAL TUMACO 1,VALLE DEL CAUCA,76126.0,CALIMA,Pacífico,-76.64236819829615,3.923293334832259,0.0,COGENERADOR,BAGAZO,ND,COGENERADOR,INACTIVO,CELSIA COLOMBIA S.A. E.S.P.,2007-03-24,2007.0,2026-08-03,0.0,NO,598.0,False,True,Solo UPME
CUC1,CUCUANA,Are0128,Area Suroccidental,Are0031,SubArea Huila-Tolima,Hidraulica,Despachado Centralmente,EPSG,2026-08-03,2026-08-03,SIMEM 0bfc9d + 841808 + 10F2C9,CUCUANA,TOLIMA,73622.0,RONCESVALLES,Centro,-75.59429264769672,4.0978559171134,56.0,HIDRAULICA,AGUA,DC,FILO DE AGUA,OPERACIÓN,CELSIA COLOMBIA S.A. E.S.P.,2015-07-28,2015.0,2026-08-03,5.9476,NO,538.0,True,True,SIMEM + UPME
CUR1,CURRUCUCUES,Are0128,Area Suroccidental,Are0031,SubArea Huila-Tolima,Hidraulica,No Despachado Centralmente,NRCG,2026-08-03,2026-08-03,SIMEM 0bfc9d + 841808 + 10F2C9,CURRUCUCUES,TOLIMA,73624.0,ROVIRA,Centro,-75.34759717815423,4.216728685134759,1.25,HIDRAULICA,AGUA,ND,NORMAL,OPERACIÓN,ENERCO S.A. E.S.P.,2010-08-17,2010.0,2026-08-03,0.52,SI,539.0,True,True,SIMEM + UPME
DVS1,DARIO VALENCIA SAMPER,Are0056,Area Oriental,Are0017,SubArea Bogota,Hidraulica,Despachado Centralmente,ENDG,2026-08-03,2026-08-03,SIMEM 0bfc9d + 841808 + 10F2C9,DARIO VALENCIA SAMPER,CUNDINAMARCA,25386.0,LA MESA,Centro,-74.4732199646674,4.650772424841578,150.0,HIDRAULICA,AGUA,DC,FILO DE AGUA,OPERACIÓN,ENEL COLOMBIA SA ESP,2013-11-09,2013.0,2026-08-03,7.9708,NO,346.0,True,True,SIMEM + UPME
EPFV,EL PASO,Are0127,Area Caribe,Are0025,SubArea GCM,Solar,Despachado Centralmente,ENDG,2026-08-03,2026-08-03,SIMEM 0bfc9d + 841808 + 10F2C9,EL PASO,CESAR,20250.0,EL PASO,Caribe,-73.7382619683179,9.683721170835586,68.0,SOLAR,RAD SOLAR,DC,NORMAL,OPERACIÓN,ENEL COLOMBIA SA ESP,2024-03-22,2024.0,2026-08-03,0.0,NO,276.0,True,True,SIMEM + UPME
ERO1,,,,,,,,,,,,EL RIO 1,ATLÁNTICO,8001.0,BARRANQUILLA,Caribe,-74.82774550660668,10.981524582561144,1.8,TERMICA,GAS,DC,NORMAL,INACTIVO,ELECTRIFICADORA DEL ATLANTICO S.A. E.S.P.,1971-12-31,1972.0,2026-08-03,0.0,NO,103.0,False,True,Solo UPME
ERO2,,,,,,,,,,,,EL RIO 2,ATLÁNTICO,8001.0,BARRANQUILLA,Caribe,-74.82774550660668,10.981524582561144,4.0,TERMICA,GAS,DC,NORMAL,INACTIVO,ELECTRIFICADORA DEL ATLANTICO S.A. E.S.P.,1971-12-31,1972.0,2026-08-03,0.0,NO,104.0,False,True,Solo UPME
ERO3,,,,,,,,,,,,EL RIO 3,ATLÁNTICO,8001.0,BARRANQUILLA,Caribe,-74.82774550660668,10.981524582561144,4.5,TERMICA,GAS,DC,NORMAL,INACTIVO,ELECTRIFICADORA DEL ATLANTICO S.A. E.S.P.,1971-12-31,1972.0,2026-08-03,0.0,NO,105.0,False,True,Solo UPME
ERO4,,,,,,,,,,,,EL RIO 4,ATLÁNTICO,8001.0,BARRANQUILLA,Caribe,-74.82774550660668,10.981524582561144,4.5,TERMICA,GAS,DC,NORMAL,INACTIVO,ELECTRIFICADORA DEL ATLANTICO S.A. E.S.P.,1971-12-31,1972.0,2026-08-03,0.0,NO,106.0,False,True,Solo UPME
ERO5,,,,,,,,,,,,EL RIO 5,ATLÁNTICO,8001.0,BARRANQUILLA,Caribe,-74.82774550660668,10.981524582561144,4.0,TERMICA,GAS,DC,NORMAL,INACTIVO,ELECTRIFICADORA DEL ATLANTICO S.A. E.S.P.,1971-12-31,1972.0,2026-08-03,0.0,NO,107.0,False,True,Solo UPME
ERO6,,,,,,,,,,,,EL RIO 6,ATLÁNTICO,8001.0,BARRANQUILLA,Caribe,-74.82774550660668,10.981524582561144,10.0,TERMICA,GAS,DC,NORMAL,INACTIVO,ELECTRIFICADORA DEL ATLANTICO S.A. E.S.P.,1971-12-31,1972.0,2026-08-03,0.0,NO,108.0,False,True,Solo UPME
ERO7,,,,,,,,,,,,EL RIO 7,ATLÁNTICO,8001.0,BARRANQUILLA,Caribe,-74.82774550660668,10.981524582561144,10.0,TERMICA,GAS,DC,NORMAL,INACTIVO,ELECTRIFICADORA DEL ATLANTICO S.A. E.S.P.,1971-12-31,1972.0,2026-08-03,0.0,NO,96.0,False,True,Solo UPME
ERO8,,,,,,,,,,,,EL RIO 8,ATLÁNTICO,8001.0,BARRANQUILLA,Caribe,-74.82774550660668,10.981524582561144,11.0,TERMICA,GAS,DC,NORMAL,INACTIVO,ELECTRIFICADORA DEL ATLANTICO S.A. E.S.P.,1971-12-31,1972.0,2026-08-03,0.0,NO,97.0,False,True,Solo UPME
ESMR,ESMERALDA,Are0128,Area Suroccidental,Are0022,SubArea CQR,Hidraulica,Despachado Centralmente,EPMG,2026-08-03,2026-08-03,SIMEM 0bfc9d + 841808 + 10F2C9,ESMERALDA,CALDAS,17174.0,CHINCHINÁ,Eje Cafetero,-75.65947221747075,4.974349407789829,30.0,HIDRAULICA,AGUA,DC,FILO DE AGUA,OPERACIÓN,EMPRESAS PUBLICAS DE MEDELLIN E.S.P.,1962-12-31,1963.0,2026-08-03,1.3135,NO,197.0,True,True,SIMEM + UPME
FLRD,FLORIDA,Are0128,Area Suroccidental,Are0019,SubArea Cauca-Narino,Hidraulica,No Despachado Centralmente,CDIG,2026-08-03,2026-08-03,SIMEM 0bfc9d + 841808 + 10F2C9,FLORIDA,CAUCA,19001.0,POPAYÁN,Pacífico,-76.59196294974929,2.4717135479762526,19.9,HIDRAULICA,AGUA,ND,NORMAL,OPERACIÓN,CENTRALES ELECTRICAS DEL CAUCA S.A. E.S.P.,1974-12-31,1975.0,2026-08-03,0.8333,SI,230.0,True,True,SIMEM + UPME
GCA1,CARUQUIA,Are0002,Area Antioquia,Are0015,SubArea Antioquia,Hidraulica,No Despachado Centralmente,ISGG,2026-08-03,2026-08-03,SIMEM 0bfc9d + 841808 + 10F2C9,CARUQUIA,ANTIOQUIA,5686.0,SANTA ROSA DE OSOS,Antioquia,-75.43813780544396,6.675835083196788,9.5,HIDRAULICA,AGUA,ND,NORMAL,OPERACIÓN,ISAGEN S.A. E.S.P.,2010-01-27,2010.0,2026-08-03,1.53,SI,74.0,True,True,SIMEM + UPME
GCC1,GUACAICA,Are0128,Area Suroccidental,Are0022,SubArea CQR,Hidraulica,No Despachado Centralmente,EPMG,2026-08-03,2026-08-03,SIMEM 0bfc9d + 841808 + 10F2C9,GUACAICA,CALDAS,17486.0,NEIRA,Eje Cafetero,-75.5069424668521,5.183366251164893,0.86,HIDRAULICA,AGUA,ND,GEN. DISTRIBUIDA,OPERACIÓN,EMPRESAS PUBLICAS DE MEDELLIN E.S.P.,1991-12-31,1992.0,2026-08-03,0.0,SI,187.0,True,True,SIMEM + UPME
GE32,GECELCA 32,Are0127,Area Caribe,Are0021,SubArea Cordoba_Sucre,Termica,Despachado Centralmente,GECG,2026-08-03,2026-08-03,SIMEM 0bfc9d + 841808 + 10F2C9,GECELCA 32,CÓRDOBA,23580.0,PUERTO LIBERTADOR,Caribe,-75.77129664302254,7.711444447886888,270.0,TERMICA,CARBON,DC,NORMAL,OPERACIÓN,GENERADORA Y COMERCIALIZADORA DE ENERGIA DEL CARIBE S.A. E.S.P.,2018-09-27,2018.0,2026-08-03,10.2484,NO,311.0,True,True,SIMEM + UPME
GEC3,GECELCA 3,Are0127,Area Caribe,Are0020,SubArea Cerromatoso,Termica,Despachado Centralmente,GECG,2026-08-03,2026-08-03,SIMEM 0bfc9d + 841808 + 10F2C9,GECELCA 3,CÓRDOBA,23580.0,PUERTO LIBERTADOR,Caribe,-75.77129664302254,7.711444447886888,164.0,TERMICA,CARBON,DC,NORMAL,OPERACIÓN,GENERADORA Y COMERCIALIZADORA DE ENERGIA DEL CARIBE S.A. E.S.P.,2015-09-16,2015.0,2026-08-03,9.9713,NO,312.0,True,True,SIMEM + UPME
GQA1,GUANAQUITAS,Are0002,Area Antioquia,Are0015,SubArea Antioquia,Hidraulica,No Despachado Centralmente,ISGG,2026-08-03,2026-08-03,SIMEM 0bfc9d + 841808 + 10F2C9,GUANAQUITAS,ANTIOQUIA,5686.0,SANTA ROSA DE OSOS,Antioquia,-75.43813780544396,6.675835083196788,9.5,HIDRAULICA,AGUA,ND,NORMAL,OPERACIÓN,ISAGEN S.A. E.S.P.,2010-06-29,2010.0,2026-08-03,1.4984,SI,73.0,True,True,SIMEM + UPME
GTPE,GUATAPE,Are0002,Area Antioquia,Are0015,SubArea Antioquia,Hidraulica,Despachado Centralmente,EPMG,2026-08-03,2026-08-03,SIMEM 0bfc9d + 841808 + 10F2C9,GUATAPE,ANTIOQUIA,5321.0,GUATAPÉ,Antioquia,-75.15636683661292,6.236272652038047,560.0,HIDRAULICA,AGUA,DC,NORMAL,OPERACIÓN,EMPRESAS PUBLICAS DE MEDELLIN E.S.P.,1971-12-31,1972.0,2026-08-03,7.1665,NO,34.0,True,True,SIMEM + UPME
GTRG,GUATRON,Are0002,Area Antioquia,Are0015,SubArea Antioquia,Hidraulica,Despachado Centralmente,EPMG,2026-08-03,2026-08-03,SIMEM 0bfc9d + 841808 + 10F2C9,GUATRON,ANTIOQUIA,5310.0,GÓMEZ PLATA,Antioquia,-75.19270566887391,6.709556695471484,512.0,HIDRAULICA,AGUA,DC,NORMAL,OPERACIÓN,EMPRESAS PUBLICAS DE MEDELLIN E.S.P.,1965-12-31,1966.0,2026-08-03,8.9283,NO,32.0,True,True,SIMEM + UPME
GVIO,GUAVIO,Are0056,Area Oriental,Are0017,SubArea Bogota,Hidraulica,Despachado Centralmente,ENDG,2026-08-03,2026-08-03,SIMEM 0bfc9d + 841808 + 10F2C9,GUAVIO,CUNDINAMARCA,25839.0,UBALÁ,Centro,-73.47654901977104,4.803804072868425,1250.0,HIDRAULICA,AGUA,DC,NORMAL,OPERACIÓN,ENEL COLOMBIA SA ESP,1993-03-18,1993.0,2026-08-03,9.8367,NO,371.0,True,True,SIMEM + UPME
GYP3,GUAYEPO III,Are0127,Area Caribe,Are0016,SubArea Atlantico,Solar,Despachado Centralmente,ENDG,2026-08-03,2026-08-03,SIMEM 0bfc9d + 841808 + 10F2C9,GUAYEPO III,ATLÁNTICO,8560.0,PONEDERA,Caribe,-74.79847112190387,10.594646123565967,200.0,SOLAR,RAD SOLAR,DC,NORMAL,OPERACIÓN,ENEL COLOMBIA SA ESP,2026-02-24,2026.0,2026-08-03,0.0,NO,146.0,True,True,SIMEM + UPME
GYPO,GUAYEPO,Are0127,Area Caribe,Are0016,SubArea Atlantico,Solar,Despachado Centralmente,ENDG,2026-08-03,2026-08-03,SIMEM 0bfc9d + 841808 + 10F2C9,GUAYEPO,ATLÁNTICO,8560.0,PONEDERA,Caribe,-74.79847112190387,10.594646123565967,370.0,SOLAR,RAD SOLAR,DC,NORMAL,OPERACIÓN,ENEL COLOMBIA SA ESP,2024-11-29,2024.0,2026-08-03,0.0,NO,147.0,True,True,SIMEM + UPME
HMIN,ESCUELA DE MINAS,Are0002,Area Antioquia,Are0015,SubArea Antioquia,Hidraulica,Despachado Centralmente,HDPG,2026-08-03,2026-08-03,SIMEM 0bfc9d + 841808 + 10F2C9,ESCUELA DE MINAS,ANTIOQUIA,5440.0,MARINILLA,Antioquia,-75.30488154648857,6.185202683383432,55.0,HIDRAULICA,AGUA,DC,FILO DE AGUA,OPERACIÓN,HIDROELECTRICA DEL ALTO PORCE S.A.S. E.S.P.,2019-09-29,2019.0,2026-08-03,1.603,NO,42.0,True,True,SIMEM + UPME
HMLG,MIEL I,Are0128,Area Suroccidental,Are0022,SubArea CQR,Hidraulica,Despachado Centralmente,ISGG,2026-08-03,2026-08-03,SIMEM 0bfc9d + 841808 + 10F2C9,MIEL I,CALDAS,17495.0,NORCASIA,Eje Cafetero,-74.85493485841928,5.638057390540605,396.0,HIDRAULICA,AGUA,DC,NORMAL,OPERACIÓN,ISAGEN S.A. E.S.P.,2002-11-30,2002.0,2026-08-03,2.0673,NO,186.0,True,True,SIMEM + UPME
HMO1,HIDROMONTAÑITAS,Are0002,Area Antioquia,Are0015,SubArea Antioquia,Hidraulica,No Despachado Centralmente,EPSG,2026-08-03,2026-08-03,SIMEM 0bfc9d + 841808 + 10F2C9,HIDROMONTAÑITAS,ANTIOQUIA,5237.0,DONMATÍAS,Antioquia,-75.42240661833321,6.492465891956638,19.9,HIDRAULICA,AGUA,ND,NORMAL,OPERACIÓN,CELSIA COLOMBIA S.A. E.S.P.,2012-06-13,2012.0,2026-08-03,3.7,SI,24.0,True,True,SIMEM + UPME
HRD1,LA HERRADURA,Are0002,Area Antioquia,Are0015,SubArea Antioquia,Hidraulica,No Despachado Centralmente,EPMG,2026-08-03,2026-08-03,SIMEM 0bfc9d + 841808 + 10F2C9,LA HERRADURA,ANTIOQUIA,5138.0,CAÑASGORDAS,Antioquia,-76.02689748844887,6.814940709082751,19.8,HIDRAULICA,AGUA,ND,NORMAL,OPERACIÓN,EMPRESAS PUBLICAS DE MEDELLIN E.S.P.,2004-09-02,2004.0,2026-08-03,0.0001,SI,15.0,True,True,SIMEM + UPME
ILC1,,,,,,,,,,,,INGENIO LA CARMELITA,VALLE DEL CAUCA,76834.0,TULUÁ,Pacífico,-76.0325294150837,4.028420260976358,0.0,COGENERADOR,BAGAZO,ND,COGENERADOR,INACTIVO,DEPI ENERGY S.A.S. E.S.P.,2009-11-10,2009.0,2026-08-03,0.0,NO,633.0,False,True,Solo UPME
INC1,INCAUCA 1,Are0128,Area Suroccidental,Are0019,SubArea Cauca-Narino,Termica,No Despachado Centralmente,NTCG,2026-08-03,2026-08-03,SIMEM 0bfc9d + 841808 + 10F2C9,INCAUCA 1,CAUCA,19455.0,MIRANDA,Pacífico,-76.2167208672291,3.2282433194771976,60.0,COGENERADOR,BAGAZO,ND,COGENERADOR,OPERACIÓN,NITRO ENERGY COLOMBIA S.A.S. E.S.P.,1998-10-20,1998.0,2026-08-03,0.0,NO,251.0,True,True,SIMEM + UPME
INS1,INSULA,Are0128,Area Suroccidental,Are0022,SubArea CQR,Hidraulica,No Despachado Centralmente,EPMG,2026-08-03,2026-08-03,SIMEM 0bfc9d + 841808 + 10F2C9,INSULA,CALDAS,17174.0,CHINCHINÁ,Eje Cafetero,-75.65947221747075,4.974349407789829,19.0,HIDRAULICA,AGUA,ND,NORMAL,OPERACIÓN,EMPRESAS PUBLICAS DE MEDELLIN E.S.P.,1995-07-19,1995.0,2026-08-03,0.85,SI,196.0,True,True,SIMEM + UPME
INT1,INTERMEDIA,Are0128,Area Suroccidental,Are0022,SubArea CQR,Hidraulica,No Despachado Centralmente,EPMG,2026-08-03,2026-08-03,SIMEM 0bfc9d + 841808 + 10F2C9,INTERMEDIA,CALDAS,17001.0,MANIZALES,Eje Cafetero,-75.50729572535269,5.083438748349718,0.96,HIDRAULICA,AGUA,ND,GEN. DISTRIBUIDA,OPERACIÓN,EMPRESAS PUBLICAS DE MEDELLIN E.S.P.,1973-12-31,1974.0,2026-08-03,0.0,SI,189.0,True,True,SIMEM + UPME
INZ1,INZA,Are0128,Area Suroccidental,Are0031,SubArea Huila-Tolima,Hidraulica,No Despachado Centralmente,CDIG,2026-08-03,2026-08-03,SIMEM 0bfc9d + 841808 + 10F2C9,INZA,CAUCA,19355.0,INZÁ,Pacífico,-76.13764216845821,2.499047454269104,0.75,HIDRAULICA,AGUA,ND,NORMAL,OPERACIÓN,CENTRALES ELECTRICAS DEL CAUCA S.A. E.S.P.,2009-02-04,2009.0,2026-08-03,0.0,SI,243.0,True,True,SIMEM + UPME
IQU1,IQUIRA I,Are0128,Area Suroccidental,Are0031,SubArea Huila-Tolima,Hidraulica,No Despachado Centralmente,HLAG,2026-08-03,2026-08-03,SIMEM 0bfc9d + 841808 + 10F2C9,IQUIRA I,HUILA,41357.0,ÍQUIRA,Centro,-75.67383149490335,2.6915205539432003,4.32,HIDRAULICA,AGUA,ND,NORMAL,OPERACIÓN,ELECTRIFICADORA DEL HUILA S.A. E.S.P.,1954-12-31,1955.0,2026-08-03,0.0,SI,386.0,True,True,SIMEM + UPME
IQU2,IQUIRA II,Are0128,Area Suroccidental,Are0031,SubArea Huila-Tolima,Hidraulica,No Despachado Centralmente,HLAG,2026-08-03,2026-08-03,SIMEM 0bfc9d + 841808 + 10F2C9,IQUIRA II,HUILA,41357.0,ÍQUIRA,Centro,-75.67383149490335,2.6915205539432003,1.38,HIDRAULICA,AGUA,ND,NORMAL,OPERACIÓN,ELECTRIFICADORA DEL HUILA S.A. E.S.P.,1964-12-31,1965.0,2026-08-03,0.0,SI,387.0,True,True,SIMEM + UPME
IRG1,INGENIO RISARALDA 1,Are0128,Area Suroccidental,Are0022,SubArea CQR,Termica,No Despachado Centralmente,ERRG,2026-08-03,2026-08-03,SIMEM 0bfc9d + 841808 + 10F2C9,INGENIO RISARALDA 1,RISARALDA,66075.0,BALBOA,Eje Cafetero,-75.94275490182194,4.918348887960756,19.9,COGENERADOR,BAGAZO,ND,COGENERADOR,OPERACIÓN,ERCO GENERACION S.A.S. ESP,2003-08-14,2003.0,2026-08-03,0.0,NO,474.0,True,True,SIMEM + UPME
JAG1,,,,,,,,,,,,TERMOPROYECTOS,CASANARE,85410.0,TAURAMENA,Oriente,-72.62938891002132,4.698114904012365,19.0,TERMICA,CRUDO,DC,NORMAL,INACTIVO,PROELECTRICA S.A.S E.S.P.,2022-12-24,2022.0,2026-08-03,7.26,NO,220.0,False,True,Solo UPME
JAGS,JAGUAS,Are0002,Area Antioquia,Are0015,SubArea Antioquia,Hidraulica,Despachado Centralmente,ISGG,2026-08-03,2026-08-03,SIMEM 0bfc9d + 841808 + 10F2C9,JAGUAS,ANTIOQUIA,5667.0,SAN RAFAEL,Antioquia,-74.99860187864878,6.310742926887714,170.0,HIDRAULICA,AGUA,DC,NORMAL,OPERACIÓN,ISAGEN S.A. E.S.P.,1988-06-30,1988.0,2026-08-03,2.3591,NO,67.0,True,True,SIMEM + UPME
JBV1,,,,,,,,,,,,JULIO BRAVO,NARIÑO,52001.0,PASTO,Pacífico,-77.20610379310708,1.0836182335278874,1.5,HIDRAULICA,AGUA,ND,NORMAL,INACTIVO,CENTRALES ELECTRICAS DE NARIÑO S.A. E.S.P.,1941-12-31,1942.0,2026-08-03,0.0,SI,444.0,False,True,Solo UPME
JNC1,,,,,,,,,,,,LA JUNCA,CUNDINAMARCA,25386.0,LA MESA,Centro,-74.4732199646674,4.650772424841578,19.4,HIDRAULICA,AGUA,ND,NORMAL,INACTIVO,ENEL COLOMBIA SA ESP,2004-12-31,2005.0,2026-08-03,0.0,SI,344.0,False,True,Solo UPME
JPR1,,,,,,,,,,,,JEPIRACHI 1 - 15,LA GUAJIRA,44847.0,URIBIA,Caribe,-71.74907032235824,11.99977233545204,18.42,EOLICA,VIENTO,ND,NORMAL,INACTIVO,EMPRESAS PUBLICAS DE MEDELLIN E.S.P.,2004-04-26,2004.0,2026-08-03,0.0,SI,400.0,False,True,Solo UPME
LBR1,NUEVO LIBARE,Are0128,Area Suroccidental,Are0022,SubArea CQR,Hidraulica,No Despachado Centralmente,EEPG,2026-08-03,2026-08-03,SIMEM 0bfc9d + 841808 + 10F2C9,NUEVO LIBARE,RISARALDA,66170.0,DOSQUEBRADAS,Eje Cafetero,-75.66993704549643,4.842021234569542,5.1,HIDRAULICA,AGUA,ND,NORMAL,OPERACIÓN,EMPRESA DE ENERGIA DE PEREIRA S.A. E.S.P.,1993-12-31,1994.0,2026-08-03,0.0,SI,473.0,True,True,SIMEM + UPME
LCS1,LA CASCADA (ANTIOQUIA),Are0002,Area Antioquia,Are0015,SubArea Antioquia,Hidraulica,No Despachado Centralmente,GNCG,2026-08-03,2026-08-03,SIMEM 0bfc9d + 841808 + 10F2C9,LA CASCADA (ANTIOQUIA),ANTIOQUIA,5670.0,SAN ROQUE,Antioquia,-74.94524773669791,6.466121322594473,2.3,HIDRAULICA,AGUA,ND,NORMAL,OPERACIÓN,VATIA S.A. E.S.P.,2007-07-16,2007.0,2026-08-03,0.001,SI,68.0,True,True,SIMEM + UPME
LMR1,EL LIMONAR,Are0056,Area Oriental,Are0017,SubArea Bogota,Hidraulica,No Despachado Centralmente,ENDG,2026-08-03,2026-08-03,SIMEM 0bfc9d + 841808 + 10F2C9,EL LIMONAR,CUNDINAMARCA,25645.0,SAN ANTONIO DEL TEQUENDAMA,Centro,-74.34490348911615,4.599741063787057,18.0,HIDRAULICA,AGUA,ND,NORMAL,OPERACIÓN,ENEL COLOMBIA SA ESP,2003-12-05,2003.0,2026-08-03,0.0,SI,365.0,True,True,SIMEM + UPME
LNN1,,,,,,,,,,,,LA UNION 1,ATLÁNTICO,8001.0,BARRANQUILLA,Caribe,-74.82774550660668,10.981524582561144,8.0,TERMICA,GAS,DC,NORMAL,INACTIVO,ELECTRIFICADORA DEL ATLANTICO S.A. E.S.P.,1970-12-31,1971.0,2026-08-03,0.0,NO,98.0,False,True,Solo UPME
LNN2,,,,,,,,,,,,LA UNION 2,ATLÁNTICO,8001.0,BARRANQUILLA,Caribe,-74.82774550660668,10.981524582561144,9.0,TERMICA,GAS,DC,NORMAL,INACTIVO,ELECTRIFICADORA DEL ATLANTICO S.A. E.S.P.,1970-12-31,1971.0,2026-08-03,0.0,NO,99.0,False,True,Solo UPME
LNN3,,,,,,,,,,,,LA UNION 3,ATLÁNTICO,8001.0,BARRANQUILLA,Caribe,-74.82774550660668,10.981524582561144,18.0,TERMICA,GAS,DC,NORMAL,INACTIVO,ELECTRIFICADORA DEL ATLANTICO S.A. E.S.P.,1970-12-31,1971.0,2026-08-03,0.0,NO,100.0,False,True,Solo UPME
LNN4,,,,,,,,,,,,LA UNION 4,ATLÁNTICO,8001.0,BARRANQUILLA,Caribe,-74.82774550660668,10.981524582561144,9.0,TERMICA,GAS,DC,NORMAL,INACTIVO,ELECTRIFICADORA DEL ATLANTICO S.A. E.S.P.,1970-12-31,1971.0,2026-08-03,0.0,NO,101.0,False,True,Solo UPME
LPLO,RIO PALO,Are0128,Area Suroccidental,Are0019,SubArea Cauca-Narino,Hidraulica,No Despachado Centralmente,CDIG,2026-08-03,2026-08-03,SIMEM 0bfc9d + 841808 + 10F2C9,RIO PALO,CAUCA,19142.0,CALOTO,Pacífico,-76.32118995845043,3.0629100947885206,1.44,HIDRAULICA,AGUA,ND,NORMAL,OPERACIÓN,CENTRALES ELECTRICAS DEL CAUCA S.A. E.S.P.,1959-12-31,1960.0,2026-08-03,0.0,SI,242.0,True,True,SIMEM + UPME
LTSJ,LA TASAJERA,Are0002,Area Antioquia,Are0015,SubArea Antioquia,Hidraulica,Despachado Centralmente,EPMG,2026-08-03,2026-08-03,SIMEM 0bfc9d + 841808 + 10F2C9,LA TASAJERA,ANTIOQUIA,5308.0,GIRARDOTA,Antioquia,-75.44794124338054,6.3797529997366285,306.0,HIDRAULICA,AGUA,DC,NORMAL,OPERACIÓN,EMPRESAS PUBLICAS DE MEDELLIN E.S.P.,1994-05-19,1994.0,2026-08-03,7.8124,NO,29.0,True,True,SIMEM + UPME
MAN1,,,,,,,,,,,,INGENIO MANUELITA,VALLE DEL CAUCA,76001.0,CALI,Pacífico,-76.57650111502525,3.399042676552075,3.5,COGENERADOR,BAGAZO,ND,COGENERADOR,INACTIVO,CELSIA COLOMBIA S.A. E.S.P.,2016-03-16,2016.0,2026-08-03,0.0,NO,594.0,False,True,Solo UPME
MATA,LA MATA,Are0012,Area Nordeste,Are0029,SubArea Norte de Santander,Solar,Despachado Centralmente,SLMG,2026-08-03,2026-08-03,SIMEM 0bfc9d + 841808 + 10F2C9,LA MATA,CESAR,20383.0,LA GLORIA,Caribe,-73.615842734481,8.588082789891736,80.0,SOLAR,RAD SOLAR,DC,NORMAL,OPERACIÓN,SPK LA MATA S.A.S E.S.P,2024-06-26,2024.0,2026-08-03,0.0,NO,262.0,True,True,SIMEM + UPME
MIR1,MIROLINDO,Are0128,Area Suroccidental,Are0031,SubArea Huila-Tolima,Hidraulica,No Despachado Centralmente,HDTG,2026-08-03,2026-08-03,SIMEM 0bfc9d + 841808 + 10F2C9,MIROLINDO,TOLIMA,73001.0,IBAGUÉ,Centro,-75.2526057216586,4.451927493294694,3.75,HIDRAULICA,AGUA,ND,NORMAL,OPERACIÓN,HIDROTOLIMA S.A. E.S.P.,2004-11-02,2004.0,2026-08-03,0.0,SI,574.0,True,True,SIMEM + UPME
MNC1,MUNICIPAL,Are0128,Area Suroccidental,Are0022,SubArea CQR,Hidraulica,No Despachado Centralmente,EPMG,2026-08-03,2026-08-03,SIMEM 0bfc9d + 841808 + 10F2C9,MUNICIPAL,CALDAS,17001.0,MANIZALES,Eje Cafetero,-75.50729572535269,5.083438748349718,1.4,HIDRAULICA,AGUA,ND,NORMAL,OPERACIÓN,EMPRESAS PUBLICAS DE MEDELLIN E.S.P.,1934-12-31,1935.0,2026-08-03,0.0,SI,188.0,True,True,SIMEM + UPME
MND1,MONDOMO,Are0128,Area Suroccidental,Are0019,SubArea Cauca-Narino,Hidraulica,No Despachado Centralmente,CDIG,2026-08-03,2026-08-03,SIMEM 0bfc9d + 841808 + 10F2C9,MONDOMO,CAUCA,19698.0,SANTANDER DE QUILICHAO,Pacífico,-76.49874409423688,2.9844613545513328,0.75,HIDRAULICA,AGUA,ND,NORMAL,OPERACIÓN,CENTRALES ELECTRICAS DEL CAUCA S.A. E.S.P.,1957-12-31,1958.0,2026-08-03,0.0,SI,228.0,True,True,SIMEM + UPME
MNT1,MANANTIALES,Are0002,Area Antioquia,Are0015,SubArea Antioquia,Hidraulica,No Despachado Centralmente,EPMG,2026-08-03,2026-08-03,SIMEM 0bfc9d + 841808 + 10F2C9,MANANTIALES,ANTIOQUIA,5001.0,MEDELLÍN,Antioquia,-75.6110393232332,6.257590449778692,3.15,HIDRAULICA,AGUA,ND,NORMAL,OPERACIÓN,EMPRESAS PUBLICAS DE MEDELLIN E.S.P.,1991-12-31,1992.0,2026-08-03,0.633,SI,49.0,True,True,SIMEM + UPME
MOY1,AMOYA LA ESPERANZA,Are0128,Area Suroccidental,Are0031,SubArea Huila-Tolima,Hidraulica,Despachado Centralmente,ISGG,2026-08-03,2026-08-03,SIMEM 0bfc9d + 841808 + 10F2C9,AMOYA LA ESPERANZA,TOLIMA,73168.0,CHAPARRAL,Centro,-75.58988629825859,3.7437088586962735,80.0,HIDRAULICA,AGUA,DC,FILO DE AGUA,OPERACIÓN,ISAGEN S.A. E.S.P.,2013-05-23,2013.0,2026-08-03,4.8544,NO,547.0,True,True,SIMEM + UPME
MRL1,MERILECTRICA 1,Are0012,Area Nordeste,Are0131,SubArea Santander,Termica,Despachado Centralmente,EPSG,2026-08-03,2026-08-03,SIMEM 0bfc9d + 841808 + 10F2C9,MERILECTRICA 1,SANTANDER,68081.0,BARRANCABERMEJA,Oriente,-73.78214388864318,7.054058477215098,164.0,TERMICA,GAS,DC,NORMAL,OPERACIÓN,CELSIA COLOMBIA S.A. E.S.P.,1998-02-04,1998.0,2026-08-03,9.0003,NO,490.0,True,True,SIMEM + UPME
NAV1,LA NAVETA,Are0056,Area Oriental,Are0017,SubArea Bogota,Hidraulica,No Despachado Centralmente,IACG,2026-08-03,2026-08-03,SIMEM 0bfc9d + 841808 + 10F2C9,LA NAVETA,CUNDINAMARCA,25599.0,APULO,Centro,-74.59132843229563,4.537693457656349,4.8,HIDRAULICA,AGUA,ND,NORMAL,OPERACIÓN,IAC ENERGY S.A.S. E.S.P.,2014-11-26,2014.0,2026-08-03,0.1529,SI,356.0,True,True,SIMEM + UPME
NIM1,NIMA,Are0128,Area Suroccidental,Are0032,SubArea Valle,Hidraulica,No Despachado Centralmente,SOCG,2026-08-03,2026-08-03,SIMEM 0bfc9d + 841808 + 10F2C9,NIMA,VALLE DEL CAUCA,76001.0,CALI,Pacífico,-76.57650111502525,3.399042676552075,6.7,HIDRAULICA,AGUA,ND,NORMAL,OPERACIÓN,COMPAÑÍA ELÉCTRICA DE SOCHAGOTA  S.A.S. E.S.P.,1941-12-31,1942.0,2026-08-03,0.0,SI,593.0,True,True,SIMEM + UPME
NQU1,NIQUIA,Are0002,Area Antioquia,Are0015,SubArea Antioquia,Hidraulica,No Despachado Centralmente,EPMG,2026-08-03,2026-08-03,SIMEM 0bfc9d + 841808 + 10F2C9,NIQUIA,ANTIOQUIA,5088.0,BELLO,Antioquia,-75.58977499936405,6.358885308060002,19.0,HIDRAULICA,AGUA,ND,NORMAL,OPERACIÓN,EMPRESAS PUBLICAS DE MEDELLIN E.S.P.,1993-06-27,1993.0,2026-08-03,3.276,SI,12.0,True,True,SIMEM + UPME
NTB1,NUTIBARA,Are0002,Area Antioquia,Are0015,SubArea Antioquia,Hidraulica,No Despachado Centralmente,EPMG,2026-08-03,2026-08-03,SIMEM 0bfc9d + 841808 + 10F2C9,NUTIBARA,ANTIOQUIA,5001.0,MEDELLÍN,Antioquia,-75.6110393232332,6.257590449778692,0.75,HIDRAULICA,AGUA,ND,GEN. DISTRIBUIDA,OPERACIÓN,EMPRESAS PUBLICAS DE MEDELLIN E.S.P.,1996-12-31,1997.0,2026-08-03,1.125,SI,50.0,True,True,SIMEM + UPME
OVJ1,OVEJAS,Are0128,Area Suroccidental,Are0032,SubArea Valle,Hidraulica,No Despachado Centralmente,CDIG,2026-08-03,2026-08-03,SIMEM 0bfc9d + 841808 + 10F2C9,OVEJAS,CAUCA,19110.0,BUENOS AIRES,Pacífico,-76.62120008072309,2.9889957618230945,0.82,HIDRAULICA,AGUA,ND,GEN. DISTRIBUIDA,OPERACIÓN,CENTRALES ELECTRICAS DEL CAUCA S.A. E.S.P.,1938-12-31,1939.0,2026-08-03,0.0,SI,239.0,True,True,SIMEM + UPME
PBL1,,,,,,,,,,,,PIEDRAS BLANCAS,ANTIOQUIA,5001.0,MEDELLÍN,Antioquia,-75.6110393232332,6.257590449778692,5.0,HIDRAULICA,AGUA,ND,NORMAL,INACTIVO,EMPRESAS PUBLICAS DE MEDELLIN E.S.P.,1899-12-31,1900.0,2026-08-03,0.0,SI,46.0,False,True,Solo UPME
PES1,ITUANGO,Are0002,Area Antioquia,Are0015,SubArea Antioquia,Hidraulica,Despachado Centralmente,EPMG,2026-08-03,2026-08-03,SIMEM 0bfc9d + 841808 + 10F2C9,ITUANGO,ANTIOQUIA,5361.0,ITUANGO,Antioquia,-75.6787576505323,7.339172187710507,1200.0,HIDRAULICA,AGUA,DC,NORMAL,OPERACIÓN,EMPRESAS PUBLICAS DE MEDELLIN E.S.P.,2022-11-30,2022.0,2026-08-03,1.7252,NO,36.0,True,True,SIMEM + UPME
PGUG,PAGUA,Are0056,Area Oriental,Are0017,SubArea Bogota,Hidraulica,Despachado Centralmente,ENDG,2026-08-03,2026-08-03,SIMEM 0bfc9d + 841808 + 10F2C9,PAGUA,CUNDINAMARCA,25386.0,LA MESA,Centro,-74.4732199646674,4.650772424841578,600.0,HIDRAULICA,AGUA,DC,NORMAL,OPERACIÓN,ENEL COLOMBIA SA ESP,1986-11-30,1986.0,2026-08-03,16.0307,NO,345.0,True,True,SIMEM + UPME
PIC1,INGENIO PICHICHI 1,Are0128,Area Suroccidental,Are0032,SubArea Valle,Termica,No Despachado Centralmente,EEPG,2026-08-03,2026-08-03,SIMEM 0bfc9d + 841808 + 10F2C9,INGENIO PICHICHI 1,VALLE DEL CAUCA,76318.0,GUACARÍ,Pacífico,-76.34507979456524,3.759317380788084,0.0,COGENERADOR,BAGAZO,ND,COGENERADOR,OPERACIÓN,EMPRESA DE ENERGIA DE PEREIRA S.A. E.S.P.,2010-01-25,2010.0,2026-08-03,0.0,NO,583.0,True,True,SIMEM + UPME
PJR1,PAJARITO,Are0002,Area Antioquia,Are0015,SubArea Antioquia,Hidraulica,No Despachado Centralmente,EPMG,2026-08-03,2026-08-03,SIMEM 0bfc9d + 841808 + 10F2C9,PAJARITO,ANTIOQUIA,5887.0,YARUMAL,Antioquia,-75.47947382296735,6.933153152177147,13.2,HIDRAULICA,AGUA,ND,NORMAL,OPERACIÓN,EMPRESAS PUBLICAS DE MEDELLIN E.S.P.,1999-11-24,1999.0,2026-08-03,1.8726,SI,86.0,True,True,SIMEM + UPME
PLM1,PALMAS SAN GIL,Are0012,Area Nordeste,Are0131,SubArea Santander,Hidraulica,No Despachado Centralmente,EPMG,2026-08-03,2026-08-03,SIMEM 0bfc9d + 841808 + 10F2C9,PALMAS SAN GIL,SANTANDER,68679.0,SAN GIL,Oriente,-73.11887822956778,6.550776294791495,15.0,HIDRAULICA,AGUA,ND,NORMAL,OPERACIÓN,EMPRESAS PUBLICAS DE MEDELLIN E.S.P.,1953-12-31,1954.0,2026-08-03,0.0,SI,484.0,True,True,SIMEM + UPME
PLQ3,,,,,,,,,,,,PALENQUE 3,SANTANDER,68307.0,GIRÓN,Oriente,-73.20521846949393,6.976659418505624,13.0,TERMICA,GAS,DC,NORMAL,INACTIVO,ELECTRIFICADORA DE SANTANDER S.A. E.S.P.,1971-12-31,1972.0,2026-08-03,14.3162,NO,502.0,False,True,Solo UPME
PLQ4,,,,,,,,,,,,PALENQUE 4,SANTANDER,68307.0,GIRÓN,Oriente,-73.20521846949393,6.976659418505624,14.0,TERMICA,GAS,DC,NORMAL,INACTIVO,ELECTRIFICADORA DE SANTANDER S.A. E.S.P.,1995-07-19,1995.0,2026-08-03,0.0,NO,503.0,False,True,Solo UPME
PLU1,URRAO,Are0002,Area Antioquia,Are0015,SubArea Antioquia,Hidraulica,No Despachado Centralmente,SFEG,2026-08-03,2026-08-03,SIMEM 0bfc9d + 841808 + 10F2C9,URRAO,ANTIOQUIA,5847.0,URRAO,Antioquia,-76.2590844022003,6.335349033143072,1.03,HIDRAULICA,AGUA,ND,NORMAL,OPERACIÓN,SANTA FE ENERGY ZOMAC S.A.S. E.S.P.,2007-07-29,2007.0,2026-08-03,0.0,SI,85.0,True,True,SIMEM + UPME
PLYS,PLAYAS,Are0002,Area Antioquia,Are0015,SubArea Antioquia,Hidraulica,Despachado Centralmente,EPMG,2026-08-03,2026-08-03,SIMEM 0bfc9d + 841808 + 10F2C9,PLAYAS,ANTIOQUIA,5649.0,SAN CARLOS,Antioquia,-74.90721931184886,6.193890354630417,207.0,HIDRAULICA,AGUA,DC,NORMAL,OPERACIÓN,EMPRESAS PUBLICAS DE MEDELLIN E.S.P.,1988-07-31,1988.0,2026-08-03,1.7338,NO,64.0,True,True,SIMEM + UPME
PMR1,REMEDIOS,Are0002,Area Antioquia,Are0015,SubArea Antioquia,Hidraulica,No Despachado Centralmente,CIEG,2026-08-03,2026-08-03,SIMEM 0bfc9d + 841808 + 10F2C9,REMEDIOS,ANTIOQUIA,5604.0,REMEDIOS,Antioquia,-74.55690753921293,6.998128639519031,0.75,HIDRAULICA,AGUA,ND,NORMAL,OPERACIÓN,COMPAÑÍA INTEGRAL ENERGETICA S.A.S E.S.P,2007-09-18,2007.0,2026-08-03,0.0,SI,53.0,True,True,SIMEM + UPME
PNC1,COGENERADOR PROENCA,Are0128,Area Suroccidental,Are0019,SubArea Cauca-Narino,Termica,No Despachado Centralmente,PECG,2026-08-03,2026-08-03,SIMEM 0bfc9d + 841808 + 10F2C9,COGENERADOR PROENCA,CAUCA,19142.0,CALOTO,Pacífico,-76.32118995845043,3.0629100947885206,19.9,COGENERADOR,CARBON,ND,COGENERADOR,OPERACIÓN,PROYECTOS ENERGETICOS DEL CAUCA S.A. E.S.P.,2014-04-28,2014.0,2026-08-03,0.0,NO,241.0,True,True,SIMEM + UPME
PORO,PARQUE SOLAR PUERTA DE ORO,Are0128,Area Suroccidental,Are0022,SubArea CQR,Solar,Despachado Centralmente,OROG,2026-08-03,2026-08-03,SIMEM 0bfc9d + 841808 + 10F2C9,PARQUE SOLAR PUERTA DE ORO,CUNDINAMARCA,25320.0,GUADUAS,Centro,-74.64014234841376,5.1735388538606415,300.0,SOLAR,RAD SOLAR,DC,NORMAL,OPERACIÓN,PARQUE SOLAR PUERTA DE ORO S.A.S. E.S.P.,2026-07-03,2026.0,2026-08-03,0.0,NO,350.0,True,True,SIMEM + UPME
PPA1,PAIPA 1,Are0012,Area Nordeste,Are0130,SubArea Boyaca-Casanare,Termica,Despachado Centralmente,HIMG,2026-08-03,2026-08-03,SIMEM 0bfc9d + 841808 + 10F2C9,PAIPA 1,BOYACÁ,15516.0,PAIPA,Centro,-73.13773828672808,5.761995420776309,36.0,TERMICA,CARBON,DC,NORMAL,OPERACIÓN,GESTION ENERGETICA S.A. E.S.P.,1962-12-31,1963.0,2026-08-03,12.4335,NO,182.0,True,True,SIMEM + UPME
PPA2,PAIPA 2,Are0012,Area Nordeste,Are0130,SubArea Boyaca-Casanare,Termica,Despachado Centralmente,HIMG,2026-08-03,2026-08-03,SIMEM 0bfc9d + 841808 + 10F2C9,PAIPA 2,BOYACÁ,15516.0,PAIPA,Centro,-73.13773828672808,5.761995420776309,72.0,TERMICA,CARBON,DC,NORMAL,OPERACIÓN,GESTION ENERGETICA S.A. E.S.P.,1974-12-31,1975.0,2026-08-03,10.5569,NO,183.0,True,True,SIMEM + UPME
PPA3,PAIPA 3,Are0012,Area Nordeste,Are0130,SubArea Boyaca-Casanare,Termica,Despachado Centralmente,HIMG,2026-08-03,2026-08-03,SIMEM 0bfc9d + 841808 + 10F2C9,PAIPA 3,BOYACÁ,15516.0,PAIPA,Centro,-73.13773828672808,5.761995420776309,70.0,TERMICA,CARBON,DC,NORMAL,OPERACIÓN,GESTION ENERGETICA S.A. E.S.P.,1982-05-05,1982.0,2026-08-03,11.4369,NO,184.0,True,True,SIMEM + UPME
PPA4,PAIPA 4,Are0012,Area Nordeste,Are0130,SubArea Boyaca-Casanare,Termica,Despachado Centralmente,SOCG,2026-08-03,2026-08-03,SIMEM 0bfc9d + 841808 + 10F2C9,PAIPA 4,BOYACÁ,15516.0,PAIPA,Centro,-73.13773828672808,5.761995420776309,165.0,TERMICA,CARBON,DC,NORMAL,OPERACIÓN,COMPAÑÍA ELÉCTRICA DE SOCHAGOTA  S.A.S. E.S.P.,1999-01-07,1999.0,2026-08-03,9.2991,NO,181.0,True,True,SIMEM + UPME
PPN1,PAPELES NACIONALES,Are0128,Area Suroccidental,Are0022,SubArea CQR,Termica,No Despachado Centralmente,NRCG,2026-08-03,2026-08-03,SIMEM 0bfc9d + 841808 + 10F2C9,PAPELES NACIONALES,RISARALDA,66001.0,PEREIRA,Eje Cafetero,-75.79580494960125,4.803591185489485,0.0,COGENERADOR,GAS,ND,COGENERADOR,OPERACIÓN,ENERCO S.A. E.S.P.,2009-02-04,2009.0,2026-08-03,0.0,NO,476.0,True,True,SIMEM + UPME
PRC2,PORCE II,Are0002,Area Antioquia,Are0015,SubArea Antioquia,Hidraulica,Despachado Centralmente,EPMG,2026-08-03,2026-08-03,SIMEM 0bfc9d + 841808 + 10F2C9,PORCE II,ANTIOQUIA,5031.0,AMALFI,Antioquia,-74.98129809431317,6.977657056943432,405.0,HIDRAULICA,AGUA,DC,NORMAL,OPERACIÓN,EMPRESAS PUBLICAS DE MEDELLIN E.S.P.,2001-04-07,2001.0,2026-08-03,2.1415,NO,4.0,True,True,SIMEM + UPME
PRC3,PORCE III,Are0002,Area Antioquia,Are0015,SubArea Antioquia,Hidraulica,Despachado Centralmente,EPMG,2026-08-03,2026-08-03,SIMEM 0bfc9d + 841808 + 10F2C9,PORCE III,ANTIOQUIA,5040.0,ANORÍ,Antioquia,-75.10852543154942,7.193075754100771,700.0,HIDRAULICA,AGUA,DC,NORMAL,OPERACIÓN,EMPRESAS PUBLICAS DE MEDELLIN E.S.P.,2011-02-08,2011.0,2026-08-03,3.0578,NO,7.0,True,True,SIMEM + UPME
PRD4,PRADO IV,Are0128,Area Suroccidental,Are0031,SubArea Huila-Tolima,Hidraulica,No Despachado Centralmente,EPSG,2026-08-03,2026-08-03,SIMEM 0bfc9d + 841808 + 10F2C9,PRADO IV,TOLIMA,73563.0,PRADO,Centro,-74.87248415934438,3.7291661796478808,6.5,HIDRAULICA,AGUA,ND,NORMAL,OPERACIÓN,CELSIA COLOMBIA S.A. E.S.P.,1973-02-28,1973.0,2026-08-03,0.4904,SI,542.0,True,True,SIMEM + UPME
PRDO,PRADO,Are0128,Area Suroccidental,Are0031,SubArea Huila-Tolima,Hidraulica,Despachado Centralmente,EPSG,2026-08-03,2026-08-03,SIMEM 0bfc9d + 841808 + 10F2C9,PRADO,TOLIMA,73563.0,PRADO,Centro,-74.87248415934438,3.7291661796478808,51.0,HIDRAULICA,AGUA,DC,NORMAL,OPERACIÓN,CELSIA COLOMBIA S.A. E.S.P.,1973-02-28,1973.0,2026-08-03,0.4983,NO,541.0,True,True,SIMEM + UPME
PRF1,,,,,,,,,,,,PURIFICACION,TOLIMA,73585.0,PURIFICACIÓN,Centro,-74.87451916378946,3.8542834829993184,8.0,TERMICA,GAS,ND,NORMAL,INACTIVO,SURENERGY S.A.S. E.S.P.,2014-11-24,2014.0,2026-08-03,11.148,SI,544.0,False,True,Solo UPME
PRG1,PROELECTRICA 1,Are0127,Area Caribe,Are0018,SubArea Bolivar,Termica,Despachado Centralmente,PRIG,2026-08-03,2026-08-03,SIMEM 0bfc9d + 841808 + 10F2C9,PROELECTRICA 1,BOLÍVAR,13001.0,CARTAGENA DE INDIAS,Caribe,-75.45921916563543,10.46297167339698,45.0,TERMICA,GAS,DC,NORMAL,OPERACIÓN,PROELECTRICA S.A.S E.S.P.,1993-06-30,1993.0,2026-08-03,8.2719,NO,153.0,True,True,SIMEM + UPME
PRG2,PROELECTRICA 2,Are0127,Area Caribe,Are0018,SubArea Bolivar,Termica,Despachado Centralmente,PRIG,2026-08-03,2026-08-03,SIMEM 0bfc9d + 841808 + 10F2C9,PROELECTRICA 2,BOLÍVAR,13001.0,CARTAGENA DE INDIAS,Caribe,-75.45921916563543,10.46297167339698,45.0,TERMICA,GAS,DC,NORMAL,OPERACIÓN,PROELECTRICA S.A.S E.S.P.,1993-06-30,1993.0,2026-08-03,8.0707,NO,154.0,True,True,SIMEM + UPME
PRV1,PROVIDENCIA,Are0127,Area Caribe,Are0020,SubArea Cerromatoso,Hidraulica,No Despachado Centralmente,HZEG,2026-08-03,2026-08-03,SIMEM 0bfc9d + 841808 + 10F2C9,PROVIDENCIA,ANTIOQUIA,5040.0,ANORÍ,Antioquia,-75.10852543154942,7.193075754100771,4.9,HIDRAULICA,AGUA,ND,NORMAL,OPERACIÓN,HZ ENERGY S.A.S. E.S.P.,2015-09-29,2015.0,2026-08-03,0.1,SI,9.0,True,True,SIMEM + UPME
PST1,PASTALES,Are0128,Area Suroccidental,Are0031,SubArea Huila-Tolima,Hidraulica,No Despachado Centralmente,HDTG,2026-08-03,2026-08-03,SIMEM 0bfc9d + 841808 + 10F2C9,PASTALES,TOLIMA,73001.0,IBAGUÉ,Centro,-75.2526057216586,4.451927493294694,0.7,HIDRAULICA,AGUA,ND,GEN. DISTRIBUIDA,OPERACIÓN,HIDROTOLIMA S.A. E.S.P.,2004-02-17,2004.0,2026-08-03,0.0,SI,573.0,True,True,SIMEM + UPME
PSUA,,,,,,,,,,,,PARQUE SOLAR URRA,CÓRDOBA,23807.0,TIERRALTA,Caribe,-76.16860433354293,7.813718028791414,20.0,SOLAR,RAD SOLAR,DC,NORMAL,PRUEBAS,EMPRESA URRA S.A. E.S.P.,2025-12-03,2025.0,2026-08-03,0.0,NO,307.0,False,True,Solo UPME
PTA1,LA PITA,Are0128,Area Suroccidental,Are0031,SubArea Huila-Tolima,Hidraulica,No Despachado Centralmente,HLAG,2026-08-03,2026-08-03,SIMEM 0bfc9d + 841808 + 10F2C9,LA PITA,HUILA,41298.0,GARZÓN,Centro,-75.57132315707841,2.172434492519069,1.42,HIDRAULICA,AGUA,ND,NORMAL,OPERACIÓN,ELECTRIFICADORA DEL HUILA S.A. E.S.P.,1964-12-31,1965.0,2026-08-03,0.0,SI,384.0,True,True,SIMEM + UPME
PTC1,PATICO - LA CABRERA,Are0128,Area Suroccidental,Are0019,SubArea Cauca-Narino,Hidraulica,No Despachado Centralmente,FERG,2026-08-03,2026-08-03,SIMEM 0bfc9d + 841808 + 10F2C9,PATICO - LA CABRERA,CAUCA,19001.0,POPAYÁN,Pacífico,-76.59196294974929,2.4717135479762526,1.48,HIDRAULICA,AGUA,ND,NORMAL,OPERACIÓN,FUENTES DE ENERGIAS RENOVABLES S.A.S. E.S.P.,1929-12-31,1930.0,2026-08-03,0.0,SI,232.0,True,True,SIMEM + UPME
PTG1,PUENTE GUILLERMO,Are0012,Area Nordeste,Are0130,SubArea Boyaca-Casanare,Hidraulica,No Despachado Centralmente,NRCG,2026-08-03,2026-08-03,SIMEM 0bfc9d + 841808 + 10F2C9,PUENTE GUILLERMO,SANTANDER,68572.0,PUENTE NACIONAL,Oriente,-73.67841854402428,5.831127146399959,4.2,HIDRAULICA,AGUA,ND,NORMAL,OPERACIÓN,ENERCO S.A. E.S.P.,2001-08-31,2001.0,2026-08-03,0.0,SI,478.0,True,True,SIMEM + UPME
QUI1,EL QUIMBO,Are0128,Area Suroccidental,Are0019,SubArea Cauca-Narino,Hidraulica,Despachado Centralmente,ENDG,2026-08-03,2026-08-03,SIMEM 0bfc9d + 841808 + 10F2C9,EL QUIMBO,HUILA,41306.0,GIGANTE,Centro,-75.51700243729073,2.371778119284288,400.0,HIDRAULICA,AGUA,DC,NORMAL,OPERACIÓN,ENEL COLOMBIA SA ESP,2015-11-15,2015.0,2026-08-03,1.0934,NO,385.0,True,True,SIMEM + UPME
RBB1,RIO BOBO,Are0128,Area Suroccidental,Are0019,SubArea Cauca-Narino,Hidraulica,No Despachado Centralmente,CDNG,2026-08-03,2026-08-03,SIMEM 0bfc9d + 841808 + 10F2C9,RIO BOBO,CAUCA,19701.0,SANTA ROSA,Pacífico,-76.53882272726791,1.5200322654218963,4.0,HIDRAULICA,AGUA,ND,NORMAL,OPERACIÓN,CENTRALES ELECTRICAS DE NARIÑO S.A. E.S.P.,1959-12-31,1960.0,2026-08-03,0.0,SI,224.0,True,True,SIMEM + UPME
RBJ1,,,,,,,,,,,,RIO ABAJO,ANTIOQUIA,5674.0,SAN VICENTE FERRER,Antioquia,-75.327403588857,6.310386222680916,0.9,HIDRAULICA,AGUA,ND,NORMAL,INACTIVO,EMPRESAS PUBLICAS DE MEDELLIN E.S.P.,1946-12-31,1947.0,2026-08-03,0.0,SI,71.0,False,True,Solo UPME
RCIO,RIO RECIO,Are0128,Area Suroccidental,Are0031,SubArea Huila-Tolima,Hidraulica,No Despachado Centralmente,HDTG,2026-08-03,2026-08-03,SIMEM 0bfc9d + 841808 + 10F2C9,RIO RECIO,TOLIMA,73408.0,LÉRIDA,Centro,-74.9233732456049,4.866033120463978,0.984,HIDRAULICA,AGUA,ND,GEN. DISTRIBUIDA,OPERACIÓN,HIDROTOLIMA S.A. E.S.P.,1958-10-31,1958.0,2026-08-03,0.0,SI,546.0,True,True,SIMEM + UPME
RCL1,RIO CALI,Are0128,Area Suroccidental,Are0032,SubArea Valle,Hidraulica,No Despachado Centralmente,SOCG,2026-08-03,2026-08-03,SIMEM 0bfc9d + 841808 + 10F2C9,RIO CALI,VALLE DEL CAUCA,76001.0,CALI,Pacífico,-76.57650111502525,3.399042676552075,1.8,HIDRAULICA,AGUA,ND,NORMAL,OPERACIÓN,COMPAÑÍA ELÉCTRICA DE SOCHAGOTA  S.A.S. E.S.P.,1924-12-31,1925.0,2026-08-03,0.0,SI,595.0,True,True,SIMEM + UPME
RFR1,RIO FRIO I,Are0128,Area Suroccidental,Are0032,SubArea Valle,Hidraulica,No Despachado Centralmente,SOCG,2026-08-03,2026-08-03,SIMEM 0bfc9d + 841808 + 10F2C9,RIO FRIO I,VALLE DEL CAUCA,76616.0,RIOFRÍO,Pacífico,-76.37106671386327,4.10949608241408,1.67,HIDRAULICA,AGUA,ND,NORMAL,OPERACIÓN,COMPAÑÍA ELÉCTRICA DE SOCHAGOTA  S.A.S. E.S.P.,1953-12-31,1954.0,2026-08-03,0.0,SI,625.0,True,True,SIMEM + UPME
RFR2,RIO FRIO II,Are0128,Area Suroccidental,Are0032,SubArea Valle,Hidraulica,No Despachado Centralmente,CETG,2026-08-03,2026-08-03,SIMEM 0bfc9d + 841808 + 10F2C9,RIO FRIO II,VALLE DEL CAUCA,76616.0,RIOFRÍO,Pacífico,-76.37106671386327,4.10949608241408,10.0,HIDRAULICA,AGUA,ND,NORMAL,OPERACIÓN,COMPAÑIA DE ELECTRICIDAD DE TULUA S.A. E.S.P.,1995-12-31,1996.0,2026-08-03,0.0,SI,626.0,True,True,SIMEM + UPME
RGR1,RIO GRANDE,Are0002,Area Antioquia,Are0015,SubArea Antioquia,Hidraulica,No Despachado Centralmente,EPMG,2026-08-03,2026-08-03,SIMEM 0bfc9d + 841808 + 10F2C9,RIO GRANDE,ANTIOQUIA,5237.0,DONMATÍAS,Antioquia,-75.42240661833321,6.492465891956638,0.3,HIDRAULICA,AGUA,ND,GEN. DISTRIBUIDA,OPERACIÓN,EMPRESAS PUBLICAS DE MEDELLIN E.S.P.,2007-11-30,2007.0,2026-08-03,0.0,SI,25.0,True,True,SIMEM + UPME
RGRN,RIOGRANDE I,Are0002,Area Antioquia,Are0015,SubArea Antioquia,Hidraulica,No Despachado Centralmente,EPMG,2026-08-03,2026-08-03,SIMEM 0bfc9d + 841808 + 10F2C9,RIOGRANDE I,ANTIOQUIA,5237.0,DONMATÍAS,Antioquia,-75.42240661833321,6.492465891956638,19.0,HIDRAULICA,AGUA,ND,NORMAL,OPERACIÓN,EMPRESAS PUBLICAS DE MEDELLIN E.S.P.,1955-12-31,1956.0,2026-08-03,2.9147,SI,26.0,True,True,SIMEM + UPME
RIN1,,,,,,,,,,,,RIO INGENIO,NARIÑO,52683.0,SANDONÁ,Pacífico,-77.45670329899714,1.2881079418036254,0.18,HIDRAULICA,AGUA,ND,NORMAL,INACTIVO,CENTRALES ELECTRICAS DE NARIÑO S.A. E.S.P.,1957-12-31,1958.0,2026-08-03,0.0,SI,442.0,False,True,Solo UPME
RMAR,,,,,,,,,,,,RIOMAR 1,ATLÁNTICO,8001.0,BARRANQUILLA,Caribe,-74.82774550660668,10.981524582561144,9.0,TERMICA,GAS,DC,NORMAL,INACTIVO,ELECTRIFICADORA DEL ATLANTICO S.A. E.S.P.,1995-07-19,1995.0,2026-08-03,0.0,NO,102.0,False,True,Solo UPME
RMR1,RUMOR,Are0128,Area Suroccidental,Are0032,SubArea Valle,Hidraulica,No Despachado Centralmente,SOCG,2026-08-03,2026-08-03,SIMEM 0bfc9d + 841808 + 10F2C9,RUMOR,VALLE DEL CAUCA,76834.0,TULUÁ,Pacífico,-76.0325294150837,4.028420260976358,2.5,HIDRAULICA,AGUA,ND,NORMAL,OPERACIÓN,COMPAÑÍA ELÉCTRICA DE SOCHAGOTA  S.A.S. E.S.P.,1998-12-31,1999.0,2026-08-03,0.34,SI,631.0,True,True,SIMEM + UPME
RMYO,RIO MAYO,Are0128,Area Suroccidental,Are0019,SubArea Cauca-Narino,Hidraulica,No Despachado Centralmente,CDNG,2026-08-03,2026-08-03,SIMEM 0bfc9d + 841808 + 10F2C9,RIO MAYO,NARIÑO,52693.0,SAN PABLO,Pacífico,-76.97528454281753,1.6815773257279516,19.8,HIDRAULICA,AGUA,ND,NORMAL,OPERACIÓN,CENTRALES ELECTRICAS DE NARIÑO S.A. E.S.P.,1995-07-19,1995.0,2026-08-03,1.7,SI,441.0,True,True,SIMEM + UPME
RNG1,RIONEGRO,Are0128,Area Suroccidental,Are0022,SubArea CQR,Hidraulica,No Despachado Centralmente,SPRG,2026-08-03,2026-08-03,SIMEM 0bfc9d + 841808 + 10F2C9,RIONEGRO,CUNDINAMARCA,25572.0,PUERTO SALGAR,Centro,-74.58020125092018,5.619734540918975,10.2,HIDRAULICA,AGUA,ND,NORMAL,OPERACIÓN,ESPACIO PRODUCTIVO S.A.S. E.S.P.,1974-12-31,1975.0,2026-08-03,0.0,SI,358.0,True,True,SIMEM + UPME
RPD1,RIO PIEDRAS,Are0002,Area Antioquia,Are0015,SubArea Antioquia,Hidraulica,No Despachado Centralmente,EPSG,2026-08-03,2026-08-03,SIMEM 0bfc9d + 841808 + 10F2C9,RIO PIEDRAS,ANTIOQUIA,5368.0,JERICÓ,Antioquia,-75.7648876440231,5.769816302545644,19.9,HIDRAULICA,AGUA,ND,NORMAL,OPERACIÓN,CELSIA COLOMBIA S.A. E.S.P.,2000-03-30,2000.0,2026-08-03,5.88,NO,39.0,True,True,SIMEM + UPME
RPL1,INGENIO RIOPAILA 1,Are0128,Area Suroccidental,Are0032,SubArea Valle,Termica,No Despachado Centralmente,RPEG,2026-08-03,2026-08-03,SIMEM 0bfc9d + 841808 + 10F2C9,INGENIO RIOPAILA 1,VALLE DEL CAUCA,76895.0,ZARZAL,Pacífico,-76.050658129641,4.353596536214248,16.0,COGENERADOR,BAGAZO,ND,COGENERADOR,OPERACIÓN,RIOPAILA ENERGÍA S.A.S. E.S.P.,2018-05-20,2018.0,2026-08-03,0.0,NO,635.0,True,True,SIMEM + UPME
RUB1,,,,,,,,,,,,TERMOEBR,META,50568.0,PUERTO GAITÁN,Oriente,-71.63159652560698,4.004998742624762,19.0,TERMICA,CRUDO,DC,NORMAL,INACTIVO,PROELECTRICA S.A.S E.S.P.,2022-12-24,2022.0,2026-08-03,8.49,NO,418.0,False,True,Solo UPME
SAN1,,,,,,,,,,,,SAN ANTONIO,BOGOTÁ. D.C.,11001.0,BOGOTÁ. D.C.,Centro,-74.18113609108002,4.315974976392684,19.4,HIDRAULICA,AGUA,ND,NORMAL,INACTIVO,ENEL COLOMBIA SA ESP,2003-08-21,2003.0,2026-08-03,3.6,SI,148.0,False,True,Solo UPME
SBA1,SUBA,Are0056,Area Oriental,Are0017,SubArea Bogota,Hidraulica,No Despachado Centralmente,ENDG,2026-08-03,2026-08-03,SIMEM 0bfc9d + 841808 + 10F2C9,SUBA,BOGOTÁ. D.C.,11001.0,BOGOTÁ. D.C.,Centro,-74.18113609108002,4.315974976392684,2.6,HIDRAULICA,AGUA,ND,NORMAL,OPERACIÓN,ENEL COLOMBIA SA ESP,2013-04-14,2013.0,2026-08-03,0.944,SI,149.0,True,True,SIMEM + UPME
SFC1,SAN FRANCISCO (PUTUMAYO),Are0128,Area Suroccidental,Are0019,SubArea Cauca-Narino,Hidraulica,No Despachado Centralmente,SGMG,2026-08-03,2026-08-03,SIMEM 0bfc9d + 841808 + 10F2C9,SAN FRANCISCO (PUTUMAYO),PUTUMAYO,86755.0,SAN FRANCISCO,Amazonía,-76.84727327266177,1.1360709334550874,0.468,HIDRAULICA,AGUA,ND,NORMAL,OPERACIÓN,SIGMA2 COMERCIALIZADORA  DE ENERGIA ELECTRICA SAS ESP,2012-12-14,2012.0,2026-08-03,0.0,SI,463.0,True,True,SIMEM + UPME
SJM1,SAN JOSE DE LA MONTAÑA,Are0002,Area Antioquia,Are0015,SubArea Antioquia,Hidraulica,No Despachado Centralmente,GPEG,2026-08-03,2026-08-03,SIMEM 0bfc9d + 841808 + 10F2C9,SAN JOSE DE LA MONTAÑA,ANTIOQUIA,5658.0,SAN JOSÉ DE LA MONTAÑA,Antioquia,-75.67770924573276,6.823257599171344,0.4,HIDRAULICA,AGUA,ND,GEN. DISTRIBUIDA,OPERACIÓN,EMPRESA DE GENERACION Y PROMOCION DE ENERGIA DE ANTIOQUIA S.A. E.S.P.,2007-07-29,2007.0,2026-08-03,0.0,SI,58.0,True,True,SIMEM + UPME
SJN1,SAJANDI,Are0128,Area Suroccidental,Are0019,SubArea Cauca-Narino,Hidraulica,No Despachado Centralmente,CDIG,2026-08-03,2026-08-03,SIMEM 0bfc9d + 841808 + 10F2C9,SAJANDI,CAUCA,19532.0,PATÍA,Pacífico,-77.04684557984892,2.158148058676977,3.2,HIDRAULICA,AGUA,ND,NORMAL,OPERACIÓN,CENTRALES ELECTRICAS DEL CAUCA S.A. E.S.P.,1994-12-31,1995.0,2026-08-03,0.0,SI,233.0,True,True,SIMEM + UPME
SJOG,SAN JOSE,Are0128,Area Suroccidental,Are0022,SubArea CQR,Hidraulica,No Despachado Centralmente,FERG,2026-08-03,2026-08-03,SIMEM 0bfc9d + 841808 + 10F2C9,SAN JOSE,CALDAS,17541.0,PENSILVANIA,Eje Cafetero,-75.16700059658166,5.407100374806905,0.38,HIDRAULICA,AGUA,ND,GEN. DISTRIBUIDA,OPERACIÓN,FUENTES DE ENERGIAS RENOVABLES S.A.S. E.S.P.,2003-11-15,2003.0,2026-08-03,0.0001,SI,201.0,True,True,SIMEM + UPME
SLV1,SILVIA,Are0128,Area Suroccidental,Are0019,SubArea Cauca-Narino,Hidraulica,No Despachado Centralmente,CDIG,2026-08-03,2026-08-03,SIMEM 0bfc9d + 841808 + 10F2C9,SILVIA,CAUCA,19743.0,SILVIA,Pacífico,-76.35058660696332,2.651290206521961,0.38,HIDRAULICA,AGUA,ND,NORMAL,OPERACIÓN,CENTRALES ELECTRICAS DEL CAUCA S.A. E.S.P.,1993-12-31,1994.0,2026-08-03,0.0,SI,223.0,True,True,SIMEM + UPME
SLVJ,SALVAJINA,Are0128,Area Suroccidental,Are0019,SubArea Cauca-Narino,Hidraulica,Despachado Centralmente,EPSG,2026-08-03,2026-08-03,SIMEM 0bfc9d + 841808 + 10F2C9,SALVAJINA,CAUCA,19780.0,SUÁREZ,Pacífico,-76.74582692780312,2.936863439479108,315.0,HIDRAULICA,AGUA,DC,NORMAL,OPERACIÓN,CELSIA COLOMBIA S.A. E.S.P.,1995-07-19,1995.0,2026-08-03,0.8611,NO,221.0,True,True,SIMEM + UPME
SMI1,SAN MIGUEL,Are0002,Area Antioquia,Are0015,SubArea Antioquia,Hidraulica,Despachado Centralmente,ISGG,2026-08-03,2026-08-03,SIMEM 0bfc9d + 841808 + 10F2C9,SAN MIGUEL,ANTIOQUIA,5660.0,SAN LUIS,Antioquia,-75.00666565282792,6.023950666744518,50.0,HIDRAULICA,AGUA,DC,FILO DE AGUA,OPERACIÓN,ISAGEN S.A. E.S.P.,2015-12-22,2015.0,2026-08-03,1.4933,NO,66.0,True,True,SIMEM + UPME
SNC1,SAN CANCIO,Are0128,Area Suroccidental,Are0022,SubArea CQR,Hidraulica,No Despachado Centralmente,EPMG,2026-08-03,2026-08-03,SIMEM 0bfc9d + 841808 + 10F2C9,SAN CANCIO,CALDAS,17001.0,MANIZALES,Eje Cafetero,-75.50729572535269,5.083438748349718,2.0,HIDRAULICA,AGUA,ND,NORMAL,OPERACIÓN,EMPRESAS PUBLICAS DE MEDELLIN E.S.P.,1928-12-31,1929.0,2026-08-03,0.0,SI,190.0,True,True,SIMEM + UPME
SNCR,SAN CARLOS,Are0002,Area Antioquia,Are0015,SubArea Antioquia,Hidraulica,Despachado Centralmente,ISGG,2026-08-03,2026-08-03,SIMEM 0bfc9d + 841808 + 10F2C9,SAN CARLOS,ANTIOQUIA,5649.0,SAN CARLOS,Antioquia,-74.90721931184886,6.193890354630417,1240.0,HIDRAULICA,AGUA,DC,NORMAL,OPERACIÓN,ISAGEN S.A. E.S.P.,1984-01-19,1984.0,2026-08-03,5.3998,NO,63.0,True,True,SIMEM + UPME
SNFR,SAN FRANCISCO,Are0128,Area Suroccidental,Are0022,SubArea CQR,Hidraulica,Despachado Centralmente,EPMG,2026-08-03,2026-08-03,SIMEM 0bfc9d + 841808 + 10F2C9,SAN FRANCISCO,CALDAS,17174.0,CHINCHINÁ,Eje Cafetero,-75.65947221747075,4.974349407789829,135.0,HIDRAULICA,AGUA,DC,FILO DE AGUA,OPERACIÓN,EMPRESAS PUBLICAS DE MEDELLIN E.S.P.,1968-12-31,1969.0,2026-08-03,1.5781,NO,198.0,True,True,SIMEM + UPME
SNS1,SONSON,Are0002,Area Antioquia,Are0015,SubArea Antioquia,Hidraulica,No Despachado Centralmente,EPMG,2026-08-03,2026-08-03,SIMEM 0bfc9d + 841808 + 10F2C9,SONSON,ANTIOQUIA,5756.0,SONSÓN,Antioquia,-74.83647396542132,5.826399123939591,18.5,HIDRAULICA,AGUA,ND,NORMAL,OPERACIÓN,EMPRESAS PUBLICAS DE MEDELLIN E.S.P.,2002-05-31,2002.0,2026-08-03,0.0,SI,79.0,True,True,SIMEM + UPME
SNT1,SANTA ANA,Are0056,Area Oriental,Are0017,SubArea Bogota,Hidraulica,No Despachado Centralmente,ENDG,2026-08-03,2026-08-03,SIMEM 0bfc9d + 841808 + 10F2C9,SANTA ANA,CUNDINAMARCA,25839.0,UBALÁ,Centro,-73.47654901977104,4.803804072868425,8.0,HIDRAULICA,AGUA,ND,NORMAL,OPERACIÓN,ENEL COLOMBIA SA ESP,2005-06-08,2005.0,2026-08-03,0.0,SI,372.0,True,True,SIMEM + UPME
SOG1,SOGAMOSO,Are0012,Area Nordeste,Are0131,SubArea Santander,Hidraulica,Despachado Centralmente,ISGG,2026-08-03,2026-08-03,SIMEM 0bfc9d + 841808 + 10F2C9,SOGAMOSO,SANTANDER,68307.0,GIRÓN,Oriente,-73.20521846949393,6.976659418505624,819.0,HIDRAULICA,AGUA,DC,NORMAL,OPERACIÓN,ISAGEN S.A. E.S.P.,2014-12-19,2014.0,2026-08-03,1.3971,NO,500.0,True,True,SIMEM + UPME
SOGP,,,,,,,,,,,,SOGAMOSO_P,SANTANDER,68307.0,GIRÓN,Oriente,-73.20521846949393,6.976659418505624,546.0,HIDRAULICA,AGUA,DC,NORMAL,INACTIVO,ISAGEN S.A. E.S.P.,2014-12-30,2014.0,2026-08-03,1.3047,NO,501.0,False,True,Solo UPME
SPY1,RIO SAPUYES,Are0128,Area Suroccidental,Are0019,SubArea Cauca-Narino,Hidraulica,No Despachado Centralmente,CDNG,2026-08-03,2026-08-03,SIMEM 0bfc9d + 841808 + 10F2C9,RIO SAPUYES,NARIÑO,52838.0,TÚQUERRES,Pacífico,-77.63072948490155,1.1344792051867951,1.65,HIDRAULICA,AGUA,ND,NORMAL,OPERACIÓN,CENTRALES ELECTRICAS DE NARIÑO S.A. E.S.P.,1953-12-31,1954.0,2026-08-03,0.0,SI,435.0,True,True,SIMEM + UPME
SRA1,SANTA RITA,Are0002,Area Antioquia,Are0015,SubArea Antioquia,Hidraulica,No Despachado Centralmente,GPEG,2026-08-03,2026-08-03,SIMEM 0bfc9d + 841808 + 10F2C9,SANTA RITA,ANTIOQUIA,5034.0,ANDES,Antioquia,-75.94096874828527,5.60505284350165,1.3,HIDRAULICA,AGUA,ND,NORMAL,OPERACIÓN,EMPRESA DE GENERACION Y PROMOCION DE ENERGIA DE ANTIOQUIA S.A. E.S.P.,2010-08-17,2010.0,2026-08-03,0.675,SI,6.0,True,True,SIMEM + UPME
STG1,SANTIAGO,Are0002,Area Antioquia,Are0015,SubArea Antioquia,Hidraulica,No Despachado Centralmente,HDTG,2026-08-03,2026-08-03,SIMEM 0bfc9d + 841808 + 10F2C9,SANTIAGO,ANTIOQUIA,5690.0,SANTO DOMINGO,Antioquia,-75.14259391537296,6.48105484713417,2.8,HIDRAULICA,AGUA,ND,NORMAL,OPERACIÓN,HIDROTOLIMA S.A. E.S.P.,2011-01-07,2011.0,2026-08-03,2.8,SI,77.0,True,True,SIMEM + UPME
SUV1,SUEVA 2,Are0056,Area Oriental,Are0017,SubArea Bogota,Hidraulica,No Despachado Centralmente,CMXG,2026-08-03,2026-08-03,SIMEM 0bfc9d + 841808 + 10F2C9,SUEVA 2,CUNDINAMARCA,25372.0,JUNÍN,Centro,-73.69247725743048,4.705165164384368,6.0,HIDRAULICA,AGUA,ND,NORMAL,OPERACIÓN,CEMEX ENERGY S.A.S E.S.P.,2002-05-23,2002.0,2026-08-03,0.0,SI,347.0,True,True,SIMEM + UPME
TBQ3,BARRANQUILLA 3,Are0127,Area Caribe,Are0016,SubArea Atlantico,Termica,Despachado Centralmente,TBSG,2026-08-03,2026-08-03,SIMEM 0bfc9d + 841808 + 10F2C9,BARRANQUILLA 3,ATLÁNTICO,8758.0,SOLEDAD,Caribe,-74.77842616214787,10.90690738365588,60.0,TERMICA,GAS,DC,NORMAL,OPERACIÓN,TERMOBARRANQUILLA S.A. EMPRESA DE SERVICIOS PUBLICOS,1979-12-31,1980.0,2026-08-03,10.426,NO,126.0,True,True,SIMEM + UPME
TBQ4,BARRANQUILLA 4,Are0127,Area Caribe,Are0016,SubArea Atlantico,Termica,Despachado Centralmente,TBSG,2026-08-03,2026-08-03,SIMEM 0bfc9d + 841808 + 10F2C9,BARRANQUILLA 4,ATLÁNTICO,8758.0,SOLEDAD,Caribe,-74.77842616214787,10.90690738365588,60.0,TERMICA,GAS,DC,NORMAL,OPERACIÓN,TERMOBARRANQUILLA S.A. EMPRESA DE SERVICIOS PUBLICOS,1979-12-31,1980.0,2026-08-03,11.6696,NO,127.0,True,True,SIMEM + UPME
TBST,TEBSAB CC,Are0127,Area Caribe,Are0016,SubArea Atlantico,Termica,Despachado Centralmente,TBSG,2026-08-03,2026-08-03,SIMEM 0bfc9d + 841808 + 10F2C9,TEBSAB CC,ATLÁNTICO,8758.0,SOLEDAD,Caribe,-74.77842616214787,10.90690738365588,791.0,TERMICA,GAS,DC,CICLO COMBINADO,OPERACIÓN,TERMOBARRANQUILLA S.A. EMPRESA DE SERVICIOS PUBLICOS,1989-10-20,1989.0,2026-08-03,7.1898,NO,125.0,True,True,SIMEM + UPME
TBU1,,,,,,,,,,,,TIBU 1,NORTE DE SANTANDER,54810.0,TIBÚ,Oriente,-72.79917960805929,8.713402396207716,5.0,TERMICA,DIESEL MAR,DC,NORMAL,INACTIVO,CENTRALES ELECTRICAS DEL NORTE DE SANTANDER S.A. E.S.P.,1964-12-31,1965.0,2026-08-03,0.0,NO,459.0,False,True,Solo UPME
TBU2,,,,,,,,,,,,TIBU 2,NORTE DE SANTANDER,54810.0,TIBÚ,Oriente,-72.79917960805929,8.713402396207716,5.0,TERMICA,DIESEL MAR,DC,NORMAL,INACTIVO,CENTRALES ELECTRICAS DEL NORTE DE SANTANDER S.A. E.S.P.,1964-12-31,1965.0,2026-08-03,0.0,NO,460.0,False,True,Solo UPME
TBU3,,,,,,,,,,,,TIBU 3,NORTE DE SANTANDER,54810.0,TIBÚ,Oriente,-72.79917960805929,8.713402396207716,5.0,TERMICA,DIESEL MAR,DC,NORMAL,INACTIVO,CENTRALES ELECTRICAS DEL NORTE DE SANTANDER S.A. E.S.P.,1964-12-31,1965.0,2026-08-03,0.0,NO,461.0,False,True,Solo UPME
TCBE,TERMOCARIBE III 1,Are0127,Area Caribe,Are0018,SubArea Bolivar,Termica,Despachado Centralmente,TCBG,2026-08-03,2026-08-03,SIMEM 0bfc9d + 841808 + 10F2C9,TERMOCARIBE III 1,BOLÍVAR,13683.0,SANTA ROSA DE LIMA,Caribe,-75.3611643147102,10.469205330748292,52.0,TERMICA,GAS,DC,NORMAL,OPERACIÓN,TERMO CARIBE S.A.S. E.S.P.,2024-03-20,2024.0,2026-08-03,8.597,NO,175.0,True,True,SIMEM + UPME
TCDT,TERMOCANDELARIA CC,Are0127,Area Caribe,Are0018,SubArea Bolivar,Termica,Despachado Centralmente,TCIG,2026-08-03,2026-08-03,SIMEM 0bfc9d + 841808 + 10F2C9,TERMOCANDELARIA CC,BOLÍVAR,13001.0,CARTAGENA DE INDIAS,Caribe,-75.45921916563543,10.46297167339698,555.0,TERMICA,GAS,DC,CICLO COMBINADO,OPERACIÓN,TERMOCANDELARIA S.A.S. - E.S.P. ,2023-10-26,2023.0,2026-08-03,6.488,NO,160.0,True,True,SIMEM + UPME
TDR1,TERMODORADA 1,Are0128,Area Suroccidental,Are0022,SubArea CQR,Termica,Despachado Centralmente,EPMG,2026-08-03,2026-08-03,SIMEM 0bfc9d + 841808 + 10F2C9,TERMODORADA 1,CALDAS,17380.0,LA DORADA,Eje Cafetero,-74.72047678624584,5.410655327766446,48.0,TERMICA,GAS,DC,NORMAL,OPERACIÓN,EMPRESAS PUBLICAS DE MEDELLIN E.S.P.,1997-08-10,1997.0,2026-08-03,9.487,NO,192.0,True,True,SIMEM + UPME
TEC1,TERMOEMCALI CC,Are0128,Area Suroccidental,Are0032,SubArea Valle,Termica,Despachado Centralmente,TEMG,2026-08-03,2026-08-03,SIMEM 0bfc9d + 841808 + 10F2C9,TERMOEMCALI CC,VALLE DEL CAUCA,76520.0,PALMIRA,Pacífico,-76.22786086762281,3.558395439731676,229.0,TERMICA,GAS,DC,CICLO COMBINADO,OPERACIÓN,TERMOEMCALI I S.A E.S.P,1999-07-15,1999.0,2026-08-03,6.9386,NO,620.0,True,True,SIMEM + UPME
TFL1,FLORES I CC,Are0127,Area Caribe,Are0016,SubArea Atlantico,Termica,Despachado Centralmente,TMFG,2026-08-03,2026-08-03,SIMEM 0bfc9d + 841808 + 10F2C9,FLORES I CC,ATLÁNTICO,8001.0,BARRANQUILLA,Caribe,-74.82774550660668,10.981524582561144,160.0,TERMICA,GAS,DC,CICLO COMBINADO,OPERACIÓN,ENFRAGEN TERMOFLORES S.A.S. E.S.P.,1993-10-31,1993.0,2026-08-03,7.267,NO,110.0,True,True,SIMEM + UPME
TFL4,FLORES 4 CC,Are0127,Area Caribe,Are0016,SubArea Atlantico,Termica,Despachado Centralmente,TMFG,2026-08-03,2026-08-03,SIMEM 0bfc9d + 841808 + 10F2C9,FLORES 4 CC,ATLÁNTICO,8001.0,BARRANQUILLA,Caribe,-74.82774550660668,10.981524582561144,445.0,TERMICA,GAS,DC,CICLO COMBINADO,OPERACIÓN,ENFRAGEN TERMOFLORES S.A.S. E.S.P.,2010-11-30,2010.0,2026-08-03,7.0066,NO,109.0,True,True,SIMEM + UPME
TGJ1,GUAJIRA 1,Are0127,Area Caribe,Are0025,SubArea GCM,Termica,Despachado Centralmente,GECG,2026-08-03,2026-08-03,SIMEM 0bfc9d + 841808 + 10F2C9,GUAJIRA 1,LA GUAJIRA,44090.0,DIBULLA,Caribe,-73.43572377678287,11.090322650319312,145.0,TERMICA,CARBON,DC,NORMAL,OPERACIÓN,GENERADORA Y COMERCIALIZADORA DE ENERGIA DEL CARIBE S.A. E.S.P.,1983-08-07,1983.0,2026-08-03,10.1549,NO,390.0,True,True,SIMEM + UPME
TGJ2,GUAJIRA 2,Are0127,Area Caribe,Are0025,SubArea GCM,Termica,Despachado Centralmente,GECG,2026-08-03,2026-08-03,SIMEM 0bfc9d + 841808 + 10F2C9,GUAJIRA 2,LA GUAJIRA,44090.0,DIBULLA,Caribe,-73.43572377678287,11.090322650319312,130.0,TERMICA,MEZCLA GAS - CARBÓN,DC,NORMAL,OPERACIÓN,GENERADORA Y COMERCIALIZADORA DE ENERGIA DEL CARIBE S.A. E.S.P.,1987-11-22,1987.0,2026-08-03,10.216,NO,391.0,True,True,SIMEM + UPME
TIN1,,,,,,,,,,,,LA TINTA,CUNDINAMARCA,25386.0,LA MESA,Centro,-74.4732199646674,4.650772424841578,19.4,HIDRAULICA,AGUA,ND,NORMAL,INACTIVO,ENEL COLOMBIA SA ESP,2003-12-05,2003.0,2026-08-03,0.0,SI,343.0,False,True,Solo UPME
TMB1,TERMOBOLIVAR 1,Are0012,Area Nordeste,Are0130,SubArea Boyaca-Casanare,Termica,No Despachado Centralmente,GSAG,2026-08-03,2026-08-03,SIMEM 0bfc9d + 841808 + 10F2C9,TERMOBOLIVAR 1,BOYACÁ,15820.0,TÓPAGA,Centro,-72.83672985281002,5.765350358039838,9.7,TERMICA,GAS,ND,NORMAL,OPERACIÓN,GENERSA S.A.S. E.S.P.,2016-03-03,2016.0,2026-08-03,0.0,SI,179.0,True,True,SIMEM + UPME
TMS1,RIOFRIO (TAMESIS),Are0002,Area Antioquia,Are0015,SubArea Antioquia,Hidraulica,No Despachado Centralmente,EPMG,2026-08-03,2026-08-03,SIMEM 0bfc9d + 841808 + 10F2C9,RIOFRIO (TAMESIS),ANTIOQUIA,5789.0,TÁMESIS,Antioquia,-75.70980290292009,5.67375220800501,1.0,HIDRAULICA,AGUA,ND,GEN. DISTRIBUIDA,OPERACIÓN,EMPRESAS PUBLICAS DE MEDELLIN E.S.P.,1950-12-31,1951.0,2026-08-03,0.0,SI,80.0,True,True,SIMEM + UPME
TPD1,TERMOPIEDRAS 1,Are0128,Area Suroccidental,Are0031,SubArea Huila-Tolima,Termica,No Despachado Centralmente,TRPG,2026-08-03,2026-08-03,SIMEM 0bfc9d + 841808 + 10F2C9,TERMOPIEDRAS 1,TOLIMA,73547.0,PIEDRAS,Centro,-74.99875625770589,4.433661587252558,3.75,TERMICA,GAS,ND,NORMAL,OPERACIÓN,TERMOPIEDRAS S.A. E.S.P.,1999-12-29,1999.0,2026-08-03,0.0001,SI,545.0,True,True,SIMEM + UPME
TPUY,PARQUE SOLAR TEPUY,Are0128,Area Suroccidental,Are0022,SubArea CQR,Solar,Despachado Centralmente,EPMG,2026-08-03,2026-08-03,SIMEM 0bfc9d + 841808 + 10F2C9,PARQUE SOLAR TEPUY,CALDAS,17380.0,LA DORADA,Eje Cafetero,-74.72047678624584,5.410655327766446,83.0,SOLAR,RAD SOLAR,DC,NORMAL,OPERACIÓN,EMPRESAS PUBLICAS DE MEDELLIN E.S.P.,2024-06-11,2024.0,2026-08-03,0.0,NO,195.0,True,True,SIMEM + UPME
TQD1,,,,,,,,,,,,TEQUENDAMA,CUNDINAMARCA,25645.0,SAN ANTONIO DEL TEQUENDAMA,Centro,-74.34490348911615,4.599741063787057,19.4,HIDRAULICA,AGUA,ND,NORMAL,INACTIVO,ENEL COLOMBIA SA ESP,2004-04-09,2004.0,2026-08-03,0.0,SI,364.0,False,True,Solo UPME
TR2G,,,,,,,,,,,,TRINA-VATIA BSLII,META,50568.0,PUERTO GAITÁN,Oriente,-71.63159652560698,4.004998742624762,19.9,SOLAR,RAD SOLAR,ND,NORMAL,PRUEBAS,ISAGEN S.A. E.S.P.,2020-10-29,2020.0,2026-08-03,0.0,SI,421.0,False,True,Solo UPME
TR3G,,,,,,,,,,,,TRINA-VATIA BSLIII,META,50568.0,PUERTO GAITÁN,Oriente,-71.63159652560698,4.004998742624762,19.9,SOLAR,RAD SOLAR,ND,NORMAL,PRUEBAS,ISAGEN S.A. E.S.P.,2020-10-29,2020.0,2026-08-03,0.0,SI,423.0,False,True,Solo UPME
TRM1,TERMOCENTRO CC,Are0012,Area Nordeste,Are0131,SubArea Santander,Termica,Despachado Centralmente,TCNG,2026-08-03,2026-08-03,SIMEM 0bfc9d + 841808 + 10F2C9,TERMOCENTRO CC,SANTANDER,68190.0,CIMITARRA,Oriente,-74.17033644071593,6.409707764658692,272.0,TERMICA,GAS,DC,CICLO COMBINADO,OPERACIÓN,GENERADORA TERMOCENTRO S.A.S. E.S.P.,2000-11-29,2000.0,2026-08-03,7.372,NO,485.0,True,True,SIMEM + UPME
TRN1,TERMONORTE,Are0127,Area Caribe,Are0025,SubArea GCM,Termica,Despachado Centralmente,TMNG,2026-08-03,2026-08-03,SIMEM 0bfc9d + 841808 + 10F2C9,TERMONORTE,MAGDALENA,47001.0,SANTA MARTA,Caribe,-73.88523414655936,11.12190108248176,88.0,TERMICA,GAS,DC,NORMAL,OPERACIÓN,TERMONORTE S.A.S. E.S.P.,2018-11-30,2018.0,2026-08-03,9.1092,NO,401.0,True,True,SIMEM + UPME
TSJ1,TASAJERO 1,Are0012,Area Nordeste,Are0029,SubArea Norte de Santander,Termica,Despachado Centralmente,TRMG,2026-08-03,2026-08-03,SIMEM 0bfc9d + 841808 + 10F2C9,TASAJERO 1,NORTE DE SANTANDER,54673.0,SAN CAYETANO,Oriente,-72.6098482097734,7.847790343843861,165.0,TERMICA,CARBON,DC,NORMAL,OPERACIÓN,TERMOTASAJERO S.A. E.S.P.,1985-02-19,1985.0,2026-08-03,9.96,NO,457.0,True,True,SIMEM + UPME
TSJ2,TASAJERO 2,Are0012,Area Nordeste,Are0029,SubArea Norte de Santander,Termica,Despachado Centralmente,TERG,2026-08-03,2026-08-03,SIMEM 0bfc9d + 841808 + 10F2C9,TASAJERO 2,NORTE DE SANTANDER,54673.0,SAN CAYETANO,Oriente,-72.6098482097734,7.847790343843861,170.0,TERMICA,CARBON,DC,NORMAL,OPERACIÓN,TERMOTASAJERO DOS S.A. E.S.P. ,2015-11-29,2015.0,2026-08-03,9.9125,NO,453.0,True,True,SIMEM + UPME
TSR1,TERMOSIERRA CC,Are0002,Area Antioquia,Are0015,SubArea Antioquia,Termica,Despachado Centralmente,EPMG,2026-08-03,2026-08-03,SIMEM 0bfc9d + 841808 + 10F2C9,TERMOSIERRA CC,ANTIOQUIA,5585.0,PUERTO NARE,Antioquia,-74.68409214760523,6.139168288565218,352.0,TERMICA,ACPM,DC,CICLO COMBINADO,OPERACIÓN,EMPRESAS PUBLICAS DE MEDELLIN E.S.P.,1998-02-06,1998.0,2026-08-03,7.2258,NO,52.0,True,True,SIMEM + UPME
TUJ1,TUNJITA,Are0056,Area Oriental,Are0017,SubArea Bogota,Hidraulica,Despachado Centralmente,CHVG,2026-08-03,2026-08-03,SIMEM 0bfc9d + 841808 + 10F2C9,TUNJITA,BOYACÁ,15001.0,TUNJA,Centro,-73.37802199694299,5.518469727812486,21.0,HIDRAULICA,AGUA,DC,FILO DE AGUA,OPERACIÓN,AES COLOMBIA & CIA. S.C.A. E.S.P.,2016-06-29,2016.0,2026-08-03,2.4655,NO,180.0,True,True,SIMEM + UPME
TVL1,TERMOVALLE CC,Are0128,Area Suroccidental,Are0032,SubArea Valle,Termica,Despachado Centralmente,TMVG,2026-08-03,2026-08-03,SIMEM 0bfc9d + 841808 + 10F2C9,TERMOVALLE CC,VALLE DEL CAUCA,76520.0,PALMIRA,Pacífico,-76.22786086762281,3.558395439731676,237.0,TERMICA,ACPM,DC,CICLO COMBINADO,OPERACIÓN,ENFRAGEN TERMOVALLE S.A.S. EMPRESA DE SERVICIOS PUBLICOS,2011-12-16,2011.0,2026-08-03,6.991,NO,621.0,True,True,SIMEM + UPME
TYP1,TERMOYOPAL 1,Are0012,Area Nordeste,Are0130,SubArea Boyaca-Casanare,Termica,Despachado Centralmente,TYPG,2026-08-03,2026-08-03,SIMEM 0bfc9d + 841808 + 10F2C9,TERMOYOPAL 1,CASANARE,85001.0,YOPAL,Oriente,-72.25798324179046,5.242711687577748,8.0,TERMICA,GAS,DC,NORMAL,OPERACIÓN,TERMOYOPAL GENERACION 2 S.A.S E.S.P.,2020-11-30,2020.0,2026-08-03,13.5515,NO,211.0,True,True,SIMEM + UPME
TYP2,TERMOYOPAL 2,Are0012,Area Nordeste,Are0130,SubArea Boyaca-Casanare,Termica,Despachado Centralmente,TYPG,2026-08-03,2026-08-03,SIMEM 0bfc9d + 841808 + 10F2C9,TERMOYOPAL 2,CASANARE,85001.0,YOPAL,Oriente,-72.25798324179046,5.242711687577748,28.0,TERMICA,GAS,DC,NORMAL,OPERACIÓN,TERMOYOPAL GENERACION 2 S.A.S E.S.P.,2004-07-28,2004.0,2026-08-03,12.0234,NO,210.0,True,True,SIMEM + UPME
TYP3,TERMOYOPAL G3,Are0012,Area Nordeste,Are0130,SubArea Boyaca-Casanare,Termica,Despachado Centralmente,TYPG,2026-08-03,2026-08-03,SIMEM 0bfc9d + 841808 + 10F2C9,TERMOYOPAL G3,CASANARE,85001.0,YOPAL,Oriente,-72.25798324179046,5.242711687577748,50.0,TERMICA,GAS,DC,NORMAL,OPERACIÓN,TERMOYOPAL GENERACION 2 S.A.S E.S.P.,2020-08-30,2020.0,2026-08-03,8.4932,NO,214.0,True,True,SIMEM + UPME
TYP4,TERMOYOPAL G4,Are0012,Area Nordeste,Are0130,SubArea Boyaca-Casanare,Termica,Despachado Centralmente,TYPG,2026-08-03,2026-08-03,SIMEM 0bfc9d + 841808 + 10F2C9,TERMOYOPAL G4,CASANARE,85001.0,YOPAL,Oriente,-72.25798324179046,5.242711687577748,50.0,TERMICA,GAS,DC,NORMAL,OPERACIÓN,TERMOYOPAL GENERACION 2 S.A.S E.S.P.,2020-08-30,2020.0,2026-08-03,8.3937,NO,215.0,True,True,SIMEM + UPME
TYP5,TERMOYOPAL G5,Are0012,Area Nordeste,Are0130,SubArea Boyaca-Casanare,Termica,Despachado Centralmente,TYPG,2026-08-03,2026-08-03,SIMEM 0bfc9d + 841808 + 10F2C9,TERMOYOPAL G5,CASANARE,85001.0,YOPAL,Oriente,-72.25798324179046,5.242711687577748,50.0,TERMICA,GAS,DC,NORMAL,OPERACIÓN,TERMOYOPAL GENERACION 2 S.A.S E.S.P.,2021-02-10,2021.0,2026-08-03,8.0585,NO,216.0,True,True,SIMEM + UPME
UNN1,UNION,Are0128,Area Suroccidental,Are0022,SubArea CQR,Hidraulica,No Despachado Centralmente,CALG,2026-08-03,2026-08-03,SIMEM 0bfc9d + 841808 + 10F2C9,UNION,QUINDIO,63130.0,CALARCÁ,Eje Cafetero,-75.65675520435025,4.467876840557189,0.7,HIDRAULICA,AGUA,ND,GEN. DISTRIBUIDA,OPERACIÓN,EMPRESAS PUBLICAS DE CALARCA ESP,1934-12-31,1935.0,2026-08-03,0.001,SI,471.0,True,True,SIMEM + UPME
URA1,URRA,Are0127,Area Caribe,Are0021,SubArea Cordoba_Sucre,Hidraulica,Despachado Centralmente,EMUG,2026-08-03,2026-08-03,SIMEM 0bfc9d + 841808 + 10F2C9,URRA,CÓRDOBA,23807.0,TIERRALTA,Caribe,-76.16860433354293,7.813718028791414,338.0,HIDRAULICA,AGUA,DC,NORMAL,OPERACIÓN,EMPRESA URRA S.A. E.S.P.,2000-02-13,2000.0,2026-08-03,0.4756,NO,308.0,True,True,SIMEM + UPME
USQ1,USAQUEN,Are0056,Area Oriental,Are0017,SubArea Bogota,Hidraulica,No Despachado Centralmente,ENDG,2026-08-03,2026-08-03,SIMEM 0bfc9d + 841808 + 10F2C9,USAQUEN,BOGOTÁ. D.C.,11001.0,BOGOTÁ. D.C.,Centro,-74.18113609108002,4.315974976392684,1.8,HIDRAULICA,AGUA,ND,NORMAL,OPERACIÓN,ENEL COLOMBIA SA ESP,2013-04-14,2013.0,2026-08-03,0.941,SI,150.0,True,True,SIMEM + UPME
VLL1,,,,,,,,,,,,VALLE 1,VALLE DEL CAUCA,76001.0,CALI,Pacífico,-76.57650111502525,3.399042676552075,39.5,TERMICA,ACPM,DC,NORMAL,INACTIVO,CENTRAL HIDROELECTRICA DE BETANIA S.A. E.S.P.,1993-12-31,1994.0,2026-08-03,0.0,NO,597.0,False,True,Solo UPME
VLT1,LA VUELTA,Are0002,Area Antioquia,Are0015,SubArea Antioquia,Hidraulica,No Despachado Centralmente,EPMG,2026-08-03,2026-08-03,SIMEM 0bfc9d + 841808 + 10F2C9,LA VUELTA,ANTIOQUIA,5138.0,CAÑASGORDAS,Antioquia,-76.02689748844887,6.814940709082751,11.6,HIDRAULICA,AGUA,ND,NORMAL,OPERACIÓN,EMPRESAS PUBLICAS DE MEDELLIN E.S.P.,2004-11-21,2004.0,2026-08-03,0.0,SI,14.0,True,True,SIMEM + UPME
VNTA,VENTANA A,Are0128,Area Suroccidental,Are0031,SubArea Huila-Tolima,Hidraulica,No Despachado Centralmente,HDTG,2026-08-03,2026-08-03,SIMEM 0bfc9d + 841808 + 10F2C9,VENTANA A,TOLIMA,73268.0,ESPINAL,Centro,-74.89353010225126,4.166478063861027,2.5,HIDRAULICA,AGUA,ND,NORMAL,OPERACIÓN,HIDROTOLIMA S.A. E.S.P.,1957-10-31,1957.0,2026-08-03,0.0,SI,558.0,True,True,SIMEM + UPME
VNTB,VENTANA B,Are0128,Area Suroccidental,Are0031,SubArea Huila-Tolima,Hidraulica,No Despachado Centralmente,HDTG,2026-08-03,2026-08-03,SIMEM 0bfc9d + 841808 + 10F2C9,VENTANA B,TOLIMA,73268.0,ESPINAL,Centro,-74.89353010225126,4.166478063861027,2.5,HIDRAULICA,AGUA,ND,NORMAL,OPERACIÓN,HIDROTOLIMA S.A. E.S.P.,1957-10-31,1957.0,2026-08-03,0.0,SI,559.0,True,True,SIMEM + UPME
ZPA2,ZIPAEMG 2,Are0056,Area Oriental,Are0017,SubArea Bogota,Termica,Despachado Centralmente,ENDG,2026-08-03,2026-08-03,SIMEM 0bfc9d + 841808 + 10F2C9,ZIPAEMG 2,CUNDINAMARCA,25817.0,TOCANCIPÁ,Centro,-73.92887057794381,4.968852560792271,34.0,TERMICA,CARBON,DC,NORMAL,OPERACIÓN,ENEL COLOMBIA SA ESP,1963-12-31,1964.0,2026-08-03,10.936,NO,366.0,True,True,SIMEM + UPME
ZPA3,ZIPAEMG 3,Are0056,Area Oriental,Are0017,SubArea Bogota,Termica,Despachado Centralmente,ENDG,2026-08-03,2026-08-03,SIMEM 0bfc9d + 841808 + 10F2C9,ZIPAEMG 3,CUNDINAMARCA,25817.0,TOCANCIPÁ,Centro,-73.92887057794381,4.968852560792271,63.0,TERMICA,CARBON,DC,NORMAL,OPERACIÓN,ENEL COLOMBIA SA ESP,1975-12-31,1976.0,2026-08-03,11.7024,NO,367.0,True,True,SIMEM + UPME
ZPA4,ZIPAEMG 4,Are0056,Area Oriental,Are0017,SubArea Bogota,Termica,Despachado Centralmente,ENDG,2026-08-03,2026-08-03,SIMEM 0bfc9d + 841808 + 10F2C9,ZIPAEMG 4,CUNDINAMARCA,25817.0,TOCANCIPÁ,Centro,-73.92887057794381,4.968852560792271,64.0,TERMICA,CARBON,DC,NORMAL,OPERACIÓN,ENEL COLOMBIA SA ESP,1981-03-31,1981.0,2026-08-03,11.7106,NO,368.0,True,True,SIMEM + UPME
ZPA5,ZIPAEMG 5,Are0056,Area Oriental,Are0017,SubArea Bogota,Termica,Despachado Centralmente,ENDG,2026-08-03,2026-08-03,SIMEM 0bfc9d + 841808 + 10F2C9,ZIPAEMG 5,CUNDINAMARCA,25817.0,TOCANCIPÁ,Centro,-73.92887057794381,4.968852560792271,63.0,TERMICA,CARBON,DC,NORMAL,OPERACIÓN,ENEL COLOMBIA SA ESP,1985-12-13,1985.0,2026-08-03,11.5872,NO,369.0,True,True,SIMEM + UPME
ZRG1,,,,,,,,,,,,ZARAGOZA,SANTANDER,68001.0,BUCARAMANGA,Oriente,-73.11178713645104,7.155386898226814,1.3,HIDRAULICA,AGUA,ND,NORMAL,INACTIVO,ELECTRIFICADORA DE SANTANDER S.A. E.S.P.,1931-12-31,1932.0,2026-08-03,0.0,SI,495.0,False,True,Solo UPME
